나이,계약유형,그룹수업_참여,마지막_방문_경과일,이번달_주당방문횟수,총_이용개월수,최근한달_일평균_운동시간,PT_가입여부,기구_만족도,최근한달_부상경험,주_이용_시간대_혼잡도,불편_회원_경험,가격_만족도,직원_만족도,서비스_만족도,상대_방문공백,설문_응답여부,이탈,직원불만_관심부족,직원불만_불친절,직원불만_과도한영업,직원불만_전문성부족,가격불만_혜택부족,가격불만_가격비쌈,가격불만_타헬스장비교,가격불만_할인부족,서비스불만_환경불편,서비스불만_락커샤워시설불편,서비스불만_주차불편,서비스불만_운영시간짧음,기구불만_원하는기구없음,기구불만_기구부족,기구불만_기구고장,기구불만_청결불량
29,1,0,2,3.506,3,42,1,3,0,보통,0,4,4,4,1.04,1,0,0,0,0,0,0,0,0,0,0,0,0,0,0,0,1,0
20,3,0,3,2.499,3,25,0,2,0,매우혼잡,1,2,3,1,1.01,1,1,0,0,0,0,1,0,0,1,1,0,1,1,0,0,0,1
36,1,1,3,3.147,1,43,0,,,보통,,,,,1.39,0,0,0,0,1,0,1,0,0,0,0,0,0,1,1,0,0,0
24,6,0,11,1.643,6,13,0,3,0,보통,0,4,3,3,2.63,1,0,0,0,0,0,1,1,0,0,0,0,0,0,0,0,0,0
30,12,0,3,3.02,19,35,0,3,0,보통,0,4,4,4,1.49,1,0,0,0,0,0,0,0,0,0,1,1,0,0,0,0,0,0
25,6,0,7,1.663,16,34,0,3,0,보통,0,3,3,3,1.62,1,0,0,0,0,0,0,1,0,0,0,0,0,0,0,0,0,0
22,12,0,3,3.707,15,61,1,3,0,보통,0,3,3,3,1.6,1,1,0,0,0,0,0,0,0,0,0,0,0,0,1,0,0,0
30,6,1,2,3.999,8,57,0,4,0,보통,0,4,3,4,1.37,1,0,0,0,0,0,0,0,0,0,0,0,0,0,0,0,0,0
28,12,0,4,3.008,9,36,1,3,0,보통,0,3,4,5,1.76,1,0,0,0,0,0,0,0,0,0,1,0,0,0,0,0,0,0
15,3,1,1,5.049,9,66,1,,,보통,,,,,1.04,0,0,0,0,0,0,0,0,0,0,0,0,0,0,0,0,0,0
18,6,0,47,0.0,2,0,0,,,혼잡,,,,,2.02,0,1,1,0,0,0,0,0,0,0,1,0,0,0,1,1,1,1
47,12,0,3,2.571,10,23,1,3,0,혼잡,0,3,3,2,1.24,1,1,0,0,0,0,0,0,0,0,1,0,0,0,0,0,1,0
15,3,0,10,1.554,2,43,0,,,혼잡,,,,,2.16,0,0,0,1,0,0,0,0,0,0,0,0,0,0,0,0,0,1
36,6,0,5,2.333,11,42,0,4,0,여유,0,3,4,3,1.56,1,0,0,0,0,1,0,0,0,0,0,0,0,0,0,0,0,0
34,3,1,9,1.909,3,40,0,4,0,여유,0,4,4,3,2.34,1,0,0,0,0,0,0,0,0,0,0,1,0,0,0,0,0,0
28,12,1,34,1.702,16,31,0,,,보통,,,,,8.38,0,0,1,0,1,0,0,0,0,0,1,1,0,0,1,0,0,0
37,6,0,9,2.871,2,21,1,,,매우혼잡,,,,,3.61,0,1,0,0,0,0,0,0,0,0,1,1,1,0,0,1,0,0
15,6,1,1,5.424,3,67,1,4,0,여유,0,3,5,4,0.88,1,0,0,0,0,0,0,0,0,0,0,0,0,0,0,0,0,0
31,3,1,8,1.342,7,18,0,2,1,보통,0,4,4,3,1.52,1,0,0,0,0,0,0,0,0,0,0,1,0,0,0,0,1,0
20,12,0,16,0.945,7,15,1,,,보통,,,,,2.11,0,1,0,0,0,0,0,0,0,0,1,0,0,0,1,0,0,0
25,12,0,1,4.667,7,68,0,,,혼잡,,,,,0.92,0,0,0,0,0,0,1,0,0,0,0,1,0,0,0,0,0,0
30,6,0,2,4.319,3,57,0,,,여유,,,,,1.01,0,1,0,0,0,0,0,0,0,0,0,0,0,0,0,0,0,0
34,12,1,4,2.665,21,30,0,,,혼잡,,,,,1.5,0,0,0,0,0,0,0,0,0,0,1,0,0,1,0,1,0,0
35,6,0,25,0.754,10,5,0,3,0,여유,0,2,3,2,2.74,1,0,0,0,0,0,1,0,0,0,1,0,0,0,0,0,0,0
50,3,1,5,2.286,5,27,0,,,여유,,,,,1.56,0,0,1,0,0,0,0,0,0,0,0,0,0,0,1,0,0,0
24,12,0,2,4.413,2,42,0,,,여유,,,,,0.95,0,1,0,0,0,0,0,0,0,0,0,0,0,0,0,0,0,0
42,12,0,3,2.729,5,40,0,2,0,매우혼잡,0,4,3,2,1.29,1,0,0,0,0,0,0,0,0,0,1,0,0,0,0,1,0,0
24,12,0,3,2.554,2,29,0,4,0,혼잡,0,3,3,3,1.22,1,0,0,1,0,1,0,0,0,0,0,0,0,0,1,0,0,0
47,3,0,29,0.656,6,2,0,,,보통,,,,,2.75,0,0,0,1,0,0,0,0,0,1,0,0,0,0,1,0,0,0
54,12,0,1,4.837,12,48,0,3,0,매우혼잡,0,4,4,3,0.99,1,0,0,0,0,0,0,0,0,0,0,0,0,0,0,1,1,0
26,12,1,3,2.785,14,33,1,,,보통,,,,,1.04,0,0,0,0,0,0,0,0,0,0,0,0,0,0,0,0,0,0
52,12,0,3,3.627,24,60,1,4,0,매우혼잡,0,4,4,4,1.4,1,0,0,0,0,0,0,0,0,0,1,1,0,1,0,0,0,0
26,6,0,2,3.89,17,53,1,4,0,보통,0,3,5,4,1.13,1,0,0,0,0,1,1,0,0,0,1,0,0,0,0,0,0,0
15,12,0,25,0.622,7,20,0,1,1,혼잡,1,3,2,2,2.21,1,1,0,0,1,0,0,0,0,0,1,0,0,0,1,1,1,1
45,6,0,4,2.15,22,26,0,,,보통,,,,,1.34,0,0,0,0,0,0,0,0,0,0,1,0,0,1,0,1,0,0
17,3,0,12,1.47,4,33,0,2,0,혼잡,0,3,3,3,2.49,1,1,0,0,0,0,0,1,0,0,1,0,0,0,1,1,1,0
46,12,0,1,4.231,5,50,0,,,매우혼잡,,,,,0.87,0,0,0,0,0,0,0,0,0,0,0,1,1,1,0,0,0,0
36,12,0,2,4.034,31,57,0,3,0,여유,0,4,4,5,0.89,1,0,0,0,0,0,0,0,0,0,0,0,0,0,0,0,0,0
20,6,1,3,3.596,5,31,0,3,0,보통,0,3,3,3,1.44,1,0,0,0,0,0,0,0,0,0,0,0,0,0,0,0,0,0
37,3,0,6,2.209,6,19,0,,,여유,,,,,1.77,0,0,0,0,0,0,0,0,1,0,0,0,0,0,0,0,0,0
36,12,0,23,0.913,22,36,0,2,0,여유,0,3,2,3,2.95,1,1,0,0,0,0,0,0,0,0,0,0,0,0,0,1,0,1
33,3,0,8,1.604,9,43,0,3,0,여유,0,3,3,3,1.83,1,1,0,0,0,0,1,0,0,0,0,0,0,0,0,0,0,0
15,12,0,10,1.45,21,29,0,3,0,여유,0,3,3,3,2.17,1,0,0,0,1,0,0,0,0,0,0,0,0,0,0,0,0,0
37,3,0,4,2.197,13,29,0,,,보통,,,,,1.19,0,0,0,0,1,0,0,0,0,0,0,0,0,0,0,1,0,0
42,3,0,54,0.0,6,6,0,2,1,보통,1,2,2,2,2.33,1,1,0,0,0,0,0,0,1,0,1,0,0,0,0,1,1,0
45,3,1,1,4.452,5,53,0,4,0,보통,0,4,3,3,0.91,1,0,0,0,0,0,0,0,0,0,0,0,0,0,0,0,0,0
47,3,0,15,1.323,5,29,1,2,0,혼잡,0,2,3,2,2.75,1,1,0,0,0,0,0,1,1,0,0,0,1,0,0,0,1,0
30,12,0,19,0.988,4,18,0,,,여유,,,,,2.75,0,1,0,0,0,0,0,0,0,0,0,0,0,0,0,0,0,0
31,12,0,9,1.989,5,24,0,3,0,여유,1,3,4,3,2.46,1,1,0,0,0,0,0,0,0,0,1,1,1,0,0,0,0,0
39,6,1,3,3.308,10,48,0,5,0,혼잡,0,4,4,3,1.55,1,0,0,0,0,0,0,1,0,0,0,0,0,0,0,0,1,0
15,1,0,9,1.729,5,38,0,3,0,매우혼잡,0,3,3,3,2.19,1,0,0,0,0,0,0,0,0,0,0,0,1,0,0,0,1,0
42,12,0,4,2.821,10,26,1,4,0,보통,0,3,3,3,1.73,1,0,0,1,0,0,0,0,0,0,0,0,0,0,0,0,0,0
26,6,0,3,2.827,6,19,1,3,0,보통,0,4,3,3,1.1,1,0,0,0,0,0,0,0,0,0,0,0,0,0,0,0,0,0
50,6,1,3,2.951,5,38,0,,,보통,,,,,1.2,0,0,0,0,0,0,0,0,0,0,0,0,0,0,1,0,0,0
47,12,0,2,4.472,10,59,0,,,보통,,,,,1.01,0,0,0,0,0,0,0,0,0,0,0,0,0,0,0,0,0,0
35,1,0,14,3.02,6,57,1,4,0,보통,0,3,4,3,6.23,1,1,0,0,0,0,0,0,0,0,0,0,0,0,0,0,0,0
44,12,1,3,3.025,25,55,1,3,1,보통,0,4,5,5,1.25,1,0,0,0,0,0,0,0,0,1,0,0,0,0,1,0,0,0
38,6,1,4,2.834,1,37,0,,,여유,,,,,1.66,0,0,0,0,0,0,0,1,0,0,0,0,0,0,1,0,0,0
39,6,1,3,3.409,8,28,1,3,0,여유,0,3,3,3,1.66,1,0,0,0,0,0,0,0,0,0,0,0,1,0,1,0,0,0
30,12,1,1,5.554,4,60,1,4,0,보통,0,4,4,4,0.84,1,0,0,0,0,0,0,0,0,0,0,0,0,0,0,0,0,0
21,1,0,5,2.288,2,25,0,4,0,여유,0,4,3,3,1.71,1,0,0,0,0,0,0,1,1,0,0,0,0,0,0,0,0,0
30,3,0,6,2.028,4,23,0,1,0,보통,0,3,3,1,1.62,1,0,0,1,1,0,0,0,0,0,0,1,0,0,0,0,0,0
34,6,0,8,1.527,7,24,0,2,0,보통,0,2,3,2,1.84,1,0,0,0,0,1,0,0,1,0,1,0,1,0,1,1,0,1
44,12,1,3,2.859,12,51,1,3,0,보통,0,4,4,3,1.08,1,0,0,0,0,0,0,1,0,0,0,0,0,0,0,0,0,1
47,3,1,3,2.899,12,43,0,3,0,보통,0,3,3,4,1.24,1,0,0,0,0,0,1,0,0,0,1,0,0,0,0,0,1,0
21,6,0,4,2.146,6,35,0,,,보통,,,,,1.21,0,0,1,1,0,0,0,1,0,0,0,0,0,0,0,0,0,0
34,6,0,11,1.245,18,21,0,,,보통,,,,,1.94,0,0,1,0,0,0,0,0,0,0,1,0,0,0,0,0,0,0
42,6,1,12,1.298,7,21,0,2,0,보통,0,3,3,3,2.29,1,0,0,0,0,0,0,0,1,0,0,0,0,0,0,0,0,0
35,6,1,13,1.033,8,12,1,,,매우혼잡,,,,,1.99,0,0,0,0,0,0,0,0,0,0,1,1,1,0,1,0,1,0
26,3,0,10,1.23,4,28,0,2,1,매우혼잡,0,2,2,4,1.82,1,1,0,0,1,0,1,1,0,1,0,0,0,0,0,1,1,0
38,12,0,5,2.55,19,21,0,,,혼잡,,,,,1.66,0,0,0,0,0,0,0,0,0,0,0,0,1,1,0,0,0,0
37,3,0,27,0.849,3,24,0,3,0,보통,0,3,3,3,3.28,1,0,0,0,0,0,0,0,0,0,1,0,0,1,0,0,0,0
39,6,0,3,3.052,1,38,0,,,보통,,,,,1.29,0,0,0,0,0,0,0,0,0,0,1,1,0,1,0,0,1,1
40,12,1,1,4.701,36,65,0,4,0,여유,1,5,4,3,0.87,1,0,0,0,0,0,0,0,0,0,0,0,0,1,0,0,0,0
15,3,0,3,2.885,3,39,0,,,여유,,,,,1.34,0,0,0,0,0,0,0,0,0,0,0,0,0,0,0,0,0,0
37,12,1,2,3.84,25,38,0,3,0,보통,0,3,4,3,1.19,1,0,0,0,0,0,0,0,0,0,0,0,0,1,0,0,0,0
35,6,0,10,1.114,3,11,0,2,1,혼잡,0,2,2,3,1.52,1,1,0,0,0,0,0,0,0,0,0,0,0,0,0,1,1,1
39,3,0,4,2.857,4,34,0,,,혼잡,,,,,1.5,0,0,0,0,0,0,0,0,0,1,1,0,0,0,1,0,0,0
42,6,1,4,2.902,24,48,0,,,여유,,,,,1.77,0,0,0,0,1,0,0,0,0,0,0,0,0,0,0,0,0,0
47,1,1,3,3.417,2,48,1,,,보통,,,,,1.53,0,0,0,0,0,0,0,1,0,0,0,0,0,0,0,0,1,0
23,12,0,3,2.773,20,38,0,3,0,여유,0,4,3,3,1.15,1,0,0,0,0,0,0,0,0,0,0,0,0,0,0,0,0,0
30,12,1,9,1.882,2,12,0,3,0,매우혼잡,1,3,3,2,2.49,1,0,0,0,0,0,0,0,0,1,1,1,0,1,0,0,1,1
15,12,0,3,2.909,4,39,1,3,0,보통,0,4,4,3,1.33,1,0,0,0,0,0,0,0,0,0,0,0,0,0,1,0,0,1
36,6,0,4,2.814,9,33,0,,,보통,,,,,1.66,0,0,0,0,0,0,0,0,0,0,1,1,0,0,0,0,0,0
51,12,1,9,1.844,22,30,1,3,0,혼잡,1,3,4,2,2.43,1,0,0,0,0,0,0,1,0,0,1,0,1,1,0,0,0,0
25,3,1,10,1.321,6,27,1,1,1,혼잡,0,3,4,3,1.89,1,0,0,0,0,0,0,0,0,1,1,0,1,0,1,1,1,1
24,3,0,15,2.539,3,65,0,4,0,혼잡,1,4,4,3,5.27,1,0,0,0,1,0,0,0,0,0,0,0,0,0,0,0,0,0
43,12,1,4,2.759,8,45,0,,,보통,,,,,1.67,0,0,0,0,0,0,0,0,0,0,1,0,0,0,0,0,0,0
44,12,1,1,5.668,8,49,1,3,0,보통,0,4,5,4,0.99,1,0,0,0,0,0,0,0,0,0,0,0,0,0,0,0,0,0
25,3,0,5,2.257,1,35,0,3,0,혼잡,0,3,2,3,1.57,1,0,0,0,0,0,0,0,1,0,0,1,0,0,1,0,0,1
27,3,0,1,4.749,17,46,0,4,0,보통,0,4,4,5,0.92,1,0,0,0,0,0,0,0,0,1,0,0,0,0,0,0,0,0
15,12,1,1,6.019,20,29,1,4,0,보통,0,4,5,3,0.95,1,0,0,0,0,0,0,0,0,0,0,0,1,0,0,0,0,0
26,6,1,1,5.163,18,50,1,,,여유,,,,,1.08,0,0,0,0,0,0,0,0,1,0,0,0,0,0,0,0,0,0
31,6,0,4,2.15,3,40,0,4,0,여유,0,4,4,3,1.27,1,0,0,0,0,0,0,0,0,0,0,0,0,0,0,1,0,0
27,3,1,4,3.415,17,40,0,,,보통,,,,,1.71,0,0,0,0,0,0,0,0,0,1,0,0,0,0,0,0,0,0
25,6,0,2,3.209,9,46,1,,,혼잡,,,,,1.02,0,0,0,0,0,0,0,0,0,0,1,1,0,1,0,0,0,0
40,12,0,4,2.361,6,31,0,3,0,여유,0,4,4,4,1.3,1,1,0,1,0,0,0,0,0,0,0,0,0,0,0,0,0,0
21,3,0,3,3.28,4,56,0,,,혼잡,,,,,1.41,0,0,0,0,0,0,0,0,0,0,0,0,0,0,0,0,0,0
27,3,1,24,2.317,3,42,0,,,혼잡,,,,,7.97,0,0,0,0,0,0,0,0,0,0,1,0,1,0,0,0,0,0
43,6,0,2,4.349,11,57,1,,,혼잡,,,,,0.99,0,0,0,0,0,0,0,0,0,1,1,0,0,1,0,0,0,0
26,3,0,1,4.357,9,47,0,4,0,보통,0,4,4,3,0.9,1,1,0,0,0,0,1,0,0,0,0,1,1,0,0,0,0,0
18,6,1,5,2.016,2,52,1,3,0,여유,0,4,4,3,1.45,1,0,0,0,0,0,0,0,0,0,1,0,0,0,0,0,0,0
24,6,0,7,1.693,25,19,0,,,혼잡,,,,,1.58,0,0,0,0,0,0,0,0,0,0,0,0,0,0,1,0,0,1
22,12,1,1,5.407,14,56,1,,,여유,,,,,0.94,0,0,0,0,0,0,0,0,0,0,0,0,0,0,0,0,0,0
54,1,0,27,0.674,3,18,0,,,매우혼잡,,,,,2.64,0,1,0,0,0,0,0,0,0,1,1,0,1,0,1,1,1,0
48,12,0,55,0.366,13,22,0,,,보통,,,,,2.86,0,0,0,1,0,0,0,0,0,0,0,0,0,0,0,0,0,0
42,12,1,12,1.09,36,23,0,2,1,여유,0,3,2,3,1.92,1,1,0,1,0,0,0,0,0,0,0,0,0,0,0,0,1,0
33,1,1,5,2.218,2,34,1,3,0,보통,0,3,4,3,1.7,1,1,0,0,0,0,0,1,0,0,0,0,1,1,0,0,0,0
34,1,0,3,2.895,5,24,0,3,0,혼잡,0,3,4,4,1.23,1,0,0,0,0,0,0,0,0,0,0,0,0,0,0,0,0,1
36,3,0,5,2.067,1,29,0,,,혼잡,,,,,1.33,0,1,0,0,0,0,0,0,0,0,0,0,0,0,1,0,0,1
20,3,0,11,1.565,1,36,0,3,0,보통,0,4,4,4,2.49,1,1,1,0,0,0,0,0,0,0,0,0,0,0,0,0,0,1
23,12,0,42,0.468,8,8,0,2,0,혼잡,0,2,2,1,2.84,1,1,0,1,0,0,1,0,0,1,0,0,1,1,0,1,0,0
35,12,0,3,2.567,10,39,0,3,0,여유,0,4,3,3,1.13,1,1,0,0,0,0,0,0,0,0,0,0,0,0,0,0,0,0
49,1,1,4,2.614,1,32,0,,,여유,,,,,1.62,0,0,0,0,0,0,0,1,0,1,0,0,0,0,0,1,0,0
28,12,0,2,3.807,13,64,1,4,0,혼잡,0,4,5,4,1.07,1,0,0,0,0,0,0,1,0,0,1,1,0,0,1,0,0,0
36,6,0,5,2.134,18,20,0,,,여유,,,,,1.58,0,1,0,0,0,0,0,0,0,0,0,0,0,0,0,0,0,0
39,12,0,56,0.402,11,10,1,2,0,혼잡,1,2,3,1,3.19,1,1,0,0,1,0,0,1,0,1,1,0,1,1,1,0,0,0
27,12,0,3,2.854,17,27,1,4,0,여유,0,3,4,3,1.33,1,0,0,0,0,0,0,0,0,0,0,0,0,0,0,0,0,0
15,3,0,10,1.883,2,42,0,,,여유,,,,,2.66,0,1,0,0,0,0,1,0,0,0,0,0,0,0,0,0,0,0
43,12,1,13,1.263,14,0,1,1,1,보통,0,2,3,2,2.39,1,0,0,1,0,0,0,0,0,1,0,0,0,0,0,0,1,0
29,1,0,30,0.559,2,37,1,,,혼잡,,,,,2.43,0,1,0,0,0,0,1,0,1,1,0,0,1,1,0,0,1,0
51,3,0,4,2.266,8,34,0,4,0,보통,0,3,4,3,1.16,1,0,1,0,0,0,0,0,0,0,0,0,0,0,0,0,0,0
36,6,1,5,2.01,3,34,0,3,0,혼잡,0,3,2,3,1.56,1,0,0,0,0,0,0,0,0,0,0,1,0,1,0,0,0,0
27,1,0,5,2.473,5,20,0,3,0,보통,0,3,3,3,1.64,1,0,0,0,1,0,0,1,0,0,0,0,0,0,0,0,0,0
34,6,1,1,5.059,6,49,1,,,보통,,,,,1.06,0,0,0,0,0,0,0,1,0,0,0,0,0,0,1,0,0,0
20,12,0,1,5.125,7,45,0,,,여유,,,,,1.05,0,0,0,0,0,0,0,0,0,0,0,0,1,0,0,1,0,0
28,6,1,2,4.288,18,61,0,4,0,보통,0,4,4,4,0.98,1,0,0,0,0,0,0,0,0,0,0,0,0,0,0,0,0,0
39,6,1,4,2.794,4,51,0,,,혼잡,,,,,1.62,0,0,0,0,0,0,0,0,0,0,1,0,0,0,0,0,0,0
38,3,0,4,2.759,20,34,1,2,0,보통,0,3,5,3,1.76,1,0,0,0,0,0,0,0,0,0,0,0,0,0,0,0,1,1
34,12,0,60,0.291,25,5,0,2,0,혼잡,1,2,2,1,3.12,1,1,1,0,1,0,1,0,0,0,1,0,1,1,0,1,0,1
36,3,0,8,1.914,3,8,0,,,매우혼잡,,,,,2.19,0,1,0,0,0,0,0,0,0,1,1,0,0,0,1,0,0,0
22,3,0,19,1.216,9,9,0,,,보통,,,,,3.25,0,0,0,0,0,1,1,0,0,0,0,1,0,0,0,0,0,1
33,12,0,8,4.176,11,54,1,5,0,여유,0,4,5,4,4.65,1,0,0,0,0,0,0,1,0,0,0,0,0,0,0,0,0,0
27,1,0,60,0.217,2,14,0,3,0,여유,1,1,3,2,2.75,1,1,0,0,0,0,0,0,1,0,1,0,0,0,0,0,0,0
22,6,1,2,4.197,7,50,0,,,혼잡,,,,,1.02,0,0,0,0,0,0,0,1,0,1,1,0,0,0,0,0,0,0
45,12,1,13,1.35,9,21,1,3,1,혼잡,0,3,3,3,2.47,1,0,0,0,0,0,0,0,0,0,1,1,0,0,0,1,0,0
44,12,0,20,1.116,22,19,0,,,혼잡,,,,,3.19,0,0,0,1,0,0,0,0,0,0,0,0,1,0,0,1,1,1
30,12,1,1,4.3,5,57,0,4,0,보통,0,4,3,3,0.87,1,0,0,0,0,0,0,0,0,0,0,0,0,0,0,0,0,0
37,12,0,22,1.032,4,7,0,,,여유,,,,,3.26,0,0,0,0,0,0,1,0,0,0,0,0,0,0,0,0,0,0
31,3,1,5,2.311,4,35,0,3,0,혼잡,0,3,4,3,1.75,1,1,0,0,0,0,1,0,0,0,0,0,0,0,0,0,0,0
42,3,0,3,2.526,6,33,1,3,0,여유,0,3,4,4,1.21,1,0,0,0,0,0,0,0,0,0,0,0,0,0,0,0,0,0
15,1,0,2,3.057,5,42,0,,,여유,,,,,1.08,0,0,0,0,0,0,0,0,1,1,0,0,0,0,0,0,0,0
63,12,0,1,5.402,12,70,1,4,0,보통,0,3,4,3,1.06,1,0,0,0,0,0,0,0,0,0,0,0,0,0,0,0,0,0
30,3,0,5,2.526,3,37,0,3,0,여유,0,3,3,4,1.75,1,0,0,0,0,0,0,0,0,1,0,0,0,0,0,0,0,0
35,6,0,3,3.274,8,46,0,4,0,보통,0,4,4,4,1.33,1,0,0,0,0,0,0,0,0,0,0,0,0,0,0,0,0,0
25,12,1,2,3.727,4,44,0,,,여유,,,,,1.31,0,0,0,0,0,0,0,0,0,0,0,0,0,0,0,0,0,0
55,6,0,15,3.869,15,56,0,,,혼잡,,,,,8.33,0,0,0,0,0,0,0,0,0,0,0,0,0,0,0,0,0,1
22,1,0,5,2.309,0,24,1,,,보통,,,,,1.49,0,0,0,0,0,0,0,0,0,0,0,1,0,0,0,0,1,0
32,12,0,3,2.831,23,29,0,3,0,여유,0,3,4,3,1.11,1,0,0,0,1,0,0,0,0,0,0,0,0,0,0,0,0,0
40,12,0,4,2.732,21,44,0,4,0,보통,0,3,4,4,1.37,1,1,0,0,0,0,0,0,0,0,0,0,0,0,0,1,0,0
53,6,0,39,0.211,4,9,0,3,1,혼잡,0,3,2,3,1.67,1,1,0,0,0,1,0,0,0,0,0,0,0,0,0,1,0,0
36,6,0,8,1.85,14,43,0,,,여유,,,,,2.22,0,1,0,1,0,0,0,1,0,0,0,0,0,0,0,0,0,0
15,12,0,2,3.542,2,40,1,3,0,여유,0,4,4,3,1.26,1,0,0,0,0,0,1,0,0,0,0,0,0,0,1,0,0,0
43,6,1,2,4.409,8,48,0,4,0,매우혼잡,0,4,4,3,0.96,1,0,1,0,0,0,0,0,0,0,0,0,1,0,0,1,0,0
44,1,1,5,2.367,3,7,0,3,0,보통,0,3,3,3,1.64,1,0,0,0,0,0,0,0,0,0,0,0,0,0,0,0,0,1
31,12,1,2,4.318,6,57,1,,,매우혼잡,,,,,0.94,0,0,0,0,0,0,0,0,0,0,0,0,0,1,0,1,0,1
17,6,1,3,3.713,8,45,1,,,보통,,,,,1.68,0,0,0,0,0,1,0,1,0,0,0,0,0,0,0,0,0,0
15,12,1,2,4.389,18,57,0,4,0,혼잡,0,4,3,3,1.09,1,0,0,0,0,0,0,0,0,0,0,0,1,1,0,1,0,0
33,12,1,4,2.153,9,45,0,4,0,여유,0,5,4,3,1.08,1,0,0,0,0,0,0,0,0,0,0,0,0,0,0,1,0,0
35,3,0,19,0.874,4,12,0,2,0,혼잡,0,3,1,2,2.33,1,1,1,1,0,0,0,0,0,0,0,0,0,0,0,1,0,0
48,6,1,4,2.645,2,43,1,4,0,혼잡,1,3,4,1,1.62,1,0,0,0,0,1,0,0,0,0,1,1,1,0,0,0,0,0
34,1,0,11,1.585,2,20,1,,,여유,,,,,2.54,0,1,1,0,0,0,1,0,0,0,0,0,1,1,0,1,0,0
29,6,0,8,1.987,5,22,0,,,보통,,,,,2.3,0,0,0,0,0,0,0,0,0,0,0,0,0,0,0,0,0,0
32,12,0,3,2.867,8,46,1,,,보통,,,,,1.13,0,1,0,0,0,0,0,0,0,0,0,0,0,0,0,0,0,0
30,3,0,5,2.306,6,39,0,,,여유,,,,,1.72,0,0,0,0,0,0,0,0,0,0,0,0,0,0,1,0,0,0
28,12,0,3,3.122,24,45,1,,,혼잡,,,,,1.52,0,0,0,0,0,0,0,0,0,1,0,0,1,1,0,0,0,0
22,12,0,15,1.247,4,16,0,2,0,보통,0,2,2,3,2.64,1,1,0,0,0,0,1,0,1,0,0,0,0,0,0,1,0,0
33,12,0,1,4.764,2,57,0,4,0,보통,0,5,4,3,1.0,1,0,0,0,0,0,0,0,0,0,1,0,0,0,0,0,0,0
52,12,0,4,3.215,7,62,0,,,보통,,,,,1.64,0,0,0,0,0,0,0,0,0,0,0,0,0,0,0,0,0,0
36,3,0,3,3.068,5,45,0,,,혼잡,,,,,1.19,0,0,0,0,0,0,0,0,0,0,1,1,1,1,0,0,0,0
19,1,0,3,2.759,5,50,1,,,보통,,,,,1.18,0,0,0,0,0,0,0,1,0,0,1,0,1,0,1,0,0,0
37,6,1,3,3.52,6,36,0,3,0,보통,0,3,4,3,1.49,1,0,0,0,0,0,0,0,0,1,0,0,1,0,1,0,0,1
29,3,0,60,0.328,10,18,0,,,여유,,,,,3.18,0,1,0,1,0,0,0,1,0,0,0,0,0,0,0,0,1,1
34,3,0,15,1.125,2,9,0,,,보통,,,,,2.48,0,1,0,0,0,0,1,0,0,0,0,0,0,0,0,0,0,0
23,12,0,14,3.212,11,48,0,,,보통,,,,,6.49,0,1,0,0,0,0,0,0,0,0,0,0,0,0,0,0,1,0
26,3,0,2,4.153,3,49,1,3,0,보통,0,4,5,3,0.89,1,0,0,0,0,0,0,0,0,0,1,0,0,0,0,0,0,1
29,12,0,1,4.676,5,53,1,4,0,혼잡,0,3,5,4,0.97,1,0,0,0,0,0,0,0,0,0,0,0,0,0,1,0,0,0
45,12,0,5,2.2,26,22,0,,,보통,,,,,1.44,0,0,0,0,0,0,0,0,0,1,0,0,0,0,0,0,0,0
30,12,0,5,2.13,12,25,0,3,0,보통,1,3,3,2,1.48,1,0,0,0,0,0,0,0,1,0,0,0,0,1,0,1,0,0
24,12,0,4,2.201,6,31,0,,,보통,,,,,1.18,0,0,0,0,0,0,0,0,0,0,0,0,0,0,1,1,0,0
35,6,0,3,3.672,25,56,0,4,0,여유,0,4,4,4,1.35,1,0,0,0,0,0,0,0,0,0,0,0,0,0,0,0,0,0
42,12,1,22,0.952,5,27,0,,,여유,,,,,3.05,0,0,0,0,0,1,0,0,1,1,0,0,0,0,0,0,0,0
16,6,0,3,3.503,11,35,0,3,0,여유,0,3,3,4,1.48,1,0,0,0,0,0,0,0,0,0,0,0,0,0,0,0,0,0
37,3,1,23,0.719,2,36,0,3,0,보통,0,3,2,2,2.4,1,1,0,0,1,0,0,0,1,1,0,0,0,0,0,1,0,0
51,6,0,6,1.802,8,33,0,,,여유,,,,,1.67,0,0,0,0,0,1,0,1,1,1,0,0,1,0,0,0,0,0
50,12,0,3,3.284,12,32,0,5,0,여유,0,4,4,4,1.22,1,0,0,0,0,0,0,0,0,0,0,0,0,0,0,0,0,0
39,6,0,3,3.703,22,33,0,,,여유,,,,,1.68,0,0,0,0,0,0,0,0,0,0,0,0,0,0,0,0,0,0
35,12,1,1,4.391,24,48,0,4,0,보통,0,4,4,4,0.86,1,0,0,0,0,0,0,0,0,0,0,0,0,0,0,0,0,0
29,6,0,3,3.692,6,41,0,,,보통,,,,,1.6,0,0,0,0,0,0,0,0,1,0,0,0,0,0,0,0,0,0
39,6,0,1,4.372,2,53,1,4,0,보통,0,3,5,4,0.91,1,0,0,0,0,0,0,0,0,1,0,0,0,0,0,0,0,0
56,1,0,6,1.985,4,43,0,4,0,여유,0,3,4,3,1.71,1,0,0,0,0,0,0,0,0,0,0,0,0,0,0,0,0,0
50,12,0,3,3.972,8,47,0,4,0,매우혼잡,0,4,4,3,1.42,1,0,0,0,0,0,0,0,0,0,1,1,1,0,0,0,0,0
36,12,1,4,2.347,24,36,0,3,0,여유,0,4,4,4,1.24,1,0,0,0,0,0,1,0,0,0,0,0,0,0,0,0,0,0
31,3,1,11,1.543,3,35,0,,,보통,,,,,2.46,0,0,0,0,0,0,0,0,0,0,0,0,0,0,0,1,0,0
39,12,1,11,1.643,27,12,0,2,0,여유,0,3,2,3,2.51,1,0,0,1,0,0,0,0,0,0,0,0,0,0,0,0,0,0
45,1,1,1,6.195,4,47,1,4,0,매우혼잡,0,5,5,4,0.87,1,0,0,0,0,0,0,0,0,0,1,1,1,0,0,0,0,0
36,3,1,1,4.954,8,58,1,4,0,보통,0,4,5,4,0.96,1,0,0,0,0,0,0,0,0,0,0,0,0,0,1,0,0,0
19,3,0,55,0.391,3,23,0,2,0,여유,0,3,3,3,3.05,1,1,0,0,1,0,0,0,0,0,0,0,0,0,0,0,0,1
39,6,0,4,2.897,7,36,0,4,0,여유,0,4,3,3,1.71,1,0,0,0,0,0,0,0,0,0,0,0,0,1,0,0,0,0
32,12,0,3,3.191,13,41,0,3,0,혼잡,0,2,3,2,1.28,1,0,0,0,0,0,0,0,0,1,1,0,1,0,0,0,1,0
31,3,0,3,2.911,7,43,0,,,매우혼잡,,,,,1.26,0,0,0,0,1,0,0,0,0,0,0,0,1,0,0,0,0,1
29,12,0,3,2.432,10,33,1,,,여유,,,,,1.04,0,0,0,0,0,0,0,0,1,0,0,0,0,0,1,0,0,0
31,6,0,9,1.683,9,26,0,2,0,매우혼잡,1,3,4,2,2.25,1,0,0,0,0,0,0,0,0,0,1,0,0,1,1,0,1,0
36,3,1,3,3.215,4,32,0,,,혼잡,,,,,1.48,0,0,0,1,0,0,0,0,0,1,0,1,0,0,0,0,0,0
30,1,0,2,4.135,6,55,0,4,0,보통,0,3,4,3,1.08,1,0,0,0,0,1,0,0,0,0,0,0,0,0,0,0,0,0
42,3,0,10,3.805,11,31,1,,,여유,,,,,5.35,0,0,0,0,0,0,0,0,0,1,0,0,0,0,0,0,0,1
25,3,0,3,2.324,7,50,0,2,0,혼잡,0,2,3,3,1.14,1,0,0,0,0,0,0,1,0,0,0,0,0,0,1,0,1,0
39,3,1,1,4.988,17,53,1,,,혼잡,,,,,0.96,0,0,0,0,0,0,0,1,0,0,0,0,0,0,0,0,0,0
29,3,0,18,1.181,0,21,0,,,혼잡,,,,,3.07,0,1,0,0,0,0,0,0,1,0,0,1,1,0,0,0,0,0
58,12,0,9,1.774,3,38,0,3,0,여유,0,3,3,3,2.22,1,0,0,0,0,0,0,0,0,0,0,0,0,0,0,0,0,0
35,1,0,9,1.831,5,28,0,,,매우혼잡,,,,,2.47,0,1,1,0,0,0,0,1,0,0,1,0,0,1,0,1,0,0
40,1,0,37,0.489,2,29,0,,,혼잡,,,,,2.58,0,0,0,0,0,0,0,1,0,0,0,1,0,1,1,1,0,0
28,12,0,3,2.965,23,31,1,2,0,혼잡,0,3,4,2,1.09,1,0,0,0,0,0,0,0,0,0,0,1,0,0,0,0,0,1
19,3,0,4,2.272,2,19,0,3,0,여유,0,4,3,3,1.17,1,0,0,0,0,0,0,0,0,0,1,0,0,0,0,0,0,1
26,1,1,14,1.66,0,5,0,3,0,여유,0,3,2,3,3.23,1,1,0,0,1,0,1,0,0,0,0,0,0,0,0,0,0,0
27,3,1,10,1.584,3,24,0,2,0,여유,0,2,3,4,2.19,1,0,0,0,0,0,1,1,1,1,0,0,0,0,0,0,0,0
18,12,1,4,2.695,31,45,1,3,0,혼잡,0,3,4,3,1.71,1,1,0,0,0,0,0,1,0,0,0,1,1,0,0,0,0,0
24,12,1,2,4.259,36,52,0,5,0,보통,0,5,4,4,1.02,1,0,0,0,0,1,0,0,0,0,0,0,0,1,0,0,0,0
35,6,0,3,2.898,15,47,0,,,보통,,,,,1.14,0,0,0,0,0,0,0,0,0,1,0,0,1,0,0,0,0,0
47,3,1,4,2.77,1,17,0,3,0,보통,0,3,3,3,1.65,1,1,0,0,0,0,0,0,0,0,0,0,0,0,0,0,0,0
42,3,0,7,1.907,3,13,0,4,0,여유,0,3,3,3,1.9,1,0,0,0,0,0,0,0,0,1,0,0,0,1,0,0,0,0
30,1,0,8,1.843,2,32,0,,,보통,,,,,2.05,0,0,0,0,0,1,1,0,0,0,0,0,0,0,1,0,0,0
18,6,0,22,0.782,5,25,0,3,0,여유,0,3,2,3,2.46,1,0,0,0,0,0,0,0,1,0,0,0,0,0,0,0,0,0
19,3,0,3,2.458,2,27,0,4,0,여유,0,2,3,5,1.05,1,0,0,0,0,0,0,0,0,1,0,0,0,0,0,0,0,0
42,6,0,4,3.053,3,24,1,3,0,혼잡,1,3,4,1,1.78,1,0,0,0,0,0,1,0,0,0,1,1,1,1,0,0,0,0
56,12,0,15,1.291,7,10,0,2,0,보통,0,2,3,3,2.71,1,1,0,1,0,0,0,0,0,1,0,0,0,0,0,1,0,0
35,3,1,2,4.081,8,47,1,5,0,여유,0,5,5,4,1.01,1,0,0,0,0,0,0,0,0,0,0,0,1,0,0,0,0,0
26,6,0,22,0.885,4,27,0,,,보통,,,,,2.8,0,0,0,0,0,1,0,0,1,0,0,1,0,0,0,0,0,0
33,12,0,28,0.629,9,10,0,3,0,여유,0,3,4,2,2.54,1,1,0,0,0,0,0,0,0,0,0,0,0,0,0,0,0,0
28,12,1,1,6.175,24,55,1,4,0,여유,0,4,4,5,0.82,1,0,0,0,0,0,0,0,0,0,0,0,0,0,0,0,0,0
29,1,0,4,2.795,2,38,0,3,0,여유,0,2,4,4,1.77,1,0,0,0,0,0,0,0,0,0,0,0,0,0,0,0,0,0
21,12,0,33,2.176,3,34,0,4,0,보통,0,3,3,2,10.29,1,1,0,0,0,0,0,0,0,0,0,0,1,0,0,0,1,0
33,3,0,9,1.909,6,46,0,,,보통,,,,,2.52,0,0,0,0,0,0,0,0,0,0,1,0,0,0,0,0,0,0
51,6,0,4,2.555,6,14,1,3,0,혼잡,0,4,4,4,1.37,1,1,0,0,0,0,0,0,0,0,0,0,0,0,0,0,0,1
33,6,1,27,0.852,3,27,0,,,혼잡,,,,,3.23,0,1,0,0,0,0,0,0,0,0,1,1,1,1,0,1,0,1
26,3,0,3,2.473,2,38,0,4,0,여유,0,3,3,5,1.23,1,0,0,0,1,0,0,0,0,0,0,0,0,0,0,0,0,0
15,12,0,16,1.17,1,9,0,2,0,여유,0,3,3,2,2.62,1,1,0,1,1,0,0,1,1,0,0,0,0,0,0,0,0,0
27,3,0,11,1.799,3,50,0,3,0,보통,0,3,3,2,2.73,1,0,0,0,0,0,0,1,0,0,1,1,0,0,0,0,0,0
52,6,0,10,1.744,34,38,1,,,여유,,,,,2.6,0,0,0,0,0,1,0,0,0,0,1,0,1,0,0,0,0,0
45,12,0,4,2.347,8,45,0,,,여유,,,,,1.44,0,0,1,0,0,0,0,0,0,0,0,0,0,0,0,0,0,0
40,3,0,6,1.864,2,30,0,,,혼잡,,,,,1.51,0,0,0,0,0,0,0,0,0,0,0,1,0,1,0,0,0,0
30,12,0,1,4.954,14,61,1,,,여유,,,,,0.95,0,0,0,0,0,0,0,1,0,0,0,0,0,0,1,0,0,0
27,3,1,5,2.545,8,49,0,3,0,여유,0,4,4,3,1.67,1,0,0,0,0,0,0,0,0,0,0,0,0,0,0,0,0,0
36,1,0,1,4.604,3,66,1,5,0,혼잡,0,3,4,4,0.89,1,0,0,0,0,0,0,0,0,0,0,0,0,0,0,0,0,0
26,1,0,9,1.693,2,21,0,,,혼잡,,,,,2.13,0,1,0,1,1,0,0,1,0,0,0,1,1,0,0,0,0,1
17,12,0,5,2.202,29,23,0,,,여유,,,,,1.6,0,1,0,1,1,0,0,0,0,0,0,0,0,0,0,0,0,0
39,6,0,4,2.591,8,28,0,,,혼잡,,,,,1.6,0,1,0,0,0,0,0,0,0,0,0,0,0,0,0,1,0,0
33,12,0,14,1.283,15,25,0,,,보통,,,,,2.54,0,1,1,0,0,0,0,0,0,0,1,0,0,0,0,0,0,0
22,6,1,2,3.035,18,35,0,3,0,매우혼잡,0,4,2,3,1.06,1,0,0,0,0,0,0,0,0,0,0,0,0,0,0,0,0,0
35,6,0,3,3.643,35,60,0,4,0,보통,0,4,4,4,1.65,1,0,0,0,0,0,0,0,0,0,0,0,0,0,0,0,0,0
31,6,1,3,3.85,3,50,0,4,0,여유,0,5,4,5,1.45,1,0,0,0,0,0,0,1,0,0,0,0,0,0,0,0,0,0
53,6,0,4,2.69,10,46,0,,,여유,,,,,1.36,0,0,0,0,0,0,0,0,0,0,0,0,1,0,0,0,0,0
38,6,0,2,4.01,2,50,1,,,매우혼잡,,,,,0.93,0,0,0,0,0,0,0,1,0,0,1,0,0,0,0,1,0,0
23,6,0,60,0.059,32,16,0,3,0,보통,1,3,2,2,2.78,1,1,0,0,0,0,0,0,0,0,1,1,0,0,0,0,1,0
21,1,1,1,5.67,4,65,1,3,0,보통,0,5,4,5,0.97,1,0,0,0,0,0,0,0,0,0,0,0,0,0,0,0,0,1
48,6,0,23,0.673,9,17,0,3,0,매우혼잡,1,2,2,1,2.19,1,1,0,1,0,0,1,1,0,0,1,1,1,1,0,0,0,0
19,12,1,3,2.671,7,61,0,3,0,보통,0,4,3,3,1.01,1,0,0,0,0,0,0,0,0,0,0,0,0,1,0,0,0,0
49,6,1,1,4.83,18,48,1,4,0,보통,0,5,5,3,0.84,1,0,0,0,0,0,0,0,0,0,0,0,0,0,0,0,0,0
16,12,0,13,1.101,10,13,0,,,혼잡,,,,,2.01,0,1,0,0,0,0,1,0,0,1,1,1,0,1,0,0,1,1
37,1,0,4,2.52,2,46,0,3,0,혼잡,0,3,3,4,1.33,1,0,0,0,0,0,0,1,0,0,0,0,1,0,0,0,0,1
39,1,0,16,1.438,0,16,0,2,0,보통,0,2,2,3,3.25,1,1,1,1,0,1,0,0,0,0,0,0,0,0,0,0,1,0
27,6,1,1,5.223,3,58,1,4,0,보통,0,4,5,4,0.83,1,0,0,0,0,0,0,0,0,0,0,0,0,0,0,0,0,0
24,6,1,1,4.796,23,47,0,4,0,여유,0,5,3,5,0.91,1,0,0,0,1,0,1,0,0,0,0,0,0,0,0,0,0,0
33,12,1,9,1.838,8,25,0,,,매우혼잡,,,,,2.44,0,1,1,0,0,0,0,0,0,0,1,0,0,0,0,0,0,1
27,3,0,60,0.0,0,19,0,,,보통,,,,,2.63,0,1,0,0,0,0,0,0,0,0,0,0,1,1,0,0,0,0
61,12,0,24,0.733,33,13,0,,,보통,,,,,2.47,0,0,0,0,0,0,0,0,0,0,0,0,0,0,1,0,1,0
50,1,0,4,2.093,2,33,0,,,매우혼잡,,,,,1.19,0,0,0,0,0,0,0,0,0,0,0,0,1,0,1,0,1,1
37,6,1,1,4.087,7,38,1,,,혼잡,,,,,0.81,0,0,0,0,0,0,1,0,0,0,1,0,0,0,0,0,0,0
28,3,0,3,2.92,4,32,1,3,0,보통,0,4,4,3,1.14,1,0,0,0,0,0,0,0,0,0,1,0,0,0,0,1,0,0
15,6,0,60,0.0,2,0,0,,,혼잡,,,,,2.73,0,1,0,0,0,0,0,1,0,1,1,1,0,1,0,0,0,0
15,12,1,4,2.672,18,30,0,4,0,보통,1,3,3,2,1.54,1,0,0,0,0,1,1,0,0,0,1,0,0,1,0,0,0,0
34,6,0,2,4.478,11,60,1,4,0,여유,0,5,5,5,0.99,1,0,0,0,0,0,0,0,0,0,0,0,0,0,0,0,0,0
40,1,0,28,0.538,2,23,0,3,0,보통,0,2,2,3,2.18,1,0,0,0,0,0,0,0,0,0,0,0,0,0,0,0,0,0
16,3,0,6,4.813,2,43,1,4,0,여유,0,4,5,4,3.79,1,0,0,0,0,0,0,0,0,0,0,0,0,0,0,0,0,0
47,6,0,11,1.734,8,50,0,2,0,혼잡,0,3,3,3,2.65,1,0,0,0,0,0,1,0,0,0,1,0,0,0,0,0,0,0
28,6,1,1,4.64,2,56,0,5,0,보통,0,4,3,4,0.98,1,0,0,0,0,0,0,0,0,0,0,0,0,0,0,0,0,0
47,12,0,14,1.198,15,17,0,,,매우혼잡,,,,,2.41,0,1,1,0,1,0,0,0,1,0,1,1,1,1,0,0,0,0
32,6,0,16,1.167,1,20,0,,,보통,,,,,2.7,0,1,0,0,0,0,0,0,0,0,0,0,0,0,0,0,0,1
25,3,0,9,1.838,1,41,1,2,0,보통,0,2,4,3,2.27,1,0,0,0,0,0,1,1,1,1,0,0,0,0,0,0,0,0
36,3,0,9,1.77,3,26,0,3,0,여유,0,3,3,3,2.21,1,0,0,0,0,0,0,0,0,0,0,0,0,0,0,0,1,0
36,6,0,60,0.0,1,20,0,,,보통,,,,,12.8,0,1,0,1,0,1,0,0,0,0,0,0,0,0,0,0,0,0
25,12,1,1,4.819,7,62,1,,,여유,,,,,0.94,0,0,0,0,0,0,0,0,0,1,0,0,0,0,0,0,0,0
59,1,0,36,0.471,3,0,0,,,여유,,,,,2.44,0,1,0,0,0,0,0,0,0,0,0,0,0,0,1,1,0,0
35,12,1,1,5.181,36,47,0,4,0,혼잡,0,4,4,3,0.83,1,0,0,0,0,0,0,0,0,0,0,0,0,0,0,0,0,0
38,12,1,12,2.636,19,18,0,,,보통,,,,,4.49,0,0,0,1,0,0,0,1,0,0,0,0,0,0,0,0,0,1
31,1,0,60,0.0,1,8,0,1,1,혼잡,0,1,2,2,16.14,1,1,0,0,0,0,1,0,1,0,0,1,0,0,0,0,1,1
39,6,0,4,2.277,5,33,1,,,여유,,,,,1.3,0,0,0,0,0,0,0,0,0,0,0,0,0,0,0,0,0,0
24,12,0,2,3.582,21,61,0,4,0,보통,0,5,4,4,1.02,1,0,0,0,0,0,0,0,0,0,0,0,0,0,0,0,0,0
28,12,1,3,2.911,11,32,1,4,0,보통,0,3,3,4,1.28,1,0,0,0,0,0,1,0,0,0,0,0,0,0,0,0,0,0
46,12,0,20,0.79,10,12,0,,,보통,,,,,2.27,0,0,0,0,0,1,0,0,0,0,0,0,0,0,0,0,1,0
32,3,0,8,1.425,5,39,0,2,0,혼잡,1,4,3,1,1.53,1,0,0,0,0,0,0,0,0,0,1,1,1,1,0,0,0,0
28,12,1,1,5.412,6,56,0,4,0,혼잡,0,4,4,4,1.1,1,0,0,0,0,0,0,0,0,0,0,0,0,0,0,0,0,1
28,12,1,4,3.235,18,32,1,,,보통,,,,,1.7,0,0,0,0,0,0,0,0,0,0,0,0,0,0,0,0,0,0
27,6,0,4,2.678,9,23,1,,,여유,,,,,1.41,0,0,0,0,0,1,0,0,0,0,1,0,0,0,0,0,0,0
50,6,0,1,4.74,5,46,1,4,0,보통,0,3,5,4,0.98,1,0,0,0,0,0,0,0,0,0,0,0,0,0,0,0,0,0
30,12,1,3,2.875,7,32,1,,,보통,,,,,1.1,0,0,0,0,0,1,0,0,0,0,1,1,0,0,0,0,0,0
25,12,0,9,1.865,12,33,0,3,0,혼잡,0,3,3,3,2.44,1,0,0,0,0,0,0,0,0,0,0,0,0,0,0,0,0,0
34,3,0,5,2.141,7,30,0,3,0,보통,0,3,2,3,1.59,1,0,0,0,0,0,0,1,0,0,0,0,0,0,0,0,0,0
19,1,0,11,1.507,2,12,0,4,0,보통,0,3,4,3,2.38,1,0,0,0,0,0,0,0,0,0,0,0,0,0,0,0,0,0
33,12,0,2,4.069,6,61,1,,,여유,,,,,1.09,0,0,0,0,0,0,0,0,0,0,0,0,0,0,0,0,0,0
26,6,0,43,0.05,6,11,0,2,1,혼잡,0,3,3,3,1.85,1,1,0,0,0,1,0,0,0,0,0,0,0,0,0,1,1,1
34,6,1,14,1.259,5,18,0,,,매우혼잡,,,,,2.46,0,0,1,1,0,0,0,0,0,0,1,1,0,1,0,1,0,1
34,3,0,4,2.153,3,39,0,4,0,여유,0,4,4,3,1.24,1,0,0,0,0,0,0,0,0,0,0,0,0,0,0,0,0,0
55,6,1,10,1.599,7,16,0,2,0,여유,0,2,2,3,2.3,1,0,0,0,0,1,0,0,0,0,0,1,0,0,0,0,0,0
40,6,0,18,0.879,15,12,0,,,보통,,,,,2.24,0,1,0,0,0,0,0,0,1,1,0,1,0,0,0,0,0,0
49,6,0,3,2.857,4,25,0,4,0,여유,0,4,3,4,1.25,1,0,0,0,0,1,0,0,0,0,0,0,0,0,0,0,0,0
21,6,0,60,0.0,8,0,0,1,1,보통,0,2,3,2,3.16,1,1,0,0,1,0,0,0,1,0,0,0,0,0,1,1,0,1
15,12,0,3,2.731,14,48,0,,,혼잡,,,,,1.15,0,1,0,0,0,0,0,0,1,1,0,0,0,0,1,0,0,1
15,1,1,2,4.212,4,59,0,4,0,여유,0,4,4,4,0.92,1,0,0,0,0,0,0,0,0,0,0,0,1,0,0,0,0,1
24,3,0,12,1.308,3,49,0,3,0,보통,0,3,3,3,2.17,1,0,0,0,0,0,0,0,0,0,1,0,0,0,0,0,0,0
49,1,0,2,3.928,1,52,0,3,0,여유,0,4,4,5,1.32,1,0,0,0,0,0,0,0,0,0,0,0,0,0,0,0,0,1
25,3,0,15,1.269,3,15,0,3,0,보통,0,2,2,3,2.77,1,0,0,0,0,1,1,1,0,1,0,0,1,0,0,1,0,1
32,3,0,4,2.51,2,29,0,4,0,혼잡,1,4,3,2,1.28,1,1,0,0,0,0,0,1,0,0,1,1,1,1,0,0,0,0
36,12,0,42,0.452,3,3,0,3,0,여유,0,2,2,2,2.7,1,0,0,1,1,1,0,0,0,0,0,1,0,0,0,0,0,0
21,12,0,1,4.145,34,39,0,3,0,여유,0,4,4,5,0.83,1,0,0,0,0,0,1,0,0,0,0,0,0,0,0,0,0,0
45,3,1,1,5.03,12,58,1,4,0,여유,0,3,4,4,0.83,1,0,0,0,0,0,0,0,0,0,0,0,0,0,0,0,0,0
46,12,1,3,3.075,6,29,1,,,여유,,,,,1.15,0,0,0,0,0,0,0,0,0,0,0,0,0,0,0,0,0,0
25,6,1,1,5.097,12,52,0,,,혼잡,,,,,0.87,0,0,0,0,0,0,0,0,0,0,0,0,0,0,0,0,0,0
41,12,0,4,2.803,15,49,1,3,0,보통,0,2,5,3,1.79,1,0,0,0,0,0,0,1,0,0,0,0,0,0,1,0,0,0
32,12,0,1,4.832,8,30,1,,,여유,,,,,0.95,0,0,0,0,0,0,0,0,0,0,1,0,0,0,0,0,0,0
36,12,0,3,3.542,18,54,0,3,0,보통,0,3,3,5,1.32,1,0,0,0,0,0,1,0,0,0,0,0,0,0,1,0,0,1
35,6,0,1,4.231,6,60,1,,,여유,,,,,0.86,0,0,0,0,0,0,0,0,0,0,0,0,0,0,0,0,0,0
39,3,0,36,0.606,1,13,0,,,보통,,,,,3.13,0,1,0,0,1,0,0,0,1,1,0,1,0,0,0,0,0,0
38,3,0,7,1.988,3,30,0,3,0,혼잡,1,3,4,1,2.12,1,0,0,0,0,0,0,0,0,0,1,1,0,1,0,0,0,0
45,12,1,10,1.854,10,24,1,2,1,보통,0,3,3,2,2.61,1,0,0,1,0,0,0,0,0,0,0,0,0,1,1,0,0,0
47,3,0,15,1.19,1,32,0,2,0,여유,0,2,2,2,2.62,1,1,1,0,0,0,1,1,1,0,0,0,1,0,0,0,0,0
24,12,0,5,2.542,5,4,0,,,여유,,,,,1.82,0,1,0,1,0,0,0,0,1,0,1,0,0,0,0,0,0,0
49,6,1,4,3.113,6,42,0,,,여유,,,,,1.76,0,0,0,0,0,0,0,0,1,0,0,1,0,0,0,0,0,0
35,12,0,4,2.36,12,41,0,,,보통,,,,,1.32,0,0,0,0,0,0,0,0,0,0,0,0,0,0,0,0,0,0
30,12,0,7,1.958,6,49,0,,,보통,,,,,1.91,0,0,0,0,0,0,0,0,0,0,0,0,0,1,1,0,0,1
32,12,0,15,1.414,10,27,0,3,0,혼잡,0,2,2,2,3.02,1,1,0,0,0,0,0,0,0,1,1,0,1,1,0,1,1,1
23,3,0,4,2.224,3,32,0,2,0,여유,0,4,5,3,1.37,1,0,1,0,0,0,0,0,0,0,1,0,0,0,0,0,1,0
41,12,1,4,5.455,2,46,1,4,0,여유,0,4,5,4,3.04,1,0,0,0,0,0,0,0,0,0,0,0,0,0,0,0,0,0
23,1,0,31,0.714,1,0,0,,,여유,,,,,3.18,0,1,0,0,1,0,1,0,0,1,0,1,0,0,0,0,0,0
23,12,0,4,2.504,12,35,1,,,여유,,,,,1.44,0,0,0,0,0,0,0,0,1,0,0,0,0,0,0,0,0,0
35,3,0,5,2.303,2,38,0,,,여유,,,,,1.67,0,0,0,0,0,0,0,0,0,0,0,0,0,0,0,0,0,0
39,6,0,12,1.421,5,16,0,,,혼잡,,,,,2.34,0,0,0,0,1,0,0,0,0,0,1,0,0,0,0,1,0,1
47,3,0,58,0.0,2,0,0,,,여유,,,,,2.48,0,0,0,0,0,0,1,0,0,0,0,0,0,0,1,0,1,1
42,6,0,6,2.18,12,7,1,,,혼잡,,,,,2.0,0,0,0,0,0,0,0,0,0,0,1,1,1,1,0,0,0,0
38,12,0,4,2.616,6,40,0,3,0,혼잡,0,4,2,3,1.44,1,0,0,0,0,0,0,0,0,0,0,0,0,1,0,0,0,0
36,12,0,8,1.621,1,29,0,3,0,혼잡,1,3,4,1,1.94,1,1,0,0,0,0,0,0,0,0,1,1,0,0,1,1,0,0
41,3,0,11,1.734,9,40,0,3,0,여유,0,3,3,3,2.77,1,0,0,0,0,0,0,0,0,0,0,0,0,0,0,0,0,0
48,6,0,3,2.548,27,31,0,,,보통,,,,,1.18,0,0,0,0,0,0,0,0,0,0,1,1,1,0,0,0,0,0
40,12,0,3,2.87,19,37,1,4,0,혼잡,0,3,4,3,1.14,1,0,0,0,0,0,0,0,0,1,0,1,0,0,0,0,0,0
44,3,0,7,1.943,2,46,0,,,보통,,,,,1.95,0,0,0,0,0,0,0,0,0,0,0,0,1,0,0,0,0,0
34,6,0,35,0.62,1,34,0,3,0,혼잡,1,1,2,1,3.07,1,1,0,0,0,0,0,1,0,0,1,1,1,1,0,0,0,0
48,3,0,14,2.373,11,40,0,3,0,매우혼잡,0,2,4,2,4.78,1,0,0,0,0,0,0,1,1,0,1,1,0,0,0,0,0,0
22,6,1,14,2.931,4,33,0,,,보통,,,,,5.69,0,1,0,0,0,0,0,0,0,0,1,0,0,0,0,0,0,0
15,12,1,6,2.339,5,10,0,,,혼잡,,,,,1.89,0,1,0,0,0,0,0,0,0,0,1,1,0,1,1,1,0,0
29,12,0,4,2.219,26,16,0,,,보통,,,,,1.27,0,0,0,0,0,0,0,0,0,0,1,0,0,0,0,0,0,0
38,1,0,1,4.867,6,49,0,4,0,매우혼잡,0,3,4,4,0.98,1,0,0,0,0,0,0,1,0,0,0,0,1,0,0,0,0,0
28,12,0,8,1.454,4,27,0,3,0,보통,0,3,4,3,1.67,1,1,0,0,0,0,0,0,1,1,0,0,0,0,0,0,0,0
51,12,0,4,3.344,22,46,0,3,0,매우혼잡,0,3,3,3,1.75,1,0,1,0,0,0,0,0,1,0,0,1,0,0,0,1,0,0
34,3,0,49,0.161,5,16,0,,,여유,,,,,2.1,0,1,0,0,0,0,0,0,0,0,0,0,0,0,0,0,0,0
34,6,0,21,0.935,4,9,0,2,0,혼잡,0,3,2,2,2.75,1,1,0,0,0,0,0,0,0,0,0,0,0,1,0,0,0,0
41,12,0,2,3.41,36,51,0,5,0,여유,0,5,5,4,1.12,1,0,0,0,0,0,0,0,0,0,0,0,0,0,0,0,0,0
34,3,1,3,2.189,7,38,0,1,1,혼잡,0,2,3,3,1.08,1,0,0,0,0,0,0,0,0,0,0,0,0,0,1,1,1,1
49,3,0,5,2.726,6,53,1,4,0,보통,0,2,3,3,1.76,1,0,0,0,0,0,0,0,0,0,0,0,0,0,0,0,0,0
34,6,1,1,4.607,17,50,0,4,0,혼잡,0,4,4,4,0.88,1,0,0,0,0,0,0,0,0,1,0,0,0,0,0,0,1,0
18,3,1,3,3.404,2,63,1,2,0,혼잡,1,4,4,2,1.38,1,0,0,0,0,0,0,0,0,0,1,1,0,1,0,1,1,0
20,6,1,2,4.161,20,53,0,,,보통,,,,,1.04,0,0,0,0,0,0,0,0,0,0,0,1,0,0,0,0,0,0
57,12,1,5,2.23,20,34,0,3,0,보통,0,3,4,2,1.72,1,1,0,0,0,0,0,1,0,0,0,0,0,0,1,1,0,0
24,12,0,45,0.417,4,23,0,2,1,보통,0,3,2,3,2.66,1,1,0,0,0,0,1,0,0,0,1,0,0,0,1,1,0,0
17,1,1,3,3.222,4,38,0,,,보통,,,,,1.61,0,0,0,0,0,1,0,0,0,0,0,0,0,0,0,0,0,1
51,3,0,3,2.568,2,18,0,,,혼잡,,,,,1.24,0,0,0,0,0,1,0,0,0,0,1,0,0,1,0,0,0,0
21,12,0,4,2.989,3,42,0,,,보통,,,,,1.78,0,1,0,0,0,0,0,0,0,0,0,0,0,0,0,0,0,0
32,3,1,1,4.295,1,61,1,,,보통,,,,,0.86,0,0,0,0,0,0,0,0,0,0,0,0,0,0,0,0,0,0
30,1,1,4,2.488,7,19,0,,,보통,,,,,1.52,0,0,1,0,0,0,1,0,0,0,0,0,1,1,0,1,1,1
16,3,0,3,3.068,6,42,0,,,보통,,,,,1.45,0,1,1,0,0,0,0,0,0,0,0,0,0,0,0,0,0,0
26,12,1,2,3.173,4,35,0,3,0,매우혼잡,0,4,3,3,1.05,1,0,0,0,0,0,0,0,0,0,1,0,1,1,1,1,0,0
23,3,1,1,5.288,7,62,0,4,0,여유,0,4,5,3,1.07,1,0,0,0,0,0,0,0,0,0,0,0,0,0,0,0,0,0
42,12,1,2,4.001,9,48,0,,,여유,,,,,0.93,0,0,0,0,0,0,0,0,0,0,0,0,0,0,1,0,0,0
15,6,0,50,0.0,6,2,0,2,0,보통,0,3,3,2,2.15,1,1,0,0,0,0,0,0,0,0,0,0,0,1,0,0,0,0
34,12,1,3,3.312,5,53,0,3,0,보통,0,3,4,4,1.59,1,0,1,0,0,0,0,0,0,0,0,0,0,0,0,0,0,0
36,6,0,37,1.611,7,15,1,2,1,여유,0,4,3,4,8.59,1,0,0,0,0,0,0,0,0,0,0,0,0,0,0,1,0,1
32,3,0,9,1.635,5,16,0,3,0,매우혼잡,1,2,3,1,2.05,1,0,0,0,0,0,1,1,0,0,1,1,1,1,0,1,0,0
35,3,0,7,1.887,18,37,0,,,여유,,,,,2.02,0,0,0,0,0,0,0,0,0,0,1,0,0,0,0,0,0,0
32,1,0,4,3.026,1,41,1,3,0,보통,0,2,3,2,1.6,1,1,0,0,0,0,1,0,0,1,0,0,0,0,1,0,0,0
25,3,0,4,2.69,7,30,0,,,혼잡,,,,,1.55,0,0,0,0,0,0,0,0,1,0,0,0,0,0,0,1,0,1
15,12,0,45,0.083,13,9,0,,,보통,,,,,1.94,0,1,0,0,0,0,0,1,0,0,0,0,0,0,0,1,0,1
64,3,0,5,2.062,9,28,0,3,0,보통,0,4,4,3,1.48,1,0,0,0,0,0,0,0,0,0,0,1,0,0,0,0,0,0
44,1,1,3,3.757,1,52,0,4,0,여유,0,4,5,4,1.55,1,0,0,0,0,0,0,0,0,0,0,0,0,0,0,0,0,0
32,1,0,9,1.66,4,41,0,3,0,혼잡,0,3,3,3,2.19,1,0,0,0,0,0,0,0,0,0,0,0,0,0,0,1,0,0
25,3,0,14,1.274,4,27,0,,,여유,,,,,2.49,0,1,0,0,1,0,0,0,1,1,0,0,0,0,0,0,0,0
29,6,0,4,2.401,18,37,0,,,보통,,,,,1.25,0,0,1,0,1,0,0,0,0,0,1,0,0,0,0,0,0,0
47,12,0,3,3.89,32,30,1,3,0,보통,0,4,3,3,1.43,1,0,0,0,0,0,0,0,0,0,0,0,0,0,0,0,0,0
18,6,0,60,0.0,1,6,0,1,1,보통,1,2,2,1,2.99,1,1,0,0,0,0,0,0,0,0,1,1,0,0,1,0,1,1
35,12,1,3,3.531,4,46,0,4,0,매우혼잡,0,3,4,2,1.67,1,0,0,0,0,0,0,1,0,0,0,1,0,1,0,0,0,0
41,1,0,3,2.362,1,31,0,,,보통,,,,,1.07,0,1,0,0,1,0,1,0,0,1,0,0,0,0,0,0,0,0
44,3,1,9,1.849,5,36,0,4,0,여유,0,4,3,3,2.32,1,0,1,1,0,0,0,0,0,0,0,0,0,0,0,1,0,0
42,12,1,2,4.773,36,58,1,,,혼잡,,,,,1.04,0,0,0,0,0,0,0,0,0,0,0,0,0,1,0,0,1,0
34,6,0,3,2.573,11,42,0,3,0,보통,0,3,4,3,1.22,1,0,0,0,0,0,0,0,0,0,0,1,0,1,0,0,0,0
23,6,0,4,2.525,2,30,0,3,0,보통,0,3,3,3,1.47,1,0,0,0,0,0,0,0,0,0,0,0,0,0,0,0,0,0
46,3,1,1,4.878,9,57,0,4,0,보통,0,4,4,4,0.87,1,0,0,0,0,0,0,1,0,0,0,0,0,0,0,0,0,0
57,3,0,1,4.842,7,68,1,,,여유,,,,,0.85,0,0,0,0,0,0,0,0,0,0,0,0,0,0,1,0,0,0
31,6,0,26,0.635,12,3,0,3,0,보통,0,3,2,3,2.34,1,0,0,0,0,0,0,0,1,0,0,0,0,0,0,0,0,0
44,1,1,3,3.08,11,30,1,3,0,혼잡,1,2,4,1,1.31,1,0,0,0,0,0,0,0,0,0,1,0,0,1,0,0,0,1
27,3,1,1,4.268,0,51,0,3,0,혼잡,0,2,3,3,0.87,1,0,0,0,0,0,0,1,0,0,0,0,0,0,0,0,0,0
25,6,0,14,1.057,15,25,0,,,혼잡,,,,,2.18,0,0,0,0,0,0,0,0,0,0,0,0,0,1,0,0,0,0
47,3,0,6,2.152,1,25,0,4,0,혼잡,0,4,2,2,1.75,1,0,0,0,0,0,1,1,0,0,1,0,0,1,0,0,0,0
47,6,0,4,2.258,5,20,1,4,0,보통,0,2,3,3,1.16,1,0,0,0,0,0,0,0,0,0,0,0,0,1,0,0,0,0
15,3,0,7,1.937,8,23,1,4,0,보통,0,3,4,3,1.93,1,0,0,0,0,0,0,1,0,0,0,0,1,0,0,0,0,0
56,1,0,12,1.212,0,5,0,2,1,보통,0,3,3,3,2.04,1,0,0,0,1,0,0,0,1,0,0,0,0,0,1,0,0,0
22,3,0,1,4.172,1,53,1,4,0,보통,0,4,5,3,0.83,1,0,0,0,0,0,1,0,0,0,0,1,0,0,0,0,0,1
39,12,0,13,1.486,1,7,0,3,0,혼잡,0,2,2,2,2.66,1,0,0,0,1,1,0,0,0,1,1,0,1,0,0,0,1,0
26,12,0,44,1.029,8,23,0,1,0,매우혼잡,0,3,2,1,6.41,1,1,0,0,0,0,0,0,0,0,1,1,1,1,1,1,0,0
40,12,0,24,0.874,1,10,0,3,0,보통,0,2,2,2,3.03,1,0,1,0,0,0,0,0,1,0,1,0,0,0,0,0,0,0
39,12,0,20,0.777,6,7,0,2,1,여유,0,3,2,3,2.27,1,1,0,0,0,0,0,0,0,0,1,0,0,0,0,0,0,1
36,6,1,50,0.206,8,0,0,,,혼잡,,,,,2.14,0,0,0,0,0,0,0,1,0,0,0,0,0,0,0,1,0,1
37,12,0,1,5.556,28,67,1,3,0,혼잡,0,4,4,3,1.06,1,0,1,0,0,0,0,0,0,0,1,0,1,1,0,0,0,0
53,12,1,1,5.279,14,68,1,3,0,혼잡,0,4,4,4,0.93,1,0,0,0,0,0,0,0,0,0,0,0,0,0,0,0,0,0
41,3,0,18,1.035,7,28,0,,,혼잡,,,,,2.65,0,1,0,0,0,1,0,0,0,0,1,0,0,0,0,0,0,0
30,6,0,4,2.738,3,36,0,,,보통,,,,,1.45,0,1,1,0,0,0,0,0,0,0,0,0,0,0,0,0,0,0
20,6,0,17,0.822,1,18,0,,,혼잡,,,,,2.02,0,1,0,0,0,0,0,0,0,0,1,1,1,1,0,0,0,0
39,12,0,3,3.57,26,48,0,,,보통,,,,,1.62,0,0,0,0,0,0,0,0,0,0,0,0,0,0,0,0,0,0
33,12,0,3,3.342,14,64,1,4,0,여유,1,3,4,3,1.58,1,0,0,0,0,0,0,0,0,0,0,0,0,0,0,0,0,0
45,12,1,18,1.027,15,12,1,,,매우혼잡,,,,,2.57,0,0,0,1,0,0,0,0,0,0,0,1,0,0,0,1,0,1
36,12,0,2,2.999,19,47,1,2,0,여유,0,2,4,3,1.03,1,0,0,0,0,0,1,1,0,1,0,0,0,0,0,0,0,0
28,12,0,50,0.3,1,23,0,2,0,혼잡,0,2,2,2,2.13,1,1,0,1,0,0,0,1,1,0,0,0,1,1,0,1,0,0
35,6,1,1,5.105,10,72,0,4,0,보통,0,4,4,4,1.08,1,0,0,0,0,0,0,0,0,0,0,0,0,0,0,0,0,0
35,3,0,34,0.657,4,3,0,,,혼잡,,,,,3.16,0,1,0,0,0,0,1,0,0,0,0,1,1,0,1,0,1,0
32,12,0,11,1.671,7,13,1,,,여유,,,,,2.6,0,1,0,0,0,0,0,0,0,0,0,0,0,0,0,0,0,0
25,3,0,4,2.965,4,34,0,,,보통,,,,,1.73,0,0,0,0,0,0,0,0,0,0,0,0,0,0,0,0,0,0
27,6,0,16,2.597,0,25,0,,,보통,,,,,5.84,0,1,0,0,0,0,0,0,0,0,1,0,0,0,0,0,0,0
48,1,0,16,1.006,11,56,0,,,여유,,,,,2.25,0,0,0,0,0,0,0,0,1,0,1,0,1,0,0,0,0,0
41,12,0,3,2.631,4,33,0,4,0,보통,1,3,3,1,1.19,1,0,0,0,0,0,1,0,0,1,1,1,0,0,0,0,0,0
40,1,1,14,1.338,2,20,0,,,보통,,,,,2.7,0,0,0,0,0,0,0,0,0,0,0,0,0,0,0,0,0,0
42,6,1,1,4.504,1,59,1,,,보통,,,,,0.83,0,0,0,0,0,0,0,0,0,0,0,0,0,0,0,0,0,0
42,6,0,3,2.241,10,28,0,4,0,보통,0,3,3,3,1.07,1,0,0,0,0,0,0,0,0,0,0,0,1,0,0,0,0,0
25,3,0,11,1.677,4,43,0,,,매우혼잡,,,,,2.75,0,0,0,1,0,0,0,1,1,0,1,0,0,0,0,0,0,0
18,3,0,7,1.683,6,47,0,3,0,혼잡,1,2,3,1,1.75,1,1,0,0,0,0,1,1,0,0,1,1,1,1,0,0,1,0
30,1,0,3,2.732,6,30,0,3,0,혼잡,0,3,4,3,1.18,1,0,1,0,0,0,0,0,0,1,1,0,0,0,0,0,0,0
47,12,0,3,2.942,7,32,0,3,0,보통,0,2,4,3,1.06,1,1,0,0,0,0,1,0,0,1,0,1,0,0,0,0,0,0
32,12,1,3,2.167,36,36,0,4,0,여유,0,3,3,3,1.06,1,0,0,1,0,0,0,0,0,0,0,0,0,0,0,0,0,0
17,12,0,60,0.837,13,15,0,,,혼잡,,,,,14.77,0,1,1,0,0,0,1,0,1,0,1,0,1,0,1,0,0,1
15,6,0,60,0.077,19,16,0,2,0,혼잡,0,2,2,2,3.22,1,1,0,0,0,0,0,0,1,1,1,0,1,1,1,0,0,1
43,12,0,6,4.158,23,71,0,4,0,보통,0,4,4,4,3.83,1,0,0,0,0,0,0,0,0,0,0,0,0,0,0,0,1,1
36,6,0,3,2.957,18,32,0,4,0,여유,0,3,4,3,1.33,1,0,0,0,0,0,0,0,0,0,0,1,0,0,0,1,0,0
34,3,0,10,1.608,14,27,1,3,0,보통,0,3,4,3,2.26,1,0,0,0,0,0,0,0,0,0,1,0,0,0,0,0,0,0
53,3,0,1,4.681,5,57,1,4,0,보통,0,4,5,3,0.8,1,0,0,0,0,0,1,0,0,0,0,0,1,1,0,0,0,0
19,1,0,4,2.211,3,23,0,3,0,보통,0,3,4,3,1.36,1,1,0,0,0,0,1,1,0,0,0,0,0,0,1,0,0,0
63,3,0,5,2.387,4,24,0,,,여유,,,,,1.71,0,0,0,0,0,0,0,0,0,0,0,0,0,0,0,0,0,1
38,6,0,2,3.639,5,49,0,,,보통,,,,,1.07,0,0,0,0,0,0,0,0,0,0,0,0,0,0,0,0,0,0
24,3,0,11,1.315,3,27,0,2,1,여유,0,3,4,3,2.05,1,1,0,0,0,0,0,0,0,0,1,0,0,0,1,1,1,1
37,12,1,1,5.154,14,65,1,5,0,여유,0,5,5,4,1.06,1,0,1,0,0,0,0,0,0,0,0,0,0,0,1,0,0,0
33,12,1,1,5.85,5,47,1,4,0,보통,0,4,5,4,0.98,1,0,0,0,0,0,0,0,0,0,0,0,0,0,0,0,0,0
23,12,0,5,2.278,15,42,1,,,혼잡,,,,,1.57,0,0,0,0,0,0,0,0,0,0,1,0,0,1,0,1,0,0
18,1,1,4,3.202,4,27,0,3,0,혼잡,0,4,3,2,1.64,1,0,0,0,0,0,0,0,0,0,0,0,0,0,0,0,1,0
39,1,0,16,1.193,3,16,0,,,혼잡,,,,,2.78,0,1,0,0,0,0,0,0,0,0,0,0,0,0,1,0,0,0
37,1,0,24,0.849,1,0,1,,,보통,,,,,2.97,0,1,0,0,0,0,0,0,0,0,1,0,0,1,1,1,1,1
44,6,1,4,2.94,6,28,0,,,여유,,,,,1.75,0,1,0,0,0,0,0,0,0,1,0,0,0,0,0,0,0,1
43,3,0,60,0.0,4,10,0,3,0,보통,0,2,3,3,3.23,1,0,0,0,1,0,1,0,0,0,0,1,0,1,0,0,0,0
37,12,0,1,5.127,12,63,1,,,여유,,,,,0.96,0,0,0,0,0,0,0,0,0,0,0,0,0,0,0,0,0,0
36,12,0,1,5.626,36,62,1,,,보통,,,,,1.06,0,0,0,0,0,0,0,0,0,0,0,0,0,0,0,0,0,0
26,1,0,10,1.459,0,21,0,,,여유,,,,,2.16,0,0,0,0,0,0,0,0,0,0,0,0,1,0,0,0,0,0
38,1,1,5,2.44,0,37,0,,,보통,,,,,1.73,0,0,0,0,0,0,0,0,1,1,0,0,0,0,0,0,0,0
37,12,0,12,1.66,13,43,0,3,0,보통,1,2,3,1,2.88,1,0,0,0,0,0,0,1,0,0,0,1,1,0,0,0,0,0
49,12,0,3,2.777,1,36,0,,,매우혼잡,,,,,1.12,0,0,0,0,0,0,0,0,0,0,1,0,0,0,1,1,0,0
39,12,0,3,3.034,25,26,0,,,여유,,,,,1.37,0,0,0,0,0,0,0,0,0,0,1,0,0,1,0,1,0,0
40,1,0,6,2.059,0,36,0,3,0,여유,0,3,3,4,1.65,1,1,0,1,0,1,0,0,0,0,0,0,0,0,0,0,0,0
16,6,0,4,2.657,11,30,0,2,0,보통,0,3,3,2,1.61,1,0,0,0,0,0,0,1,0,0,1,0,1,1,0,0,0,1
32,6,0,3,3.181,4,51,1,3,0,보통,0,3,4,4,1.17,1,0,0,0,0,0,0,0,0,0,0,0,0,0,0,0,0,0
38,12,0,9,1.717,26,38,0,2,0,혼잡,0,4,3,4,2.31,1,1,1,0,0,0,0,0,0,0,0,0,0,0,0,1,1,0
34,12,1,1,4.405,33,54,0,,,매우혼잡,,,,,0.91,0,0,0,0,0,0,1,1,1,0,1,0,0,0,0,0,0,0
28,12,1,1,4.253,6,42,0,4,0,보통,0,5,5,4,0.81,1,0,0,1,0,0,0,1,0,0,0,0,0,0,0,0,0,0
45,3,0,2,2.847,3,30,1,3,0,보통,0,4,3,3,1.0,1,0,0,0,0,1,0,0,0,0,0,0,0,0,0,0,0,0
42,6,0,22,0.79,2,11,0,2,1,혼잡,0,2,2,2,2.44,1,0,0,0,1,1,1,0,1,0,1,0,0,0,0,1,0,0
37,6,1,3,2.79,16,42,1,2,0,매우혼잡,1,2,3,1,1.19,1,1,0,0,0,0,0,0,0,0,1,1,1,1,1,0,0,1
28,12,0,10,1.67,3,6,1,,,여유,,,,,2.5,0,1,0,0,0,0,0,0,1,0,0,0,0,0,0,0,1,0
37,3,0,22,2.83,6,47,1,,,여유,,,,,8.91,0,1,0,0,0,0,1,0,0,1,0,0,0,0,0,1,0,0
45,3,0,21,0.789,2,27,0,2,0,여유,0,2,3,3,2.37,1,1,0,1,0,0,1,0,0,0,0,0,0,0,0,0,1,0
40,6,0,7,1.99,15,32,0,4,0,여유,0,3,3,4,1.85,1,1,0,0,0,1,0,0,0,0,0,0,0,0,0,0,0,0
28,12,0,4,2.203,0,38,0,3,0,보통,0,3,3,4,1.32,1,0,0,0,0,0,0,0,0,0,0,1,0,0,0,0,0,0
35,12,1,4,3.414,3,25,1,,,보통,,,,,1.71,0,0,0,0,0,0,0,0,0,0,0,0,0,0,0,0,0,1
24,6,0,2,4.471,4,52,1,4,0,보통,0,4,5,4,1.01,1,0,0,0,0,0,0,0,0,0,0,0,0,0,0,0,0,0
30,3,0,48,0.001,3,24,0,,,혼잡,,,,,2.07,0,1,0,0,0,1,1,1,0,0,1,0,0,1,0,0,0,0
42,12,1,1,4.856,24,62,1,,,여유,,,,,0.93,0,0,0,0,0,0,0,0,0,0,0,0,0,0,0,0,0,0
35,3,0,22,0.671,6,31,1,3,0,여유,0,3,3,3,2.11,1,1,0,0,0,0,0,0,0,0,0,0,0,0,0,0,1,0
44,1,0,4,2.684,1,30,0,,,보통,,,,,1.38,0,0,0,0,0,0,0,0,1,0,0,0,0,0,0,0,0,1
25,12,0,4,2.785,16,39,0,,,보통,,,,,1.69,0,1,0,0,0,0,0,0,0,0,0,0,0,1,0,1,0,0
21,1,0,16,3.139,4,33,0,3,0,여유,0,3,3,4,7.16,1,1,0,0,0,0,0,0,0,0,0,0,0,0,0,0,0,0
15,3,0,18,0.978,9,14,0,,,매우혼잡,,,,,2.47,0,1,0,0,0,1,1,1,0,0,0,0,0,0,1,0,1,0
58,12,0,2,4.428,23,61,1,,,혼잡,,,,,1.06,0,0,1,0,0,0,0,0,0,0,0,0,0,0,0,0,0,0
21,12,1,3,3.018,36,62,0,,,보통,,,,,1.4,0,1,0,0,0,1,1,1,0,0,0,0,0,0,0,0,1,0
15,12,1,3,3.293,36,18,0,,,여유,,,,,1.18,0,0,0,0,0,0,0,0,0,0,1,0,0,0,0,0,0,0
51,12,0,4,2.236,6,37,0,4,0,혼잡,1,3,3,1,1.27,1,1,0,1,0,1,0,0,0,0,1,1,0,1,0,1,0,0
32,12,0,23,2.532,20,37,0,,,여유,,,,,8.47,0,0,0,0,0,0,0,0,0,0,0,0,0,0,0,0,0,0
41,6,1,3,3.004,7,37,0,4,0,보통,0,3,3,3,1.17,1,0,0,0,0,0,0,0,0,0,0,0,0,0,0,1,0,0
52,1,0,4,3.218,0,48,0,4,0,여유,0,4,4,3,1.66,1,0,0,0,0,0,0,0,0,0,0,0,0,0,0,0,0,0
25,6,1,1,4.722,8,55,0,,,보통,,,,,0.8,0,0,0,0,0,0,0,0,0,0,0,1,0,0,0,0,0,0
38,1,0,11,1.425,2,12,0,,,보통,,,,,2.26,0,0,0,0,0,1,0,1,0,1,0,1,1,0,0,1,0,0
27,6,0,5,2.201,2,28,0,3,0,혼잡,0,3,4,3,1.58,1,1,0,0,0,1,0,1,0,0,0,1,0,0,0,0,0,0
44,6,0,3,3.303,2,42,0,3,0,혼잡,0,4,3,3,1.29,1,0,0,0,0,0,0,0,0,0,0,0,1,0,0,0,0,0
19,6,0,2,4.125,0,37,1,3,0,매우혼잡,0,4,4,4,0.93,1,0,0,0,0,0,1,0,0,0,1,0,0,0,0,1,0,0
39,12,0,5,2.243,10,34,1,,,보통,,,,,1.62,0,0,0,0,0,0,0,1,0,0,0,1,0,1,0,0,0,1
51,6,0,3,3.946,10,56,1,,,보통,,,,,1.78,0,0,0,0,0,0,0,0,0,0,1,1,1,1,0,0,0,0
46,12,0,4,2.128,3,37,0,4,0,보통,0,3,4,3,1.18,1,0,0,0,0,0,0,0,0,0,0,0,1,0,0,0,0,0
49,6,0,12,1.081,7,24,0,2,1,보통,0,3,3,3,1.81,1,0,0,0,0,0,0,0,0,0,1,0,0,0,0,0,0,1
44,6,0,11,3.822,20,50,0,4,0,보통,0,4,4,3,5.99,1,0,0,0,0,0,0,0,0,0,1,0,1,0,0,0,0,0
21,3,0,2,4.317,4,57,1,4,0,매우혼잡,0,4,5,3,0.97,1,0,0,0,0,0,0,0,0,0,1,0,0,0,0,0,0,0
25,3,1,1,4.567,10,48,0,4,0,혼잡,0,3,3,4,0.94,1,0,0,0,0,0,0,0,1,0,0,0,0,0,0,0,0,1
35,1,0,1,4.169,9,73,1,,,혼잡,,,,,0.85,0,0,0,0,0,0,1,0,1,1,0,1,1,0,0,0,0,0
24,3,0,14,1.117,6,16,0,,,보통,,,,,2.19,0,0,0,0,0,0,0,0,0,0,0,0,1,1,0,0,0,0
40,12,0,4,2.102,3,31,0,4,0,보통,0,3,3,4,1.28,1,0,0,1,0,0,0,0,0,0,1,0,0,0,0,0,0,0
15,6,0,60,1.226,5,9,0,,,보통,,,,,11.33,0,1,0,0,0,0,0,0,0,0,0,0,0,0,0,0,0,0
45,12,0,1,4.871,2,69,1,5,0,보통,0,4,5,4,0.99,1,0,0,0,0,0,0,1,0,0,0,0,0,0,0,0,0,0
33,12,0,52,0.177,14,22,0,,,혼잡,,,,,2.24,0,1,0,0,0,0,0,0,1,0,0,0,0,0,1,0,1,0
42,1,0,20,0.667,2,0,1,2,1,보통,0,3,4,3,1.92,1,1,0,0,0,0,0,0,0,0,0,0,0,0,0,1,0,0
30,12,0,12,1.246,24,5,0,1,1,보통,0,3,2,2,2.22,1,0,0,0,0,0,0,0,1,0,1,0,0,0,1,1,1,1
46,12,0,1,4.757,18,63,0,4,0,여유,0,3,4,5,0.92,1,0,0,0,0,0,0,0,0,1,0,0,0,0,0,0,0,0
38,6,1,3,3.34,1,56,0,4,0,여유,1,4,3,2,1.24,1,0,0,1,0,0,0,0,0,0,1,1,0,1,0,0,0,0
32,3,0,60,1.422,5,14,1,,,보통,,,,,12.11,0,1,0,0,0,0,0,0,1,0,0,1,1,0,0,0,0,0
43,1,0,54,0.39,5,19,0,,,혼잡,,,,,3.01,0,0,0,0,0,0,0,0,0,0,1,0,0,1,0,0,0,1
35,1,0,5,2.044,2,30,0,3,0,보통,0,3,3,3,1.42,1,0,0,0,0,0,0,1,0,1,0,0,0,0,0,0,0,0
61,6,0,4,2.807,7,28,0,,,보통,,,,,1.76,0,1,0,0,0,0,0,0,0,1,0,0,0,0,0,0,1,0
48,1,1,2,3.577,7,28,0,,,혼잡,,,,,1.22,0,0,0,0,0,0,0,0,0,0,1,0,0,0,0,0,0,0
28,3,0,3,2.506,5,35,0,3,0,여유,0,3,4,3,1.01,1,0,0,0,1,0,0,0,0,0,0,0,0,0,0,0,0,0
27,6,1,1,5.202,1,56,1,,,여유,,,,,1.07,0,0,0,0,0,0,0,1,0,0,0,0,0,0,0,0,0,0
39,12,0,5,2.086,24,27,0,,,보통,,,,,1.47,0,0,0,0,0,0,0,1,0,0,0,0,0,0,0,0,0,0
36,3,1,4,3.147,5,56,0,3,0,혼잡,0,4,2,2,1.64,1,0,0,0,1,0,0,0,0,0,0,1,0,1,1,0,0,0
52,1,0,12,0.972,2,25,0,,,보통,,,,,1.64,0,1,1,0,0,0,1,1,0,0,0,0,0,0,0,0,0,0
22,3,1,2,4.71,7,50,0,4,0,보통,0,4,4,3,1.09,1,0,0,0,0,0,0,0,0,0,0,0,0,0,0,0,0,1
47,1,0,3,3.829,9,51,1,3,0,여유,0,2,4,3,1.7,1,0,0,0,0,0,0,0,1,0,0,0,0,0,1,0,0,0
37,3,0,3,2.959,3,57,0,,,보통,,,,,1.21,0,0,0,0,0,0,0,0,0,0,1,0,0,0,1,0,0,0
24,1,0,3,3.147,4,32,1,3,0,보통,0,3,4,4,1.26,1,0,0,0,0,1,0,0,0,1,0,0,0,0,0,0,0,1
32,12,0,2,3.591,23,49,1,,,보통,,,,,1.07,0,1,0,0,0,0,0,0,0,0,0,0,0,0,1,0,0,0
41,1,0,34,0.677,7,12,0,3,0,보통,1,3,2,1,3.27,1,0,0,0,0,1,0,0,0,1,1,0,1,1,0,0,0,1
46,3,1,21,1.027,5,13,0,3,0,매우혼잡,0,2,2,1,3.11,1,0,1,1,1,0,1,0,0,0,1,1,0,1,0,0,0,0
30,6,0,15,1.061,13,30,0,2,0,보통,0,3,2,2,2.22,1,1,0,1,0,0,1,0,0,0,0,0,0,1,0,0,0,0
39,6,0,4,2.295,3,34,0,2,0,보통,0,3,2,4,1.28,1,0,0,1,0,1,1,1,1,0,0,0,0,0,0,0,1,0
20,6,0,2,2.995,7,35,1,,,매우혼잡,,,,,1.03,0,1,0,1,0,0,0,0,0,0,1,1,0,1,0,0,0,0
28,3,0,18,1.052,1,0,0,2,0,여유,0,2,4,3,2.66,1,1,0,0,0,1,0,0,1,1,1,1,0,1,0,0,0,0
39,12,0,10,1.996,5,29,0,,,여유,,,,,2.85,0,0,0,0,0,1,1,0,1,0,1,0,0,0,0,0,0,0
55,12,1,1,4.324,22,59,0,4,0,혼잡,1,5,4,2,0.8,1,0,0,0,0,0,0,0,0,0,1,1,1,1,0,0,1,0
28,12,0,8,1.913,18,12,0,2,0,매우혼잡,0,3,2,2,2.29,1,1,1,0,0,0,0,1,0,0,1,0,0,0,0,0,0,1
35,6,0,9,1.75,15,52,0,3,0,보통,0,4,4,3,2.14,1,0,0,0,0,0,0,0,0,0,0,0,0,0,0,0,0,0
33,1,1,16,1.405,2,12,0,,,여유,,,,,3.21,0,1,0,1,0,0,1,0,0,1,0,1,1,0,0,0,0,0
24,12,0,38,0.437,7,11,0,,,보통,,,,,2.4,0,1,0,1,0,0,0,0,1,0,1,1,0,0,0,0,0,1
15,3,1,2,4.655,4,58,0,,,혼잡,,,,,1.03,0,0,0,0,0,0,0,0,0,0,1,0,0,0,0,0,0,0
36,6,1,6,2.26,4,28,0,,,혼잡,,,,,1.78,0,0,0,0,0,0,0,0,1,0,0,1,0,1,1,1,0,0
39,6,0,60,1.733,5,25,0,,,보통,,,,,15.44,0,1,1,0,0,1,0,1,1,1,0,0,0,1,0,0,1,0
37,3,0,10,1.981,0,29,0,,,여유,,,,,2.72,0,0,0,0,0,0,0,0,0,0,0,0,1,0,0,0,0,1
17,12,0,3,3.253,9,20,1,,,여유,,,,,1.39,0,0,0,0,0,0,0,0,0,0,0,0,0,0,0,0,0,0
51,3,1,60,0.0,10,17,0,,,혼잡,,,,,2.74,0,1,0,1,0,0,0,0,0,0,1,0,1,1,1,1,0,0
21,12,0,11,1.692,2,29,0,2,0,여유,0,2,3,3,2.68,1,1,0,0,0,0,0,0,1,1,0,0,0,0,0,0,0,1
19,6,0,55,0.305,4,13,0,4,0,보통,1,2,3,1,2.4,1,0,0,0,0,1,1,0,0,0,1,1,0,1,0,0,0,0
36,12,0,9,3.883,10,20,1,,,혼잡,,,,,5.08,0,1,0,0,0,0,0,0,0,0,0,0,0,0,0,0,0,0
29,12,0,60,1.534,2,32,0,,,보통,,,,,14.62,0,1,1,0,1,0,1,1,1,0,0,0,0,0,0,0,0,0
30,12,0,13,1.48,6,20,0,2,0,보통,0,3,2,2,2.67,1,1,0,0,0,1,1,1,0,0,1,1,1,0,0,0,0,0
26,12,0,2,3.424,14,39,0,4,0,보통,0,3,3,4,1.2,1,0,1,0,0,0,0,0,0,0,0,0,0,0,0,0,0,0
45,12,1,1,5.795,3,77,1,5,0,여유,0,4,5,4,0.93,1,0,0,0,0,0,0,1,0,0,0,0,0,0,0,0,0,0
33,3,0,29,0.641,2,17,0,,,혼잡,,,,,2.68,0,0,0,1,1,0,0,0,1,0,0,0,0,0,0,1,0,0
39,3,0,23,0.991,1,18,1,,,여유,,,,,3.28,0,0,0,1,0,0,0,0,0,0,0,0,0,0,0,0,0,0
35,6,0,5,2.258,6,36,1,2,0,보통,0,4,4,3,1.49,1,0,0,0,0,0,0,0,0,0,1,0,0,0,0,0,0,0
23,3,0,2,4.087,7,50,1,4,0,여유,0,4,5,4,1.09,1,0,0,0,0,0,0,0,0,0,0,0,0,0,0,0,0,0
37,6,0,60,0.947,15,11,0,,,혼잡,,,,,13.25,0,1,0,0,0,0,0,0,0,1,0,0,0,1,0,1,1,1
41,12,1,3,3.351,15,59,0,,,혼잡,,,,,1.37,0,0,0,0,0,0,0,0,0,0,0,1,1,0,0,0,0,0
32,12,1,1,5.047,32,52,0,5,0,여유,0,4,3,4,0.87,1,0,0,0,0,0,0,0,0,0,0,1,0,0,0,0,0,0
30,3,0,9,1.321,11,25,0,3,0,여유,0,4,4,4,1.74,1,0,0,0,0,0,0,0,0,0,0,0,0,0,0,0,0,1
23,12,1,1,5.008,19,52,0,,,혼잡,,,,,0.9,0,0,1,0,0,0,0,0,0,0,1,1,0,1,0,0,0,0
45,6,1,2,4.259,11,60,0,,,혼잡,,,,,1.09,0,0,0,0,0,0,0,0,0,0,1,0,0,0,0,0,0,0
19,12,0,1,5.024,15,67,1,5,0,보통,0,4,4,3,0.99,1,0,0,0,0,0,0,1,1,0,1,0,1,0,0,0,0,0
49,1,1,12,1.612,1,10,0,3,0,보통,1,2,2,1,2.7,1,1,0,1,0,1,1,1,1,0,1,1,0,1,1,0,0,1
35,12,1,4,2.276,6,17,1,2,1,보통,0,4,3,4,1.29,1,1,0,0,0,1,0,0,0,0,0,0,0,0,1,0,0,0
22,6,0,60,0.215,9,19,0,3,0,혼잡,0,2,2,2,3.13,1,0,0,0,0,0,1,0,0,0,0,0,0,1,0,1,0,0
33,12,1,3,3.605,36,24,1,3,0,보통,0,3,4,2,1.43,1,0,0,0,1,0,0,0,0,0,1,0,1,1,0,0,1,0
29,6,1,14,1.305,5,15,0,3,0,매우혼잡,0,3,1,2,2.68,1,0,0,1,1,1,0,0,0,0,0,0,0,0,0,0,0,1
15,3,0,6,2.085,4,37,1,2,0,보통,0,3,4,3,1.65,1,1,0,0,0,0,0,1,0,0,1,0,0,0,0,0,0,0
15,1,0,4,2.654,2,21,0,,,여유,,,,,1.56,0,1,0,0,0,0,0,1,0,0,1,0,0,0,0,0,0,0
31,12,1,6,2.035,12,40,0,,,보통,,,,,1.81,0,1,0,1,0,0,0,0,0,0,1,0,0,1,0,1,0,0
34,12,0,60,0.21,4,11,1,,,매우혼잡,,,,,2.66,0,1,1,0,1,1,1,0,1,1,1,0,1,0,0,1,1,0
15,12,0,5,2.205,5,29,0,,,혼잡,,,,,1.7,0,1,0,0,0,0,0,0,0,1,0,0,0,0,0,1,0,0
39,1,0,17,0.652,4,1,0,,,혼잡,,,,,1.59,0,0,0,0,0,1,0,1,1,0,0,0,0,0,0,1,0,0
55,12,1,3,3.6,12,57,1,4,0,여유,0,4,5,2,1.59,1,0,0,0,0,0,0,0,0,0,0,0,0,0,1,0,0,0
27,12,1,3,3.418,9,54,1,3,0,여유,0,4,3,4,1.3,1,0,0,0,0,0,0,0,0,0,0,0,0,0,0,0,0,0
30,6,0,11,1.873,19,29,0,,,여유,,,,,2.81,0,0,0,0,0,0,0,0,0,0,0,0,1,0,0,0,0,1
17,6,1,1,5.54,7,65,0,4,0,혼잡,0,4,4,4,1.04,1,0,0,0,1,0,0,0,0,0,0,0,0,0,0,0,0,0
35,3,0,28,0.56,4,15,0,,,보통,,,,,2.23,0,0,0,0,0,0,0,0,0,0,0,0,0,0,0,0,1,0
41,1,1,11,1.469,1,31,0,,,보통,,,,,2.25,0,0,0,0,0,0,0,0,1,1,0,0,0,0,0,0,0,0
15,3,0,60,0.201,2,20,0,,,여유,,,,,3.22,0,1,0,1,0,0,0,1,0,0,0,0,1,0,0,0,0,0
24,12,0,9,1.599,16,17,0,,,보통,,,,,2.11,0,1,1,0,0,0,1,0,0,1,1,0,1,0,0,1,0,0
33,6,0,2,4.006,14,50,0,5,0,보통,0,4,5,4,1.09,1,0,0,0,0,0,1,0,0,0,0,0,0,0,0,0,0,0
26,12,0,5,2.226,1,37,0,3,0,보통,0,2,3,3,1.68,1,0,0,0,0,0,0,0,1,0,0,0,0,0,0,0,0,0
34,3,0,2,3.769,14,66,0,4,0,보통,0,4,3,5,1.09,1,0,1,0,0,0,0,0,0,0,0,0,0,0,0,0,1,0
35,12,1,5,2.489,18,33,1,4,0,여유,0,3,4,4,1.79,1,0,0,0,0,0,0,0,1,0,0,0,0,0,0,0,0,0
16,3,0,20,0.898,4,5,0,,,보통,,,,,2.56,0,0,1,0,0,0,0,0,0,0,0,1,0,0,1,0,0,0
39,3,0,18,1.021,5,24,0,,,여유,,,,,2.56,0,1,0,0,0,0,0,0,0,0,0,0,0,0,0,1,0,0
23,6,1,1,5.04,4,76,1,3,0,보통,0,4,4,4,1.0,1,0,0,0,1,0,0,0,0,0,0,0,1,0,0,0,0,0
34,6,0,60,0.0,2,19,0,,,매우혼잡,,,,,3.19,0,1,0,0,0,0,0,0,0,1,1,1,1,1,0,1,0,0
38,12,0,3,2.387,8,24,0,4,0,매우혼잡,0,3,3,2,1.06,1,0,0,0,0,0,0,0,0,0,1,1,0,0,0,1,0,0
26,12,1,1,6.778,36,77,1,4,0,보통,0,4,4,4,1.06,1,0,0,0,0,0,0,0,0,0,0,0,0,0,1,0,0,0
38,6,1,7,1.699,9,19,0,3,0,혼잡,0,4,3,3,1.75,1,0,0,0,0,0,0,0,0,0,0,0,1,0,0,0,0,1
27,1,0,12,1.636,2,37,0,2,0,혼잡,0,2,3,3,2.74,1,1,0,0,1,0,0,1,0,0,0,0,0,0,0,1,1,0
21,1,0,60,0.263,5,23,0,,,보통,,,,,2.71,0,1,0,0,0,0,0,1,0,0,0,1,0,0,0,0,1,0
29,1,0,13,1.358,1,25,1,3,0,보통,0,2,2,3,2.49,1,1,1,0,0,0,1,1,1,1,1,0,0,0,0,0,0,0
27,3,1,1,5.529,10,51,1,,,보통,,,,,0.97,0,0,0,0,0,0,0,0,0,0,0,0,0,0,0,0,0,0
51,3,1,2,3.856,8,56,1,,,보통,,,,,1.11,0,0,0,0,0,0,0,0,0,0,0,0,1,0,0,0,0,0
21,6,0,18,2.373,23,39,0,,,여유,,,,,6.17,0,0,0,0,0,0,0,0,0,0,0,0,0,0,0,0,0,0
30,3,1,3,3.107,19,50,1,4,0,보통,0,4,4,3,1.49,1,0,0,0,0,0,0,0,0,0,0,1,0,1,0,0,0,0
18,12,0,60,1.197,19,28,0,3,0,보통,0,2,2,2,10.48,1,1,1,0,1,0,0,0,0,1,0,0,0,0,1,0,0,0
35,6,0,4,2.778,6,29,0,,,혼잡,,,,,1.67,0,0,0,1,1,0,0,0,0,1,0,1,0,0,0,0,0,0
31,12,0,8,1.993,11,46,1,3,0,보통,0,2,4,3,2.18,1,0,0,0,0,1,1,0,0,1,0,0,0,0,0,0,0,0
35,12,1,1,4.283,6,37,1,,,보통,,,,,0.91,0,0,0,0,0,0,0,0,0,0,1,0,0,0,0,1,1,0
37,12,0,4,2.717,6,24,0,,,혼잡,,,,,1.63,0,0,0,0,0,0,0,0,0,0,1,0,0,0,0,0,0,0
37,3,1,1,4.78,7,61,1,,,보통,,,,,0.91,0,0,0,0,0,0,0,0,0,0,0,0,0,0,0,0,0,0
36,1,0,3,2.587,3,25,0,3,0,여유,0,3,3,4,1.12,1,0,1,0,1,0,0,0,0,0,0,0,0,0,0,0,0,0
42,6,0,4,3.009,10,43,0,,,보통,,,,,1.56,0,0,0,0,0,0,0,0,0,0,1,0,0,0,0,0,0,0
40,12,1,3,3.63,1,16,0,,,보통,,,,,1.78,0,0,0,0,0,0,0,0,0,0,1,0,0,0,0,0,0,0
38,1,0,15,1.175,1,18,0,3,0,보통,0,3,2,2,2.56,1,0,0,0,0,0,1,0,0,1,0,0,0,0,0,0,0,0
47,6,0,3,3.628,5,40,1,,,혼잡,,,,,1.76,0,0,0,0,0,1,0,0,0,0,0,1,1,0,1,1,0,0
17,6,0,60,0.757,4,19,0,,,여유,,,,,10.63,0,1,0,1,0,0,0,0,1,0,0,0,1,0,1,0,0,1
29,3,0,43,0.385,1,23,0,,,혼잡,,,,,2.35,0,0,0,0,0,0,0,0,1,0,1,1,0,0,1,0,1,0
29,6,0,1,4.371,1,65,1,4,0,보통,0,3,3,4,0.83,1,0,0,0,0,0,0,0,1,0,0,0,0,0,0,1,0,0
32,12,0,3,3.39,0,52,0,,,보통,,,,,1.49,0,0,0,0,0,0,0,0,0,0,0,0,0,1,0,0,0,0
58,3,0,15,1.154,0,28,0,3,0,보통,0,3,2,2,2.47,1,0,0,0,0,0,0,0,0,0,1,0,0,0,0,0,1,0
34,3,0,16,1.453,3,29,0,3,0,여유,0,2,2,2,3.22,1,0,0,0,0,0,0,1,1,0,0,0,0,0,0,0,0,0
32,12,0,1,5.507,5,76,0,,,혼잡,,,,,0.9,0,0,0,0,0,0,0,0,0,0,1,0,0,0,0,0,0,0
36,3,0,3,2.994,5,43,0,5,0,여유,1,5,4,3,1.36,1,0,0,1,0,0,0,0,0,0,0,0,1,0,0,0,0,0
24,6,1,3,2.785,2,28,0,4,0,여유,0,3,3,4,1.03,1,0,0,0,0,0,0,0,0,0,0,0,0,1,0,0,0,0
27,1,0,5,2.147,2,47,0,,,여유,,,,,1.59,0,0,0,0,0,0,1,0,1,1,0,0,1,0,0,0,0,0
31,3,0,1,4.3,7,65,1,4,0,여유,0,4,5,4,0.9,1,0,0,0,0,0,0,0,0,0,0,0,0,0,0,0,0,0
33,12,0,4,2.89,3,26,1,4,0,보통,1,3,5,2,1.77,1,0,0,0,0,0,1,0,0,0,1,0,1,1,0,0,0,0
43,1,1,2,3.471,4,60,1,,,보통,,,,,1.19,0,0,0,0,0,0,0,0,0,0,1,0,0,0,0,0,0,0
38,6,0,57,0.875,19,13,0,2,1,보통,0,3,3,3,7.11,1,1,0,1,0,0,0,0,0,0,0,0,1,0,1,1,1,1
39,12,0,13,3.165,32,56,0,5,0,혼잡,1,4,4,4,6.07,1,0,1,0,0,0,0,0,0,0,1,1,1,0,0,0,0,0
25,6,1,1,4.549,19,48,0,4,0,보통,0,4,4,4,0.91,1,0,0,0,0,0,0,1,0,0,1,0,0,0,0,1,0,0
24,12,1,9,1.593,9,13,1,1,1,보통,0,3,3,2,2.15,1,1,0,1,0,0,0,0,0,0,1,1,0,1,0,1,1,1
47,3,0,12,1.523,1,18,1,,,혼잡,,,,,2.57,0,0,0,0,0,0,0,0,0,0,1,0,1,0,0,1,0,0
50,1,0,3,2.348,3,34,0,,,보통,,,,,1.07,0,0,0,0,0,0,0,0,0,0,0,0,0,0,0,1,0,0
27,12,1,3,3.121,18,45,1,4,0,보통,0,3,4,3,1.44,1,0,0,0,0,0,0,0,0,0,1,0,0,0,0,0,0,0
15,12,0,3,2.629,4,29,0,,,여유,,,,,1.19,0,1,0,0,0,0,0,0,1,1,0,0,1,0,0,0,0,0
47,3,0,60,0.174,2,0,0,,,보통,,,,,3.1,0,1,1,1,0,0,0,0,0,0,0,1,0,1,0,1,0,1
26,3,0,4,2.432,13,36,0,3,0,여유,0,4,3,4,1.43,1,0,0,0,0,0,0,1,0,0,0,0,0,0,0,0,0,0
24,6,0,7,1.967,7,39,0,,,혼잡,,,,,1.85,0,0,0,0,0,0,1,0,0,1,0,0,0,0,0,0,0,0
30,6,1,2,4.941,7,67,1,4,0,여유,0,5,5,4,1.08,1,0,0,0,0,0,0,0,0,0,0,0,0,0,0,0,0,1
25,12,1,4,2.934,6,37,0,3,0,보통,0,3,4,3,1.66,1,1,0,0,0,0,0,0,1,0,0,0,0,0,0,1,0,0
37,12,1,3,3.719,7,55,0,,,혼잡,,,,,1.58,0,0,0,0,0,0,1,0,0,0,0,0,0,0,0,0,0,0
36,3,0,7,1.883,8,23,0,2,0,매우혼잡,1,3,3,1,1.96,1,0,0,1,1,0,1,0,0,0,0,1,1,1,0,0,1,1
32,6,1,17,2.611,5,33,1,,,혼잡,,,,,6.17,0,0,1,0,1,0,0,0,0,0,1,0,0,0,0,1,0,1
37,12,1,20,3.085,29,35,0,2,0,혼잡,0,3,4,3,8.74,1,0,0,0,0,0,1,0,0,1,1,0,0,0,0,1,0,0
33,3,0,28,0.462,11,24,0,,,보통,,,,,1.88,0,0,0,0,1,0,0,0,0,1,0,0,1,0,1,0,1,0
35,3,0,60,0.0,4,9,0,,,보통,,,,,3.28,0,0,1,0,0,0,0,0,0,1,0,1,1,0,0,0,0,0
35,1,0,3,2.766,2,54,0,4,0,혼잡,0,3,4,4,1.25,1,0,0,0,0,0,0,0,0,0,0,0,0,1,0,0,0,1
27,6,0,38,0.571,3,5,0,,,여유,,,,,3.14,0,1,0,0,0,0,0,0,0,0,1,1,1,0,0,0,0,0
39,3,0,27,0.474,17,20,0,,,혼잡,,,,,1.83,0,0,0,0,0,0,0,0,0,0,1,1,0,1,0,0,0,0
15,12,0,4,2.738,11,39,1,,,보통,,,,,1.62,0,0,0,0,0,0,0,0,0,0,0,0,0,0,0,0,0,0
34,12,0,11,1.909,2,12,0,3,0,혼잡,0,2,2,3,3.09,1,1,0,0,0,0,0,0,0,0,0,0,0,0,0,0,0,0
17,12,1,18,1.125,0,4,0,2,0,여유,0,3,3,3,2.85,1,1,0,0,0,1,0,0,1,0,0,0,0,0,0,0,1,1
50,12,0,12,1.506,17,19,0,,,보통,,,,,2.54,0,0,0,0,0,0,1,0,0,1,0,1,0,0,0,0,0,0
27,12,0,28,0.799,17,23,0,,,여유,,,,,3.23,0,0,0,0,0,1,0,0,0,0,0,0,0,0,0,1,0,1
15,3,0,20,1.037,2,25,0,3,0,보통,0,3,2,2,2.93,1,1,0,0,0,0,0,0,1,0,0,0,0,0,0,0,0,0
29,1,0,7,1.878,0,35,0,,,혼잡,,,,,1.92,0,0,0,0,0,0,0,0,0,0,1,0,1,0,0,0,0,0
39,12,0,25,0.648,6,0,1,2,0,여유,1,2,3,2,2.36,1,1,0,0,0,1,0,0,0,0,0,0,0,1,0,0,0,0
35,1,0,8,1.981,1,34,0,3,0,여유,0,3,4,4,2.39,1,0,0,0,0,0,1,1,0,0,0,0,0,0,0,0,1,0
35,12,0,22,2.595,7,34,0,,,보통,,,,,8.07,0,1,0,0,0,0,0,1,0,0,0,0,0,0,0,0,0,0
35,12,0,17,2.201,18,42,0,,,혼잡,,,,,5.4,0,1,0,0,0,0,0,0,0,0,1,1,1,1,0,0,0,0
32,6,0,8,1.464,5,26,0,4,0,여유,0,4,3,3,1.59,1,0,0,0,0,0,0,1,0,0,0,0,0,0,0,0,0,0
25,3,0,8,1.311,3,40,0,3,0,보통,1,3,3,3,1.52,1,1,0,0,0,0,0,0,0,0,1,0,0,0,1,0,1,1
39,6,0,4,2.916,3,50,0,3,0,보통,0,3,4,4,1.67,1,0,0,0,0,1,1,1,0,0,0,0,0,0,0,0,0,0
36,12,0,3,3.358,15,45,1,,,보통,,,,,1.64,0,1,1,0,0,0,0,0,0,0,1,0,0,0,1,0,0,0
35,12,0,5,2.368,7,20,0,,,보통,,,,,1.68,0,1,0,0,0,0,0,0,0,0,0,0,0,0,1,0,0,1
34,12,0,1,5.496,16,60,1,5,0,여유,0,4,5,4,1.01,1,0,0,0,0,0,0,0,0,0,0,0,0,0,0,0,0,0
32,6,1,3,3.29,8,39,0,4,0,보통,0,2,4,4,1.43,1,0,0,0,0,0,0,0,1,0,0,1,0,0,0,1,0,0
15,12,1,1,5.676,8,62,1,3,0,매우혼잡,0,4,5,3,0.89,1,0,0,0,0,0,0,0,0,0,0,0,1,0,1,0,0,0
47,1,1,4,2.342,1,51,0,2,0,매우혼잡,0,2,3,2,1.22,1,1,0,0,0,0,1,1,0,1,1,0,1,0,1,1,0,0
23,6,0,4,2.08,1,35,1,3,0,여유,0,4,4,3,1.12,1,0,0,0,0,0,0,0,0,0,0,0,0,0,0,0,0,0
39,12,0,9,1.909,11,21,0,,,혼잡,,,,,2.41,0,0,0,0,0,0,0,0,0,0,0,0,0,0,0,0,0,0
41,12,1,4,3.225,3,46,0,,,여유,,,,,1.76,0,0,0,0,0,0,0,0,0,0,0,0,0,0,0,0,0,0
40,3,0,25,0.842,1,13,0,2,0,혼잡,0,2,3,2,2.97,1,0,0,0,0,0,0,0,1,1,0,1,0,1,0,0,1,1
32,1,0,12,1.253,2,25,0,2,0,혼잡,1,2,2,1,2.1,1,1,0,0,0,1,0,0,0,0,0,1,1,1,0,0,0,0
39,1,0,10,1.835,0,35,0,,,여유,,,,,2.6,0,0,0,0,0,1,1,0,0,0,0,0,0,0,0,0,0,0
20,6,1,1,4.151,3,57,1,,,혼잡,,,,,0.88,0,0,0,0,0,0,0,0,0,0,0,1,0,0,0,0,0,0
36,6,0,10,1.333,5,39,0,,,혼잡,,,,,1.93,0,0,0,0,0,0,0,0,0,1,0,1,0,1,1,0,1,0
29,3,0,3,2.999,14,31,0,4,0,여유,0,5,3,5,1.2,1,0,0,0,0,0,0,0,0,0,0,0,0,0,0,0,0,0
38,6,1,1,4.584,8,53,1,4,0,혼잡,0,4,4,3,0.93,1,0,0,0,0,0,0,0,0,0,0,0,0,0,1,0,0,0
34,12,1,3,3.678,6,46,1,3,0,여유,0,3,4,4,1.61,1,0,0,0,0,0,0,0,0,0,0,0,0,0,0,0,0,0
42,12,0,16,1.458,3,14,0,,,혼잡,,,,,3.25,0,1,0,1,1,0,1,1,0,0,1,0,1,0,0,0,0,0
47,6,0,4,2.223,15,33,1,1,1,여유,0,3,3,3,1.42,1,0,0,0,0,0,0,0,0,0,0,0,0,0,1,0,0,0
27,12,0,6,2.01,7,32,1,3,0,혼잡,0,2,3,2,1.58,1,1,0,0,0,0,0,0,0,0,1,0,1,1,0,0,0,0
39,12,0,4,2.258,11,23,0,2,0,혼잡,0,3,3,3,1.43,1,0,0,0,0,0,0,0,0,0,1,0,0,0,0,0,1,0
28,1,0,33,0.516,0,26,0,,,매우혼잡,,,,,2.42,0,0,0,0,0,0,0,0,0,0,0,1,0,1,0,1,0,0
30,3,0,9,1.838,2,39,0,,,혼잡,,,,,2.34,0,1,0,0,0,0,0,0,0,1,1,0,0,0,0,0,0,0
41,1,0,21,1.003,2,12,0,2,0,혼잡,0,2,2,2,3.08,1,1,0,0,0,0,1,1,1,0,1,0,1,0,1,1,1,0
43,3,0,1,4.582,10,75,1,,,여유,,,,,0.83,0,0,0,0,0,0,0,0,0,0,0,0,0,0,0,0,0,0
31,12,1,4,2.757,5,36,0,4,0,여유,0,4,4,3,1.58,1,0,0,0,0,0,0,0,0,0,0,0,0,0,0,0,0,0
29,12,0,3,2.943,8,20,1,4,0,여유,0,4,4,3,1.17,1,0,0,0,0,0,1,0,0,0,0,0,0,0,0,0,0,0
15,3,0,15,0.92,4,28,0,,,보통,,,,,1.91,0,0,0,0,0,0,0,0,0,0,0,1,0,0,0,0,0,0
23,12,1,1,5.659,2,75,1,4,0,보통,0,4,5,4,1.06,1,0,0,0,0,0,0,0,0,0,0,0,0,0,0,0,0,0
15,1,0,6,2.235,3,36,0,,,보통,,,,,1.77,0,0,0,1,0,0,0,0,0,0,0,1,0,0,0,0,0,0
25,3,1,3,2.925,2,50,1,2,0,혼잡,0,2,4,3,1.25,1,0,0,0,0,0,1,0,1,0,1,0,0,0,0,0,1,0
23,12,0,5,2.39,2,47,1,4,0,여유,0,4,4,3,1.69,1,0,0,0,0,0,0,0,0,0,0,0,0,0,0,1,0,0
50,12,1,1,4.837,36,52,0,3,0,보통,0,4,4,4,0.83,1,0,0,0,0,0,0,0,0,0,0,0,0,0,0,1,1,0
18,3,0,4,2.335,4,36,1,,,보통,,,,,1.43,0,1,0,0,0,1,0,0,0,0,1,1,0,0,0,0,0,0
29,3,1,3,2.316,12,35,0,,,보통,,,,,1.14,0,0,0,0,0,0,0,0,0,1,1,0,0,0,0,0,0,1
17,12,1,2,4.051,21,37,0,4,0,매우혼잡,1,3,4,2,1.01,1,0,0,0,0,0,0,0,0,0,1,1,0,1,0,0,0,0
19,12,0,4,3.106,14,31,1,3,0,보통,0,3,4,3,1.58,1,0,0,0,0,0,0,0,0,0,0,0,0,0,0,0,0,0
39,6,1,3,2.52,6,28,0,3,0,보통,1,3,4,1,1.12,1,0,0,0,0,0,0,0,0,0,1,1,1,0,0,0,0,0
27,1,0,26,0.587,5,10,0,,,보통,,,,,2.22,0,1,0,0,0,0,0,1,0,0,1,0,0,0,0,0,0,0
38,12,0,16,0.855,15,18,0,,,혼잡,,,,,2.0,0,1,0,1,0,0,0,0,0,0,1,1,1,0,0,0,0,0
50,12,1,15,2.962,0,42,1,,,여유,,,,,6.3,0,0,0,0,0,0,0,0,0,0,0,0,0,0,0,0,0,0
32,12,1,4,2.562,6,32,1,2,0,보통,0,2,3,2,1.55,1,0,1,0,0,0,0,1,0,1,1,0,1,0,0,0,1,0
39,1,1,2,4.841,2,59,0,5,0,여유,0,4,4,4,1.06,1,0,0,0,0,0,0,0,0,0,0,0,0,0,0,0,0,0
21,12,0,1,4.685,7,38,0,4,0,매우혼잡,0,3,4,3,1.0,1,0,0,0,0,0,0,1,0,0,0,0,0,0,0,0,1,0
24,6,1,4,2.972,10,43,0,4,0,여유,0,3,3,4,1.56,1,0,0,0,0,0,0,0,1,1,0,0,0,0,0,0,0,0
18,6,1,3,3.153,20,36,0,4,0,보통,0,3,4,3,1.56,1,0,0,0,0,0,0,0,0,0,0,0,1,0,0,0,0,0
41,1,1,23,0.824,2,22,0,2,0,혼잡,0,2,2,2,2.68,1,1,0,1,0,0,0,1,0,1,0,1,0,1,0,1,0,1
21,12,0,4,2.277,13,26,0,3,0,보통,0,4,3,4,1.22,1,0,0,0,0,0,0,0,0,0,0,0,0,0,0,0,0,1
44,6,0,4,2.485,5,29,0,3,0,보통,0,3,4,4,1.5,1,1,0,0,0,1,0,0,0,0,0,0,0,0,1,0,0,0
42,1,0,8,1.668,1,31,0,2,0,혼잡,0,3,4,2,1.95,1,0,0,0,0,0,0,0,1,0,0,1,0,0,0,0,1,0
15,3,0,9,1.693,6,15,1,,,혼잡,,,,,2.24,0,1,1,0,0,0,0,0,0,0,1,0,1,0,1,1,1,0
45,6,1,4,2.895,4,37,1,3,0,혼잡,0,2,4,3,1.45,1,0,0,0,0,0,0,0,0,1,0,1,0,0,0,0,1,0
24,3,0,3,2.501,2,30,0,2,0,혼잡,0,4,3,3,1.14,1,0,0,0,0,0,0,0,0,0,1,0,0,0,1,0,0,0
31,3,1,2,4.347,10,38,1,3,0,매우혼잡,0,3,3,3,1.07,1,0,0,0,0,0,1,0,0,0,0,0,0,0,0,1,0,0
48,6,0,2,3.338,12,34,0,,,여유,,,,,1.04,0,0,0,0,1,1,0,0,0,0,0,0,0,0,0,0,0,0
25,3,0,19,0.907,4,16,0,3,0,보통,0,3,2,3,2.45,1,1,0,0,0,1,0,0,0,0,0,0,0,1,0,0,0,0
44,6,0,5,2.152,6,33,0,,,매우혼잡,,,,,1.61,0,0,0,1,0,0,1,1,1,0,0,0,1,0,0,1,0,1
26,3,0,54,0.028,5,0,0,2,0,혼잡,0,2,2,2,2.32,1,1,0,1,0,0,0,1,0,0,1,1,1,0,0,0,0,1
15,12,0,1,5.072,1,66,1,4,0,여유,0,4,5,5,0.91,1,0,0,0,0,0,0,0,0,0,0,0,0,0,0,0,0,0
16,12,0,3,2.736,36,46,0,3,0,보통,0,3,4,4,1.3,1,0,0,0,0,0,0,0,0,0,0,0,0,0,0,0,0,0
26,6,0,4,2.776,15,21,1,3,0,여유,1,4,4,2,1.43,1,0,0,0,0,0,0,0,0,0,0,0,0,0,0,0,0,1
37,6,0,1,4.04,3,43,0,3,0,보통,0,4,3,4,0.8,1,1,0,0,0,0,0,0,0,0,0,0,0,0,0,0,0,0
15,6,0,54,0.304,0,14,0,2,1,보통,0,3,3,3,2.35,1,1,0,0,0,0,0,0,0,1,1,0,0,0,1,1,1,1
39,6,0,11,1.417,3,35,0,2,1,보통,0,3,2,4,2.17,1,1,0,0,0,0,0,0,0,0,0,0,0,0,1,0,0,0
34,6,0,20,1.069,16,15,0,2,0,보통,0,3,3,3,3.04,1,1,0,0,0,0,1,0,0,0,0,0,0,0,0,0,1,1
45,6,1,6,2.583,1,5,0,3,0,혼잡,0,2,3,2,2.15,1,1,1,0,0,0,1,0,1,0,0,0,0,1,0,0,0,0
20,12,1,2,4.214,10,55,0,4,0,여유,0,5,4,4,1.08,1,0,0,0,0,0,0,0,0,0,0,0,0,0,0,0,0,0
36,12,1,3,2.846,4,41,0,,,보통,,,,,1.17,0,0,0,0,0,1,0,0,0,0,0,0,0,0,1,0,0,0
22,6,0,3,3.344,11,29,0,,,여유,,,,,1.36,0,0,0,0,0,0,1,0,0,0,0,1,0,1,0,0,0,0
29,3,0,2,3.299,8,50,1,3,0,보통,0,3,4,3,1.03,1,0,0,0,0,0,0,0,0,0,1,0,0,0,0,0,0,0
17,12,1,2,4.817,27,33,0,4,0,혼잡,0,4,3,3,1.07,1,0,0,0,0,0,0,0,0,0,0,0,0,1,1,0,0,0
30,12,0,2,3.745,16,50,1,5,0,여유,0,5,4,4,1.3,1,0,0,0,0,0,0,0,0,0,0,0,0,0,0,0,0,0
41,6,0,7,1.806,0,28,0,4,0,여유,1,3,3,1,1.92,1,1,0,0,0,1,0,0,1,0,1,1,1,0,0,0,0,0
35,3,1,14,0.887,2,17,0,2,1,여유,0,3,3,4,1.76,1,0,1,0,0,0,0,0,0,0,0,0,0,0,0,0,0,1
26,3,0,3,3.442,13,36,0,,,여유,,,,,1.28,0,1,0,0,0,0,0,0,0,0,0,0,0,0,0,0,0,0
27,1,0,5,2.062,0,30,0,4,0,보통,0,3,4,4,1.47,1,0,0,0,0,0,0,1,0,0,0,0,0,0,0,0,0,0
40,12,0,8,4.571,9,81,0,4,0,보통,0,4,4,5,5.23,1,0,0,0,0,0,0,0,0,0,0,0,0,0,0,0,1,0
35,3,1,3,3.844,21,46,0,4,0,보통,0,5,4,4,1.51,1,0,0,0,0,0,0,0,0,0,0,0,0,0,0,0,0,0
15,12,1,1,5.193,5,45,1,,,혼잡,,,,,0.83,0,0,0,0,1,0,0,0,0,0,0,0,1,1,0,0,0,0
35,12,1,6,2.467,4,35,0,,,여유,,,,,2.09,0,0,1,0,0,0,0,0,0,0,1,0,0,0,1,0,0,0
24,3,0,3,3.199,4,40,1,,,혼잡,,,,,1.24,0,0,0,0,0,0,0,0,0,0,0,0,0,0,0,1,0,0
35,3,0,4,3.047,4,53,0,3,0,여유,0,4,4,4,1.56,1,0,0,0,0,0,0,0,1,0,0,0,1,0,0,0,0,0
40,6,1,3,3.446,3,38,1,,,보통,,,,,1.63,0,0,0,0,0,0,0,0,0,0,0,0,0,0,1,0,0,0
26,1,0,60,0.803,3,3,0,,,보통,,,,,13.78,0,1,0,0,0,0,0,1,1,1,1,0,0,0,0,0,1,1
20,12,0,5,2.073,8,39,0,,,보통,,,,,1.51,0,0,0,0,0,0,0,1,0,0,1,1,1,0,1,0,0,0
25,6,0,5,2.609,10,31,0,4,0,보통,0,3,3,2,1.7,1,0,0,0,1,0,0,0,0,0,0,0,0,0,0,0,0,0
38,6,0,10,1.765,15,23,0,,,보통,,,,,2.54,0,0,0,0,0,0,0,0,0,1,1,0,0,0,0,0,0,0
36,12,0,1,5.831,27,46,1,,,여유,,,,,1.07,0,0,0,0,0,0,0,0,0,0,0,0,0,0,0,0,0,0
32,6,0,14,1.557,6,23,0,2,0,혼잡,0,3,2,2,3.1,1,0,0,0,0,0,0,0,0,0,0,0,0,1,0,1,0,1
15,3,0,38,0.393,9,16,0,2,0,보통,0,4,2,2,2.12,1,1,0,0,0,1,0,0,0,0,0,0,0,0,0,1,0,0
54,12,0,11,1.394,17,20,1,1,1,여유,0,4,4,4,2.28,1,1,0,0,0,0,0,0,0,0,0,0,0,0,0,0,1,1
38,3,0,3,2.826,8,39,0,,,매우혼잡,,,,,1.22,0,0,0,0,0,0,1,0,0,0,1,1,1,0,0,0,0,0
26,12,1,2,3.76,10,41,0,,,혼잡,,,,,1.1,0,0,0,0,0,0,0,0,0,0,0,1,0,1,0,0,0,0
27,3,0,3,2.962,4,22,0,3,0,혼잡,0,3,3,4,1.21,1,0,0,0,0,0,0,0,1,1,0,0,0,0,0,1,0,0
28,12,0,1,4.808,13,64,1,,,혼잡,,,,,0.95,0,0,0,0,0,0,0,1,0,0,1,1,0,0,0,0,0,0
22,6,0,20,1.039,5,18,0,,,여유,,,,,3.0,0,1,0,0,0,0,0,0,0,0,0,0,0,0,0,0,0,1
49,1,0,60,0.0,7,0,0,1,1,혼잡,0,2,2,2,2.66,1,0,0,0,0,1,0,0,0,1,1,0,1,1,0,1,1,1
41,3,1,4,2.193,5,18,0,,,보통,,,,,1.24,0,0,0,0,0,0,0,0,0,0,0,1,0,0,0,0,0,0
34,3,0,16,1.371,1,7,0,3,0,보통,0,2,3,3,3.19,1,0,0,1,0,0,0,0,1,0,0,1,1,0,0,0,0,0
46,6,0,3,3.535,21,68,0,4,0,매우혼잡,0,3,4,4,1.62,1,0,0,0,0,0,1,0,0,0,0,0,0,0,0,0,0,0
20,12,0,4,2.195,32,51,1,,,보통,,,,,1.28,0,0,0,0,0,0,0,0,0,0,1,0,0,0,0,0,0,0
40,1,0,13,1.292,7,13,0,3,0,보통,0,2,2,2,2.47,1,1,0,0,0,1,1,1,0,1,1,0,0,0,0,0,0,0
31,6,1,3,3.194,1,36,1,,,혼잡,,,,,1.42,0,0,0,0,0,0,0,1,0,0,0,0,0,1,1,0,0,0
30,6,0,3,2.993,6,48,1,4,0,보통,0,3,4,4,1.39,1,0,0,0,0,0,0,0,0,0,0,0,0,0,0,0,0,0
36,12,0,9,1.543,2,25,1,,,매우혼잡,,,,,1.96,0,0,0,0,0,0,0,0,0,0,1,1,1,1,0,0,0,1
46,12,0,8,1.95,35,43,0,4,0,혼잡,0,4,3,3,2.15,1,1,0,0,0,1,0,0,0,0,0,0,0,1,1,0,0,0
32,3,0,3,3.19,5,38,1,,,여유,,,,,1.23,0,1,0,0,0,0,0,0,0,0,0,0,0,0,0,0,0,0
26,6,1,7,1.5,6,27,0,,,여유,,,,,1.53,0,1,0,0,0,0,0,0,0,0,0,0,0,0,1,0,0,0
48,3,0,8,1.895,7,48,1,,,매우혼잡,,,,,2.1,0,0,0,0,0,0,0,0,0,0,1,1,1,0,0,0,0,0
28,12,0,47,1.936,6,39,0,4,0,매우혼잡,1,2,3,1,12.95,1,1,0,0,0,0,0,1,0,0,1,1,1,1,0,0,0,0
36,6,0,3,2.652,1,50,0,2,0,혼잡,0,3,4,3,1.28,1,1,0,0,0,0,0,0,0,0,0,0,0,1,1,1,0,0
37,3,0,9,1.84,5,38,1,,,보통,,,,,2.47,0,0,0,0,0,0,1,1,0,0,0,0,0,0,0,0,0,0
17,12,1,9,4.586,18,39,0,3,0,혼잡,0,3,3,3,5.61,1,0,0,0,0,0,1,0,0,0,0,1,0,0,0,1,0,0
46,12,1,3,2.355,11,41,0,3,0,보통,1,3,3,3,1.16,1,0,0,0,0,0,0,0,0,0,0,1,0,0,0,0,0,0
15,12,0,10,1.909,6,22,0,4,0,여유,1,4,4,2,2.62,1,0,0,0,0,0,0,0,0,0,1,0,0,0,0,0,0,0
31,6,0,19,1.189,9,9,0,3,0,보통,0,2,3,3,3.26,1,0,0,0,0,0,0,0,0,1,1,0,0,0,0,0,0,0
58,1,1,60,0.0,5,0,0,2,0,혼잡,0,3,3,2,2.84,1,1,0,0,0,0,0,1,0,0,0,0,0,0,0,1,0,0
26,6,0,1,5.242,4,81,1,4,0,보통,0,4,5,4,0.8,1,0,0,0,0,0,0,0,0,0,0,0,0,0,0,0,0,0
38,12,1,2,4.636,22,46,0,,,혼잡,,,,,1.08,0,0,0,0,0,0,0,0,1,0,0,0,0,0,0,0,0,0
26,1,0,5,2.344,1,26,0,,,매우혼잡,,,,,1.64,0,0,0,0,1,0,1,0,0,0,0,0,0,0,0,0,0,0
15,1,0,4,2.465,1,23,0,,,여유,,,,,1.32,0,1,0,0,0,0,1,0,0,0,1,0,0,0,0,0,0,0
28,3,0,3,2.586,9,36,0,4,0,보통,0,3,2,3,1.11,1,0,0,0,0,0,0,0,0,0,0,0,0,1,0,0,0,0
32,6,0,13,1.366,3,18,0,2,0,보통,0,3,2,3,2.57,1,0,1,0,0,0,0,0,0,0,0,0,1,0,0,0,0,0
50,6,1,9,1.933,2,50,0,4,0,보통,0,4,2,3,2.35,1,0,0,0,0,0,0,0,0,0,0,0,0,1,0,1,0,0
44,1,0,4,2.186,0,39,1,4,0,혼잡,0,4,5,3,1.31,1,0,0,0,0,0,0,0,0,0,1,0,0,0,0,0,0,0
38,6,0,5,2.227,6,43,0,,,보통,,,,,1.68,0,0,0,0,0,1,1,0,0,1,0,0,0,0,0,0,0,0
31,6,1,1,4.839,5,58,0,4,0,보통,0,4,3,4,0.8,1,0,0,0,0,0,0,0,0,0,0,0,0,0,0,0,1,0
29,3,0,8,1.904,1,20,0,3,0,보통,0,3,4,2,2.11,1,0,0,0,0,0,0,0,0,0,1,1,0,0,0,0,0,0
30,6,0,3,2.858,22,37,1,3,0,혼잡,0,3,4,3,1.29,1,0,0,0,0,0,0,0,1,0,0,0,0,0,0,0,0,0
20,12,0,4,2.159,26,35,0,,,혼잡,,,,,1.3,0,0,0,0,0,0,0,0,0,0,0,1,0,1,0,0,0,0
40,12,0,3,3.544,24,40,1,,,매우혼잡,,,,,1.35,0,0,0,0,0,0,0,0,0,0,1,0,0,1,0,0,0,0
39,3,1,15,1.284,7,42,0,,,혼잡,,,,,2.67,0,0,0,0,0,0,0,0,0,0,1,1,0,0,0,0,1,0
43,12,0,10,1.729,4,29,0,,,여유,,,,,2.57,0,0,0,0,0,1,0,1,0,0,0,0,0,0,0,0,0,0
25,3,1,3,3.088,6,25,0,3,0,보통,0,4,4,2,1.28,1,0,0,0,0,0,0,0,0,0,1,0,1,0,0,1,0,0
37,12,0,12,1.764,2,33,0,,,보통,,,,,3.12,0,0,1,0,0,1,0,0,0,0,0,0,0,0,0,0,0,0
42,3,0,15,1.327,2,25,0,,,여유,,,,,2.77,0,0,0,0,0,0,0,1,0,0,0,0,1,0,0,0,0,0
44,1,0,10,3.096,3,60,1,2,0,여유,0,3,3,4,4.4,1,0,0,0,0,0,0,0,0,0,0,0,0,0,0,0,0,0
16,3,0,56,0.0,3,29,0,2,1,보통,0,4,3,2,2.39,1,1,0,0,0,0,0,0,0,0,0,0,0,0,1,1,1,1
40,12,0,3,3.946,15,55,1,4,0,여유,0,4,4,4,1.77,1,0,0,0,0,0,0,0,0,0,0,0,0,0,1,0,0,0
26,12,1,1,5.838,1,62,1,,,혼잡,,,,,1.06,0,0,0,0,0,0,0,0,0,0,0,0,1,0,0,0,0,0
34,3,0,60,0.325,6,9,0,1,0,혼잡,0,2,2,2,2.98,1,1,0,0,0,0,0,0,0,0,0,0,0,1,0,0,0,0
40,3,0,10,1.623,6,21,0,,,보통,,,,,2.25,0,0,0,1,0,0,0,0,0,0,0,0,0,0,0,0,0,0
25,6,1,1,4.432,5,44,1,4,0,여유,0,4,4,3,0.9,1,0,0,0,0,0,1,0,0,0,0,0,1,0,0,0,0,1
39,3,0,4,2.156,4,32,0,3,0,보통,0,3,3,4,1.24,1,0,0,0,0,0,0,0,0,0,0,0,0,0,0,0,0,0
46,6,1,12,1.624,4,17,0,2,0,보통,1,2,3,2,2.69,1,1,0,0,0,0,0,0,0,1,1,1,0,1,0,1,0,0
32,12,1,9,1.544,7,20,0,,,여유,,,,,1.92,0,0,0,1,0,0,1,0,0,0,0,0,0,0,0,1,1,0
23,6,0,2,3.137,6,44,1,,,보통,,,,,1.03,0,0,0,0,0,0,1,0,0,0,0,1,0,0,0,0,1,0
39,12,1,3,3.405,21,37,1,3,0,혼잡,0,4,4,2,1.52,1,0,0,0,0,0,0,0,0,0,1,1,1,1,0,0,0,1
41,1,0,10,1.874,2,35,0,3,0,혼잡,0,3,2,3,2.68,1,0,1,0,0,0,0,0,0,0,0,0,1,0,0,0,0,0
29,1,0,60,0.224,0,15,0,2,1,매우혼잡,0,2,2,1,2.76,1,1,1,1,0,0,1,0,1,0,1,1,1,1,1,0,0,1
42,12,1,15,1.316,11,1,1,2,0,여유,0,2,4,2,2.89,1,0,0,0,0,0,0,1,1,0,1,0,0,0,1,1,1,0
30,3,0,4,2.193,1,36,0,,,보통,,,,,1.25,0,0,0,0,0,0,0,0,0,0,1,0,1,1,0,0,0,0
42,12,0,38,1.134,10,38,0,3,0,혼잡,0,3,3,3,6.16,1,0,0,1,0,0,0,0,0,1,0,0,0,0,0,1,0,0
35,3,0,11,1.531,2,34,0,3,0,보통,0,4,3,3,2.37,1,0,0,0,0,1,0,0,0,0,1,0,1,0,0,0,0,0
17,12,1,2,3.364,10,29,0,3,0,보통,0,3,3,4,1.13,1,0,0,0,0,0,0,0,0,1,0,0,0,0,0,0,0,0
40,12,1,3,3.282,15,44,1,3,0,여유,0,4,3,3,1.42,1,0,0,0,0,0,0,0,1,0,0,0,0,0,0,0,0,0
27,1,1,5,2.176,0,24,0,4,0,보통,0,3,3,3,1.56,1,0,0,0,0,0,1,0,0,0,0,0,0,0,0,0,0,0
21,12,1,1,5.122,28,64,1,4,0,매우혼잡,0,4,4,4,0.87,1,0,0,0,0,0,0,0,0,0,0,0,0,1,0,0,0,0
57,12,0,17,1.118,12,21,1,2,0,여유,0,2,3,2,2.71,1,0,0,1,0,0,0,0,1,0,1,0,0,0,0,0,0,1
15,3,1,6,2.025,1,53,0,4,0,혼잡,1,3,3,2,1.79,1,1,0,0,0,0,0,0,0,0,0,1,1,1,0,0,0,0
30,6,0,4,3.193,22,48,1,4,0,보통,0,3,4,4,1.66,1,0,0,0,0,0,0,0,0,0,0,0,0,1,0,0,0,0
34,12,1,2,4.328,1,37,0,4,0,혼잡,0,4,3,5,1.03,1,0,0,0,0,0,0,0,0,0,0,0,0,0,0,0,0,0
26,6,0,3,3.368,7,54,1,4,0,여유,0,4,5,4,1.21,1,1,0,0,0,0,0,0,0,0,0,0,0,0,0,0,0,0
15,3,1,3,2.302,4,38,0,3,0,보통,0,4,4,2,1.0,1,0,0,0,0,0,0,0,0,0,0,0,0,0,0,0,0,0
27,12,0,4,2.819,16,29,0,,,보통,,,,,1.61,0,0,0,0,0,0,0,0,0,0,1,0,0,1,0,0,0,0
45,12,0,3,3.061,10,38,0,3,0,여유,0,4,3,3,1.41,1,0,0,0,0,0,0,0,0,0,0,0,0,0,0,0,0,0
42,6,1,1,4.873,11,61,0,4,0,보통,0,5,4,4,0.87,1,0,0,0,0,0,0,0,0,0,0,0,0,0,0,0,1,0
31,1,1,17,1.289,2,23,0,,,매우혼잡,,,,,3.04,0,0,0,0,0,0,1,1,0,0,1,1,1,0,1,1,1,0
53,3,0,49,0.0,1,0,0,1,1,여유,0,3,2,2,2.12,1,1,0,0,0,1,0,0,0,0,0,0,0,0,1,1,0,0
35,3,0,15,0.923,5,27,0,,,보통,,,,,2.02,0,0,1,1,0,1,0,0,0,1,1,0,0,0,0,0,0,0
22,1,1,4,2.247,3,49,0,2,0,혼잡,1,4,2,2,1.19,1,0,0,0,1,0,0,0,0,0,1,1,0,1,0,0,1,1
28,12,0,9,1.77,15,27,0,,,여유,,,,,2.35,0,0,0,0,0,0,0,0,0,0,0,0,0,0,0,0,0,0
38,12,0,9,1.621,2,39,0,,,여유,,,,,2.01,0,1,0,0,0,1,0,0,1,0,0,0,0,0,0,0,0,0
25,12,0,5,2.342,6,41,0,,,보통,,,,,1.52,0,0,0,0,0,0,0,0,0,0,0,0,0,1,0,0,0,0
29,3,1,9,1.263,0,19,0,2,1,혼잡,0,2,2,4,1.64,1,0,1,0,1,0,0,0,0,1,0,0,0,0,1,1,1,0
48,6,0,15,3.045,1,47,1,4,0,보통,0,3,3,4,6.47,1,1,0,0,0,0,0,0,0,1,0,0,0,0,0,0,1,1
48,6,1,2,4.217,9,49,1,,,혼잡,,,,,1.09,0,0,0,0,0,0,0,0,0,0,1,0,1,0,0,0,0,0
15,3,0,21,0.942,4,21,0,,,보통,,,,,2.77,0,0,0,0,0,0,0,0,1,1,0,0,0,0,0,1,1,0
39,12,1,2,3.461,4,56,0,3,0,보통,0,3,3,3,1.05,1,0,0,0,0,0,0,0,0,0,0,0,1,0,1,0,0,0
41,6,1,2,4.914,8,51,1,,,보통,,,,,1.1,0,0,0,0,0,0,0,0,0,0,0,0,0,0,0,0,0,0
38,12,0,44,0.0,14,0,0,,,보통,,,,,1.9,0,0,0,1,0,0,0,1,0,0,0,0,0,0,0,0,0,0
38,12,0,3,3.763,7,68,1,,,보통,,,,,1.57,0,0,0,0,0,0,0,0,0,0,0,0,0,0,0,0,0,0
29,12,1,1,5.019,28,74,0,,,보통,,,,,0.94,0,0,0,0,0,0,1,0,0,0,0,0,0,0,0,0,0,0
43,12,0,17,1.061,16,16,0,2,1,보통,0,3,2,3,2.65,1,0,0,1,0,0,0,1,0,0,0,0,0,1,1,0,1,1
30,6,1,4,2.652,13,55,0,,,보통,,,,,1.51,0,0,0,0,0,0,0,0,0,0,0,0,0,0,0,0,0,0
36,12,0,3,2.77,18,36,1,,,여유,,,,,1.31,0,0,0,0,0,0,0,0,0,0,0,0,0,0,0,0,0,0
51,1,0,54,0.089,2,2,0,,,여유,,,,,2.3,0,1,0,0,0,0,1,0,1,0,1,0,1,1,0,0,0,1
32,3,1,15,1.535,5,10,1,,,매우혼잡,,,,,3.18,0,0,0,0,0,0,0,1,0,0,1,1,0,0,1,1,0,1
31,12,0,1,4.894,6,66,1,4,0,보통,0,3,5,4,0.87,1,0,0,0,0,0,0,1,1,1,0,0,1,0,0,0,0,0
30,6,0,5,2.044,4,29,0,3,0,혼잡,0,3,3,4,1.43,1,1,0,0,0,0,0,0,0,0,0,0,0,0,0,1,0,1
32,12,1,1,4.818,6,64,1,4,0,혼잡,1,4,5,2,0.85,1,0,0,0,0,0,0,0,0,0,1,1,1,1,1,0,0,1
36,12,0,2,3.302,17,40,1,4,0,혼잡,0,3,3,2,1.01,1,0,0,0,0,0,0,0,0,0,1,1,1,0,0,0,0,0
47,1,0,5,2.443,2,38,0,4,0,여유,0,3,3,3,1.74,1,0,0,0,0,0,0,1,0,0,0,0,0,0,1,0,0,0
29,1,1,1,5.226,2,63,1,,,보통,,,,,0.9,0,0,0,0,0,0,0,0,0,0,0,0,0,0,0,0,0,0
38,12,0,2,4.336,23,61,0,,,여유,,,,,0.94,0,0,0,0,0,0,0,0,0,0,0,1,0,0,0,0,0,0
42,3,1,4,2.699,1,42,0,4,0,여유,0,3,3,3,1.5,1,0,0,0,0,0,0,0,0,0,0,0,0,0,0,0,0,0
26,1,1,4,2.633,4,42,1,4,0,보통,0,3,4,3,1.35,1,0,0,0,0,0,0,0,0,0,0,0,0,0,0,0,0,0
16,6,0,4,2.165,18,33,0,4,0,혼잡,0,2,3,3,1.35,1,0,0,1,0,0,0,0,0,1,0,0,0,0,0,0,1,0
32,12,0,3,3.016,17,43,1,,,여유,,,,,1.33,0,0,0,0,0,0,0,0,0,0,0,0,0,0,0,0,0,0
36,6,0,4,2.974,19,43,0,,,혼잡,,,,,1.68,0,0,0,0,0,0,0,0,0,0,0,0,0,0,0,0,1,1
22,6,0,14,1.454,6,29,0,3,0,보통,0,2,3,2,2.92,1,0,0,0,1,0,0,0,0,0,0,0,1,1,0,0,0,0
33,6,1,3,2.728,5,60,0,,,혼잡,,,,,1.29,0,0,0,0,0,0,0,0,0,0,1,1,1,1,1,0,0,0
27,3,0,19,0.916,3,37,1,,,혼잡,,,,,2.43,0,0,0,0,0,0,1,0,0,0,0,0,1,0,0,0,0,0
55,12,0,17,3.244,8,39,1,,,혼잡,,,,,8.1,0,1,0,0,0,0,0,0,1,0,0,0,0,0,0,1,1,0
36,6,0,3,3.042,1,34,0,,,보통,,,,,1.23,0,0,0,0,0,0,0,0,0,0,0,1,0,0,0,0,0,0
24,6,1,6,2.503,4,32,0,2,0,혼잡,0,3,3,2,2.17,1,0,0,0,0,1,0,0,0,0,0,1,0,1,0,0,1,0
28,3,0,3,3.279,5,27,1,,,보통,,,,,1.56,0,0,0,0,0,0,0,0,0,0,0,0,0,0,1,1,0,0
38,12,0,4,3.045,34,39,0,3,0,보통,0,3,3,3,1.69,1,0,0,0,0,0,0,0,0,0,1,0,1,0,0,0,0,0
20,6,0,3,3.228,14,29,0,3,0,여유,0,3,3,3,1.6,1,0,0,0,0,0,0,0,0,0,0,0,0,0,0,0,0,0
40,6,1,14,1.129,1,7,0,,,보통,,,,,2.22,0,0,0,1,0,1,0,1,1,0,0,0,0,1,0,0,0,0
23,12,0,4,2.966,3,30,1,,,보통,,,,,1.68,0,0,0,0,0,0,0,0,0,0,0,0,0,0,0,0,0,0
25,3,0,6,2.205,2,20,1,4,0,혼잡,0,2,4,3,1.76,1,0,0,0,0,0,1,0,1,0,1,1,0,0,0,0,0,1
54,3,0,19,1.219,1,22,0,3,0,혼잡,0,1,2,2,3.26,1,0,1,1,0,0,0,0,0,1,0,0,0,1,0,1,0,0
29,6,0,4,3.244,3,49,1,4,0,혼잡,1,4,4,2,1.74,1,0,0,0,0,0,0,0,1,0,1,0,0,1,0,0,0,0
39,1,0,4,2.865,3,18,0,,,보통,,,,,1.68,0,1,0,0,0,0,0,0,0,1,0,0,1,0,0,0,0,0
23,6,1,3,3.68,2,59,0,3,0,매우혼잡,0,3,3,2,1.56,1,0,0,0,0,1,0,0,0,0,1,1,1,1,1,0,0,0
44,12,1,2,3.764,2,45,0,,,보통,,,,,1.1,0,0,1,0,0,0,0,0,0,0,0,0,0,0,0,1,0,0
34,6,1,1,5.377,22,45,0,5,0,여유,0,5,4,5,0.92,1,0,0,0,0,0,0,0,0,0,1,0,0,0,0,0,0,0
36,12,0,8,1.689,1,58,0,1,1,혼잡,0,4,3,3,1.86,1,1,0,0,0,0,0,0,0,0,0,0,1,0,1,1,1,0
37,6,0,8,1.791,29,22,0,,,혼잡,,,,,2.12,0,0,0,0,0,0,0,0,0,0,0,1,1,0,0,0,0,0
28,1,0,5,2.191,0,50,1,,,혼잡,,,,,1.44,0,1,0,0,0,0,0,1,0,1,0,0,0,1,0,1,0,0
34,12,1,1,5.526,36,65,1,2,0,혼잡,0,4,5,4,0.94,1,0,1,0,0,0,0,0,0,0,1,0,0,0,0,0,0,1
29,12,0,9,1.316,36,30,0,,,보통,,,,,1.71,0,1,0,0,0,0,0,0,0,0,1,0,0,0,0,0,0,0
47,1,0,1,4.209,2,48,0,,,보통,,,,,0.88,0,0,0,0,0,0,1,0,0,0,0,0,0,0,0,0,0,0
49,12,0,4,2.518,30,50,0,2,0,보통,0,3,4,3,1.52,1,0,0,0,1,0,0,0,1,0,0,1,0,0,0,0,1,0
28,3,0,42,0.516,0,17,0,,,혼잡,,,,,3.13,0,1,0,0,0,0,0,1,0,0,0,1,1,0,0,1,1,0
60,12,0,1,5.906,16,71,1,,,여유,,,,,1.0,0,0,0,0,0,0,0,0,0,1,0,0,0,0,0,0,0,0
40,3,0,3,3.048,5,36,0,,,보통,,,,,1.23,0,0,0,0,0,0,0,1,0,0,0,0,0,0,0,0,0,0
32,3,1,1,4.318,0,61,0,4,0,보통,0,4,5,4,0.83,1,0,0,0,0,0,0,0,0,0,0,0,0,0,0,0,0,0
24,6,0,4,2.515,10,40,0,4,0,여유,0,3,3,3,1.3,1,0,0,0,0,0,0,0,0,0,0,1,0,0,0,0,0,0
22,3,0,24,0.71,2,11,0,,,여유,,,,,2.47,0,0,0,1,0,0,0,0,1,0,0,0,1,0,0,1,0,0
27,1,0,5,2.457,3,42,0,,,매우혼잡,,,,,1.68,0,0,0,0,0,0,0,0,0,0,0,0,1,0,1,0,0,0
49,6,0,13,1.03,9,27,0,,,여유,,,,,1.87,0,0,0,0,0,0,0,0,0,0,0,0,0,0,0,0,0,1
45,12,1,5,2.4,16,30,0,4,0,보통,0,3,3,4,1.55,1,0,0,0,0,0,0,0,0,0,0,0,0,0,0,0,0,0
43,3,0,3,2.871,17,32,0,4,0,여유,0,4,4,4,1.12,1,1,0,0,0,0,0,0,0,0,0,0,0,0,0,0,0,0
36,12,0,1,5.159,32,50,1,,,혼잡,,,,,1.09,0,0,0,0,0,0,0,0,0,0,0,0,0,0,0,0,0,0
36,12,1,3,3.914,31,29,0,,,보통,,,,,1.47,0,0,0,0,0,1,0,0,0,0,0,0,0,0,0,0,0,0
37,6,0,2,4.707,15,62,1,4,0,혼잡,0,4,4,4,1.05,1,0,0,0,0,0,0,0,0,0,1,0,0,0,1,0,0,0
37,1,0,38,1.526,2,27,0,,,보통,,,,,8.39,0,1,0,0,0,0,0,0,0,0,1,0,0,1,0,0,0,0
21,12,0,1,4.163,14,48,1,4,0,여유,0,4,5,4,0.87,1,0,0,0,0,0,0,0,0,0,0,0,1,0,0,0,0,0
44,12,0,60,0.427,9,1,0,2,0,혼잡,1,2,2,1,14.43,1,1,0,1,0,1,0,0,0,1,1,0,1,0,0,0,0,1
19,1,0,4,2.703,2,23,1,,,보통,,,,,1.46,0,1,0,0,0,0,0,1,0,0,0,0,0,0,1,0,0,0
38,3,0,12,1.347,8,50,0,,,여유,,,,,2.26,0,1,0,0,0,0,0,0,0,1,0,0,0,0,0,0,0,0
35,6,0,11,1.63,1,29,0,3,0,매우혼잡,0,2,2,2,2.49,1,1,0,0,0,0,0,0,1,0,1,0,1,1,0,0,0,1
46,1,1,10,1.851,0,49,0,,,혼잡,,,,,2.69,0,0,0,0,0,0,0,1,0,0,1,0,0,0,0,1,1,1
29,12,1,4,2.459,15,18,0,,,혼잡,,,,,1.24,0,0,0,0,0,0,0,0,0,0,0,0,1,0,0,1,0,0
32,12,0,6,1.947,5,39,0,3,0,보통,0,3,3,3,1.66,1,0,0,1,0,0,0,0,0,0,0,0,0,0,0,0,0,1
36,12,1,2,3.378,5,39,0,,,보통,,,,,1.13,0,0,1,0,1,0,0,0,0,0,0,0,0,0,0,1,0,0
15,12,0,1,4.539,2,75,1,3,0,매우혼잡,0,4,5,4,0.8,1,0,0,0,0,0,0,0,0,0,1,0,0,0,0,0,0,0
28,6,0,22,2.637,7,14,0,,,여유,,,,,8.11,0,1,0,0,0,0,0,0,0,0,0,0,0,0,0,0,0,0
30,6,1,3,3.056,6,28,1,3,0,여유,0,4,4,3,1.42,1,0,0,0,0,0,0,1,0,1,0,0,0,0,0,0,0,0
32,3,0,1,4.963,8,70,1,,,보통,,,,,0.91,0,0,0,0,0,0,0,0,0,0,0,0,0,0,0,0,0,1
15,1,0,3,2.511,4,33,0,4,0,여유,0,3,4,3,1.23,1,0,0,0,0,0,0,0,0,0,1,0,0,0,0,0,0,0
36,12,0,21,0.713,2,11,1,1,1,혼잡,0,3,3,2,2.1,1,1,0,0,1,0,0,0,0,0,0,0,1,1,1,1,1,0
47,3,1,3,2.816,8,37,0,3,0,보통,0,3,3,3,1.1,1,0,0,0,0,0,0,0,0,0,0,0,0,0,0,0,0,0
56,12,0,6,1.917,14,45,0,,,매우혼잡,,,,,1.66,0,0,0,1,1,0,0,0,0,0,1,0,0,1,0,0,0,0
37,1,0,4,2.244,4,52,0,,,혼잡,,,,,1.15,0,0,0,0,0,0,0,0,0,1,0,1,0,1,0,0,0,0
27,6,1,12,1.821,5,35,0,2,0,여유,0,2,3,3,3.02,1,0,0,0,0,0,0,1,0,0,1,0,0,0,0,0,0,1
37,12,1,1,5.194,36,52,0,4,0,혼잡,0,4,4,4,0.95,1,0,0,0,0,0,0,0,0,0,0,0,0,0,1,0,0,0
30,6,1,2,3.981,8,37,0,3,0,혼잡,0,4,4,4,1.42,1,0,0,0,0,0,0,0,0,0,0,0,0,0,0,0,0,0
19,12,0,10,1.983,3,35,1,,,매우혼잡,,,,,2.71,0,0,0,0,0,0,0,1,0,0,1,1,1,1,0,0,0,0
30,1,0,7,1.962,3,32,0,,,여유,,,,,2.03,0,1,0,0,0,0,0,0,0,0,0,0,1,0,0,0,0,0
44,3,0,2,4.327,2,29,0,,,보통,,,,,0.94,0,0,0,0,0,0,0,0,0,0,0,0,1,0,0,0,0,0
19,3,1,3,2.377,5,22,0,3,0,혼잡,0,4,3,2,1.09,1,0,0,0,0,0,0,1,0,0,0,0,1,1,0,0,1,0
33,6,0,3,2.446,3,27,0,,,혼잡,,,,,1.18,0,0,0,0,0,0,0,0,0,0,1,1,0,0,0,0,0,0
30,12,0,1,5.338,9,65,1,5,0,여유,0,5,5,4,0.99,1,0,0,0,0,0,0,0,0,0,0,0,0,0,0,0,0,0
32,12,0,20,0.535,1,17,0,,,혼잡,,,,,1.51,0,1,0,0,0,0,0,0,1,1,0,0,0,0,1,1,1,1
34,12,0,1,4.627,25,61,1,,,보통,,,,,0.9,0,0,0,0,0,0,0,0,0,0,0,0,0,0,0,0,0,0
27,12,0,3,2.904,13,44,1,,,보통,,,,,1.21,0,0,0,0,0,0,0,0,0,0,0,0,0,0,0,0,0,0
15,3,0,5,2.615,7,46,0,3,0,매우혼잡,0,3,4,3,1.72,1,1,0,0,0,0,0,0,1,0,0,1,1,0,1,1,0,0
39,6,1,1,4.865,6,45,1,,,보통,,,,,0.96,0,0,0,0,0,0,0,0,0,0,0,0,0,0,0,0,0,0
42,6,0,5,2.243,11,31,0,,,여유,,,,,1.66,0,0,0,0,0,0,0,0,0,0,0,0,0,0,0,0,0,0
18,3,0,43,0.505,5,10,0,,,매우혼잡,,,,,3.13,0,1,0,0,0,0,0,0,0,0,1,0,1,0,0,0,0,0
41,6,1,7,1.988,12,32,0,3,0,혼잡,1,4,3,3,1.99,1,0,0,1,0,0,0,0,0,0,1,1,0,0,0,0,0,0
44,12,0,14,2.508,22,43,0,4,0,여유,0,3,3,4,4.97,1,0,0,0,0,0,0,0,0,0,0,0,0,0,0,0,0,0
38,6,0,4,2.677,10,36,0,4,0,보통,0,3,3,4,1.38,1,0,0,0,0,0,1,0,0,0,1,0,0,0,0,0,0,0
24,3,0,33,0.418,5,18,0,2,1,보통,0,3,4,3,1.97,1,1,0,0,0,0,0,0,0,0,1,0,0,0,0,0,1,0
34,6,1,9,1.686,8,21,0,,,혼잡,,,,,2.13,0,1,1,0,0,0,0,0,0,0,0,1,0,1,0,0,0,0
27,3,0,9,1.488,9,15,0,4,0,보통,0,3,3,4,2.0,1,0,0,0,0,0,0,0,0,0,0,0,0,0,0,0,0,0
30,12,0,59,0.0,36,19,0,2,1,보통,0,3,2,3,2.54,1,1,0,0,1,0,0,0,0,0,0,1,0,0,0,1,0,0
47,1,0,4,2.458,1,24,1,,,여유,,,,,1.31,0,0,0,0,0,0,0,0,0,1,0,0,0,0,1,0,0,0
67,3,0,5,2.554,6,35,0,,,보통,,,,,1.68,0,0,0,0,0,0,0,0,0,0,0,0,1,0,0,0,0,0
19,3,1,3,2.583,1,50,0,3,0,혼잡,0,2,2,3,1.12,1,0,0,0,0,1,0,0,0,0,1,0,1,1,0,0,0,0
45,12,0,21,1.097,7,30,0,3,0,보통,0,3,3,3,3.27,1,1,1,0,0,0,0,0,0,0,0,0,0,0,0,0,0,0
39,12,1,3,2.989,7,30,0,,,여유,,,,,1.28,0,0,0,0,0,0,0,0,0,0,0,1,0,0,0,0,0,0
34,6,0,13,1.389,9,29,0,3,0,혼잡,0,2,2,3,2.55,1,0,0,0,0,0,1,0,0,0,1,0,1,0,0,0,1,0
26,6,1,4,2.225,1,27,1,,,여유,,,,,1.39,0,0,0,0,0,0,0,0,0,0,0,0,0,0,0,0,0,0
47,1,0,2,3.655,3,58,0,5,0,여유,0,4,5,4,1.05,1,0,1,0,0,0,0,0,0,0,0,0,0,0,0,0,0,0
58,3,0,4,2.052,21,41,1,3,0,보통,0,3,5,3,1.06,1,0,0,0,0,0,0,0,1,0,0,0,0,0,0,0,0,0
15,12,0,3,3.43,11,39,1,4,0,보통,0,3,4,3,1.52,1,0,0,0,0,0,0,0,0,0,0,1,0,0,0,0,0,0
17,6,0,3,2.606,5,33,0,3,0,여유,0,3,3,3,1.18,1,1,0,0,0,0,0,0,1,0,0,0,0,1,0,0,0,1
15,12,0,28,0.401,9,20,0,2,1,혼잡,0,4,3,2,1.62,1,1,0,1,0,0,0,0,0,0,0,1,1,0,0,1,1,1
36,12,0,12,2.985,4,23,0,,,여유,,,,,5.04,0,0,0,0,0,0,0,0,0,0,0,1,0,0,0,0,0,0
37,3,0,3,2.282,2,34,0,,,보통,,,,,1.09,0,0,0,0,0,0,0,0,0,0,0,0,0,0,0,0,0,0
42,3,0,17,1.103,4,21,0,,,여유,,,,,2.68,0,0,0,0,0,0,0,0,0,0,0,0,1,0,0,0,0,0
35,3,1,3,2.847,2,55,0,,,여유,,,,,1.39,0,0,1,0,0,0,0,0,0,0,0,0,0,0,0,0,0,0
27,6,0,11,1.691,8,29,0,,,보통,,,,,2.54,0,0,0,0,0,0,0,0,0,0,0,1,0,0,1,0,1,0
33,3,0,22,0.824,2,30,0,4,0,여유,1,3,3,2,2.57,1,0,0,1,1,0,0,0,0,0,0,1,0,0,0,0,0,0
35,6,0,5,2.203,36,33,1,,,혼잡,,,,,1.73,0,1,0,0,0,0,0,0,0,0,0,0,0,0,0,0,0,0
19,6,0,5,2.233,2,21,0,,,여유,,,,,1.69,0,1,0,0,1,0,0,0,0,0,1,0,0,0,0,0,0,0
55,6,0,2,4.369,5,44,0,,,보통,,,,,0.96,0,0,0,0,0,0,1,0,0,0,0,0,0,0,0,0,0,0
32,6,1,5,2.105,19,23,0,4,0,여유,0,3,3,4,1.48,1,0,0,0,0,0,0,0,0,0,0,0,0,0,0,0,0,0
39,12,0,1,4.23,10,51,0,4,0,여유,0,4,4,5,0.89,1,0,1,0,0,0,0,0,0,0,0,0,0,0,0,0,0,0
31,6,0,5,2.39,22,16,1,3,0,보통,0,3,4,3,1.69,1,0,0,0,0,0,0,0,0,0,1,0,0,0,0,0,0,0
39,12,0,1,4.479,10,68,0,5,0,보통,0,3,4,5,0.94,1,0,0,0,0,0,0,0,0,1,0,0,0,0,0,1,0,0
29,3,0,18,0.971,4,8,0,1,0,보통,0,2,3,3,2.43,1,1,0,1,0,0,1,0,0,0,0,0,0,0,0,1,1,0
15,12,0,28,0.781,4,24,0,,,혼잡,,,,,3.15,0,1,0,1,0,0,0,0,0,0,1,0,1,1,0,0,1,0
30,6,1,14,2.308,13,26,0,3,0,여유,0,4,3,3,4.75,1,1,0,0,0,0,0,0,0,0,0,0,0,0,0,0,0,0
41,6,0,11,1.759,7,26,0,,,혼잡,,,,,2.79,0,0,0,0,0,0,0,0,0,0,0,0,0,0,0,0,0,1
61,6,1,60,1.275,12,15,0,3,0,보통,0,2,3,2,11.36,1,1,0,1,0,0,0,0,1,0,1,0,0,0,1,0,0,0
57,3,0,20,2.354,6,44,0,3,0,매우혼잡,0,2,3,2,6.68,1,1,0,0,0,0,0,1,1,1,1,0,0,1,0,0,0,0
20,12,0,3,3.663,28,50,0,4,0,보통,0,4,3,5,1.56,1,0,0,0,0,0,0,0,0,0,0,0,0,0,0,0,0,0
31,3,1,18,0.817,9,9,0,3,0,혼잡,0,2,2,2,2.15,1,1,0,0,0,1,1,0,0,0,0,0,1,0,0,0,0,0
46,1,0,6,2.191,5,36,0,,,혼잡,,,,,1.8,0,0,0,1,0,0,0,0,0,0,1,0,1,1,0,0,0,1
15,12,1,1,4.617,23,50,0,,,매우혼잡,,,,,0.98,0,0,0,0,0,0,0,0,0,1,0,0,0,0,0,0,0,0
15,3,0,60,0.242,2,22,0,,,혼잡,,,,,2.73,0,1,0,1,0,0,0,0,1,0,0,1,1,0,0,0,0,1
29,3,0,7,1.586,12,18,0,,,혼잡,,,,,1.64,0,1,0,0,0,0,0,0,0,0,0,1,1,1,1,1,0,0
46,12,1,5,2.498,16,45,0,3,0,여유,0,4,4,3,1.67,1,0,0,0,0,0,1,0,0,0,0,0,0,1,0,0,0,0
39,3,0,1,4.509,2,68,0,,,매우혼잡,,,,,0.92,0,0,0,0,0,0,0,0,0,0,1,0,0,0,0,0,0,0
24,3,0,2,3.634,6,39,0,3,0,보통,0,4,4,4,1.19,1,0,0,0,0,0,0,0,0,0,1,0,0,0,0,0,0,0
25,3,1,2,3.206,5,38,0,5,0,보통,1,4,4,2,1.12,1,0,0,0,0,1,0,1,0,0,1,0,0,0,0,0,0,0
39,3,0,3,3.601,1,28,0,3,0,보통,0,4,4,4,1.7,1,0,0,0,0,0,0,0,0,0,0,0,0,0,0,1,0,0
30,3,0,9,1.957,3,30,0,,,보통,,,,,2.56,0,0,1,0,0,0,1,0,0,0,1,0,1,1,0,0,0,0
15,3,1,33,1.399,8,31,0,3,0,혼잡,0,2,3,3,6.65,1,1,0,0,0,0,0,0,0,1,1,1,0,0,0,1,0,0
32,6,0,26,0.836,5,16,0,2,0,보통,0,3,2,2,3.16,1,0,0,0,0,1,0,0,0,0,0,1,0,1,0,0,0,1
29,3,1,60,0.333,5,0,0,2,0,보통,0,2,3,3,3.23,1,1,0,0,0,1,0,0,0,0,0,0,0,0,0,1,0,1
25,6,0,19,0.858,1,0,0,,,보통,,,,,2.38,0,0,0,0,0,0,0,1,0,0,1,0,0,0,0,1,0,1
28,12,0,1,4.575,5,65,1,,,여유,,,,,0.8,0,0,0,0,0,0,0,0,0,0,0,0,0,1,0,0,0,0
15,6,0,16,1.181,11,21,0,,,여유,,,,,2.66,0,0,1,0,0,0,0,1,0,0,1,0,0,0,1,1,0,0
18,6,0,33,0.705,2,19,0,2,0,보통,0,2,3,3,3.29,1,1,0,0,0,0,0,1,0,1,0,1,0,0,0,1,0,1
42,6,1,3,3.951,2,41,0,,,혼잡,,,,,1.76,0,0,0,0,0,0,0,0,0,0,0,0,0,0,0,0,0,0
15,3,0,3,2.216,12,54,0,4,0,보통,0,3,3,4,1.04,1,1,0,0,0,0,1,0,0,0,0,0,0,0,1,0,0,0
15,6,0,25,0.729,8,11,0,,,보통,,,,,2.62,0,0,0,0,0,1,0,0,0,0,0,0,0,0,0,1,0,0
23,1,0,22,2.514,2,31,0,3,0,여유,0,3,4,4,7.98,1,1,0,0,0,0,0,0,1,0,0,1,0,0,0,0,0,0
29,6,1,1,4.645,5,47,0,,,매우혼잡,,,,,0.96,0,0,0,0,0,0,0,0,0,0,0,0,0,0,0,0,1,1
21,6,0,1,4.722,1,57,1,,,혼잡,,,,,0.89,0,0,0,0,0,0,0,0,0,0,0,0,0,1,0,1,0,1
58,12,1,1,5.195,5,54,0,4,0,매우혼잡,0,4,4,3,0.86,1,0,0,0,0,0,0,0,0,0,1,0,0,0,0,1,0,0
40,6,0,17,1.297,7,27,0,,,매우혼잡,,,,,3.17,0,1,0,1,0,0,0,1,1,0,1,0,1,1,1,1,0,1
33,12,0,1,4.643,14,66,0,4,0,여유,0,4,4,5,0.86,1,0,0,0,0,0,0,0,0,0,0,0,0,0,0,0,0,0
40,1,0,4,2.166,1,27,1,4,0,보통,0,3,4,3,1.33,1,0,0,0,0,0,0,0,0,0,0,0,0,0,1,0,0,0
15,12,0,24,0.86,8,24,0,3,0,여유,0,3,3,3,2.99,1,1,0,0,0,0,0,0,0,0,0,0,0,1,0,0,1,0
32,6,1,16,1.276,7,9,0,3,0,보통,0,3,3,2,2.87,1,0,0,0,0,0,0,0,0,0,1,0,1,0,0,0,0,0
32,12,0,1,5.113,28,68,0,4,0,여유,0,5,5,4,0.97,1,0,0,0,0,0,0,0,0,0,0,0,0,0,0,0,0,1
37,6,0,47,0.476,11,0,0,,,보통,,,,,3.22,0,0,0,0,0,0,0,1,0,0,0,0,0,0,0,0,1,0
31,3,0,4,2.402,2,28,0,3,0,혼잡,0,3,3,3,1.48,1,1,0,0,0,0,1,0,0,0,0,0,0,1,0,0,0,0
45,12,0,3,3.26,8,33,0,2,0,보통,0,3,3,3,1.26,1,0,0,0,0,0,0,0,0,0,0,0,0,0,1,1,0,1
15,3,0,2,3.81,2,50,0,,,보통,,,,,1.28,0,0,0,0,0,0,0,1,0,0,0,0,0,0,1,0,0,0
39,12,0,4,3.026,19,40,0,,,여유,,,,,1.61,0,1,1,0,0,0,0,0,0,0,1,0,0,0,0,0,0,0
32,3,0,21,0.748,1,27,0,4,0,매우혼잡,0,2,4,3,2.22,1,0,0,0,0,0,1,0,0,0,1,1,0,1,0,1,0,0
15,1,1,3,2.666,1,42,0,2,0,혼잡,0,2,2,3,1.16,1,0,0,0,0,0,1,1,1,1,0,0,0,0,0,1,0,0
31,3,0,8,1.637,0,45,0,1,1,혼잡,0,3,3,2,1.83,1,0,0,0,0,0,0,0,0,0,0,0,0,0,1,1,1,1
27,12,1,3,3.308,10,45,0,3,0,여유,0,3,3,3,1.39,1,0,0,0,0,0,0,0,0,0,0,0,0,0,0,0,1,0
41,1,1,4,3.027,0,33,1,,,혼잡,,,,,1.71,0,0,0,0,0,0,1,1,0,0,1,0,0,0,0,0,0,0
35,6,1,3,2.267,5,24,0,,,매우혼잡,,,,,1.02,0,1,0,0,0,0,0,0,0,1,1,0,1,1,0,1,1,1
34,3,1,3,3.63,2,30,1,,,혼잡,,,,,1.52,0,0,0,0,0,0,0,0,0,0,1,1,0,0,0,0,0,0
31,6,0,3,2.843,12,35,0,4,0,여유,0,4,3,3,1.15,1,0,1,0,0,0,0,0,0,0,0,0,0,0,0,0,0,0
39,1,0,19,1.098,3,21,0,3,0,보통,0,3,3,1,2.94,1,1,0,0,0,0,0,0,0,1,0,1,0,1,0,0,1,0
29,12,0,3,3.149,18,49,0,4,0,매우혼잡,0,4,3,3,1.54,1,0,0,0,0,0,0,0,0,0,1,0,1,0,0,0,0,0
58,12,0,47,0.409,10,22,0,,,혼잡,,,,,2.74,0,0,0,0,0,0,1,0,0,0,1,1,0,0,0,0,0,0
37,12,0,5,2.326,5,44,0,4,0,보통,0,3,3,3,1.65,1,0,0,0,0,0,0,0,1,0,0,0,0,1,0,0,0,1
36,6,1,3,3.526,9,26,0,,,매우혼잡,,,,,1.27,0,1,0,0,0,0,0,0,0,0,1,1,0,1,0,0,0,0
15,6,0,24,2.825,6,28,1,4,0,보통,0,4,4,3,9.84,1,1,0,0,0,0,0,0,0,0,0,0,0,0,0,0,0,0
29,1,1,3,2.907,2,41,0,3,0,혼잡,1,3,3,2,1.34,1,0,0,0,0,0,0,1,0,1,1,0,1,1,0,0,0,0
44,6,1,2,3.628,6,44,0,4,0,여유,1,4,4,2,1.2,1,0,0,0,0,0,0,0,0,0,0,1,0,0,0,0,0,0
15,12,0,14,1.092,1,26,0,,,보통,,,,,2.23,0,1,0,1,0,0,1,0,0,1,0,0,0,0,0,1,0,0
46,6,0,27,0.74,1,19,0,,,보통,,,,,2.86,0,1,0,0,0,0,0,1,1,0,1,0,0,0,0,0,0,0
30,12,1,2,3.9,5,35,1,3,0,여유,0,3,4,3,1.3,1,0,0,0,0,0,0,1,0,0,1,0,0,0,1,0,1,1
54,1,0,60,0.0,1,12,1,2,1,보통,0,2,4,2,3.18,1,1,0,0,0,0,0,1,1,0,0,0,0,0,0,1,0,0
17,12,0,14,1.142,33,36,0,3,0,보통,0,4,4,3,2.28,1,0,0,0,0,0,0,0,0,0,1,0,0,0,1,0,0,0
43,12,1,2,4.534,8,56,1,4,0,보통,1,4,5,3,1.01,1,0,0,0,0,0,0,0,0,0,0,1,0,1,0,0,0,0
43,12,1,1,6.213,10,79,1,5,0,혼잡,0,4,4,3,0.89,1,0,0,0,0,0,0,0,0,0,0,0,0,0,0,0,0,0
31,3,0,6,2.135,4,36,0,,,보통,,,,,1.76,0,0,0,1,0,0,0,0,0,0,0,0,0,0,0,0,0,0
15,6,1,3,3.915,19,50,0,4,0,혼잡,0,4,4,4,1.66,1,0,0,0,0,0,1,0,0,0,0,0,0,0,0,0,0,1
49,3,1,2,4.148,0,62,1,2,0,보통,0,3,3,3,1.1,1,0,0,0,0,0,0,0,0,0,1,0,0,0,0,0,0,0
46,1,0,24,0.878,0,22,0,2,0,여유,0,3,3,4,3.06,1,0,0,0,0,0,0,0,1,1,0,0,0,0,0,0,0,0
37,6,0,5,2.437,3,35,0,3,0,혼잡,1,3,4,2,1.57,1,0,0,1,0,0,0,0,0,0,0,1,1,1,0,0,0,0
39,6,0,13,1.476,10,33,0,,,혼잡,,,,,2.78,0,0,0,0,0,0,0,0,1,0,0,0,0,0,0,0,1,0
44,12,0,13,1.671,18,25,1,,,혼잡,,,,,3.21,0,1,0,0,0,0,0,0,1,0,0,1,0,0,0,1,0,0
42,12,1,4,2.682,25,43,0,3,0,보통,0,3,4,2,1.64,1,0,0,0,0,0,0,0,1,0,0,0,0,0,0,0,0,0
36,6,0,4,2.753,7,20,0,,,여유,,,,,1.43,0,0,0,0,0,0,0,0,0,0,0,0,0,0,0,0,0,0
44,3,0,12,1.194,1,10,0,3,0,여유,0,3,3,3,2.02,1,1,0,0,0,0,0,0,0,0,0,0,0,1,0,0,0,0
27,1,1,3,2.908,1,62,0,2,0,보통,0,3,3,4,1.24,1,0,0,0,0,0,0,0,0,0,0,0,0,0,0,0,1,0
28,12,0,42,0.383,18,13,0,2,1,혼잡,0,2,2,4,2.28,1,1,1,0,0,0,1,0,0,0,0,0,0,1,0,1,0,0
37,1,1,2,4.278,5,69,1,4,0,혼잡,1,4,5,3,0.99,1,0,0,0,0,0,0,0,0,0,1,0,0,0,0,0,0,0
44,3,1,4,2.319,6,55,0,4,0,보통,0,3,4,3,1.21,1,0,0,0,0,0,0,0,0,0,0,0,0,0,0,1,0,0
19,12,0,8,1.844,10,22,1,,,혼잡,,,,,2.21,0,1,0,0,0,0,0,0,1,0,0,0,0,1,0,0,0,1
44,12,0,34,0.624,5,15,0,,,보통,,,,,3.01,0,0,0,0,0,0,0,1,1,0,1,1,1,1,0,0,0,0
20,3,0,20,0.975,4,23,0,,,혼잡,,,,,2.74,0,1,0,1,1,0,1,0,0,1,0,0,1,0,0,1,1,1
34,12,0,1,5.353,7,56,1,,,매우혼잡,,,,,0.98,0,0,0,0,0,0,0,0,0,0,0,0,0,1,0,0,1,0
40,3,0,41,0.49,2,38,0,2,0,매우혼잡,0,2,2,2,2.89,1,1,0,0,0,1,0,1,0,1,1,0,0,0,1,1,0,0
39,6,0,3,2.449,7,27,0,4,0,여유,0,3,4,4,1.11,1,0,0,0,0,0,0,0,1,0,0,0,0,0,0,0,0,0
54,12,1,6,1.823,8,30,0,,,보통,,,,,1.67,0,0,1,0,0,0,0,0,1,0,0,0,0,0,0,0,0,0
27,12,1,4,2.662,5,36,0,4,0,보통,0,3,3,4,1.5,1,0,0,0,0,0,0,0,1,0,0,0,0,0,0,0,1,0
29,12,0,9,1.912,2,21,0,,,보통,,,,,2.54,0,1,0,0,0,0,0,0,0,0,0,1,0,1,0,0,0,0
21,3,0,60,0.0,2,11,0,,,혼잡,,,,,3.18,0,1,0,0,0,0,0,0,1,0,0,0,1,0,0,0,0,1
27,6,0,10,1.735,4,25,0,,,보통,,,,,2.45,0,1,0,0,0,0,0,1,0,0,1,0,0,0,0,0,0,0
47,3,0,3,3.339,4,50,0,3,0,보통,0,4,4,4,1.36,1,0,0,0,0,0,0,0,0,0,0,0,1,0,0,0,1,0
33,12,0,13,2.074,28,20,1,2,1,혼잡,0,4,3,3,3.81,1,0,0,0,0,0,0,0,0,0,0,0,0,0,1,0,0,0
42,6,0,16,0.874,6,24,0,,,혼잡,,,,,2.04,0,1,0,0,0,0,0,0,0,0,1,0,0,0,0,0,0,0
24,12,0,2,4.389,9,43,1,3,0,보통,0,5,4,5,0.99,1,0,0,0,0,0,0,0,0,0,0,0,0,0,0,1,0,0
26,1,0,4,2.775,1,35,0,4,0,여유,0,3,3,3,1.5,1,0,0,0,0,0,0,0,0,0,0,0,0,0,0,0,0,0
32,3,0,59,0.0,3,20,0,2,0,매우혼잡,1,2,2,1,2.51,1,1,0,0,0,1,0,0,1,0,1,1,1,1,0,0,0,1
34,12,1,1,4.492,13,68,0,4,0,보통,0,4,4,4,0.9,1,0,0,0,0,0,0,0,0,0,0,0,0,0,0,0,0,0
33,12,1,1,4.503,3,59,1,,,매우혼잡,,,,,0.8,0,0,0,0,0,0,0,0,0,0,1,1,0,1,1,0,0,0
29,12,1,11,1.378,6,20,0,,,혼잡,,,,,2.13,0,1,0,1,1,0,0,1,0,0,0,1,1,1,0,0,0,0
43,12,0,4,2.361,8,26,1,3,0,혼잡,0,4,4,2,1.29,1,0,0,0,0,0,0,0,0,0,1,1,0,1,0,0,0,0
37,1,0,5,2.341,3,21,0,,,혼잡,,,,,1.77,0,0,0,0,0,0,0,1,0,1,0,0,0,0,0,0,0,0
35,6,1,1,4.142,17,62,0,4,0,여유,0,5,4,4,0.85,1,0,0,0,0,0,0,0,0,1,0,0,0,0,0,1,0,0
15,6,0,60,0.241,4,2,0,,,보통,,,,,2.64,0,1,0,0,0,0,0,0,0,0,0,0,0,0,0,0,0,0
33,3,1,13,2.492,2,32,0,3,0,여유,0,4,3,4,4.79,1,0,1,0,0,0,0,0,0,0,0,0,0,1,0,0,0,0
19,12,0,3,3.663,27,64,0,4,0,보통,0,4,4,4,1.42,1,0,0,0,0,0,0,0,1,0,0,0,0,0,0,0,0,0
34,6,0,60,0.0,4,21,0,,,혼잡,,,,,2.84,0,1,0,0,0,0,0,1,1,1,1,1,1,1,0,1,0,1
18,12,0,1,5.749,12,80,1,,,여유,,,,,0.88,0,0,0,0,0,0,0,0,0,0,0,0,0,0,0,0,0,0
19,1,0,7,1.872,2,56,0,4,0,여유,0,4,3,3,1.85,1,0,0,0,0,0,0,0,0,0,0,0,0,0,0,0,0,0
31,6,0,2,3.929,6,43,0,4,0,여유,0,4,4,4,1.17,1,0,0,0,0,1,0,0,0,0,0,0,0,0,0,0,0,0
50,3,0,60,0.342,6,28,0,3,0,보통,0,3,2,3,3.22,1,1,0,0,1,0,0,0,0,0,0,0,0,0,0,0,0,0
24,12,1,2,3.669,3,44,0,,,보통,,,,,1.12,0,0,0,0,0,0,0,0,0,0,0,0,0,1,0,1,0,0
27,12,0,3,3.387,9,30,1,,,혼잡,,,,,1.32,0,0,0,0,0,1,0,0,0,0,1,0,1,0,0,0,0,0
35,3,0,60,1.492,0,31,0,,,보통,,,,,14.01,0,1,1,0,0,0,0,0,1,0,1,0,0,0,0,0,0,0
33,12,0,59,0.361,8,20,0,2,0,혼잡,0,2,2,2,3.06,1,1,0,0,1,0,0,1,0,0,0,1,1,0,0,0,1,0
46,3,0,27,0.736,1,16,0,,,보통,,,,,2.84,0,1,0,0,0,0,0,1,1,0,0,0,0,1,0,0,0,0
42,12,0,36,0.469,11,27,0,,,보통,,,,,2.42,0,1,1,0,0,0,0,0,0,0,0,0,0,0,0,0,0,0
29,12,1,5,2.436,6,31,0,4,0,보통,0,3,4,3,1.74,1,1,0,0,0,0,0,0,0,0,1,0,0,0,0,0,0,0
22,1,0,12,1.545,2,37,0,,,혼잡,,,,,2.57,0,1,0,0,0,0,1,0,1,1,0,1,0,1,0,0,0,0
35,6,0,10,1.389,4,38,0,4,0,혼잡,1,3,4,2,2.03,1,0,0,0,0,0,0,0,0,0,0,1,1,1,0,0,0,0
51,3,0,13,2.966,0,28,0,3,0,보통,0,4,3,3,5.36,1,1,0,1,0,0,0,0,0,0,1,0,0,0,0,0,0,0
33,12,0,5,2.386,11,31,1,,,혼잡,,,,,1.63,0,0,0,0,0,0,0,0,0,0,0,0,0,0,0,0,0,0
23,12,1,15,1.171,21,10,0,2,0,보통,0,3,2,3,2.56,1,0,1,0,0,0,0,0,1,0,0,1,0,0,0,1,0,0
53,12,0,6,2.087,7,31,0,,,보통,,,,,1.69,0,1,0,0,1,1,0,1,0,1,1,1,1,1,0,0,0,1
24,6,1,1,4.678,6,67,1,,,혼잡,,,,,0.93,0,0,0,0,0,0,0,0,0,1,0,0,0,0,0,0,0,0
15,12,0,10,1.442,16,18,0,,,보통,,,,,2.16,0,0,0,0,0,0,0,0,0,0,0,0,0,0,0,1,0,0
46,12,0,10,1.652,21,12,0,3,0,여유,0,3,2,3,2.38,1,1,0,0,1,0,1,0,0,0,1,0,0,0,0,0,0,0
29,6,0,3,2.658,3,38,0,4,0,보통,0,3,4,3,1.18,1,0,0,0,0,0,0,1,0,0,0,0,0,1,0,0,0,0
34,6,1,1,6.075,16,68,1,5,0,여유,0,5,5,5,1.05,1,0,0,0,0,0,0,0,0,0,0,0,0,0,0,0,0,0
34,1,1,38,1.748,6,31,0,,,혼잡,,,,,9.39,0,1,0,0,0,0,0,0,1,0,0,0,1,1,0,0,1,0
23,6,1,3,3.636,20,38,0,3,0,혼잡,0,4,4,3,1.53,1,0,0,0,0,1,0,0,0,0,0,0,0,0,0,0,0,0
25,12,0,2,3.018,11,35,1,3,0,보통,0,4,4,3,1.07,1,0,0,0,0,0,0,0,0,0,0,1,0,1,0,0,0,0
16,12,1,3,3.338,11,37,1,,,보통,,,,,1.35,0,0,0,0,0,0,0,0,0,0,1,1,0,0,0,0,0,0
31,12,0,5,2.506,2,35,0,,,보통,,,,,1.77,0,0,0,0,0,0,0,0,0,1,0,0,0,0,0,0,0,0
42,12,0,16,1.211,2,31,0,,,혼잡,,,,,2.71,0,1,1,0,0,0,0,0,0,0,1,1,1,0,1,0,1,1
31,6,1,1,4.104,6,28,0,,,혼잡,,,,,0.81,0,0,0,0,0,0,0,0,0,0,0,0,0,1,0,0,0,1
35,6,0,60,0.915,1,21,1,,,혼잡,,,,,11.95,0,1,0,0,0,0,1,0,1,0,1,0,0,1,0,0,0,0
36,12,0,3,3.131,7,32,0,4,0,보통,0,3,3,4,1.49,1,0,0,0,0,0,0,0,0,1,0,0,0,0,0,0,0,0
25,6,0,3,3.196,6,31,1,,,보통,,,,,1.3,0,0,0,0,0,0,0,0,0,0,0,0,0,0,0,0,1,0
25,3,0,6,2.014,7,27,0,4,0,보통,0,4,4,4,1.79,1,0,0,0,0,0,0,0,0,1,0,0,0,0,0,0,0,0
39,12,0,56,0.395,3,21,0,,,여유,,,,,3.14,0,1,0,0,0,1,0,0,0,1,0,0,0,1,0,0,0,1
36,6,1,3,3.193,17,45,1,,,여유,,,,,1.43,0,0,0,0,0,0,0,0,1,0,0,0,0,0,0,0,0,0
32,3,0,60,0.0,2,2,0,2,0,보통,1,2,2,1,3.15,1,0,0,1,1,0,0,1,0,1,1,1,0,0,0,0,0,1
49,6,0,2,4.028,3,56,1,4,0,혼잡,0,4,4,3,1.07,1,0,0,0,0,0,0,0,0,0,1,1,0,0,0,0,0,0
48,12,0,3,2.752,7,27,0,,,보통,,,,,1.32,0,0,0,0,0,0,0,0,0,1,1,0,0,0,0,0,0,0
21,6,1,2,3.493,10,55,0,,,보통,,,,,1.03,0,0,0,0,1,1,0,0,0,0,0,0,1,1,0,0,0,0
26,3,1,2,4.113,3,66,1,,,여유,,,,,1.09,0,0,0,0,1,0,0,0,0,0,0,0,0,0,0,1,0,0
28,12,0,3,2.922,8,38,1,,,혼잡,,,,,1.09,0,0,0,0,0,0,0,0,0,0,1,1,0,0,1,0,0,1
43,3,0,5,2.444,4,43,0,2,0,혼잡,0,3,3,3,1.62,1,0,0,0,0,0,0,0,0,0,0,0,0,0,1,0,1,1
28,3,1,4,2.649,3,37,0,4,0,여유,0,3,3,3,1.39,1,0,0,0,0,1,0,0,1,0,0,0,0,1,0,0,0,0
41,12,0,11,1.372,11,36,0,,,매우혼잡,,,,,2.21,0,0,0,0,0,0,0,0,0,0,1,0,0,1,0,0,0,0
37,6,1,5,2.174,17,46,0,2,1,보통,0,3,3,3,1.46,1,0,0,0,0,0,0,0,0,1,0,1,0,1,1,0,1,1
41,3,0,13,1.101,7,15,0,,,매우혼잡,,,,,2.1,0,1,0,0,0,0,0,1,0,0,1,1,1,0,0,1,1,0
24,1,0,3,2.699,7,37,0,3,0,보통,0,3,3,3,1.13,1,0,0,0,0,0,0,1,0,0,0,0,0,0,0,0,0,0
29,3,0,7,1.916,18,31,0,,,여유,,,,,1.97,0,0,0,0,1,0,0,1,0,1,0,0,0,0,0,0,0,0
15,12,1,4,3.355,7,44,0,3,0,보통,0,2,2,3,1.7,1,1,0,0,0,0,0,1,0,0,1,0,0,0,0,0,0,0
31,12,0,30,0.507,9,20,0,2,0,혼잡,0,3,3,1,2.19,1,1,0,0,0,0,0,0,0,0,1,0,1,1,0,0,1,1
30,3,0,4,3.015,10,16,1,4,0,여유,0,3,4,4,1.76,1,0,0,0,0,0,1,0,1,0,0,0,0,0,0,0,0,0
40,12,0,2,4.355,28,36,0,4,0,보통,0,4,4,5,0.95,1,0,0,0,0,0,0,0,0,0,0,0,0,0,0,0,0,0
33,3,0,37,0.512,1,8,0,,,보통,,,,,2.73,0,1,1,0,1,0,0,0,0,0,0,0,0,0,0,1,0,0
37,12,0,3,2.524,12,38,0,,,혼잡,,,,,1.19,0,0,0,0,0,0,0,0,0,0,0,1,0,0,0,1,0,0
32,6,1,4,2.904,5,53,0,3,0,보통,0,4,3,3,1.62,1,0,0,0,0,0,0,0,0,0,1,0,0,0,0,0,0,0
45,6,0,33,0.701,1,17,0,,,보통,,,,,3.28,0,1,0,0,0,0,0,0,1,0,0,0,0,1,0,0,0,0
35,6,0,7,4.42,2,49,1,3,0,혼잡,1,3,5,2,4.72,1,1,0,0,0,0,0,0,0,0,0,0,0,1,0,0,0,0
36,3,0,20,0.76,8,35,0,3,0,혼잡,0,3,3,2,2.12,1,0,0,0,0,1,0,1,0,1,1,1,0,1,1,0,0,0
34,6,1,4,2.228,12,23,0,,,매우혼잡,,,,,1.22,0,0,0,0,0,0,0,0,0,0,0,0,1,0,0,0,0,1
42,12,0,3,3.725,24,41,0,,,혼잡,,,,,1.4,0,0,0,0,0,0,0,0,0,0,1,1,0,0,0,0,0,0
35,12,1,4,2.349,2,23,0,3,0,보통,0,3,3,3,1.31,1,0,0,0,0,1,0,0,1,1,0,0,0,0,0,0,0,0
35,6,0,6,2.044,13,35,1,3,0,보통,0,3,4,2,1.62,1,0,0,0,0,0,0,1,0,0,0,1,0,1,1,1,0,0
25,6,0,4,2.078,2,37,0,,,혼잡,,,,,1.1,0,0,0,0,0,0,0,0,0,1,1,1,0,0,0,0,1,0
41,12,0,59,0.0,18,3,0,,,혼잡,,,,,2.51,0,0,0,0,0,0,0,0,0,0,1,1,0,1,1,1,0,0
46,12,1,1,5.217,3,68,0,5,0,여유,0,4,4,4,1.03,1,0,0,0,0,0,0,0,0,0,0,0,0,0,0,0,0,0
40,1,0,60,0.096,1,29,0,2,0,혼잡,1,2,2,1,2.71,1,1,0,0,0,0,1,0,1,0,1,1,1,0,1,0,1,0
50,6,1,16,1.236,7,16,0,2,0,혼잡,0,3,2,2,2.81,1,0,0,0,1,0,0,0,0,0,0,1,0,0,0,1,0,1
41,12,0,4,2.891,13,53,1,3,0,여유,0,4,4,4,1.73,1,0,0,0,0,0,0,0,0,0,0,0,0,0,0,1,0,0
54,3,1,3,2.994,3,39,0,,,혼잡,,,,,1.31,0,0,0,0,0,0,0,0,0,0,0,0,1,0,0,0,0,1
41,12,1,18,2.609,4,26,0,,,혼잡,,,,,6.88,0,1,1,1,0,0,0,0,0,1,1,0,1,0,0,1,0,0
30,12,0,60,0.0,1,21,0,,,보통,,,,,3.13,0,0,0,0,0,0,0,0,0,0,1,0,0,0,0,0,0,1
31,3,0,5,2.037,1,44,0,2,0,혼잡,0,4,2,2,1.52,1,0,1,0,0,0,0,0,0,0,0,0,1,1,0,1,0,1
18,12,1,2,4.236,6,55,0,3,0,보통,0,3,3,4,0.98,1,0,0,0,0,0,0,0,0,0,0,0,1,0,0,0,0,0
62,12,0,2,4.133,20,62,1,3,0,여유,0,4,4,5,1.09,1,0,0,0,0,0,0,0,0,0,0,0,0,0,0,0,0,0
32,12,0,3,3.325,4,38,0,,,보통,,,,,1.6,0,1,0,0,0,0,0,1,0,0,0,0,0,0,0,0,1,0
33,12,0,8,1.974,14,47,0,3,0,보통,0,2,3,4,2.15,1,0,0,0,0,0,0,0,1,0,0,0,0,1,0,0,0,0
32,12,1,1,4.808,12,73,1,4,0,여유,0,5,5,5,0.81,1,0,0,0,0,0,0,0,0,0,0,0,0,0,0,0,0,0
25,3,0,3,2.658,2,25,0,,,매우혼잡,,,,,1.25,0,0,0,0,0,0,0,0,0,0,0,0,0,1,1,0,0,0
56,1,0,3,2.557,1,42,0,3,0,보통,0,4,2,3,1.21,1,0,0,1,0,0,0,0,0,0,1,0,0,0,1,0,0,0
36,12,1,1,6.5,20,59,1,,,여유,,,,,0.84,0,0,0,0,0,0,0,0,0,0,0,0,0,0,0,0,0,0
35,1,0,4,2.606,2,36,0,4,0,보통,0,3,3,2,1.42,1,0,0,0,0,0,0,1,0,0,1,1,0,0,0,0,0,0
30,3,0,8,4.479,8,50,0,4,0,여유,0,5,5,4,4.83,1,0,0,0,0,0,0,0,0,0,0,0,0,0,0,0,0,0
35,1,0,3,2.636,5,36,1,,,혼잡,,,,,1.2,0,0,0,0,0,0,0,0,1,1,1,0,1,0,0,0,0,0
42,6,0,12,3.525,15,46,1,3,0,혼잡,0,4,4,3,6.15,1,1,0,0,0,0,0,0,0,0,0,1,0,0,0,0,0,0
46,12,1,11,1.912,17,12,0,2,0,여유,0,2,3,2,2.98,1,1,0,0,0,0,0,0,0,0,0,0,0,0,0,0,0,0
42,6,1,3,2.492,1,29,1,2,0,혼잡,0,4,5,2,1.03,1,0,0,0,0,0,0,0,0,0,1,0,0,0,1,0,0,1
64,12,1,2,4.098,19,28,1,,,보통,,,,,1.05,0,0,0,0,0,0,0,0,0,0,0,1,0,1,0,0,0,0
24,6,0,8,1.497,0,32,0,4,0,보통,0,3,3,4,1.67,1,1,0,0,0,0,0,0,1,0,0,0,0,0,0,0,0,0
54,12,0,4,2.619,7,43,1,,,보통,,,,,1.62,0,0,1,0,0,0,0,0,0,1,1,0,0,0,0,0,0,0
21,12,0,2,3.335,7,36,1,3,0,보통,0,4,4,4,1.11,1,0,0,0,0,0,0,0,0,0,0,0,1,0,0,1,0,0
20,3,0,3,2.578,0,47,0,,,보통,,,,,1.06,0,0,0,1,0,0,0,0,0,0,0,1,0,0,1,0,0,0
17,1,0,3,3.474,3,40,0,3,0,여유,0,2,4,3,1.48,1,0,0,0,0,0,0,0,0,0,0,0,0,0,0,0,0,1
47,3,0,12,1.386,3,30,0,3,0,혼잡,0,3,3,3,2.38,1,0,0,0,0,1,0,0,0,0,1,1,0,0,1,1,0,0
47,6,1,1,5.064,13,48,0,4,0,혼잡,0,3,4,4,0.99,1,0,0,0,0,0,0,0,0,1,0,0,0,0,0,0,0,0
41,6,1,1,5.459,4,57,1,3,0,혼잡,0,4,4,4,0.91,1,0,0,1,0,0,0,0,0,0,0,0,0,0,0,1,0,1
53,6,0,4,3.076,3,34,1,3,0,혼잡,0,2,4,2,1.79,1,0,0,0,0,0,0,0,0,0,1,1,0,0,0,0,0,1
15,1,0,26,0.605,2,24,0,,,혼잡,,,,,2.24,0,0,0,0,0,0,0,0,0,0,1,1,0,1,1,1,1,0
47,12,1,8,1.83,2,22,0,3,0,여유,0,3,2,2,2.05,1,0,0,0,0,1,0,0,0,0,0,1,0,0,0,0,0,0
15,3,0,12,1.313,4,6,0,3,0,보통,0,1,3,2,2.24,1,1,0,0,1,0,0,0,0,1,1,1,0,0,1,0,0,1
40,12,0,4,2.019,9,43,0,4,0,보통,0,3,3,2,1.12,1,0,0,0,0,0,0,0,0,0,1,0,0,0,0,0,0,0
33,1,0,6,2.056,1,17,0,,,여유,,,,,1.8,0,0,0,0,0,0,0,1,0,1,0,0,1,0,0,1,0,1
26,1,1,1,5.332,1,71,1,,,혼잡,,,,,0.87,0,0,0,0,0,0,0,0,0,0,0,0,1,0,0,0,0,0
18,12,0,1,5.004,25,54,1,4,0,매우혼잡,0,3,3,3,0.82,1,1,0,0,0,0,0,0,0,1,0,0,1,0,0,0,0,0
23,3,1,4,2.671,19,52,0,,,보통,,,,,1.66,0,1,0,0,0,0,0,0,0,0,0,0,1,0,0,0,0,0
26,1,0,7,1.552,0,40,0,2,0,보통,0,3,3,2,1.59,1,0,0,0,0,0,0,1,0,0,0,0,0,0,1,0,1,0
15,12,0,4,2.578,6,27,0,4,0,혼잡,0,3,4,3,1.41,1,1,0,0,0,0,0,0,0,0,0,0,0,0,0,0,0,0
26,3,0,8,1.782,10,24,0,3,0,혼잡,0,3,3,3,2.1,1,0,0,0,0,0,1,1,0,0,0,1,1,0,1,0,0,0
15,6,0,6,2.021,9,19,0,,,여유,,,,,1.68,0,0,0,0,0,0,0,1,0,0,0,0,0,0,0,0,1,0
30,6,0,2,3.875,23,55,0,4,0,혼잡,0,5,4,3,1.22,1,0,0,0,0,0,0,0,0,0,0,0,0,0,0,0,0,0
20,3,0,2,4.179,1,49,1,4,0,보통,0,4,4,4,1.1,1,0,0,0,0,0,0,0,0,0,0,0,0,0,0,0,1,0
21,6,0,5,2.2,2,44,0,,,여유,,,,,1.52,0,1,0,0,0,0,0,0,1,0,0,0,0,0,0,0,0,0
37,12,0,15,1.286,11,23,0,,,보통,,,,,2.83,0,1,1,1,0,1,0,0,0,0,0,0,0,0,0,1,1,1
38,3,0,60,0.0,3,0,0,3,0,보통,0,4,2,2,3.23,1,0,0,1,0,0,0,1,0,0,0,1,1,0,0,0,0,1
15,6,0,4,2.66,10,40,0,3,0,혼잡,0,2,3,2,1.68,1,1,0,1,0,0,0,0,1,0,0,1,0,0,0,0,1,0
21,3,0,15,1.275,1,9,0,,,혼잡,,,,,2.81,0,1,1,0,0,0,0,0,0,1,0,0,0,0,1,1,1,0
32,3,0,2,4.066,2,69,1,,,보통,,,,,0.98,0,0,0,0,0,0,1,0,0,0,0,0,0,0,0,0,0,0
50,3,0,5,2.333,3,9,0,,,보통,,,,,1.62,0,0,1,0,0,0,0,0,0,0,0,0,0,0,0,0,0,0
49,12,1,1,5.416,15,72,0,4,0,혼잡,1,4,3,3,1.01,1,0,0,0,0,0,0,0,0,0,0,0,0,1,0,0,0,0
33,6,0,11,1.553,4,33,0,,,보통,,,,,2.41,0,1,0,0,0,1,0,0,1,0,1,1,0,0,1,0,0,0
22,3,0,8,1.702,8,37,0,3,0,여유,0,3,4,3,1.95,1,0,0,0,0,0,0,0,0,0,0,0,0,0,0,0,0,0
41,12,0,19,1.134,2,29,0,,,보통,,,,,3.15,0,1,1,0,1,0,1,0,0,0,0,0,0,0,0,1,1,0
51,12,0,51,0.369,32,5,1,,,혼잡,,,,,2.69,0,1,0,0,0,1,0,0,0,0,0,0,1,1,0,0,0,1
33,6,1,18,1.071,9,19,0,2,0,매우혼잡,0,2,2,1,2.8,1,1,1,1,0,0,0,0,0,0,1,1,1,1,0,1,0,0
28,12,1,3,2.402,22,19,0,,,매우혼잡,,,,,1.13,0,1,1,0,0,0,1,0,0,0,0,0,0,0,0,0,0,0
31,12,0,2,4.022,21,63,1,,,보통,,,,,1.1,0,0,0,0,0,0,0,0,0,0,0,0,0,0,0,0,0,0
15,6,0,1,5.695,24,69,1,,,혼잡,,,,,1.04,0,0,0,0,0,0,0,0,0,0,1,1,0,0,1,0,0,0
32,6,0,4,3.052,6,46,0,,,혼잡,,,,,1.6,0,0,0,0,0,1,0,0,0,0,0,0,0,0,0,0,0,0
22,3,0,3,3.686,2,57,1,3,1,보통,0,4,4,3,1.79,1,0,0,0,0,0,1,0,0,0,0,1,0,0,0,0,0,0
28,3,0,4,2.394,8,28,1,2,0,혼잡,0,2,3,3,1.24,1,0,0,0,0,0,0,0,0,0,0,0,1,0,1,1,0,1
33,12,0,3,2.315,2,33,1,,,보통,,,,,1.05,0,0,0,0,0,0,0,1,0,0,0,0,0,0,0,0,0,0
28,12,0,60,0.327,6,17,0,3,0,보통,0,2,3,3,3.0,1,1,0,0,1,1,0,0,1,0,0,0,0,0,0,0,1,0
36,6,0,11,1.441,2,0,1,,,보통,,,,,2.27,0,1,0,1,0,0,0,1,1,0,0,0,0,0,0,0,1,1
21,6,1,2,2.926,6,55,1,3,0,보통,0,3,4,3,1.04,1,0,0,0,0,0,0,0,0,0,0,0,0,1,1,0,0,0
50,12,0,3,2.635,4,32,0,4,0,보통,0,3,3,3,1.11,1,0,0,0,0,0,0,0,0,0,0,0,1,0,0,0,0,0
15,12,0,3,3.873,13,37,1,3,0,여유,0,3,4,4,1.65,1,1,0,0,0,0,0,1,0,0,0,0,0,0,0,0,0,0
36,1,1,9,1.371,1,32,1,1,1,보통,1,3,4,2,1.81,1,0,0,0,0,1,1,0,0,0,1,0,0,0,1,1,1,1
56,12,0,4,3.445,8,27,0,3,0,보통,0,3,2,3,1.75,1,1,0,0,0,0,1,1,0,0,0,1,0,1,1,0,0,0
25,12,0,48,0.0,6,18,0,,,혼잡,,,,,2.06,0,1,0,0,0,0,0,0,0,1,1,1,1,1,1,1,1,1
31,1,0,21,1.77,7,35,0,2,0,여유,0,3,3,3,5.4,1,1,0,1,0,0,0,0,0,1,0,1,0,0,0,0,0,0
34,12,1,3,3.806,8,31,0,,,보통,,,,,1.58,0,0,0,0,0,0,0,0,0,0,0,0,0,0,0,0,0,1
24,6,0,36,0.477,14,30,1,2,0,보통,0,3,3,2,2.42,1,0,0,0,0,0,0,0,0,0,0,0,0,0,0,1,0,1
42,6,0,4,2.66,7,24,0,2,0,매우혼잡,0,3,2,2,1.38,1,1,0,0,0,1,0,0,0,0,1,0,1,1,0,0,0,0
37,12,1,1,5.042,18,66,1,,,보통,,,,,1.06,0,0,0,0,0,0,0,0,0,0,0,0,0,0,0,0,1,0
45,3,0,60,0.322,4,32,0,3,0,보통,0,1,2,2,3.03,1,1,0,0,1,0,0,0,1,0,1,1,1,0,0,0,0,0
36,3,0,54,0.0,3,7,0,4,0,보통,0,3,1,2,2.33,1,1,0,1,1,0,0,0,0,0,0,1,1,0,0,0,0,0
30,6,0,60,0.491,19,32,0,,,혼잡,,,,,11.85,0,1,0,0,0,0,1,0,0,0,1,0,0,0,1,1,0,0
19,6,0,2,4.026,19,87,1,4,0,혼잡,0,4,4,4,0.99,1,0,0,0,0,0,0,0,0,0,0,0,0,0,0,0,0,0
29,12,0,4,3.075,19,33,1,,,여유,,,,,1.61,0,0,0,0,0,0,0,0,0,0,0,0,0,0,0,0,0,1
49,6,0,4,2.138,1,33,1,,,혼잡,,,,,1.29,0,0,0,0,0,0,0,1,0,0,1,0,0,0,0,0,0,0
23,12,1,5,2.715,30,26,0,,,혼잡,,,,,1.78,0,0,0,0,0,0,0,0,0,0,1,0,0,0,0,0,0,1
44,3,0,22,1.03,11,11,0,,,여유,,,,,3.26,0,1,0,0,0,1,0,0,1,0,0,0,0,0,0,1,0,0
37,12,0,5,2.716,6,35,1,,,혼잡,,,,,1.75,0,0,0,0,0,0,0,0,0,0,0,0,0,1,0,0,0,0
57,3,0,1,4.988,6,64,1,4,0,보통,0,5,5,4,0.9,1,0,0,0,0,0,0,1,0,0,1,0,0,0,0,0,0,0
43,3,0,2,3.706,2,67,0,,,여유,,,,,1.15,0,0,0,0,0,0,0,0,0,0,0,0,0,0,0,0,0,0
49,12,0,1,5.367,10,86,1,5,0,여유,0,5,5,5,0.93,1,0,0,0,0,0,0,0,0,0,0,0,0,0,0,0,0,0
32,1,0,60,0.0,2,16,0,,,여유,,,,,3.24,0,1,0,0,1,0,1,0,1,0,0,0,0,0,1,0,0,0
40,12,0,21,0.888,11,18,0,1,0,매우혼잡,0,2,1,2,2.67,1,1,0,1,1,0,0,0,1,0,1,0,0,0,1,1,1,1
45,12,1,2,4.028,21,37,1,,,혼잡,,,,,1.1,0,0,0,0,0,0,1,0,0,0,0,1,0,0,0,0,0,0
36,6,0,60,0.086,9,0,0,,,혼잡,,,,,2.82,0,1,0,0,0,0,0,0,0,0,1,0,1,0,0,0,1,0
33,3,0,9,1.897,7,36,0,,,여유,,,,,2.46,0,1,0,0,0,0,0,0,0,0,1,0,0,0,0,0,0,0
34,12,1,1,4.397,9,73,1,,,여유,,,,,0.9,0,0,0,1,0,0,0,0,0,0,0,0,0,0,0,0,0,0
21,12,1,12,1.763,21,28,0,3,0,매우혼잡,1,2,1,1,3.12,1,1,0,0,1,1,0,0,1,0,1,1,1,1,0,0,0,0
20,12,0,1,4.527,34,55,0,4,0,보통,0,3,4,4,0.9,1,0,0,0,0,0,0,0,0,0,0,0,0,0,0,0,0,0
22,12,1,3,3.804,23,66,0,3,0,보통,0,4,3,4,1.75,1,0,0,0,1,0,0,0,0,0,0,0,1,1,0,0,0,0
44,12,1,6,1.735,10,10,0,,,혼잡,,,,,1.56,0,1,0,0,0,0,1,0,0,0,1,0,0,0,0,1,1,0
56,12,0,30,0.522,5,17,1,3,0,보통,0,3,3,2,2.2,1,0,0,0,0,0,0,1,0,0,0,0,0,1,0,0,0,0
19,6,0,14,1.541,4,0,0,,,혼잡,,,,,3.19,0,1,0,1,1,0,1,1,0,1,1,0,0,0,0,0,1,1
49,12,1,2,3.654,27,47,0,4,0,여유,0,2,5,4,1.17,1,0,0,0,0,0,0,0,0,0,0,0,0,0,0,0,0,0
17,6,1,7,1.964,13,31,0,2,0,매우혼잡,1,3,3,1,1.97,1,1,0,0,0,0,0,0,1,0,1,1,1,1,1,1,1,1
49,12,0,4,2.394,36,19,0,3,0,여유,0,4,4,4,1.28,1,0,0,0,0,0,0,0,0,0,0,0,0,0,0,0,0,1
39,6,0,4,2.017,3,11,1,3,0,보통,0,3,2,2,1.01,1,0,1,0,1,1,0,0,0,0,0,0,0,0,0,0,0,0
38,3,0,3,2.532,10,41,0,2,0,혼잡,0,2,3,2,1.12,1,1,0,0,0,0,0,0,0,0,0,1,1,0,1,1,0,1
29,6,1,4,2.268,11,22,0,3,0,보통,0,4,2,3,1.45,1,1,0,0,0,1,0,0,0,0,1,0,0,0,0,0,0,0
42,6,1,3,3.253,4,49,0,,,혼잡,,,,,1.5,0,0,0,1,0,0,0,0,0,0,0,0,0,0,0,1,0,0
33,12,1,1,5.195,36,38,1,4,0,여유,0,4,5,4,0.97,1,0,0,0,0,0,0,0,0,0,0,0,0,0,0,0,0,0
21,3,0,60,0.269,4,19,0,,,보통,,,,,2.79,0,1,0,0,0,0,0,0,0,0,0,1,1,1,1,0,0,0
36,1,0,36,0.607,3,15,0,,,혼잡,,,,,3.16,0,0,0,0,0,0,1,1,1,0,1,1,0,0,1,1,0,0
41,12,0,59,0.268,21,29,0,,,보통,,,,,2.54,0,1,0,0,0,0,0,1,0,1,1,1,1,0,0,0,0,0
23,3,0,5,2.478,4,37,0,3,0,보통,0,3,3,3,1.66,1,0,0,0,0,0,0,0,0,0,0,1,0,0,0,1,0,0
26,6,1,1,5.912,6,56,0,5,0,보통,0,4,4,4,0.82,1,0,0,0,0,0,0,0,0,0,0,0,0,0,0,0,0,0
22,3,0,8,1.984,5,38,0,,,여유,,,,,2.32,0,1,0,0,0,0,0,0,0,0,0,0,0,0,0,0,0,0
23,12,0,3,3.181,15,27,1,,,혼잡,,,,,1.5,0,0,0,0,0,0,0,0,0,0,1,0,1,0,0,1,0,0
22,1,0,5,2.286,6,18,0,,,매우혼잡,,,,,1.59,0,1,0,0,0,0,0,0,0,0,0,1,1,0,0,0,0,0
32,12,0,4,2.339,5,18,0,3,0,매우혼잡,0,3,3,2,1.35,1,0,0,0,0,0,1,0,0,0,1,0,1,1,0,1,1,1
32,6,0,4,2.172,4,20,0,3,0,여유,0,3,5,2,1.36,1,0,0,0,0,0,0,0,0,0,0,0,0,0,0,1,0,1
27,12,1,16,1.224,5,19,0,,,여유,,,,,2.74,0,0,0,0,1,0,0,0,1,0,0,0,0,0,0,0,1,0
31,12,0,4,2.626,18,37,1,,,여유,,,,,1.44,0,0,0,0,0,0,1,1,0,0,1,0,0,0,0,1,0,0
39,6,0,60,0.082,3,28,0,2,0,보통,0,2,2,2,2.63,1,1,1,0,0,0,0,0,0,0,0,0,1,0,0,1,1,0
32,12,0,3,2.718,10,43,0,,,혼잡,,,,,1.13,0,0,0,0,0,0,0,0,1,0,0,1,0,0,0,0,0,0
30,12,0,4,2.286,3,32,0,,,보통,,,,,1.35,0,0,0,0,0,0,1,0,0,1,0,0,0,0,1,1,0,0
28,6,1,1,4.73,4,65,1,4,0,여유,0,5,5,3,0.84,1,0,0,0,0,0,1,0,0,0,0,0,0,1,0,0,0,0
26,6,1,2,4.204,21,63,0,,,보통,,,,,1.01,0,0,0,0,0,1,0,0,0,0,0,0,1,0,0,0,0,0
32,3,0,1,4.801,4,46,1,,,보통,,,,,0.89,0,0,0,0,0,0,0,0,0,1,1,0,0,0,0,0,0,0
21,3,0,8,1.683,12,34,0,3,0,매우혼잡,0,3,3,2,1.92,1,0,0,0,0,0,0,0,0,0,1,1,0,0,0,0,0,0
45,3,0,11,1.56,5,32,0,4,0,보통,0,3,2,3,2.53,1,0,0,0,0,0,0,0,0,0,0,1,0,0,0,0,0,0
48,12,1,1,6.846,12,73,1,3,0,매우혼잡,0,4,4,4,1.03,1,0,0,0,0,0,0,0,0,0,1,0,0,0,0,1,0,0
38,6,0,46,0.244,2,26,0,4,0,여유,0,3,4,3,1.96,1,0,0,0,0,0,0,0,0,0,0,1,0,0,0,0,0,0
31,3,1,1,5.283,5,75,1,,,혼잡,,,,,1.01,0,0,0,0,0,0,0,0,0,0,0,0,0,0,0,1,0,1
41,6,1,2,3.581,8,50,1,,,혼잡,,,,,1.03,0,0,0,0,0,0,0,1,0,0,1,0,0,0,0,0,0,0
41,6,1,1,4.102,9,59,0,4,0,혼잡,1,3,4,3,0.83,1,0,0,0,0,0,0,0,0,0,1,0,1,1,0,0,1,0
15,12,0,3,2.63,15,38,1,3,0,혼잡,0,3,4,3,1.24,1,1,0,0,0,0,0,0,0,0,0,0,0,0,0,0,0,0
31,6,0,5,2.084,0,48,1,3,0,보통,0,4,3,3,1.59,1,0,1,0,0,0,0,1,0,0,0,0,0,0,0,0,1,0
31,3,0,6,1.904,3,37,0,,,보통,,,,,1.74,0,1,0,1,0,0,0,0,0,0,0,1,0,0,0,0,1,0
38,12,1,3,2.908,30,26,0,4,0,혼잡,0,4,3,4,1.3,1,0,0,1,0,0,0,0,0,0,1,0,0,0,0,1,0,0
28,6,1,3,2.892,4,43,0,,,보통,,,,,1.17,0,0,0,0,0,0,1,1,0,0,0,0,0,0,0,0,0,0
24,12,0,5,2.612,6,31,0,,,보통,,,,,1.68,0,0,0,0,0,0,1,0,0,0,0,0,0,0,0,0,0,0
56,6,1,2,4.758,1,55,0,4,0,혼잡,0,3,4,3,1.03,1,0,0,0,0,0,1,0,0,0,1,0,0,0,0,1,0,0
25,3,1,60,1.028,1,0,0,,,여유,,,,,10.39,0,1,0,0,0,0,0,0,0,0,0,0,0,0,0,1,0,0
49,6,0,1,5.486,5,69,1,4,0,보통,0,3,5,5,1.04,1,0,0,0,0,0,0,0,0,0,0,0,0,0,0,0,0,0
29,6,0,1,4.466,21,70,0,4,0,여유,0,4,3,4,0.87,1,0,0,0,1,0,0,0,0,0,0,0,0,0,0,0,0,0
49,3,0,6,1.837,3,29,0,3,0,여유,0,4,3,3,1.58,1,1,0,0,0,0,0,0,0,0,0,0,1,0,0,0,0,0
33,12,0,7,1.715,6,31,0,2,0,보통,0,3,3,3,1.71,1,1,0,0,0,0,0,0,0,0,1,0,0,0,0,0,1,1
15,1,1,60,0.497,2,24,0,2,0,혼잡,0,3,2,2,12.16,1,1,0,0,1,0,1,1,0,0,1,0,1,1,1,0,0,0
50,3,0,60,0.0,3,21,1,1,1,여유,0,2,3,2,18.13,1,1,0,0,0,0,0,1,0,0,1,1,0,0,0,0,1,0
28,6,0,5,2.338,36,36,0,3,0,여유,0,4,3,4,1.76,1,0,0,0,0,0,0,0,0,0,0,0,0,0,0,0,0,0
37,6,0,5,2.275,12,28,0,2,0,보통,0,3,3,2,1.71,1,0,0,0,0,0,0,0,0,1,1,0,0,0,0,0,0,0
15,6,1,4,3.274,3,45,1,,,혼잡,,,,,1.79,0,1,0,0,0,0,0,0,0,0,0,0,0,0,1,1,0,0
33,6,0,10,1.613,8,23,0,3,0,보통,0,3,2,3,2.32,1,0,0,0,0,0,1,0,1,0,0,0,1,0,0,0,0,0
35,3,1,18,1.23,2,34,0,2,0,혼잡,0,3,2,2,3.11,1,1,0,0,0,0,0,0,0,0,1,1,0,0,0,0,0,1
50,3,1,2,4.841,3,52,0,4,0,매우혼잡,0,4,4,3,1.06,1,0,0,0,0,0,0,0,0,0,1,0,0,0,0,0,0,0
38,12,1,12,1.91,3,29,0,,,보통,,,,,3.17,0,0,0,0,0,0,0,1,1,0,0,0,1,0,0,0,0,0
21,12,1,4,2.069,17,44,0,3,0,보통,0,3,3,3,1.2,1,0,0,0,0,1,0,0,0,0,0,0,1,0,0,0,0,0
31,12,0,5,2.022,9,31,1,,,여유,,,,,1.45,0,0,1,0,0,0,0,0,0,0,0,0,0,0,0,0,0,0
29,3,1,3,2.836,3,54,1,3,0,여유,0,4,4,3,1.37,1,0,0,0,0,0,0,0,0,1,0,0,0,0,0,0,0,0
39,3,1,27,0.802,1,0,0,,,혼잡,,,,,3.07,0,1,0,1,0,0,0,0,0,0,0,0,0,0,0,1,0,0
48,6,0,7,1.647,6,6,1,1,1,혼잡,1,3,3,1,1.57,1,0,0,0,0,0,0,0,0,0,0,0,1,0,1,1,0,1
57,6,0,58,0.0,7,13,0,,,혼잡,,,,,2.49,0,1,0,0,0,1,0,0,0,0,1,1,1,1,1,0,0,0
19,12,0,2,4.584,28,76,0,4,0,여유,0,4,4,4,1.09,1,0,0,0,0,0,1,1,0,0,0,0,0,0,0,0,0,0
47,12,0,2,3.197,36,27,0,,,매우혼잡,,,,,1.01,0,0,0,0,0,0,0,0,0,0,0,0,0,0,0,0,0,1
40,3,0,20,0.954,1,8,0,,,여유,,,,,2.76,0,0,0,0,0,0,0,0,0,0,1,0,0,0,0,0,0,0
15,12,0,5,2.492,7,42,0,,,보통,,,,,1.68,0,0,0,1,0,0,0,0,0,0,0,0,0,1,0,0,0,0
37,6,1,5,2.374,10,39,0,,,혼잡,,,,,1.73,0,1,0,0,0,0,0,0,0,0,1,0,0,0,0,1,0,0
27,3,0,4,2.28,4,17,0,,,혼잡,,,,,1.21,0,0,0,0,0,0,0,0,1,0,0,0,0,0,0,0,0,0
26,12,0,3,3.236,5,36,0,,,여유,,,,,1.59,0,0,0,0,0,0,0,0,0,0,0,0,0,0,0,0,0,0
34,3,0,21,0.913,10,21,0,3,0,혼잡,1,3,3,1,2.68,1,1,0,0,1,0,0,1,0,0,1,1,1,1,0,0,1,0
23,3,1,3,3.836,4,54,1,4,0,혼잡,1,4,4,3,1.7,1,0,0,0,1,0,0,0,0,0,0,1,1,1,0,1,0,0
26,1,1,13,1.78,2,19,0,,,혼잡,,,,,3.22,0,1,0,1,0,0,1,0,0,1,0,1,1,1,1,0,0,0
26,12,0,3,3.705,30,35,0,4,0,보통,0,4,4,5,1.45,1,0,0,0,0,0,0,0,0,0,0,0,0,0,0,0,1,0
40,6,1,4,2.408,7,25,0,3,0,혼잡,0,4,3,3,1.38,1,0,0,0,0,0,0,0,0,0,1,0,1,0,0,1,0,1
23,12,0,5,2.179,8,54,0,,,혼잡,,,,,1.48,0,1,0,0,0,0,0,0,0,0,1,1,0,1,0,1,0,0
20,3,1,4,2.389,5,38,0,,,보통,,,,,1.42,0,0,0,0,0,0,0,0,0,0,1,1,0,0,1,0,0,0
24,6,0,49,0.191,3,20,0,,,보통,,,,,2.12,0,1,1,1,1,0,0,0,0,1,0,1,0,0,1,0,0,0
42,12,0,4,2.525,4,28,1,,,매우혼잡,,,,,1.45,0,0,0,0,0,0,1,0,0,0,0,0,0,0,0,1,1,1
32,3,0,2,3.653,5,58,0,,,보통,,,,,1.14,0,0,0,0,0,0,0,0,0,0,0,0,0,0,0,0,0,0
40,12,0,3,3.934,12,32,0,4,0,혼잡,0,4,4,5,1.55,1,0,0,0,0,0,0,0,0,0,0,0,0,0,0,1,0,0
33,12,1,1,4.645,26,55,0,,,보통,,,,,0.91,0,0,0,0,0,0,0,0,0,0,0,0,0,0,0,0,0,0
26,6,0,1,4.617,4,53,0,4,0,매우혼잡,0,3,3,4,0.83,1,0,0,0,0,0,1,0,0,0,0,0,1,0,0,0,0,0
32,6,0,25,0.811,19,14,0,3,0,혼잡,0,3,2,2,2.87,1,0,0,0,0,0,1,0,0,0,1,1,1,0,0,1,0,0
24,12,0,3,3.198,18,44,0,,,보통,,,,,1.49,0,1,0,0,0,0,0,0,0,0,1,0,1,0,0,0,0,0
35,1,0,4,2.393,2,31,0,2,0,보통,0,3,3,4,1.23,1,0,0,0,0,0,0,0,0,0,0,0,0,0,1,1,0,0
52,6,0,11,1.666,7,30,0,,,혼잡,,,,,2.69,0,0,0,0,0,0,0,0,0,0,0,0,1,0,1,0,1,0
29,6,0,13,3.165,22,35,0,3,0,혼잡,0,3,4,2,5.92,1,0,1,0,0,0,1,0,0,0,0,1,0,1,0,0,0,0
30,6,1,23,2.623,9,31,0,3,0,혼잡,0,3,3,3,8.74,1,1,0,0,0,1,0,0,1,0,0,0,0,0,0,0,0,0
31,6,0,4,3.243,4,39,0,3,0,여유,0,3,4,3,1.64,1,0,0,0,0,0,0,0,0,0,0,0,0,0,0,0,0,0
25,3,1,60,0.124,2,3,0,,,보통,,,,,2.62,0,1,0,1,0,1,1,0,0,1,1,0,1,1,0,0,0,0
46,3,0,41,1.79,3,24,0,,,매우혼잡,,,,,10.56,0,1,0,0,0,0,0,0,0,0,1,0,1,1,1,1,0,0
45,3,0,60,0.0,3,10,0,,,여유,,,,,3.21,0,0,0,1,0,1,0,1,0,0,0,0,0,0,0,0,0,0
30,3,0,6,1.873,4,31,0,4,0,보통,0,4,3,2,1.64,1,1,0,0,0,0,0,0,0,0,0,0,0,0,1,0,0,0
31,6,0,7,1.785,13,17,0,,,여유,,,,,1.7,0,0,0,0,0,1,0,0,0,0,0,0,0,0,0,0,0,0
47,6,1,2,4.461,17,31,0,4,0,여유,0,5,4,5,1.0,1,0,0,0,0,0,0,1,0,0,0,0,0,0,0,0,0,0
35,12,0,3,2.731,2,36,1,,,여유,,,,,1.28,0,1,0,0,0,0,0,0,0,0,0,0,0,0,0,0,0,0
20,12,1,4,2.346,15,28,1,4,0,혼잡,1,3,4,1,1.23,1,0,0,0,0,0,0,0,0,1,1,1,1,1,0,1,0,0
28,12,0,1,4.224,10,40,1,3,0,혼잡,1,5,4,3,0.82,1,0,0,0,0,0,0,0,0,0,1,0,0,1,0,1,0,0
20,3,1,3,2.3,3,53,0,,,보통,,,,,1.1,0,0,0,0,0,0,0,0,0,0,0,0,0,0,0,0,0,0
24,12,1,3,2.336,12,38,0,2,0,여유,0,3,3,3,1.03,1,0,0,0,0,0,0,0,0,0,0,0,0,0,0,0,0,0
32,12,0,3,3.178,5,34,1,3,0,여유,0,4,4,4,1.34,1,0,0,1,0,0,0,0,0,0,0,0,0,0,0,0,0,0
22,1,0,29,0.724,1,13,0,2,0,매우혼잡,1,1,2,1,3.02,1,1,0,0,1,0,1,1,1,0,1,1,0,1,0,1,0,1
34,12,0,2,4.621,13,58,0,4,0,혼잡,0,4,3,4,1.06,1,0,0,0,0,0,0,0,0,0,1,0,0,0,1,1,1,0
47,12,1,1,4.454,26,63,0,4,0,혼잡,0,4,4,3,0.95,1,0,0,0,0,0,0,0,0,0,0,0,0,1,0,0,0,0
26,12,0,7,1.755,36,23,0,2,0,매우혼잡,0,3,3,2,1.85,1,0,0,0,0,0,0,0,0,0,1,0,0,0,0,0,0,0
56,6,0,5,2.46,2,29,1,3,0,여유,0,4,4,3,1.62,1,0,0,0,0,0,0,0,0,0,0,0,0,0,0,0,0,0
25,6,0,4,2.419,1,31,1,,,여유,,,,,1.44,0,0,0,0,0,0,0,0,0,0,1,0,0,0,0,0,0,0
56,1,0,10,1.645,2,32,0,,,보통,,,,,2.28,0,1,0,0,0,0,1,1,0,1,1,1,0,0,0,0,0,0
41,12,0,11,3.658,12,30,1,,,보통,,,,,5.99,0,0,0,0,0,0,0,0,0,0,0,0,0,1,0,0,0,0
34,1,0,6,2.038,2,32,0,,,보통,,,,,1.73,0,0,0,0,0,0,0,0,1,0,0,0,0,1,0,0,0,0
28,1,0,9,1.881,0,39,1,3,0,혼잡,0,2,3,3,2.36,1,1,0,0,0,0,1,0,0,0,0,0,0,0,0,0,0,1
28,6,1,1,6.273,5,56,1,5,0,여유,0,4,5,4,0.84,1,0,0,0,0,0,0,0,0,0,0,0,0,0,0,0,0,0
32,6,0,10,1.878,29,26,0,3,0,여유,0,3,4,3,2.76,1,0,0,0,0,0,0,0,0,0,0,0,0,0,1,0,0,0
24,1,1,3,2.23,4,36,0,,,매우혼잡,,,,,1.08,0,0,0,0,0,0,1,0,1,0,1,1,0,0,0,0,0,1
40,6,0,6,4.034,7,42,0,,,매우혼잡,,,,,3.26,0,0,0,0,0,0,0,0,0,0,1,1,1,0,0,0,0,1
30,6,0,3,3.054,4,34,1,,,여유,,,,,1.5,0,0,0,0,0,0,0,0,1,0,0,0,0,0,0,0,0,0
28,6,1,3,3.318,3,41,0,,,혼잡,,,,,1.4,0,0,0,0,0,0,0,0,0,0,0,0,0,0,0,0,0,0
19,12,0,8,1.943,7,17,0,3,0,혼잡,0,2,3,2,2.29,1,1,0,0,0,0,0,0,0,0,1,0,0,0,0,0,0,0
41,1,0,3,2.206,1,28,0,3,0,여유,0,4,3,3,1.07,1,0,0,0,0,0,0,0,0,0,0,0,0,0,0,0,0,0
19,1,0,3,3.242,5,58,0,,,매우혼잡,,,,,1.37,0,0,0,0,0,1,0,0,0,0,0,0,0,0,0,1,0,0
27,12,0,4,2.72,36,43,1,3,0,매우혼잡,1,3,3,2,1.44,1,0,0,0,0,0,0,0,0,0,1,1,0,1,0,1,0,0
34,1,0,26,0.691,3,3,0,,,혼잡,,,,,2.52,0,0,0,0,0,0,0,0,0,0,1,0,0,1,0,1,0,1
26,1,0,1,4.42,9,70,1,,,여유,,,,,0.82,0,0,0,0,0,0,0,0,0,0,0,0,0,0,0,0,0,1
31,1,0,20,0.851,1,13,0,,,보통,,,,,2.49,0,1,0,0,1,0,1,1,0,1,1,0,0,0,0,1,0,0
29,6,0,29,0.709,6,12,0,,,여유,,,,,2.96,0,1,0,0,0,0,0,0,1,0,0,0,0,0,0,0,0,0
42,6,0,15,1.24,6,27,1,,,매우혼잡,,,,,2.59,0,1,1,1,1,0,1,0,0,0,1,1,0,0,1,0,0,0
37,12,0,60,0.0,18,6,0,2,0,혼잡,1,3,3,1,3.29,1,1,0,0,0,0,0,0,0,1,1,1,1,1,0,0,1,0
27,12,1,1,5.577,12,64,1,3,0,혼잡,0,4,4,4,1.08,1,0,1,0,0,0,0,1,0,0,0,0,0,0,0,0,1,0
53,12,0,17,1.253,12,22,1,,,보통,,,,,3.0,0,0,0,0,0,0,1,0,0,0,0,1,1,0,1,0,0,0
45,12,0,1,5.61,9,53,1,4,0,보통,0,4,5,3,0.84,1,0,0,0,0,0,0,0,0,0,1,0,0,0,0,0,0,0
26,12,0,4,2.14,9,34,0,4,0,보통,0,3,4,4,1.37,1,0,0,0,0,0,0,0,0,0,0,0,0,0,0,0,0,0
53,6,0,20,1.039,4,14,1,2,0,보통,0,2,3,2,3.04,1,1,0,0,1,1,0,1,0,0,0,0,0,0,1,0,0,0
39,3,0,7,1.514,3,30,0,,,여유,,,,,1.51,0,0,0,0,0,0,0,0,0,1,0,0,0,0,0,0,0,0
25,1,0,16,1.342,4,31,0,,,매우혼잡,,,,,3.09,0,1,0,0,0,0,0,1,0,0,0,1,0,0,1,1,0,1
25,3,0,6,2.092,3,27,0,4,0,여유,0,3,4,3,1.69,1,0,0,0,0,0,0,0,0,0,1,1,0,0,0,0,0,0
44,12,1,3,3.458,26,32,0,,,보통,,,,,1.38,0,0,0,0,0,0,1,0,0,0,0,0,0,0,0,0,0,0
53,12,1,1,5.483,13,67,1,,,여유,,,,,0.81,0,0,0,0,0,0,0,0,0,0,0,0,0,0,0,0,0,0
20,6,0,4,2.657,22,46,0,4,0,여유,0,2,3,3,1.5,1,0,1,0,0,0,0,0,0,0,0,0,0,0,0,0,0,0
45,6,0,14,1.043,6,13,0,2,0,여유,0,3,3,2,2.1,1,1,0,0,0,0,0,1,0,0,0,0,1,0,0,0,0,0
49,3,0,5,2.123,1,22,0,3,0,보통,0,3,2,3,1.66,1,0,0,0,1,0,0,0,0,0,1,0,0,0,0,0,0,0
33,12,1,2,4.006,3,39,1,3,0,보통,0,3,3,3,0.9,1,0,0,1,0,0,0,0,0,0,0,1,0,0,1,0,1,0
16,6,0,2,4.911,17,46,1,5,0,여유,0,4,5,5,1.06,1,0,0,0,0,0,0,0,1,0,0,0,0,0,0,0,0,0
27,1,0,7,1.745,1,42,0,3,0,보통,0,3,3,4,1.68,1,0,0,0,0,0,1,0,0,1,0,0,1,0,0,0,0,0
15,12,0,3,2.603,24,20,1,,,보통,,,,,1.12,0,1,0,0,0,0,0,0,0,0,0,1,0,0,0,0,0,1
25,3,0,8,1.731,1,32,0,2,0,매우혼잡,0,3,3,2,2.03,1,1,0,0,0,0,1,0,0,0,1,1,1,1,0,0,0,1
20,12,0,4,2.24,13,38,0,,,보통,,,,,1.44,0,1,0,0,0,0,0,0,0,0,0,0,0,0,0,0,0,0
37,1,0,4,2.516,4,26,0,,,보통,,,,,1.44,0,0,0,0,0,0,0,0,0,0,1,0,0,0,0,0,0,0
28,1,0,2,3.264,5,34,1,,,여유,,,,,1.13,0,0,0,0,0,0,0,0,0,0,0,0,0,0,0,0,0,0
39,6,1,12,1.565,2,21,0,,,여유,,,,,2.74,0,0,0,0,0,0,1,1,0,0,0,0,0,0,0,0,1,0
35,6,0,5,2.507,8,35,0,4,0,여유,0,3,3,2,1.64,1,0,0,0,0,0,0,0,0,0,0,1,0,0,0,0,0,0
15,3,0,18,0.889,1,21,1,3,0,여유,0,2,2,3,2.34,1,0,0,1,0,1,0,0,0,1,0,0,0,0,0,0,0,0
29,1,1,35,0.625,3,16,0,,,혼잡,,,,,3.11,0,0,0,0,0,0,1,1,0,1,1,0,1,1,0,1,1,0
37,6,0,4,2.344,11,39,0,4,0,혼잡,1,3,3,1,1.19,1,0,0,0,0,0,0,0,0,0,1,0,1,1,0,0,0,0
55,3,0,4,2.93,1,35,0,3,0,보통,0,3,3,3,1.76,1,0,0,0,0,0,0,0,1,0,0,0,0,0,0,0,0,0
15,1,1,4,2.805,3,46,0,4,0,여유,0,4,3,3,1.79,1,1,0,0,0,0,0,0,0,0,0,0,0,0,0,0,0,0
15,3,0,1,4.68,1,79,1,4,0,보통,0,3,4,4,0.84,1,0,0,1,0,0,0,0,0,0,0,0,0,0,0,0,0,0
41,3,0,3,3.301,7,40,0,3,0,보통,0,4,4,4,1.27,1,1,0,0,1,0,0,0,0,0,1,0,0,0,1,0,0,0
20,3,0,25,0.894,2,8,0,,,혼잡,,,,,3.22,0,1,0,0,0,0,1,0,0,0,1,1,1,1,0,1,1,1
29,6,0,56,0.0,1,6,0,,,여유,,,,,2.41,0,1,0,0,0,0,0,0,1,0,0,1,0,0,0,0,0,0
40,12,0,3,3.73,16,35,0,5,0,보통,0,5,5,3,1.45,1,0,0,0,0,0,0,0,0,0,0,0,0,0,0,0,0,0
40,6,0,60,0.0,2,0,0,1,0,혼잡,0,3,2,3,2.78,1,1,0,1,0,0,0,0,0,0,0,0,0,0,1,1,0,0
55,12,0,3,2.616,21,26,0,,,보통,,,,,1.04,0,0,0,0,0,0,0,0,0,0,0,0,0,0,0,0,0,0
35,3,0,53,0.272,10,10,0,,,보통,,,,,2.28,0,0,0,0,0,0,0,0,0,0,0,0,0,0,1,1,0,1
18,1,1,4,2.748,3,25,0,,,보통,,,,,1.45,0,1,1,0,0,0,1,0,0,0,0,0,0,1,0,0,0,0
49,3,1,6,2.275,6,11,0,,,여유,,,,,2.05,0,0,0,0,0,0,0,0,0,0,1,0,0,0,0,1,0,0
17,12,0,6,2.293,6,20,1,3,0,여유,0,2,3,2,1.87,1,0,0,0,0,0,0,0,0,1,0,0,0,0,0,0,0,0
43,12,0,3,3.041,10,34,0,,,보통,,,,,1.18,0,0,0,0,0,0,0,0,0,0,0,0,0,0,0,0,0,0
31,6,1,3,3.02,26,34,0,,,여유,,,,,1.18,0,0,0,0,0,0,0,0,1,0,0,0,0,1,0,0,0,0
37,3,0,5,2.056,7,35,0,,,여유,,,,,1.61,0,0,0,0,0,0,0,0,0,0,0,0,0,0,0,0,0,0
48,12,0,2,4.489,10,54,0,4,0,혼잡,0,4,4,4,1.06,1,0,0,0,0,0,0,0,0,0,1,0,0,0,0,0,0,0
20,12,0,3,3.804,5,75,1,,,여유,,,,,1.53,0,0,0,0,0,0,0,0,0,1,0,0,0,0,0,0,0,0
44,6,0,5,2.186,32,25,0,4,0,혼잡,0,3,3,3,1.69,1,0,0,0,1,0,0,0,0,0,0,0,0,0,0,0,0,0
21,12,0,20,0.725,5,11,0,,,혼잡,,,,,2.07,0,0,0,0,0,0,0,0,0,0,1,1,1,0,1,0,0,0
33,12,0,8,1.568,6,35,0,3,0,보통,0,3,3,3,1.87,1,0,0,0,0,0,1,0,0,0,0,0,0,0,0,0,0,0
34,3,0,4,3.131,2,38,1,,,혼잡,,,,,1.58,0,0,0,0,0,0,0,1,0,0,0,0,0,1,0,0,0,0
16,6,0,4,2.77,2,36,1,,,여유,,,,,1.57,0,0,0,0,0,0,0,0,0,0,0,0,0,0,0,0,0,0
23,3,0,18,1.008,2,3,1,,,여유,,,,,2.61,0,0,1,0,0,0,0,0,0,0,0,0,0,0,1,0,0,0
38,6,0,3,3.129,13,29,1,,,여유,,,,,1.52,0,0,0,0,0,1,0,0,0,0,0,0,0,0,0,0,0,0
30,6,1,3,3.096,36,39,0,,,매우혼잡,,,,,1.34,0,0,0,0,0,0,0,0,0,0,0,1,1,0,0,0,0,0
42,12,0,4,3.108,7,41,0,,,보통,,,,,1.62,0,0,0,0,0,0,1,0,0,0,0,0,0,0,0,0,0,0
31,3,1,27,0.858,2,16,0,,,여유,,,,,3.27,0,0,0,0,0,0,0,1,0,0,0,0,1,0,0,1,0,0
41,6,1,5,2.369,9,11,1,3,0,보통,0,4,4,3,1.64,1,0,0,0,0,0,0,0,0,0,0,0,0,0,0,0,0,0
33,1,0,11,1.311,1,25,0,,,혼잡,,,,,2.11,0,0,0,0,0,0,0,1,0,0,1,0,1,0,0,0,0,0
15,12,1,4,2.554,6,52,1,,,보통,,,,,1.39,0,0,0,0,0,0,0,0,0,0,1,0,1,0,0,1,0,0
17,3,0,9,1.602,2,46,1,3,0,매우혼잡,0,3,4,3,1.96,1,0,0,1,0,0,0,0,1,0,1,0,0,0,0,1,0,0
35,12,0,1,5.313,14,47,1,4,0,보통,0,4,4,4,0.88,1,0,0,0,0,0,0,0,0,0,0,0,0,1,0,0,0,0
35,1,0,13,1.42,2,14,0,3,0,여유,0,2,3,4,2.68,1,1,0,1,0,0,1,0,1,1,0,0,0,0,0,0,0,0
44,3,1,1,4.11,17,82,0,4,0,여유,1,4,5,3,0.87,1,0,0,0,0,0,0,0,0,0,0,0,0,0,0,0,0,0
27,3,0,44,0.368,6,10,0,,,혼잡,,,,,2.29,0,1,0,1,0,0,0,0,0,0,1,1,0,0,0,1,0,1
47,3,1,1,4.821,7,55,0,4,0,혼잡,0,5,4,4,0.96,1,0,0,1,0,0,0,0,0,0,0,0,0,0,0,0,0,0
23,12,0,3,2.816,13,41,0,4,0,보통,0,3,4,3,1.08,1,1,0,0,0,0,0,0,0,0,0,0,0,0,0,0,0,0
29,6,0,4,2.405,14,34,0,4,0,여유,0,4,3,3,1.4,1,0,0,0,1,0,0,0,0,0,0,0,0,0,0,0,0,0
51,12,0,5,2.104,1,29,0,2,0,매우혼잡,1,3,3,1,1.48,1,0,0,0,0,0,0,0,0,0,1,1,0,1,0,1,0,0
18,12,1,1,5.442,2,50,0,4,0,보통,0,4,4,4,0.86,1,0,0,0,0,0,0,0,0,0,0,0,0,0,0,0,0,0
51,1,0,43,0.428,0,15,0,,,보통,,,,,2.61,0,0,0,0,0,0,0,0,0,0,1,1,0,0,0,0,0,0
37,6,0,26,0.803,9,0,1,,,보통,,,,,2.94,0,0,0,0,0,0,0,1,0,0,0,0,0,0,1,1,0,1
32,1,0,17,1.086,1,23,0,1,1,여유,0,3,3,3,2.63,1,1,0,1,0,1,0,0,1,0,0,0,0,0,0,1,1,1
42,6,0,4,2.514,5,21,0,,,보통,,,,,1.53,0,0,0,0,0,0,0,0,0,0,0,0,0,0,0,1,0,0
21,12,1,1,4.814,17,49,0,,,보통,,,,,1.03,0,0,0,0,0,0,0,0,0,0,0,0,0,0,0,0,0,0
21,6,0,25,0.897,11,29,0,2,0,보통,0,2,2,2,3.17,1,1,1,0,1,0,0,0,1,0,0,0,0,0,0,0,0,0
43,6,1,2,3.501,4,46,1,3,0,혼잡,1,4,4,3,1.15,1,0,0,0,0,0,0,0,0,0,1,0,0,0,0,0,0,0
55,3,1,5,2.066,7,41,0,3,0,여유,0,4,4,3,1.41,1,0,0,0,0,0,0,0,0,0,0,0,0,0,0,0,0,0
38,1,0,49,0.0,1,25,0,2,0,보통,0,2,3,2,2.08,1,1,0,1,0,0,0,0,1,0,0,0,0,0,0,0,0,0
28,6,0,5,2.273,11,35,1,3,0,보통,0,3,4,3,1.54,1,0,0,0,0,0,0,0,0,0,0,0,0,1,0,0,0,0
43,12,0,3,3.54,25,71,0,4,0,보통,0,5,4,4,1.35,1,0,0,0,0,0,0,0,0,0,0,0,0,1,0,0,0,0
42,1,1,3,2.522,1,50,0,,,보통,,,,,1.19,0,0,0,0,1,0,0,0,0,0,0,0,0,0,0,0,0,0
15,1,1,19,1.19,2,14,0,3,0,보통,0,3,2,3,3.27,1,1,0,0,0,0,1,1,0,0,0,0,1,0,0,0,0,0
38,6,0,4,3.049,17,1,0,,,여유,,,,,1.53,0,0,0,0,1,0,0,0,0,0,1,0,0,0,0,0,0,0
42,6,0,3,2.65,6,37,0,3,0,여유,0,3,4,4,1.18,1,0,0,0,1,1,0,0,0,0,0,0,0,0,0,0,0,0
47,1,0,60,0.222,4,13,0,,,여유,,,,,3.08,0,0,0,1,0,0,0,0,0,0,0,0,0,0,0,1,0,0
35,12,0,12,1.523,5,19,0,,,보통,,,,,2.65,0,1,0,0,0,0,1,1,0,0,0,0,1,0,0,0,0,0
42,6,0,4,2.198,19,39,0,4,0,보통,0,3,3,3,1.13,1,0,0,0,1,0,0,1,0,0,0,0,0,0,0,0,0,0
39,12,1,1,6.498,13,77,1,4,0,여유,0,5,5,4,0.98,1,0,0,0,0,0,0,0,0,0,0,1,0,0,1,0,0,0
18,6,0,11,1.368,11,19,0,,,보통,,,,,2.09,0,0,0,0,0,0,0,1,0,0,0,0,0,0,0,0,0,0
44,6,0,8,1.953,22,21,0,2,0,보통,0,3,4,3,2.29,1,0,0,0,0,0,0,0,0,0,1,0,0,0,0,1,0,1
30,6,0,12,1.556,18,37,1,4,0,매우혼잡,0,3,3,3,2.67,1,0,1,0,0,1,0,1,0,0,0,1,0,0,0,0,0,0
15,3,0,17,2.442,3,29,1,,,여유,,,,,6.02,0,1,0,0,0,0,0,0,0,0,0,0,0,0,0,0,0,0
33,6,0,13,1.468,5,27,0,3,0,여유,0,3,3,4,2.65,1,0,0,0,0,0,0,0,0,0,0,0,0,0,0,0,0,0
29,12,0,4,2.715,7,43,0,3,0,보통,0,3,3,3,1.49,1,0,0,0,0,0,0,0,0,0,0,0,0,0,0,0,1,0
29,12,0,1,4.299,23,67,0,,,혼잡,,,,,0.84,0,0,0,0,0,0,0,0,0,0,0,0,0,0,0,0,0,0
31,3,1,5,2.025,3,44,1,3,0,보통,0,2,4,3,1.42,1,0,0,0,0,0,0,1,0,0,0,0,0,0,0,0,0,0
41,12,0,15,1.384,9,19,0,,,혼잡,,,,,2.9,0,1,0,0,0,0,0,0,0,0,0,0,0,1,0,0,1,0
41,12,1,2,4.119,6,61,1,5,0,보통,0,4,5,4,1.02,1,0,0,0,0,0,0,0,1,0,0,0,0,0,0,0,0,0
15,12,0,1,5.323,3,66,1,3,0,보통,0,4,5,4,1.05,1,0,0,0,0,0,0,0,0,1,0,0,0,0,0,0,0,0
48,1,0,5,2.323,3,16,0,2,0,매우혼잡,1,1,2,1,1.57,1,1,0,1,1,1,1,1,1,0,1,1,1,1,0,1,0,1
37,1,0,9,1.702,1,31,0,3,0,여유,0,3,3,4,2.07,1,1,0,0,0,0,0,0,0,0,0,0,0,0,0,0,0,0
29,1,0,13,1.247,6,26,0,3,0,여유,0,3,3,4,2.38,1,1,0,0,0,0,0,1,0,1,0,0,0,0,0,0,0,0
33,12,0,3,2.738,15,27,1,4,0,여유,0,4,4,4,1.05,1,0,0,0,0,0,0,0,0,0,0,0,0,0,0,0,0,0
23,6,1,5,2.149,2,40,0,,,여유,,,,,1.64,0,0,0,0,0,0,0,0,0,0,0,0,0,0,1,0,0,0
45,3,0,3,3.5,6,49,0,4,0,혼잡,0,4,3,3,1.51,1,0,0,0,0,0,0,0,0,0,0,1,0,0,0,0,0,0
23,3,0,12,1.516,10,35,1,,,혼잡,,,,,2.68,0,0,0,0,0,1,1,0,0,0,0,0,0,0,0,0,0,0
46,12,1,1,4.362,33,72,0,5,0,여유,0,3,4,5,0.87,1,0,0,0,0,0,0,0,1,0,0,0,1,0,0,0,0,0
33,6,0,20,0.961,10,13,0,3,0,혼잡,0,2,2,2,2.71,1,1,0,1,1,0,0,0,0,0,1,0,0,0,1,0,0,0
47,12,1,1,5.399,14,74,1,4,0,혼잡,0,4,5,3,0.81,1,0,0,0,0,0,0,0,0,0,0,0,0,0,0,0,0,0
42,1,0,20,1.015,1,30,0,,,보통,,,,,2.95,0,1,0,0,0,0,0,1,1,0,1,0,1,1,0,0,1,0
27,1,1,13,1.315,0,19,1,2,0,매우혼잡,0,3,3,2,2.42,1,0,0,1,0,1,0,0,1,1,0,1,1,1,0,1,0,0
23,12,0,13,1.36,16,28,1,2,0,매우혼잡,0,3,3,3,2.57,1,1,0,0,0,0,1,0,0,0,1,0,0,0,1,0,1,1
25,1,0,4,2.361,4,34,0,3,0,보통,0,3,3,2,1.27,1,0,0,0,0,0,1,0,0,0,0,0,0,0,1,0,0,0
52,6,0,11,1.525,3,36,0,,,보통,,,,,2.32,0,1,0,0,0,0,0,0,0,0,0,0,0,0,1,0,0,0
28,12,1,3,3.533,34,40,0,,,보통,,,,,1.37,0,0,1,0,0,0,0,0,0,0,0,0,1,0,1,1,0,0
30,12,1,2,4.418,14,45,0,4,0,여유,0,5,3,4,0.97,1,0,0,0,0,0,0,0,0,1,0,0,0,0,0,0,0,0
63,12,0,3,3.03,0,52,1,4,0,여유,0,3,4,5,1.38,1,0,0,0,0,0,0,1,0,0,0,0,0,0,1,0,0,0
15,3,1,8,1.811,6,28,1,3,0,여유,0,3,4,3,1.97,1,0,0,0,0,0,0,0,0,0,1,0,0,0,0,0,0,0
30,12,0,1,4.621,19,54,1,4,0,보통,0,4,4,4,0.91,1,0,0,0,0,0,0,0,0,0,0,1,0,0,0,0,1,0
49,12,1,1,4.395,13,51,1,4,0,여유,0,4,5,5,0.8,1,0,0,0,0,0,0,0,0,0,0,0,0,0,0,0,0,0
31,6,0,5,2.312,1,12,0,,,여유,,,,,1.55,0,1,0,0,0,0,0,1,0,0,0,0,0,0,0,0,0,1
42,3,0,43,0.508,1,8,0,,,보통,,,,,3.1,0,0,1,0,0,0,1,0,1,0,0,0,0,0,0,0,0,0
30,6,0,5,2.342,19,18,1,2,0,여유,0,3,5,3,1.75,1,0,0,0,0,0,0,0,0,0,0,0,0,0,0,0,1,0
38,3,0,5,2.094,3,20,0,,,보통,,,,,1.38,0,0,0,0,0,0,0,0,0,0,0,0,0,1,0,0,0,0
46,6,0,14,1.53,5,20,0,3,0,보통,0,2,2,3,3.02,1,0,0,0,0,1,0,1,0,1,0,0,0,0,0,0,0,0
34,12,0,1,5.2,17,67,1,4,0,여유,0,4,5,4,0.84,1,0,0,0,0,0,0,0,0,0,0,0,0,0,0,0,0,0
23,12,1,2,4.618,23,56,1,4,0,보통,0,5,5,4,1.07,1,0,0,0,0,0,0,0,0,0,0,0,0,0,0,0,0,0
48,6,1,4,2.881,4,36,0,,,보통,,,,,1.56,0,0,0,0,0,1,0,0,0,0,0,0,0,0,0,0,0,0
35,12,0,3,3.1,5,44,1,,,보통,,,,,1.12,0,0,0,0,0,0,0,1,0,1,1,1,0,0,0,0,0,1
37,12,1,1,4.195,4,64,1,3,0,매우혼잡,0,4,5,3,0.89,1,0,0,0,0,0,0,0,0,0,0,0,0,1,0,1,0,0
43,1,1,3,3.575,1,45,0,4,0,여유,0,4,3,4,1.67,1,0,0,0,0,0,0,0,0,0,0,0,0,0,0,0,0,0
18,6,0,4,2.152,13,34,0,,,보통,,,,,1.23,0,1,0,0,0,0,0,0,0,0,0,0,0,0,0,0,0,0
29,12,0,14,1.301,2,34,0,3,0,혼잡,1,3,3,2,2.52,1,1,0,0,0,0,1,0,0,0,1,1,1,0,0,0,0,0
31,3,0,10,1.887,0,37,1,,,매우혼잡,,,,,2.62,0,0,0,0,0,0,0,0,0,0,0,1,0,1,0,1,1,0
32,3,1,7,1.699,1,38,0,,,혼잡,,,,,1.61,0,0,0,0,0,0,0,1,0,1,0,0,1,1,0,0,0,0
36,1,0,6,2.156,2,44,0,,,혼잡,,,,,1.79,0,0,1,0,1,0,0,0,0,0,0,0,0,0,0,0,0,0
15,12,0,5,2.421,5,47,0,,,보통,,,,,1.72,0,0,1,0,0,0,0,0,0,0,0,1,0,0,0,0,0,0
15,3,1,1,5.135,3,46,0,4,0,보통,0,3,4,4,0.86,1,0,0,0,0,0,0,0,0,0,0,0,0,0,0,0,1,0
28,12,0,4,2.576,9,48,0,3,0,보통,0,2,3,3,1.44,1,1,0,0,0,0,0,1,0,0,1,0,0,0,0,1,0,0
26,12,1,2,4.052,6,54,1,,,보통,,,,,1.0,0,0,0,0,0,0,0,0,0,0,0,0,0,0,0,0,1,0
34,6,1,1,4.424,5,74,0,4,0,보통,0,4,4,4,0.9,1,0,0,0,0,0,0,0,0,0,0,0,0,0,0,0,0,0
21,12,0,11,1.639,1,24,1,4,0,여유,0,4,5,4,2.51,1,0,0,0,0,0,0,0,0,0,0,0,0,0,0,0,0,0
26,1,0,13,2.195,2,39,0,3,0,혼잡,1,3,2,1,3.95,1,0,0,0,0,0,0,0,0,0,1,1,1,1,1,0,0,1
37,12,1,2,4.197,11,71,0,4,0,혼잡,0,4,4,2,0.9,1,0,0,0,0,0,0,0,0,0,1,1,0,0,0,0,1,0
56,12,0,3,2.905,11,43,0,3,0,보통,0,3,4,4,1.29,1,0,0,0,0,0,0,1,0,0,0,1,0,0,0,0,0,1
35,1,0,1,4.781,4,58,1,4,0,여유,0,5,5,4,0.85,1,0,0,0,0,0,0,1,0,0,0,0,0,0,0,0,0,0
40,6,0,9,1.629,5,44,0,,,혼잡,,,,,2.14,0,1,0,0,0,0,0,0,0,0,1,0,0,1,1,1,0,0
22,12,0,11,1.421,13,26,0,,,여유,,,,,2.26,0,0,0,0,0,0,0,0,0,0,0,1,0,0,0,0,0,0
29,12,1,1,5.531,5,64,1,3,0,혼잡,0,4,4,3,1.08,1,0,0,0,0,0,0,0,0,0,1,1,0,0,0,1,1,0
36,12,1,1,6.338,22,70,1,4,0,혼잡,0,4,5,4,0.83,1,0,0,0,0,0,0,0,0,0,0,0,0,0,0,0,1,0
44,12,0,3,2.121,17,45,0,,,여유,,,,,1.01,0,0,0,0,0,0,0,0,0,0,0,0,0,0,0,0,0,0
20,12,0,5,2.226,18,36,0,2,0,매우혼잡,0,3,3,2,1.63,1,0,0,0,0,0,0,0,1,0,1,1,1,0,1,1,0,0
39,12,0,60,0.0,1,20,0,,,보통,,,,,3.21,0,0,0,0,0,0,1,1,0,1,0,0,0,0,0,0,0,0
39,12,0,21,0.872,3,12,1,,,보통,,,,,2.6,0,0,0,0,0,0,0,0,0,0,1,0,0,0,1,0,0,0
40,3,0,3,2.602,2,39,0,3,0,여유,0,4,4,3,1.3,1,0,0,0,0,0,0,0,0,0,0,0,0,0,0,0,0,0
36,6,0,5,2.573,11,41,0,,,보통,,,,,1.67,0,0,0,0,0,0,0,0,1,0,0,0,0,0,1,1,0,0
24,12,0,5,2.439,4,52,0,3,0,보통,0,4,3,4,1.69,1,0,0,0,0,0,0,0,0,0,0,0,0,0,0,0,0,0
33,3,1,1,4.598,7,66,0,,,여유,,,,,0.89,0,0,0,0,0,1,0,0,0,0,0,0,0,0,0,0,0,0
36,1,1,19,0.773,1,29,0,2,0,보통,1,3,2,2,2.11,1,1,0,1,0,0,0,0,0,0,0,0,1,0,0,0,0,0
41,6,0,5,2.599,8,55,0,3,0,보통,0,3,3,3,1.77,1,0,0,0,1,0,0,0,0,0,0,0,0,0,0,0,1,0
15,12,1,1,4.865,1,66,0,4,0,여유,0,5,4,4,0.95,1,0,0,0,0,0,0,0,0,0,0,0,0,0,0,0,0,0
41,12,1,1,4.728,17,72,1,4,0,보통,0,5,5,3,0.89,1,0,0,0,0,0,0,0,0,0,1,0,0,0,0,0,0,0
15,3,0,1,4.211,8,46,0,5,0,보통,0,4,4,4,0.89,1,0,0,0,0,0,0,0,0,0,0,0,0,0,1,0,0,0
30,3,0,6,2.079,1,34,0,3,0,보통,0,2,4,2,1.79,1,0,0,0,0,0,0,0,0,1,0,0,1,1,0,0,0,0
43,6,0,4,2.478,22,36,0,3,0,보통,0,3,4,3,1.25,1,0,0,0,0,0,0,0,0,0,0,0,0,0,0,0,0,0
24,3,0,4,2.035,8,26,1,3,0,혼잡,0,2,3,2,1.15,1,1,0,0,0,0,0,1,0,0,1,0,0,1,0,0,0,1
29,6,0,21,0.758,7,19,0,3,0,매우혼잡,1,2,2,1,2.28,1,0,0,0,0,0,0,0,0,0,1,1,1,1,1,0,0,1
43,1,0,3,2.709,2,24,0,,,보통,,,,,1.03,0,0,1,0,0,0,0,0,0,1,0,0,0,1,0,0,0,0
44,6,0,6,1.911,3,43,0,,,보통,,,,,1.56,0,0,0,1,1,0,1,1,0,0,0,0,0,0,0,0,0,0
44,3,0,12,1.043,0,19,0,4,0,보통,0,3,2,3,1.72,1,0,0,0,0,1,0,0,0,0,1,0,0,0,1,0,0,0
31,12,0,10,1.703,7,13,0,3,0,혼잡,0,2,2,3,2.55,1,1,1,1,0,0,0,1,0,1,0,0,1,0,0,1,0,0
25,12,0,16,3.991,17,46,1,,,보통,,,,,9.07,0,1,0,0,0,0,0,0,0,0,0,0,0,0,0,0,0,0
40,6,0,18,1.144,1,5,0,,,여유,,,,,2.92,0,1,0,1,0,0,1,1,0,1,0,0,0,0,0,0,0,0
25,12,0,17,1.194,7,17,0,2,0,여유,0,3,3,3,2.82,1,1,0,0,0,0,0,0,1,0,0,1,0,0,0,0,0,0
18,12,0,48,0.0,33,4,0,3,0,보통,0,2,2,3,2.04,1,0,0,0,0,0,0,0,0,1,0,0,0,0,0,0,0,0
31,3,0,10,1.594,8,17,0,3,0,여유,0,3,2,3,2.34,1,0,0,1,0,0,0,0,0,0,0,0,0,0,0,1,0,0
16,6,0,3,2.735,3,44,0,,,혼잡,,,,,1.35,0,0,0,1,0,0,0,0,0,0,0,0,0,0,0,0,0,0
31,3,0,6,2.185,7,10,0,,,매우혼잡,,,,,1.72,0,1,1,0,0,0,0,0,0,0,0,1,0,1,0,0,1,0
33,12,0,16,1.151,17,27,0,3,0,보통,0,4,3,3,2.57,1,0,1,0,0,0,0,0,0,0,0,0,0,0,0,0,0,0
20,1,0,10,1.508,3,31,0,2,0,혼잡,0,2,1,2,2.21,1,1,1,0,0,0,0,0,1,0,1,1,0,1,1,0,0,0
20,3,1,3,3.441,1,43,0,4,0,보통,0,3,5,4,1.72,1,0,0,0,0,0,0,0,0,0,0,0,0,0,0,0,0,1
38,1,1,2,3.245,1,43,0,,,혼잡,,,,,1.02,0,0,0,0,0,0,1,0,1,1,1,0,0,0,0,1,0,1
23,12,0,60,0.0,5,12,0,1,0,혼잡,1,2,2,1,3.1,1,1,0,1,0,1,0,1,0,0,1,1,1,1,1,0,0,1
32,12,0,12,1.533,22,25,1,4,0,보통,0,3,4,3,2.63,1,0,0,0,0,0,0,0,0,0,0,0,1,0,0,0,0,0
28,6,1,3,3.029,0,47,0,,,여유,,,,,1.28,0,0,1,0,0,0,0,0,0,0,0,0,0,0,0,0,0,0
44,6,0,6,1.953,0,36,1,4,0,보통,0,2,4,3,1.69,1,1,0,0,0,0,0,0,0,0,0,0,0,0,0,0,0,0
34,3,0,5,2.0,8,25,0,4,0,보통,0,4,3,3,1.52,1,0,0,0,0,0,1,0,0,0,1,0,0,0,0,0,0,0
38,12,1,2,4.804,12,60,0,4,0,매우혼잡,0,3,4,3,1.1,1,0,0,0,0,0,0,0,0,0,1,1,0,0,0,0,0,0
27,6,0,4,4.777,25,80,0,,,보통,,,,,2.94,0,0,0,0,0,0,0,0,0,0,0,0,0,0,1,0,0,0
25,6,0,25,0.574,12,18,0,2,0,매우혼잡,1,2,3,1,2.03,1,0,0,1,0,0,1,0,0,0,1,1,1,1,1,1,0,1
42,6,0,60,1.191,7,42,0,3,0,보통,0,3,2,4,13.72,1,1,1,0,0,1,0,0,0,0,0,0,0,0,0,0,1,1
30,6,0,1,4.468,1,63,0,3,0,혼잡,0,4,3,4,0.95,1,0,0,1,1,0,0,0,0,0,0,0,0,0,0,0,0,1
47,12,0,1,5.034,11,53,0,5,0,여유,1,4,4,3,0.86,1,0,0,0,0,1,0,0,0,0,0,1,0,0,0,0,0,0
44,12,1,1,4.769,36,54,1,4,0,여유,0,5,5,5,0.95,1,0,0,0,0,0,0,0,0,0,0,0,0,0,0,0,0,0
48,6,0,3,3.431,6,27,0,3,0,여유,0,3,5,4,1.49,1,0,0,0,0,0,0,0,0,0,0,0,0,0,0,0,1,0
22,6,0,30,2.415,3,34,0,3,0,혼잡,0,3,3,3,10.28,1,1,0,0,0,0,0,1,0,0,1,0,0,0,0,1,0,0
43,3,1,8,1.852,6,13,1,3,0,보통,0,4,3,3,2.01,1,0,0,0,1,0,0,0,0,0,0,0,0,0,0,0,0,0
34,3,0,57,0.092,0,15,0,,,혼잡,,,,,2.44,0,1,0,0,0,0,0,0,1,0,1,1,1,1,0,0,0,1
55,3,0,11,1.775,2,16,1,,,여유,,,,,2.72,0,1,0,0,0,0,0,0,0,0,0,0,0,0,0,0,0,0
40,12,1,1,6.017,18,73,1,5,0,여유,0,4,4,4,0.95,1,0,0,0,0,0,0,0,0,0,0,0,1,0,0,0,0,0
31,12,0,35,0.465,13,14,1,,,여유,,,,,2.33,0,1,0,0,0,1,1,0,0,0,0,0,0,0,0,0,0,0
64,12,1,6,2.538,6,28,1,2,0,여유,0,3,3,2,2.11,1,0,0,0,0,0,0,0,0,0,0,0,0,0,0,0,0,1
42,3,0,3,3.625,7,52,1,3,0,여유,0,4,4,3,1.45,1,0,0,0,0,0,0,0,0,0,0,0,0,0,0,0,0,0
36,6,0,3,3.986,28,60,0,,,보통,,,,,1.57,0,0,0,0,0,0,0,0,0,0,0,0,0,0,0,0,0,0
29,1,0,2,4.31,3,57,1,3,0,혼잡,0,5,3,4,1.05,1,0,0,0,0,0,0,0,0,0,0,0,0,1,0,0,0,0
30,1,1,15,1.323,2,14,0,3,0,혼잡,0,2,2,2,2.79,1,0,0,0,0,0,0,1,1,1,0,0,1,0,0,0,0,1
35,6,0,11,1.356,14,17,1,,,매우혼잡,,,,,2.17,0,0,0,0,0,0,0,1,1,1,1,1,1,1,0,1,0,0
36,12,1,1,5.255,7,60,1,4,0,보통,0,5,5,4,0.8,1,0,0,0,0,0,0,0,0,0,0,0,0,1,0,1,0,0
43,3,0,3,3.895,19,63,0,4,0,여유,0,4,5,5,1.5,1,0,0,0,0,0,0,0,1,0,0,0,0,0,0,0,0,0
33,3,0,2,4.093,3,39,0,4,0,보통,0,3,5,4,1.09,1,0,0,0,0,0,0,0,0,1,1,0,0,0,0,0,0,0
15,12,0,4,2.721,21,45,1,4,0,여유,0,3,4,3,1.41,1,0,0,0,0,0,0,0,0,0,0,0,0,0,0,0,0,0
31,6,0,1,5.109,11,73,1,4,0,혼잡,0,3,4,4,0.9,1,0,0,0,0,0,0,0,0,0,1,0,0,1,0,0,0,0
19,12,1,1,5.383,3,82,1,3,0,보통,0,4,4,4,1.07,1,0,0,0,0,0,0,1,0,0,0,0,0,0,0,0,0,0
20,6,0,2,4.47,8,42,1,4,0,혼잡,0,3,3,3,1.03,1,0,0,0,0,0,1,0,0,0,0,0,0,0,0,1,0,0
46,12,0,1,6.419,10,57,1,5,0,여유,0,5,5,4,0.88,1,0,0,0,0,0,0,0,0,0,0,0,0,0,0,0,0,0
20,12,1,4,2.931,2,22,0,,,여유,,,,,1.79,0,1,0,0,0,0,0,0,0,1,0,0,0,0,0,0,0,0
22,6,1,3,2.564,1,28,0,3,0,혼잡,0,2,2,3,1.24,1,0,0,0,0,0,0,1,0,0,0,1,0,0,0,1,0,0
35,12,1,2,3.13,36,47,0,2,0,매우혼잡,1,3,3,1,1.1,1,0,1,0,0,0,0,0,0,0,1,1,1,1,0,0,0,0
50,6,0,7,1.905,5,27,0,3,0,혼잡,0,3,3,2,1.94,1,1,0,0,0,0,0,0,0,0,0,0,0,0,0,0,0,0
22,12,1,4,2.548,7,34,0,2,0,혼잡,0,3,2,3,1.61,1,1,0,0,0,0,0,0,0,0,0,0,0,0,0,0,0,0
34,6,0,19,1.191,3,25,1,2,0,보통,0,2,3,3,3.26,1,1,0,0,0,0,1,0,0,0,1,1,0,0,0,0,0,0
40,12,0,5,2.096,4,24,0,,,보통,,,,,1.42,0,1,0,0,0,1,0,0,0,1,0,1,1,1,0,1,0,0
21,12,0,16,1.186,8,0,1,2,0,보통,0,2,3,2,2.71,1,0,0,0,0,1,0,1,0,0,0,0,0,0,0,0,0,0
57,1,1,5,2.487,2,31,0,4,0,보통,0,3,4,2,1.8,1,0,0,0,0,0,0,0,0,0,1,0,1,1,0,0,0,0
34,6,1,3,2.165,18,41,0,3,0,여유,0,3,3,4,1.02,1,0,0,0,0,0,0,0,0,0,0,0,0,0,0,0,0,0
28,6,1,2,3.548,20,20,0,4,0,보통,0,3,4,3,1.09,1,0,0,0,0,0,1,0,0,0,0,0,0,1,0,0,0,0
34,6,1,1,5.92,25,56,1,4,0,여유,0,4,5,4,1.04,1,0,0,0,0,0,0,0,0,0,0,0,0,0,0,0,0,0
42,6,0,14,1.404,10,28,0,,,보통,,,,,2.72,0,0,0,0,0,0,0,0,0,1,0,1,1,1,1,1,0,0
37,3,0,4,2.215,9,13,0,,,혼잡,,,,,1.29,0,0,0,0,0,0,0,0,0,0,0,0,1,0,0,0,1,0
38,3,0,4,2.326,12,12,0,3,0,혼잡,1,3,3,2,1.18,1,0,0,0,0,0,0,0,0,0,0,1,0,1,0,1,0,0
45,12,1,1,5.31,13,76,1,4,0,여유,0,4,5,4,1.03,1,0,0,0,0,0,0,0,0,0,0,0,0,0,0,1,0,0
47,12,0,30,0.616,8,16,1,1,1,보통,0,3,4,3,2.63,1,1,1,0,0,0,0,0,0,0,0,0,0,0,1,1,1,0
19,12,1,1,6.802,10,67,1,4,0,보통,0,4,5,4,0.96,1,0,0,0,0,0,0,0,0,0,0,0,0,0,0,0,0,0
26,6,0,4,2.163,10,26,0,,,매우혼잡,,,,,1.35,0,0,0,0,0,0,0,1,0,0,0,0,0,0,0,1,0,0
21,6,0,54,0.0,5,13,0,,,보통,,,,,2.3,0,1,0,1,1,0,0,0,0,0,0,1,1,1,0,0,0,1
47,3,1,7,1.974,3,29,0,3,0,보통,0,3,3,3,2.0,1,0,0,0,0,0,0,0,0,0,0,0,0,0,0,0,0,0
18,12,0,3,3.618,11,38,0,,,여유,,,,,1.5,0,1,0,0,0,0,0,1,1,1,0,0,0,0,0,0,0,0
22,12,1,1,5.221,6,66,0,,,보통,,,,,0.83,0,0,0,0,1,0,0,0,0,0,0,0,0,0,0,0,0,0
24,6,0,2,3.282,2,30,1,3,0,혼잡,0,3,4,3,1.09,1,0,0,0,0,0,0,0,0,0,0,1,0,0,0,0,0,0
29,12,1,3,2.657,6,30,0,3,0,혼잡,0,3,2,3,1.1,1,0,0,0,0,0,0,0,0,0,1,0,1,1,0,0,0,1
46,3,0,5,2.202,5,32,0,,,보통,,,,,1.46,0,0,0,0,0,0,0,0,0,0,0,0,0,0,0,0,0,0
38,3,0,10,1.245,7,25,0,2,0,매우혼잡,0,3,3,2,1.8,1,0,0,0,0,0,1,0,0,0,1,0,1,0,0,0,0,0
48,6,1,4,2.445,3,45,0,,,여유,,,,,1.28,0,0,0,0,0,0,0,0,0,0,0,0,0,0,0,1,0,0
47,6,0,4,2.806,3,40,0,4,0,혼잡,0,3,3,3,1.63,1,0,0,0,0,0,0,0,0,0,0,0,0,0,0,0,0,0
30,12,0,5,2.172,9,37,0,3,0,매우혼잡,0,3,3,3,1.7,1,1,0,0,0,0,0,1,0,0,0,0,0,1,1,0,0,0
32,1,0,3,3.277,3,18,0,4,0,보통,0,2,4,3,1.38,1,0,1,0,0,0,1,0,0,1,0,0,0,0,0,0,0,0
31,6,0,39,0.508,10,10,0,,,여유,,,,,2.83,0,0,0,0,0,0,0,0,1,0,0,1,0,0,0,0,0,0
47,6,1,55,0.218,11,31,0,3,0,매우혼잡,1,3,2,1,2.34,1,0,0,0,0,1,0,0,0,0,1,1,1,1,0,0,0,0
47,12,1,3,3.057,9,50,0,,,여유,,,,,1.49,0,0,0,0,1,0,0,0,0,0,0,0,0,0,0,0,1,0
44,6,0,45,0.479,7,33,0,3,0,보통,0,2,3,3,3.09,1,0,0,1,0,0,0,0,1,0,0,0,0,0,0,1,0,0
36,12,0,4,2.588,8,43,0,,,보통,,,,,1.46,0,0,0,0,0,0,0,0,0,0,0,0,1,0,0,0,0,0
42,3,0,10,1.714,2,28,0,,,혼잡,,,,,2.51,0,1,0,0,0,0,1,0,0,0,1,0,1,0,0,0,1,1
29,12,0,16,1.229,8,28,0,3,0,혼잡,1,3,3,1,2.77,1,1,0,0,0,0,1,0,0,0,1,1,1,1,0,0,1,0
38,12,1,13,1.709,21,22,0,3,0,보통,0,3,3,2,3.21,1,0,0,0,0,0,0,0,0,0,0,0,0,1,0,0,0,0
32,12,1,1,5.322,32,80,1,3,0,매우혼잡,0,4,5,3,0.88,1,0,0,0,0,0,0,0,0,0,0,1,0,1,1,0,0,1
23,3,0,3,3.824,4,38,0,4,0,보통,0,3,4,3,1.46,1,0,0,0,0,0,0,0,1,0,1,0,1,1,0,0,0,0
38,1,0,4,2.185,3,50,0,3,0,보통,0,3,3,3,1.19,1,1,1,0,0,0,0,0,0,0,1,0,1,0,0,0,1,0
31,12,1,4,2.353,14,35,0,3,0,혼잡,0,3,3,3,1.31,1,0,0,0,0,0,0,0,0,0,0,0,0,1,0,0,0,0
31,3,1,11,1.694,1,13,1,1,0,매우혼잡,0,2,3,3,2.58,1,1,0,0,0,0,0,0,0,0,1,0,0,0,0,1,0,0
21,12,0,60,0.765,12,23,0,3,0,보통,0,4,2,1,8.48,1,1,0,0,0,1,0,0,0,0,1,0,0,1,0,0,0,0
33,12,0,30,0.771,13,3,0,,,보통,,,,,3.29,0,1,0,0,0,0,0,0,0,0,0,0,0,0,0,0,0,0
33,6,0,15,0.961,20,24,1,3,0,매우혼잡,1,3,5,2,2.1,1,0,0,0,0,0,0,0,0,0,1,1,1,1,1,0,0,0
38,1,0,21,2.304,4,35,0,,,보통,,,,,6.9,0,0,1,0,0,0,0,0,0,0,0,0,0,0,0,0,0,0
34,6,1,5,2.378,24,44,0,3,0,매우혼잡,0,3,3,3,1.67,1,0,0,0,0,0,0,1,0,0,0,1,0,0,0,1,0,1
45,1,1,3,3.08,2,51,0,,,매우혼잡,,,,,1.54,0,0,0,0,0,0,0,1,0,0,1,0,0,1,1,0,0,0
31,12,0,4,2.168,9,49,0,3,0,보통,0,3,3,3,1.16,1,0,1,0,0,0,0,0,0,0,0,1,0,0,0,0,0,0
39,3,0,13,1.53,3,29,0,,,보통,,,,,2.85,0,0,0,0,1,0,0,0,0,0,1,0,0,1,0,0,0,0
34,6,1,4,3.064,29,46,0,4,0,여유,0,4,3,3,1.75,1,0,0,1,0,0,0,0,1,0,0,0,0,0,0,0,0,0
25,6,0,11,1.795,5,30,0,3,0,여유,0,4,3,3,2.73,1,0,0,0,0,0,0,0,0,0,0,0,0,0,0,0,0,0
29,6,0,43,0.511,3,22,0,,,혼잡,,,,,3.15,0,0,0,1,0,0,0,1,0,0,1,0,1,0,0,0,0,0
34,3,0,1,4.721,11,70,1,5,0,혼잡,0,3,4,3,0.82,1,0,0,0,1,0,0,1,0,0,0,1,1,0,0,0,0,0
31,3,1,2,4.483,13,59,0,4,0,보통,0,5,4,4,1.03,1,0,0,0,0,0,0,0,0,0,0,0,0,0,0,0,0,0
29,12,0,3,3.483,28,60,1,,,여유,,,,,1.52,0,0,0,0,0,0,0,0,0,0,0,0,0,0,0,0,1,0
51,6,0,5,2.326,13,36,0,,,여유,,,,,1.78,0,0,0,0,0,0,0,0,0,0,0,0,0,0,0,0,0,1
37,3,0,30,0.705,1,3,0,3,0,보통,0,3,2,2,3.03,1,1,0,0,0,0,1,0,0,0,0,0,0,0,0,0,0,0
52,3,0,60,0.0,1,0,0,2,0,보통,1,2,2,2,2.96,1,1,0,1,0,1,1,1,0,1,1,1,0,1,0,0,0,1
15,3,0,55,0.0,1,0,0,1,1,여유,0,3,3,2,2.37,1,1,1,0,0,0,1,0,0,0,0,0,0,0,0,1,0,1
31,3,0,13,1.239,1,30,0,,,여유,,,,,2.37,0,0,0,0,1,0,0,0,0,0,0,0,0,0,0,0,0,0
39,3,0,3,3.005,6,45,0,2,0,혼잡,0,3,4,3,1.34,1,0,0,0,0,0,1,1,0,0,0,0,1,0,0,1,0,0
22,1,0,5,2.17,1,33,1,3,0,혼잡,0,2,4,2,1.44,1,0,0,0,0,0,0,0,0,0,1,0,0,1,0,0,0,0
15,12,1,4,2.498,11,15,0,3,0,보통,0,3,2,3,1.51,1,0,0,0,0,0,1,0,0,0,1,0,0,0,0,1,0,0
17,6,0,3,3.14,1,23,1,3,0,혼잡,1,3,4,2,1.35,1,0,0,0,0,1,0,0,0,0,1,0,0,1,0,0,1,0
20,6,1,3,3.423,11,29,0,4,0,보통,0,4,4,4,1.32,1,0,0,0,0,0,0,0,0,0,0,0,0,0,0,0,0,0
41,6,0,10,1.448,2,39,0,,,여유,,,,,2.0,0,1,1,0,1,0,0,0,0,0,0,0,0,0,0,0,0,0
41,12,1,1,5.083,36,51,1,4,0,보통,0,5,4,5,0.98,1,0,0,0,0,0,0,0,0,0,0,0,0,0,0,0,0,1
34,1,0,16,1.089,3,19,0,,,여유,,,,,2.49,0,1,0,0,0,0,0,0,1,0,0,0,0,0,0,0,1,0
22,1,1,5,2.711,2,50,0,,,보통,,,,,1.78,0,0,0,0,0,0,0,0,1,0,0,0,0,0,0,0,0,0
29,6,1,1,5.534,5,62,1,4,0,여유,0,5,5,4,1.0,1,0,0,0,0,0,0,0,0,0,0,0,0,0,0,0,0,0
23,6,1,8,1.858,7,3,0,,,혼잡,,,,,2.11,0,0,0,0,0,0,1,0,1,1,0,0,0,1,0,1,0,0
24,3,0,4,2.709,9,36,1,4,0,여유,0,3,4,4,1.39,1,0,0,0,0,0,0,0,0,0,0,0,0,0,0,0,0,0
23,12,1,2,4.099,10,48,0,,,보통,,,,,1.0,0,0,0,0,0,0,0,0,0,0,0,0,0,0,0,0,0,0
17,6,1,2,4.157,8,68,0,4,0,혼잡,0,4,5,4,1.02,1,0,0,0,0,0,1,1,0,0,0,0,0,0,1,0,0,1
15,12,0,6,1.819,9,31,0,3,0,여유,0,3,3,3,1.61,1,1,0,0,0,0,0,0,0,0,1,0,0,0,0,0,0,0
38,12,1,1,4.675,36,57,1,3,0,보통,0,4,5,4,0.85,1,0,0,0,0,0,0,0,0,0,0,0,0,0,0,0,0,0
41,1,0,60,0.0,3,4,0,,,보통,,,,,3.04,0,1,0,0,0,1,0,0,0,1,1,0,1,1,1,1,0,0
39,12,1,2,3.733,4,44,1,3,0,보통,0,4,4,4,1.27,1,0,0,0,0,0,0,0,0,0,0,0,0,0,0,0,0,1
30,6,0,9,1.872,5,32,0,,,매우혼잡,,,,,2.5,0,0,0,0,0,0,1,0,0,0,1,1,1,1,0,0,1,1
27,3,0,31,0.662,2,26,0,,,보통,,,,,2.9,0,1,0,0,1,0,0,0,0,1,0,0,1,1,0,0,0,0
37,12,1,1,4.5,2,47,1,,,보통,,,,,0.84,0,0,0,0,0,0,0,0,0,0,0,0,0,0,0,1,0,0
24,12,0,1,5.047,20,41,1,4,0,혼잡,0,3,4,4,0.94,1,0,0,0,0,0,0,1,0,0,0,0,0,0,0,0,0,0
35,6,0,4,2.031,8,32,0,,,매우혼잡,,,,,1.09,0,0,0,0,0,0,0,0,0,0,0,0,1,0,0,0,1,0
47,6,0,10,1.807,12,22,0,,,보통,,,,,2.64,0,0,0,0,0,0,0,0,1,0,0,0,0,0,0,0,0,0
50,12,0,10,3.452,18,29,1,,,보통,,,,,5.13,0,0,0,0,0,0,0,0,0,0,0,0,0,0,0,1,0,0
44,6,0,5,2.462,4,40,0,4,0,혼잡,0,3,4,3,1.64,1,0,0,0,0,0,0,0,0,0,0,0,0,0,0,0,0,0
38,12,0,4,2.517,5,32,0,,,혼잡,,,,,1.49,0,0,0,0,0,0,1,0,0,0,1,0,0,1,0,0,0,0
34,6,1,2,3.765,7,63,0,,,보통,,,,,1.03,0,0,0,0,0,0,0,0,0,0,0,0,0,0,0,0,0,0
19,12,1,5,2.527,20,41,1,4,0,보통,0,4,4,4,1.75,1,0,0,0,0,0,0,0,1,0,1,0,0,0,0,0,0,0
17,12,0,1,5.169,36,62,0,4,0,혼잡,0,4,3,4,1.08,1,0,0,0,0,0,0,0,0,0,0,0,0,0,0,0,0,0
38,6,1,16,1.12,3,21,0,3,0,여유,0,3,3,2,2.55,1,0,0,0,0,0,0,0,0,0,0,0,0,0,1,0,1,1
44,6,0,14,1.086,23,16,0,2,0,혼잡,0,3,2,2,2.18,1,0,0,0,0,1,0,0,0,0,0,0,1,1,0,0,0,0
44,12,1,54,1.867,1,30,0,,,매우혼잡,,,,,14.31,0,1,0,0,0,0,0,0,1,0,1,1,0,0,0,1,1,0
36,3,0,35,0.537,5,10,1,3,0,보통,0,4,5,3,2.66,1,1,0,0,0,0,0,0,0,0,1,0,0,0,0,1,0,0
22,12,1,13,3.2,10,39,0,,,여유,,,,,6.16,0,1,0,0,0,0,0,0,0,0,0,0,0,0,0,1,0,0
53,12,0,2,3.995,13,40,1,4,0,여유,0,4,4,4,1.02,1,0,0,0,0,0,0,0,0,1,0,0,0,0,0,0,0,0
16,12,1,3,2.94,0,38,1,,,보통,,,,,1.15,0,0,0,0,0,0,0,0,0,0,0,1,1,0,0,0,0,0
39,3,0,9,1.56,3,23,0,,,보통,,,,,2.02,0,1,0,0,0,0,0,0,0,0,0,1,0,0,0,0,0,0
40,6,0,1,4.896,12,53,1,4,0,여유,0,4,5,5,0.86,1,0,0,0,0,0,0,0,0,0,0,0,0,0,0,0,0,0
26,6,1,4,2.523,9,33,0,,,매우혼잡,,,,,1.55,0,0,0,0,0,0,0,0,0,0,1,0,1,1,0,0,1,0
27,12,0,17,1.197,14,4,0,,,보통,,,,,2.84,0,1,0,0,0,0,0,0,0,0,1,0,0,0,0,1,1,0
17,12,0,4,2.845,15,51,1,2,0,보통,1,2,4,2,1.56,1,0,0,0,0,0,1,0,0,0,0,1,0,1,0,0,0,0
25,6,0,19,2.952,17,35,1,,,혼잡,,,,,7.98,0,0,0,0,0,0,0,0,0,0,0,1,0,0,0,0,0,0
30,12,1,3,3.149,11,45,0,3,0,보통,0,4,3,3,1.35,1,0,0,0,0,0,0,0,0,1,0,0,0,0,0,0,0,0
36,12,0,4,2.659,24,35,1,3,0,여유,0,3,4,3,1.33,1,0,0,0,0,0,0,0,0,0,0,1,0,0,0,0,0,0
15,12,0,6,2.157,8,29,0,,,보통,,,,,1.79,0,0,0,0,0,0,0,0,0,0,0,0,0,0,0,0,0,0
43,12,0,12,1.308,23,11,1,,,보통,,,,,2.26,0,0,0,0,0,0,0,0,0,1,1,0,0,0,0,1,1,1
34,6,1,5,2.109,9,38,0,,,보통,,,,,1.48,0,1,0,0,0,0,0,0,0,0,0,0,0,0,0,0,0,1
20,12,1,3,3.534,10,35,0,,,보통,,,,,1.69,0,0,0,0,0,0,0,0,0,0,1,0,0,1,0,0,0,0
25,1,0,3,2.862,2,34,0,4,0,보통,0,3,4,4,1.15,1,0,0,0,0,0,0,0,0,1,0,0,0,0,1,0,0,0
46,3,0,11,1.067,8,29,0,3,0,보통,0,3,4,4,1.68,1,0,0,0,0,0,0,0,0,0,0,0,0,0,0,1,0,1
43,3,0,11,1.691,4,51,0,3,0,보통,0,4,2,3,2.76,1,0,0,0,0,1,0,0,0,0,0,0,0,0,0,1,1,0
47,6,1,1,5.485,9,64,0,4,0,보통,0,4,3,4,1.02,1,0,1,0,0,0,0,0,0,0,0,0,0,0,0,0,0,0
18,6,1,3,3.902,5,58,0,4,0,보통,0,3,4,3,1.77,1,0,0,0,0,0,0,0,0,0,0,0,1,0,0,0,0,0
29,12,0,2,4.146,14,50,0,,,보통,,,,,1.05,0,0,0,0,0,0,0,0,0,0,0,0,0,0,0,0,0,0
24,12,1,2,3.601,10,34,0,3,0,매우혼잡,0,3,3,3,1.24,1,0,0,0,0,0,1,0,0,0,1,0,0,0,0,0,0,0
28,6,0,15,1.131,20,16,0,4,0,여유,1,3,4,2,2.48,1,1,0,0,0,0,0,1,1,0,0,0,0,0,0,0,0,0
34,6,1,1,5.234,5,57,1,4,0,보통,0,5,5,4,0.95,1,0,0,0,0,0,0,0,0,0,0,0,0,0,0,0,0,0
38,12,1,5,2.261,36,36,0,,,혼잡,,,,,1.73,0,0,0,1,1,1,0,0,1,0,0,0,0,0,0,0,0,1
28,1,0,22,0.895,1,7,0,3,0,혼잡,0,1,2,2,2.76,1,1,0,0,1,1,1,1,1,1,0,0,0,0,0,0,0,0
15,3,0,26,0.55,10,3,1,,,매우혼잡,,,,,2.03,0,1,0,1,0,0,0,0,0,0,0,0,0,0,0,1,0,0
39,1,0,4,2.293,7,31,1,,,매우혼잡,,,,,1.47,0,1,0,0,0,0,1,0,1,0,1,0,0,0,1,0,1,0
58,12,0,2,4.281,7,47,0,4,0,보통,0,4,4,4,0.99,1,0,0,0,0,0,0,0,0,1,0,0,0,0,0,0,0,0
61,12,0,4,2.795,4,34,0,3,0,여유,1,3,4,2,1.6,1,0,0,0,0,0,0,0,0,0,0,0,1,0,0,0,0,0
33,6,1,19,3.523,5,33,0,3,0,보통,0,3,3,4,9.57,1,1,0,0,0,0,0,0,0,0,0,0,0,0,0,0,0,0
28,1,0,35,0.574,4,22,0,,,혼잡,,,,,2.89,0,1,0,0,0,0,0,0,0,1,1,0,0,1,1,1,0,0
37,6,1,1,5.064,4,43,1,4,0,매우혼잡,0,3,5,4,0.82,1,0,0,0,0,0,0,0,0,0,0,0,0,0,0,0,0,0
34,6,0,3,2.763,10,27,1,3,0,보통,0,4,4,3,1.1,1,0,0,0,0,0,0,1,0,0,0,0,0,0,0,0,0,1
43,6,1,8,1.602,4,5,1,3,0,여유,0,3,3,3,1.89,1,0,0,0,0,0,0,0,0,0,0,0,0,0,0,0,0,0
28,6,0,3,3.79,4,57,0,,,여유,,,,,1.58,0,0,0,0,0,0,0,0,0,0,0,0,0,0,0,0,0,0
20,3,0,15,1.281,2,19,0,3,0,혼잡,0,3,3,2,2.73,1,1,0,0,0,0,0,0,0,0,0,1,1,0,0,0,0,0
53,3,0,4,2.952,3,42,1,,,혼잡,,,,,1.84,0,0,0,0,0,0,1,0,0,0,0,1,1,1,0,0,0,0
30,3,0,3,2.968,14,39,0,3,0,혼잡,0,4,3,3,1.39,1,0,0,0,0,0,0,0,0,0,1,0,0,0,0,0,0,0
33,6,0,19,0.582,4,28,1,2,1,보통,0,4,3,4,1.59,1,1,0,0,0,0,0,0,0,0,0,0,0,0,1,0,0,1
26,6,0,31,0.499,11,14,0,3,0,보통,0,3,3,2,2.2,1,0,0,0,0,0,0,0,0,1,1,0,0,1,0,0,0,0
42,6,0,26,0.658,4,11,0,3,0,여유,0,2,3,3,2.48,1,0,1,0,0,0,0,1,0,0,0,0,0,0,0,0,0,0
21,3,0,12,1.207,2,17,0,3,0,여유,0,2,3,3,2.13,1,0,0,0,0,0,1,0,0,0,0,0,0,0,0,0,0,1
36,12,0,3,2.897,21,45,0,5,0,여유,0,3,4,4,1.24,1,0,0,0,0,0,0,0,0,0,0,0,0,0,0,0,0,0
31,3,1,2,3.595,16,49,0,,,혼잡,,,,,1.1,0,0,0,0,0,0,0,0,0,0,0,0,0,0,0,0,0,0
35,6,0,3,2.613,19,51,1,3,0,보통,0,3,3,2,1.17,1,0,0,0,0,0,0,1,0,0,0,0,0,0,0,0,0,0
24,12,0,5,2.399,5,42,0,3,0,보통,0,2,4,3,1.69,1,0,0,0,0,0,0,0,0,0,0,0,0,0,0,0,0,1
38,3,0,4,2.827,0,45,0,,,매우혼잡,,,,,1.49,0,0,0,0,0,0,0,0,0,1,0,0,0,0,0,1,0,0
31,6,0,3,3.009,2,35,0,4,0,보통,0,3,3,2,1.12,1,0,0,0,0,0,0,0,0,0,0,0,0,0,0,0,0,0
29,3,0,60,0.0,0,6,0,3,0,여유,0,3,3,2,9.27,1,1,1,0,0,0,1,0,0,0,1,0,0,1,0,0,0,0
18,12,0,25,0.538,36,27,0,1,1,혼잡,0,3,3,3,1.89,1,1,0,0,0,0,1,0,1,0,0,0,0,0,1,1,1,0
33,12,0,4,3.223,13,30,1,3,0,여유,0,4,4,4,1.78,1,0,0,0,0,0,0,0,0,0,0,0,0,1,0,0,0,0
35,1,1,5,2.523,7,39,0,3,0,혼잡,0,3,3,3,1.79,1,1,0,0,0,0,0,0,0,0,0,0,0,1,0,0,0,0
22,6,0,5,2.142,18,55,1,3,0,혼잡,0,3,4,2,1.46,1,0,0,1,0,0,0,1,1,0,1,0,1,1,0,0,1,0
44,3,0,4,2.17,10,22,0,4,0,보통,0,3,2,3,1.3,1,1,0,1,0,0,0,0,0,0,0,0,0,0,0,0,0,0
41,6,0,11,1.596,1,34,0,2,0,여유,0,3,3,2,2.45,1,0,0,0,1,0,0,0,0,0,0,0,0,0,0,0,0,0
54,3,1,2,4.212,3,43,1,4,0,여유,0,4,4,4,1.01,1,0,0,0,0,0,0,0,0,0,0,0,0,0,0,0,0,0
42,12,0,16,1.167,6,46,0,,,매우혼잡,,,,,2.63,0,0,0,0,1,0,0,0,1,0,0,0,1,0,0,0,1,0
37,6,1,4,3.012,3,44,0,,,보통,,,,,1.59,0,0,0,0,1,0,0,0,0,0,0,0,0,0,0,0,0,0
17,6,0,19,1.15,3,20,0,3,0,보통,0,2,4,2,3.09,1,1,0,0,0,0,0,0,0,0,0,0,0,0,0,0,0,1
34,12,1,2,3.051,10,45,0,3,0,매우혼잡,0,4,3,3,1.07,1,0,0,0,0,0,0,0,0,0,0,0,0,0,0,1,0,0
37,6,1,3,2.457,3,13,0,3,0,혼잡,0,3,3,2,1.02,1,0,0,0,0,0,0,0,0,1,0,0,0,0,0,0,0,0
49,12,0,1,5.38,21,51,0,,,매우혼잡,,,,,0.99,0,0,0,0,0,0,0,0,0,0,0,0,0,0,1,0,1,0
25,6,0,12,1.613,8,41,0,2,0,보통,1,4,2,2,2.65,1,1,0,0,0,0,1,0,0,0,1,1,1,0,1,0,0,1
27,12,0,19,0.839,2,33,0,3,0,보통,0,2,3,2,2.23,1,1,0,0,1,0,1,1,0,1,1,0,0,1,0,1,0,0
28,12,0,11,1.554,11,23,0,4,0,혼잡,0,3,3,3,2.47,1,0,0,0,0,0,0,0,0,0,0,0,0,0,0,0,0,0
19,1,0,49,0.065,0,22,0,,,보통,,,,,2.11,0,1,0,0,1,0,0,1,1,0,1,0,0,0,0,0,0,1
36,1,0,37,0.528,1,11,0,,,보통,,,,,2.77,0,1,0,0,0,1,1,0,0,0,0,0,0,0,0,0,0,0
19,6,0,1,5.895,8,70,0,4,0,여유,0,4,5,4,0.95,1,0,0,0,0,0,0,0,0,0,0,0,0,0,0,0,0,0
36,12,0,60,0.0,12,3,0,,,매우혼잡,,,,,2.57,0,1,0,0,0,0,0,0,1,0,1,1,1,1,0,0,1,0
43,6,0,9,1.957,5,32,0,2,0,매우혼잡,0,1,2,1,2.61,1,1,0,0,0,1,1,1,0,0,1,1,0,1,0,0,0,0
24,12,1,2,4.466,4,47,1,5,0,여유,0,4,4,3,1.0,1,0,0,0,0,0,0,0,0,0,0,0,0,0,0,0,0,0
33,12,0,21,2.839,36,38,0,,,여유,,,,,8.34,0,0,0,0,0,0,0,0,0,0,0,0,0,0,0,0,0,0
27,12,1,4,3.073,9,15,0,3,0,여유,0,4,4,3,1.66,1,1,0,0,0,0,0,0,0,0,0,0,0,0,0,0,0,0
37,12,0,45,1.972,20,7,0,,,보통,,,,,12.8,0,1,0,0,1,0,0,0,1,0,0,1,0,0,0,0,0,0
31,12,0,11,1.743,10,19,0,2,0,혼잡,0,2,2,2,2.64,1,1,0,0,0,1,1,0,0,0,0,0,0,0,0,1,1,0
32,12,0,53,1.23,19,35,0,2,0,혼잡,0,2,3,2,9.34,1,1,0,0,0,0,0,0,0,0,0,1,0,0,0,1,0,1
43,3,0,60,0.0,1,12,1,,,혼잡,,,,,3.28,0,1,0,0,0,0,0,0,0,0,1,0,1,1,0,0,0,0
23,12,0,11,1.771,5,34,0,,,혼잡,,,,,2.81,0,0,0,1,1,0,0,1,1,0,0,1,1,1,0,0,1,1
24,12,1,1,4.96,21,63,1,5,0,여유,0,5,5,5,0.83,1,0,0,0,0,0,0,0,0,0,0,0,0,0,0,1,0,0
39,3,0,11,1.336,1,14,0,,,혼잡,,,,,2.19,0,0,0,0,1,0,0,0,0,0,0,0,1,0,0,0,0,0
28,12,0,3,2.964,34,54,1,5,0,여유,0,3,3,4,1.4,1,0,0,0,1,1,0,0,0,0,0,0,0,0,0,0,0,0
39,3,0,18,2.822,0,32,1,3,0,매우혼잡,0,2,3,3,7.3,1,1,0,0,0,0,1,0,0,1,0,0,1,1,0,0,0,0
23,6,1,8,1.595,13,14,0,,,여유,,,,,1.93,0,1,0,0,0,0,0,0,0,0,0,0,0,0,0,1,0,1
30,12,1,1,5.343,3,49,1,,,보통,,,,,0.98,0,0,0,0,0,0,0,0,0,0,0,0,0,0,0,0,0,0
19,12,0,15,1.171,2,17,0,,,혼잡,,,,,2.55,0,0,1,0,0,0,1,1,1,1,1,1,0,0,0,0,0,0
49,12,0,4,2.227,5,39,0,,,보통,,,,,1.12,0,0,0,0,0,0,0,0,0,0,1,0,1,0,0,0,0,0
39,6,0,9,1.952,18,37,0,,,보통,,,,,2.45,0,0,0,0,0,0,0,0,0,0,1,0,0,0,0,0,0,0
35,1,0,18,1.158,1,8,0,1,0,보통,0,2,2,2,2.91,1,1,1,1,1,1,0,0,1,1,0,1,0,0,1,0,0,1
27,3,0,7,1.945,2,39,0,,,혼잡,,,,,1.81,0,1,0,0,0,0,0,0,0,0,0,0,0,0,0,0,0,1
25,3,0,5,2.597,0,25,0,2,0,매우혼잡,0,3,3,2,1.71,1,0,0,0,0,0,0,0,0,0,1,0,0,0,0,0,0,0
33,12,1,14,3.206,14,32,0,3,0,보통,0,3,3,4,6.49,1,0,0,0,0,0,0,0,0,1,0,0,0,0,0,0,0,0
46,12,0,4,2.761,7,45,0,4,0,여유,0,4,2,4,1.59,1,0,0,1,0,0,0,0,0,0,0,0,0,0,0,0,0,0
20,1,0,1,4.542,5,47,0,5,0,보통,0,4,4,4,0.93,1,0,0,0,0,0,0,1,0,0,0,0,0,0,0,0,0,0
35,12,1,6,2.772,2,36,1,,,혼잡,,,,,2.18,0,0,0,0,0,0,0,0,0,0,0,0,0,0,0,1,0,1
31,6,0,60,0.292,1,24,0,3,0,여유,0,2,3,3,2.93,1,1,0,0,0,1,0,1,0,1,0,0,0,1,1,0,0,1
39,12,1,1,6.111,6,64,1,3,0,매우혼잡,0,4,3,2,0.81,1,0,0,0,1,0,0,0,0,0,0,0,1,1,0,1,0,0
34,6,1,1,5.177,1,69,1,4,0,혼잡,1,4,5,1,1.02,1,0,0,0,0,0,0,0,0,0,1,1,1,1,0,1,0,0
43,3,1,3,3.379,12,51,1,3,0,여유,0,2,3,4,1.56,1,0,0,0,0,0,0,1,0,0,0,0,0,0,0,0,0,0
59,12,0,1,4.252,6,68,1,4,0,여유,0,5,5,4,0.82,1,0,0,0,0,0,0,0,0,0,0,0,0,0,0,0,0,0
28,6,0,60,0.0,9,0,0,1,1,매우혼잡,1,2,2,1,7.53,1,1,0,0,0,1,1,1,0,0,1,1,1,1,0,1,1,1
54,12,0,4,2.729,2,53,0,3,0,보통,0,3,4,4,1.65,1,0,1,0,0,0,0,1,0,0,0,0,0,0,0,0,0,0
36,12,0,36,1.825,2,33,0,,,혼잡,,,,,9.35,0,1,0,0,0,0,0,0,0,0,0,0,1,0,0,0,0,1
43,6,1,4,2.349,17,32,0,4,0,여유,0,4,3,3,1.46,1,0,0,0,1,0,0,0,0,0,0,0,1,0,0,0,0,0
46,12,0,1,6.001,19,63,1,4,0,보통,0,4,4,4,0.84,1,0,0,0,0,1,1,0,0,0,0,0,0,0,0,0,0,0
37,6,1,1,5.44,15,62,0,,,여유,,,,,1.04,0,0,0,1,0,0,0,0,0,0,0,0,0,0,0,0,0,0
32,6,0,60,0.0,2,4,0,2,0,매우혼잡,1,2,2,1,2.91,1,1,0,1,0,0,1,0,0,0,1,1,0,0,0,0,1,1
39,12,1,1,4.905,11,56,1,,,보통,,,,,0.81,0,0,0,0,0,0,0,0,0,0,0,1,0,0,0,0,0,0
46,3,0,44,0.159,2,7,0,2,1,보통,0,3,2,3,1.9,1,0,1,0,0,0,0,0,1,0,1,0,0,0,0,0,0,1
28,3,1,4,2.547,0,39,0,4,0,보통,0,3,3,3,1.3,1,0,0,0,0,0,0,0,0,1,0,0,0,0,0,0,0,0
18,12,1,3,2.486,35,31,0,,,여유,,,,,1.01,0,0,0,0,0,0,0,0,0,1,0,0,0,0,0,0,0,0
15,12,0,3,3.393,24,23,1,3,0,여유,0,3,5,3,1.44,1,0,0,0,0,0,0,0,0,0,0,0,0,0,0,0,0,0
31,6,0,4,2.081,15,24,0,3,0,여유,0,3,2,3,1.33,1,0,0,1,0,1,0,0,0,0,0,0,1,0,0,0,0,1
41,1,0,60,0.152,3,18,0,3,0,보통,0,2,3,3,3.13,1,1,0,0,0,0,0,0,0,0,1,0,0,0,0,0,0,0
34,6,0,60,1.504,2,3,1,2,0,보통,0,2,4,1,13.77,1,1,0,0,0,0,0,1,1,0,1,0,0,0,1,0,0,1
33,6,0,8,1.985,5,42,0,4,0,보통,0,3,3,3,2.39,1,0,0,0,0,0,0,0,0,1,0,1,0,0,0,1,0,0
46,6,1,4,2.817,1,39,0,4,0,보통,0,4,3,3,1.65,1,0,0,1,0,0,0,0,0,0,0,0,1,0,0,0,0,0
27,1,1,45,0.363,3,12,0,3,0,보통,0,2,3,2,2.31,1,0,1,0,0,0,0,1,0,1,0,0,0,0,0,0,0,0
22,12,1,6,2.173,14,38,0,2,0,매우혼잡,0,2,3,2,1.86,1,1,0,0,0,0,0,0,1,0,1,0,1,0,0,1,1,0
27,12,0,4,2.076,1,23,0,,,혼잡,,,,,1.15,0,0,0,0,1,0,0,0,1,0,0,0,1,0,0,0,0,0
37,6,0,21,0.961,2,22,1,,,보통,,,,,2.91,0,0,0,0,0,0,0,0,1,0,0,0,0,0,0,0,0,1
39,12,0,2,4.15,35,63,0,,,보통,,,,,0.96,0,0,0,0,0,0,0,0,0,0,1,0,0,1,0,0,0,0
27,3,0,11,1.695,3,19,0,4,0,보통,1,4,3,2,2.64,1,0,0,0,0,0,0,0,0,0,0,1,1,0,0,0,0,0
21,12,0,11,1.356,6,25,0,2,0,보통,0,2,3,1,2.18,1,1,0,0,0,0,1,1,0,0,1,0,0,0,0,1,0,1
31,3,0,3,3.887,3,44,1,4,0,여유,0,3,5,3,1.63,1,0,0,0,0,0,0,0,0,0,1,0,0,0,0,0,0,0
45,1,0,7,1.595,3,24,0,3,0,혼잡,0,3,2,2,1.56,1,0,0,1,0,0,0,0,0,1,1,0,0,0,0,1,1,0
28,3,0,3,2.506,0,18,1,3,0,혼잡,0,3,4,3,1.04,1,0,0,0,0,0,1,0,0,0,0,0,0,0,0,0,1,0
24,12,0,5,2.056,14,34,1,,,혼잡,,,,,1.53,0,0,0,0,0,0,0,0,0,0,0,0,1,1,1,0,0,0
50,6,0,4,2.289,23,46,1,,,보통,,,,,1.15,0,0,0,0,1,0,0,0,0,0,1,0,0,0,0,0,0,0
24,1,0,12,1.703,0,37,0,2,0,혼잡,0,2,2,3,2.83,1,1,1,0,0,1,1,1,0,0,1,0,1,0,0,0,0,0
43,3,1,4,2.204,3,33,0,,,보통,,,,,1.39,0,1,0,0,0,0,0,0,0,0,1,1,0,1,0,0,0,1
31,3,0,1,4.306,4,38,1,5,0,혼잡,1,4,5,2,0.85,1,0,0,0,0,0,0,1,0,0,1,0,1,1,0,0,0,0
35,6,1,3,3.62,3,40,0,,,매우혼잡,,,,,1.43,0,0,0,0,0,0,0,0,0,0,1,0,1,0,0,1,0,0
46,1,0,17,0.877,2,26,0,,,보통,,,,,2.09,0,0,1,0,1,0,0,1,0,0,0,1,0,0,0,0,1,0
33,12,0,3,3.541,15,39,1,4,0,여유,0,4,4,3,1.39,1,0,0,0,0,0,1,0,0,0,0,0,0,0,0,0,0,0
34,1,1,2,4.625,3,66,0,5,0,보통,0,4,4,4,1.08,1,0,0,0,0,1,0,0,0,0,0,0,0,0,0,0,0,0
15,12,1,6,2.015,6,52,0,3,0,혼잡,1,4,3,2,1.61,1,0,0,0,0,0,0,0,0,0,1,1,1,0,0,0,0,0
20,12,0,1,5.58,1,65,1,,,혼잡,,,,,0.82,0,0,0,0,0,0,0,0,0,0,1,1,1,0,0,0,0,0
23,3,0,44,0.337,3,20,0,,,여유,,,,,2.14,0,1,0,0,0,1,0,0,0,0,0,0,0,0,0,0,0,1
15,6,0,3,3.48,21,46,0,3,0,여유,0,5,4,5,1.6,1,1,0,0,0,0,0,0,0,0,0,0,0,0,1,0,0,0
35,12,0,4,2.109,12,17,0,,,매우혼잡,,,,,1.07,0,0,0,0,0,0,0,0,1,0,1,1,1,0,0,0,0,0
33,6,1,2,3.52,4,30,1,3,0,보통,0,4,4,3,1.21,1,0,0,0,0,0,0,0,0,0,1,0,0,1,0,0,0,0
34,6,0,2,3.732,1,59,0,,,여유,,,,,1.05,0,0,0,0,0,0,0,0,0,0,0,0,0,0,0,0,0,0
53,6,0,2,3.959,10,59,0,5,0,매우혼잡,0,4,4,4,1.31,1,0,0,0,1,0,0,0,0,0,0,1,0,0,0,0,0,0
40,6,0,4,2.826,4,41,1,3,0,보통,0,3,3,3,1.67,1,1,0,0,0,0,0,0,0,0,0,0,1,0,0,0,0,0
23,1,0,12,1.248,2,25,0,,,여유,,,,,2.14,0,1,0,0,0,0,0,0,0,1,0,0,0,0,0,0,0,0
41,6,0,25,0.689,9,24,0,,,여유,,,,,2.43,0,1,0,0,1,1,0,0,0,0,0,0,0,1,0,0,0,0
38,12,0,39,0.149,4,35,0,1,1,혼잡,0,3,3,3,1.67,1,1,0,0,0,0,1,0,0,0,1,0,0,0,1,0,1,1
25,6,0,4,3.027,6,34,0,2,0,보통,0,4,3,3,1.69,1,1,0,0,0,0,0,0,0,0,0,0,1,0,0,0,0,0
25,12,1,1,5.88,36,70,1,5,0,보통,0,4,5,4,1.07,1,0,0,0,0,0,0,0,0,0,0,0,0,0,0,0,0,0
51,6,0,35,1.871,4,24,0,4,0,여유,1,4,5,2,9.37,1,1,0,0,0,0,0,0,0,0,0,0,0,0,0,0,0,0
31,12,1,3,3.132,11,34,0,4,0,보통,0,3,3,2,1.21,1,0,0,0,0,0,1,0,0,0,0,0,0,1,0,0,0,0
55,6,1,3,3.178,2,41,1,5,0,보통,0,4,4,4,1.35,1,0,0,0,0,0,0,0,0,0,0,0,0,0,0,0,0,0
29,12,0,60,0.404,5,16,0,3,0,혼잡,1,3,2,1,16.0,1,1,0,0,0,0,0,0,0,0,0,1,1,1,0,1,0,1
36,6,0,9,1.244,13,32,0,3,0,혼잡,0,3,4,3,1.67,1,1,0,0,0,0,0,0,1,1,1,0,0,0,0,0,0,0
42,1,0,9,1.864,1,26,0,,,혼잡,,,,,2.4,0,1,0,0,1,1,1,1,0,1,1,0,1,0,1,0,0,1
37,12,0,60,0.042,20,34,0,,,보통,,,,,3.16,0,1,0,0,0,0,0,0,0,0,1,0,0,1,0,0,0,0
33,1,1,2,3.713,6,38,0,4,0,보통,0,3,3,3,1.07,1,0,0,0,0,0,0,0,0,0,0,0,0,0,0,0,0,0
45,6,0,10,2.625,9,25,0,3,0,여유,0,2,3,4,3.91,1,1,0,0,0,0,0,0,1,0,0,0,0,0,0,0,0,0
42,3,0,28,0.737,2,17,0,,,여유,,,,,2.91,0,0,0,1,0,0,1,0,1,1,1,0,0,1,1,0,0,0
21,3,1,10,1.828,3,34,0,3,0,혼잡,0,3,4,2,2.68,1,1,0,0,0,0,0,0,0,0,1,1,0,1,0,0,0,0
18,12,0,12,1.136,17,33,0,3,0,매우혼잡,1,2,2,1,1.87,1,0,0,0,0,0,0,0,0,1,0,0,0,1,0,0,0,0
52,3,0,9,1.301,3,22,0,3,0,보통,0,3,3,4,1.72,1,1,0,0,0,0,0,0,0,0,0,0,0,0,0,0,0,1
37,6,0,12,1.05,6,22,1,,,혼잡,,,,,1.85,0,0,0,0,0,0,0,0,0,0,1,1,0,0,0,1,0,0
20,12,1,1,5.494,23,60,1,,,여유,,,,,1.09,0,0,0,0,0,0,0,0,0,0,0,0,0,0,0,0,0,0
22,3,0,40,0.454,2,20,0,,,여유,,,,,2.58,0,0,0,1,0,0,0,0,0,0,0,1,1,0,0,1,0,0
30,3,0,11,1.293,5,28,1,2,0,혼잡,0,2,3,3,2.1,1,1,0,0,0,0,0,0,0,0,0,0,0,0,0,1,0,0
24,6,0,2,4.499,36,61,1,,,혼잡,,,,,1.01,0,0,0,0,0,0,0,0,0,0,0,1,0,0,0,1,0,0
33,6,0,7,1.609,3,44,1,,,매우혼잡,,,,,1.6,0,1,0,0,0,0,0,0,0,0,1,1,1,1,1,0,0,0
32,6,0,9,1.866,11,13,0,,,보통,,,,,2.49,0,0,0,0,0,0,0,0,0,0,0,0,0,0,0,0,0,0
32,6,0,3,3.946,2,43,0,3,0,혼잡,0,2,3,2,1.44,1,1,0,1,0,0,0,0,0,0,1,0,1,1,0,1,0,0
35,6,0,5,2.075,0,42,0,3,0,보통,0,3,3,4,1.42,1,0,0,0,0,0,0,1,0,1,0,0,0,0,0,0,0,0
50,6,1,5,2.07,5,26,0,,,보통,,,,,1.41,0,1,0,0,0,0,0,0,0,0,0,0,0,0,1,0,0,0
38,6,0,5,2.196,17,37,0,,,보통,,,,,1.53,0,0,0,0,0,0,0,0,0,0,0,0,0,0,0,0,0,0
23,1,0,44,0.383,3,12,0,,,혼잡,,,,,2.39,0,1,1,1,0,0,0,1,0,1,0,0,0,1,1,1,0,0
46,3,0,16,0.92,1,11,0,,,보통,,,,,2.08,0,1,0,0,0,0,0,1,0,0,1,0,0,0,0,0,0,0
30,3,0,40,0.4,7,18,0,,,보통,,,,,2.28,0,0,1,0,0,0,0,1,1,0,0,0,0,0,1,1,0,0
32,6,0,4,2.3,8,34,0,3,0,보통,0,4,3,3,1.39,1,0,0,0,0,0,1,0,0,0,0,0,0,0,1,0,0,0
26,12,0,4,2.728,24,18,0,3,0,여유,0,4,3,4,1.7,1,0,0,0,0,0,0,0,0,0,0,0,0,0,0,0,0,0
28,6,0,15,2.763,1,30,0,,,보통,,,,,5.73,0,1,0,0,0,0,1,1,0,1,1,0,0,0,0,0,0,0
15,6,0,9,2.917,7,43,0,4,0,보통,0,3,4,3,3.67,1,0,0,1,0,0,1,0,0,0,0,0,0,0,0,0,0,0
42,12,0,2,3.845,32,48,1,,,여유,,,,,1.18,0,0,0,0,0,0,0,0,0,0,1,0,0,0,0,0,0,0
40,12,0,9,1.902,21,22,0,2,0,보통,0,3,2,3,2.51,1,0,1,1,0,0,0,0,0,0,0,0,0,0,0,0,0,0
28,12,0,2,3.383,4,50,1,3,0,혼잡,0,3,3,3,1.01,1,0,0,0,0,0,0,0,0,0,0,0,0,1,0,0,0,0
15,3,0,60,0.245,6,0,0,2,0,혼잡,0,2,2,2,2.67,1,1,0,0,0,0,0,0,0,0,1,0,0,1,1,0,0,0
24,6,0,5,2.035,6,31,1,4,0,여유,0,3,4,3,1.53,1,0,0,0,0,0,0,1,0,0,0,1,0,0,0,0,0,0
27,3,0,4,2.752,1,46,1,2,0,매우혼잡,0,3,4,2,1.68,1,0,0,0,1,0,0,1,0,0,1,1,0,1,1,1,1,0
47,1,0,3,2.221,1,15,0,,,보통,,,,,1.06,0,1,0,0,0,0,0,1,0,1,0,0,0,0,0,0,0,0
32,6,0,44,0.419,4,13,0,2,0,보통,0,1,4,3,2.61,1,0,0,0,1,0,0,0,0,0,0,1,0,0,0,1,0,0
46,6,1,54,0.361,2,20,0,1,1,혼잡,0,3,3,3,2.78,1,1,0,0,0,0,0,0,0,0,0,1,0,0,1,1,1,1
33,6,0,12,1.277,2,29,0,4,0,보통,0,3,3,3,2.25,1,1,0,0,0,0,0,0,0,0,1,1,0,0,1,1,0,0
27,12,0,31,0.612,4,18,0,,,여유,,,,,2.7,0,0,0,0,0,0,0,0,0,0,0,0,0,0,1,0,0,0
40,6,0,6,1.699,14,22,0,,,여유,,,,,1.56,0,0,0,0,1,0,0,0,0,0,0,0,0,0,0,0,0,0
49,12,0,1,4.447,5,76,1,,,보통,,,,,0.83,0,0,0,0,0,0,0,0,0,0,1,0,0,0,0,1,0,0
45,12,0,7,4.315,9,68,1,,,여유,,,,,4.11,0,0,0,0,0,0,0,0,0,0,0,1,0,0,1,0,0,0
31,6,1,1,4.75,16,66,0,5,0,혼잡,0,4,4,4,0.89,1,0,0,0,0,0,0,1,0,0,1,0,0,0,0,0,0,0
48,3,0,48,1.133,2,29,0,,,혼잡,,,,,7.8,0,1,0,0,1,0,0,0,0,0,1,0,0,0,0,1,0,0
44,12,1,5,2.046,12,26,0,4,0,여유,0,4,4,3,1.4,1,0,0,0,0,0,0,0,0,0,0,1,0,0,0,0,0,0
19,12,0,3,2.959,6,48,1,,,매우혼잡,,,,,1.14,0,0,0,0,0,0,0,0,0,0,0,1,1,0,0,0,0,0
35,3,0,13,3.058,1,33,1,3,0,매우혼잡,0,2,3,4,5.59,1,1,0,0,0,0,0,0,0,0,0,0,1,0,0,0,1,0
35,1,0,5,2.602,2,32,0,3,0,보통,0,3,4,4,1.78,1,0,0,0,0,0,0,0,1,0,0,0,0,0,0,0,0,0
36,3,1,16,1.341,1,16,0,3,0,혼잡,0,2,3,2,3.06,1,1,0,0,0,0,0,0,1,0,1,0,0,0,1,0,0,0
29,3,0,5,2.079,1,24,0,4,0,여유,0,3,3,4,1.49,1,0,0,0,0,0,0,0,0,1,0,0,0,0,0,0,0,0
32,12,0,2,3.43,15,63,1,2,0,혼잡,0,3,4,3,1.01,1,0,0,0,0,0,0,0,0,0,0,0,0,0,0,0,0,0
37,3,0,4,3.398,2,40,0,3,0,여유,0,4,4,5,1.77,1,0,0,0,0,0,0,0,0,0,1,0,0,0,1,0,1,0
34,6,1,7,4.06,23,54,0,,,매우혼잡,,,,,4.26,0,0,0,0,0,0,0,1,0,1,1,0,0,1,0,0,0,0
62,12,0,3,3.194,0,51,0,3,0,매우혼잡,0,4,2,3,1.39,1,0,0,0,0,0,0,1,0,0,1,1,0,1,0,1,1,0
32,6,0,8,3.964,7,47,1,,,보통,,,,,4.28,0,0,0,0,0,0,0,0,0,0,0,0,0,0,0,0,0,0
25,3,0,5,2.017,20,32,0,3,0,보통,0,4,3,3,1.54,1,0,0,0,0,0,0,0,0,0,1,1,0,0,0,1,0,0
15,1,0,8,1.879,1,32,0,3,0,여유,0,2,4,3,2.08,1,1,0,0,0,0,1,1,0,0,0,0,0,0,0,0,0,0
29,6,0,4,2.695,11,43,1,4,0,보통,0,3,4,3,1.48,1,1,0,0,0,0,0,1,0,0,0,1,0,1,1,0,0,0
40,6,0,5,2.578,4,35,0,3,0,여유,0,4,4,3,1.67,1,0,0,0,0,0,0,0,0,0,0,0,0,0,0,0,0,0
27,12,0,3,2.197,12,32,1,1,1,여유,0,3,4,3,1.06,1,0,0,0,0,0,0,0,1,0,0,0,0,0,0,1,1,0
19,12,0,3,3.876,36,57,1,4,0,혼잡,0,3,4,4,1.64,1,0,0,0,0,0,0,0,0,0,0,1,0,0,1,0,0,0
38,3,1,2,4.174,2,70,0,4,0,여유,0,5,4,4,0.93,1,0,0,0,0,0,0,1,0,0,0,0,0,0,0,0,0,0
31,6,0,13,1.589,3,29,0,4,0,여유,0,3,3,3,2.98,1,1,1,0,0,0,0,0,0,0,0,0,0,0,0,0,0,0
41,3,0,11,1.327,6,27,0,2,0,혼잡,1,3,2,1,2.12,1,1,0,0,0,0,0,1,0,0,0,1,0,1,1,0,0,0
35,3,0,12,1.858,1,34,1,2,0,혼잡,0,3,3,3,3.16,1,1,1,0,1,0,1,0,0,0,0,0,1,1,0,1,0,0
21,12,1,1,5.704,6,74,1,4,0,보통,0,4,5,4,0.97,1,0,0,0,0,0,0,0,0,0,0,0,0,0,0,0,0,0
45,3,1,2,3.084,23,35,0,3,0,보통,0,4,4,3,1.01,1,0,0,0,0,0,0,0,0,0,0,0,0,0,0,0,0,0
38,1,0,4,2.342,2,50,0,,,여유,,,,,1.2,0,0,0,0,0,0,0,1,1,0,0,0,0,0,0,0,0,0
23,3,0,60,0.0,3,7,0,3,0,보통,0,2,3,2,3.22,1,1,0,0,0,0,0,1,0,1,1,0,0,0,0,1,0,0
42,12,0,7,1.47,13,21,1,3,1,보통,0,4,3,3,1.55,1,0,0,0,0,0,0,0,0,0,0,0,1,0,1,1,1,1
28,12,0,2,3.36,5,52,0,,,여유,,,,,1.09,0,0,1,0,0,0,0,0,0,0,0,1,0,0,0,1,0,0
35,3,0,26,0.845,0,17,0,3,0,여유,0,3,3,2,3.1,1,0,0,0,0,0,0,0,0,0,0,0,0,0,0,0,0,0
31,12,0,1,4.001,36,53,1,,,여유,,,,,0.81,0,0,0,0,0,0,0,0,0,0,0,0,0,0,0,0,0,0
61,1,0,4,2.827,10,26,0,,,보통,,,,,1.55,0,0,0,0,1,0,0,0,0,0,0,0,0,0,0,0,0,1
53,6,0,2,4.613,15,57,1,5,0,보통,0,3,4,3,1.04,1,0,0,0,1,0,0,0,0,0,0,0,0,0,0,0,0,0
26,3,0,3,2.927,2,51,0,,,보통,,,,,1.44,0,0,0,0,0,0,0,0,1,0,0,0,0,0,0,1,0,0
40,6,0,52,0.364,6,31,0,3,0,보통,1,3,2,1,2.71,1,1,0,0,0,0,0,0,0,0,1,0,1,0,0,1,0,0
41,3,0,5,2.065,3,35,0,,,여유,,,,,1.37,0,0,0,0,0,0,0,0,0,0,0,0,0,0,0,0,0,1
16,3,0,48,0.0,8,10,0,2,0,여유,1,3,3,2,2.07,1,1,0,0,1,1,0,0,0,0,0,1,1,0,1,1,0,1
38,1,0,2,4.177,1,59,0,4,0,혼잡,1,3,4,3,1.07,1,0,0,0,0,0,1,0,0,0,0,0,1,0,0,0,0,0
38,12,0,8,1.653,8,15,0,4,0,보통,0,3,3,3,1.85,1,1,0,0,0,0,0,0,0,0,0,0,1,0,0,0,0,0
27,12,1,9,1.486,27,21,1,,,혼잡,,,,,1.98,0,1,0,0,0,0,1,0,0,0,1,0,0,1,1,0,0,1
50,6,0,1,4.603,3,61,0,3,0,혼잡,0,3,4,3,0.85,1,0,0,0,0,0,0,0,0,0,1,0,0,0,0,0,0,0
15,3,0,7,1.634,5,20,0,3,0,매우혼잡,0,1,3,3,1.71,1,0,0,0,0,0,0,0,1,0,1,0,0,0,0,0,1,0
45,6,0,5,4.326,19,48,1,,,보통,,,,,3.39,0,0,0,0,0,0,0,0,0,0,0,0,0,0,0,0,0,0
33,3,0,20,2.037,1,45,0,4,0,혼잡,0,3,3,2,5.7,1,1,1,0,0,0,0,1,0,0,1,0,0,0,0,0,0,1
15,12,0,1,4.985,10,50,1,4,0,혼잡,0,4,5,4,1.04,1,0,0,0,0,0,0,0,0,0,0,0,0,0,0,0,0,0
38,12,0,16,1.318,3,6,1,,,여유,,,,,2.94,0,1,0,0,1,0,0,0,0,0,0,0,1,0,0,1,0,0
60,3,0,3,3.327,6,42,0,4,0,혼잡,0,4,4,4,1.48,1,0,0,0,0,0,0,0,0,0,0,0,1,0,0,0,0,0
33,12,1,3,3.205,10,53,1,,,혼잡,,,,,1.46,0,0,0,1,1,1,0,0,0,0,1,0,1,1,0,0,0,0
38,1,1,6,2.042,1,25,0,2,0,혼잡,0,2,2,2,1.85,1,1,0,0,0,1,0,1,0,1,1,0,0,0,0,0,1,1
37,6,1,1,4.562,2,52,1,4,0,보통,0,4,5,4,0.83,1,0,0,0,0,0,0,0,0,0,0,0,0,0,0,0,0,0
16,1,0,26,2.495,5,35,0,,,혼잡,,,,,9.15,0,1,1,0,0,0,0,1,0,1,1,1,0,1,0,0,0,0
41,1,0,53,0.0,3,13,0,3,0,보통,0,3,2,3,2.25,1,1,0,1,0,0,0,0,0,1,0,0,1,0,1,0,0,0
47,12,1,1,5.498,10,55,0,,,보통,,,,,0.98,0,0,0,0,0,1,0,0,0,0,0,0,0,0,0,0,0,0
36,6,0,2,4.573,7,52,1,4,0,혼잡,0,4,5,4,1.01,1,0,0,0,0,0,0,0,0,0,1,0,0,0,0,0,0,0
27,1,0,10,1.562,0,23,1,,,여유,,,,,2.23,0,1,0,0,0,0,0,0,0,0,1,0,0,0,0,0,0,0
25,12,0,11,1.8,13,20,1,2,0,혼잡,0,2,3,1,2.79,1,0,0,0,0,0,0,0,1,0,1,1,1,1,0,1,0,0
23,6,1,11,1.442,0,17,0,3,0,매우혼잡,0,2,2,2,2.26,1,0,0,0,0,0,0,1,1,1,0,1,1,1,0,1,0,0
27,12,1,1,4.3,9,65,0,5,0,여유,0,4,4,4,0.9,1,0,1,0,0,0,0,0,0,0,0,0,0,0,0,0,0,0
51,3,0,13,2.306,3,35,1,4,0,보통,1,3,3,2,4.36,1,0,0,0,1,0,0,0,0,1,1,0,1,1,0,0,1,0
31,3,0,3,2.681,1,47,0,,,혼잡,,,,,1.17,0,1,0,0,0,0,0,1,0,1,1,0,1,0,1,1,1,0
47,6,1,3,2.701,8,38,1,3,0,보통,0,3,3,2,1.03,1,0,0,0,0,0,0,0,0,0,0,0,0,0,0,0,0,0
42,12,0,3,2.82,11,17,1,,,혼잡,,,,,1.35,0,0,0,0,0,0,0,1,0,0,0,0,0,1,0,0,0,0
38,3,0,1,4.064,3,45,0,3,0,보통,0,4,4,4,0.84,1,0,0,0,0,0,1,1,0,0,0,0,0,0,0,0,0,0
19,12,0,9,4.653,19,45,0,5,0,여유,0,5,4,4,5.75,1,0,0,0,0,0,0,0,0,0,0,0,0,0,0,0,0,0
35,12,1,1,4.033,5,55,1,,,혼잡,,,,,0.84,0,0,0,0,0,1,0,0,0,0,0,0,0,0,0,0,0,0
50,3,0,2,4.506,3,53,0,4,0,여유,0,4,5,3,1.1,1,0,0,0,0,0,1,0,0,0,0,0,0,0,0,0,0,0
24,12,0,13,1.058,18,33,0,3,0,보통,1,3,3,2,2.0,1,0,1,1,0,0,0,0,0,0,0,0,0,0,0,0,0,0
44,12,1,1,5.045,11,62,1,4,0,보통,0,4,3,4,0.92,1,0,1,0,1,0,0,0,0,0,0,0,0,0,0,0,0,0
26,12,1,2,4.285,9,37,0,,,혼잡,,,,,0.95,0,0,0,0,0,0,0,0,0,0,1,0,0,0,0,0,0,0
35,12,1,4,2.999,9,54,0,,,여유,,,,,1.77,0,0,0,0,0,0,0,0,0,0,0,0,0,0,0,0,0,0
45,3,0,18,0.867,7,22,0,,,혼잡,,,,,2.19,0,1,1,0,0,1,1,1,0,0,0,0,1,0,0,1,1,0
23,12,0,21,0.811,18,13,0,3,1,여유,0,2,3,4,2.47,1,1,0,0,0,0,1,1,0,0,0,0,0,0,0,0,0,0
27,3,0,16,1.128,4,6,0,,,보통,,,,,2.55,0,1,1,0,0,0,0,0,0,0,0,1,0,1,0,0,0,0
16,12,0,9,1.822,36,18,0,3,0,혼잡,1,3,2,2,2.39,1,1,0,1,0,0,0,0,1,0,1,1,1,0,0,0,0,0
33,12,0,3,3.083,1,42,0,2,0,혼잡,0,2,4,4,1.42,1,1,0,0,0,0,0,0,0,0,0,0,0,0,1,0,0,0
22,12,0,1,5.183,22,68,0,,,여유,,,,,0.81,0,0,0,0,0,0,0,0,0,0,0,0,0,0,0,0,0,0
29,6,0,1,4.028,20,47,1,4,0,보통,0,4,5,5,0.82,1,0,0,0,0,0,0,0,0,0,0,0,0,0,0,0,0,0
37,12,0,10,1.351,12,24,1,1,1,보통,0,4,4,2,1.95,1,0,0,0,0,0,0,0,0,0,0,0,0,0,1,1,1,0
31,3,0,18,0.912,9,22,1,,,여유,,,,,2.4,0,1,0,1,0,0,0,0,0,0,0,0,0,0,0,0,0,1
22,12,0,1,4.755,29,61,1,4,0,매우혼잡,0,3,5,3,0.94,1,0,0,1,0,0,0,0,1,0,0,0,0,0,0,1,0,1
57,3,0,16,0.895,5,29,0,,,매우혼잡,,,,,2.1,0,0,0,0,0,0,0,0,0,0,1,1,1,1,0,1,0,0
57,12,1,1,6.312,13,67,1,,,보통,,,,,1.06,0,0,0,0,0,0,0,0,0,0,0,0,0,0,0,0,0,0
27,6,0,50,0.133,10,2,0,2,1,보통,0,2,3,2,2.14,1,1,0,0,0,0,0,1,0,0,0,0,0,0,0,0,0,1
34,3,0,23,0.471,5,1,0,,,여유,,,,,1.56,0,0,0,0,0,1,0,0,0,0,0,0,0,0,0,0,1,1
45,12,0,9,1.735,2,24,0,,,혼잡,,,,,2.26,0,1,0,0,0,0,0,0,0,1,0,0,0,0,0,1,1,0
23,3,0,12,1.646,9,38,0,,,혼잡,,,,,2.75,0,1,0,0,0,0,0,0,0,0,1,0,1,0,0,1,1,0
45,3,0,13,1.273,2,13,0,1,1,보통,0,3,3,4,2.31,1,1,0,1,0,0,0,0,0,0,0,0,0,0,1,0,0,1
41,12,1,3,2.323,28,60,0,,,여유,,,,,1.16,0,0,1,0,0,0,0,0,0,0,0,0,0,0,0,0,0,0
25,3,1,4,3.11,22,37,0,,,혼잡,,,,,1.68,0,0,0,0,0,0,0,0,0,0,0,0,1,1,0,0,1,0
33,12,1,1,5.177,29,55,1,4,0,보통,0,3,5,4,1.0,1,0,0,0,0,0,0,0,0,0,1,0,0,0,0,0,0,0
29,3,1,1,4.589,12,71,0,,,혼잡,,,,,0.98,0,0,0,0,1,0,0,0,0,0,0,1,0,1,0,0,0,0
20,3,1,5,2.319,2,37,0,,,매우혼잡,,,,,1.79,0,1,0,1,0,0,0,1,0,0,0,0,0,0,0,0,0,0
40,3,0,42,0.544,1,24,0,,,보통,,,,,3.29,0,1,0,0,0,0,0,0,0,0,0,0,0,0,0,0,0,0
34,6,0,22,2.173,3,36,0,,,여유,,,,,6.71,0,1,0,0,0,0,0,0,0,0,0,0,0,0,0,0,0,0
31,6,0,16,1.115,7,13,0,2,1,보통,0,4,4,4,2.59,1,1,0,0,0,0,0,0,0,0,0,0,0,0,0,1,1,1
34,1,0,16,1.212,6,18,0,,,보통,,,,,2.69,0,0,0,0,0,0,0,0,0,0,0,1,0,0,1,0,0,0
37,12,1,3,2.567,12,56,0,,,보통,,,,,1.02,0,0,0,1,0,0,0,0,0,0,0,0,0,0,0,1,0,0
39,3,1,4,2.732,6,34,0,4,0,보통,0,4,4,4,1.72,1,0,0,0,0,0,0,0,0,0,0,0,0,1,0,1,0,0
30,6,1,10,1.733,3,25,0,,,여유,,,,,2.47,0,0,0,0,0,0,0,0,0,0,0,0,0,0,0,0,0,0
57,6,0,2,4.278,0,37,1,4,0,매우혼잡,0,3,4,3,0.97,1,0,0,0,0,0,1,1,0,0,1,1,1,0,0,1,0,0
15,1,0,32,0.565,2,13,0,3,0,여유,0,3,2,3,2.55,1,0,0,0,1,0,0,1,0,0,0,0,0,0,0,0,0,0
35,1,1,4,2.373,1,42,0,,,혼잡,,,,,1.26,0,0,1,0,0,0,0,1,0,0,0,0,1,1,0,0,0,0
33,6,0,3,2.669,13,22,1,3,0,보통,0,4,5,3,1.09,1,0,0,0,0,0,0,0,0,0,0,0,1,0,0,0,0,0
42,12,1,8,1.984,7,29,0,2,0,보통,0,3,2,3,2.35,1,1,0,0,0,1,0,1,0,0,0,0,0,0,0,0,0,0
42,1,0,3,3.381,5,40,0,,,혼잡,,,,,1.68,0,0,0,0,0,0,0,0,0,0,0,0,0,0,0,0,0,1
36,6,0,60,0.0,3,0,0,,,보통,,,,,2.6,0,1,0,1,0,0,1,0,0,0,1,1,1,1,1,0,0,1
37,1,1,6,2.223,4,34,1,,,보통,,,,,1.89,0,1,0,0,1,0,0,1,0,0,1,0,1,0,0,0,0,0
38,12,1,3,3.483,19,35,0,4,0,여유,0,4,3,4,1.59,1,0,0,0,0,0,0,0,0,0,0,0,0,0,0,0,0,0
33,6,1,4,2.254,5,0,1,1,1,혼잡,1,2,4,1,1.27,1,1,0,0,0,0,0,1,0,0,1,0,1,0,1,0,0,0
40,12,1,3,3.628,2,42,1,,,보통,,,,,1.6,0,0,0,0,0,0,0,0,0,1,0,0,0,0,0,0,0,0
29,1,1,14,1.336,0,28,0,,,여유,,,,,2.62,0,0,0,1,1,0,0,1,0,1,0,0,0,0,0,0,0,0
25,1,0,25,0.754,2,28,0,,,매우혼잡,,,,,2.74,0,1,0,0,0,1,0,1,0,0,0,1,1,1,1,1,0,1
43,6,1,53,0.0,13,10,0,,,매우혼잡,,,,,2.26,0,0,0,1,0,0,0,0,0,0,1,1,1,1,0,1,0,0
54,12,0,10,1.471,2,37,0,2,0,혼잡,0,2,2,3,2.18,1,1,1,1,0,0,0,0,0,0,1,1,0,0,0,1,0,1
15,12,0,1,4.05,20,52,1,3,0,혼잡,0,4,4,3,0.85,1,0,0,0,0,0,0,0,0,0,0,0,0,0,0,0,0,0
16,6,0,60,0.236,1,10,0,,,여유,,,,,2.82,0,1,0,0,0,0,0,0,0,0,0,0,1,0,0,0,0,0
31,3,0,3,2.273,1,40,0,4,0,여유,0,3,3,3,1.0,1,1,0,0,0,0,0,0,0,0,0,1,0,1,0,0,0,0
25,12,1,1,5.401,5,66,1,3,0,혼잡,0,4,4,4,1.03,1,0,0,0,0,0,0,0,0,0,0,0,0,0,0,0,0,0
35,3,0,4,2.623,3,21,0,3,0,보통,0,3,3,2,1.56,1,0,0,0,1,0,0,0,1,0,0,0,0,0,0,0,0,0
15,3,0,2,3.129,4,27,0,4,0,보통,0,4,3,3,1.03,1,1,0,0,0,0,0,0,0,0,0,0,0,0,0,0,0,0
18,1,1,11,3.013,1,36,0,,,혼잡,,,,,4.77,0,0,0,0,0,0,0,0,0,0,0,0,0,0,0,0,0,0
24,3,0,3,2.923,1,47,0,4,0,여유,0,4,4,4,1.17,1,0,0,0,0,0,0,0,0,0,0,0,0,0,0,0,0,1
27,3,0,9,1.925,2,9,0,2,0,보통,0,3,2,2,2.44,1,1,0,0,0,0,0,0,0,0,1,0,1,0,0,0,1,0
47,6,0,1,4.334,18,62,1,,,혼잡,,,,,0.87,0,0,0,0,0,0,0,0,0,0,0,0,0,0,0,0,0,0
15,3,1,4,2.601,4,41,0,,,보통,,,,,1.45,0,0,0,1,1,0,0,0,0,1,0,0,0,0,1,0,0,0
49,6,1,3,3.671,7,53,0,,,여유,,,,,1.5,0,0,0,0,0,0,0,1,0,0,0,0,0,0,0,0,0,1
37,1,1,2,4.385,3,49,1,5,0,여유,1,4,5,3,1.03,1,0,0,0,0,0,0,0,0,0,0,0,1,0,0,0,0,0
37,6,1,3,2.457,19,34,0,,,여유,,,,,1.05,0,0,0,0,0,0,0,0,0,0,0,0,0,0,0,0,0,0
37,6,1,2,4.137,8,32,1,4,0,여유,0,4,4,3,0.95,1,0,0,0,0,0,0,0,0,0,0,0,0,1,0,0,0,0
44,12,0,3,3.458,27,42,0,,,혼잡,,,,,1.53,0,1,0,0,1,1,0,1,0,0,0,1,0,0,0,0,0,0
16,1,1,26,0.62,4,31,0,4,0,매우혼잡,0,1,1,2,2.32,1,0,1,1,0,0,0,1,1,0,1,0,0,1,0,0,0,0
25,12,1,1,5.848,24,60,1,,,혼잡,,,,,0.82,0,0,0,0,0,0,0,0,0,1,1,1,0,0,0,0,0,0
29,12,1,13,3.133,34,42,1,,,여유,,,,,5.63,0,0,0,0,0,0,0,0,0,0,0,0,0,0,0,0,0,1
15,12,1,2,3.891,9,52,0,,,보통,,,,,1.21,0,0,0,0,0,0,0,0,0,0,0,0,0,0,0,0,0,0
36,6,0,11,1.69,1,37,0,3,0,여유,0,4,4,3,2.66,1,1,0,0,0,0,0,0,0,0,0,0,0,0,0,0,0,0
33,12,0,1,4.518,36,47,1,3,0,혼잡,1,4,5,2,0.94,1,0,0,0,0,0,0,0,0,0,1,1,1,1,0,0,1,1
34,1,0,6,2.122,2,35,0,3,0,여유,0,4,4,4,1.78,1,0,0,0,0,0,0,0,0,0,0,0,0,0,0,0,0,0
42,3,1,4,2.234,3,28,0,2,0,보통,0,4,4,3,1.23,1,0,0,0,0,0,0,0,0,0,0,0,0,0,1,0,1,0
29,6,1,1,5.865,19,66,0,4,0,보통,0,5,4,4,1.03,1,0,0,0,0,0,0,0,0,0,0,0,0,0,0,0,0,0
29,12,1,3,3.493,3,46,0,3,0,여유,0,4,3,4,1.62,1,0,0,0,0,0,0,0,0,0,0,0,0,0,0,0,0,0
42,6,1,1,4.456,6,60,0,5,0,여유,0,4,4,4,0.85,1,0,0,0,0,0,0,0,0,0,0,0,0,0,0,0,0,0
27,12,1,2,4.486,20,46,0,,,보통,,,,,0.97,0,0,0,0,0,0,0,0,0,0,0,0,0,1,0,0,0,0
34,6,1,1,4.759,35,48,0,,,여유,,,,,1.0,0,0,0,0,0,0,0,0,0,0,0,0,0,0,0,0,0,0
47,3,0,4,2.443,4,32,0,4,0,보통,0,2,3,3,1.57,1,0,0,0,0,0,0,0,0,1,0,0,1,0,0,0,0,0
29,12,0,4,2.749,12,30,0,4,0,보통,0,3,2,3,1.46,1,0,0,0,1,1,0,0,1,1,0,0,0,0,0,0,0,0
22,3,1,1,4.188,3,54,0,5,0,보통,0,4,4,4,0.82,1,0,0,0,0,0,0,0,0,0,0,0,0,1,0,0,0,0
20,12,0,32,2.216,36,26,0,3,0,여유,0,4,3,4,10.14,1,1,1,0,0,0,0,0,0,0,0,0,0,0,0,0,0,0
16,6,1,8,1.968,17,14,0,3,0,여유,0,3,3,2,2.19,1,0,0,0,0,0,0,0,0,0,0,0,0,0,0,0,0,0
24,6,0,20,0.782,11,16,0,3,0,보통,1,3,4,1,2.25,1,1,0,0,0,0,0,0,0,1,1,0,1,1,0,0,1,1
15,6,0,24,0.876,17,23,0,4,0,혼잡,0,2,2,2,3.01,1,0,0,0,0,0,0,0,0,0,1,1,0,1,0,0,1,0
42,12,1,13,3.863,19,54,1,3,0,보통,0,4,3,3,7.25,1,0,0,0,0,0,0,0,0,0,0,0,0,0,0,0,0,0
27,12,1,3,3.188,34,44,0,3,0,보통,0,4,3,3,1.47,1,0,0,0,0,0,0,0,0,0,1,0,0,0,0,0,0,0
58,12,0,2,2.888,8,38,0,3,0,매우혼잡,1,3,3,2,1.01,1,0,0,0,0,0,0,0,0,0,1,0,1,1,0,0,0,0
47,3,0,3,2.825,8,44,1,3,0,여유,0,4,4,3,1.02,1,0,0,0,1,0,0,0,0,0,0,0,0,0,0,0,0,1
39,6,0,5,2.292,3,41,0,3,0,보통,0,4,4,3,1.62,1,1,0,0,0,0,0,0,0,0,0,0,0,0,0,0,0,1
38,12,1,6,1.881,3,41,1,3,0,혼잡,1,3,3,2,1.57,1,0,0,0,1,0,0,0,0,0,1,0,1,1,0,0,0,0
36,12,0,12,1.861,5,28,0,,,매우혼잡,,,,,3.1,0,1,1,1,0,0,1,0,0,0,1,1,1,1,1,0,0,1
29,12,0,4,2.611,12,43,0,4,0,보통,0,3,3,3,1.34,1,0,0,1,0,1,0,1,0,0,0,1,0,0,0,0,0,0
41,12,1,2,3.297,7,51,1,3,0,보통,0,4,4,4,1.09,1,0,0,0,0,0,0,0,0,0,0,0,0,0,0,0,1,1
45,12,1,4,2.388,4,20,0,,,매우혼잡,,,,,1.53,0,1,0,0,0,0,0,0,0,0,0,0,0,1,0,1,0,0
37,6,0,12,1.407,4,39,0,,,여유,,,,,2.49,0,0,0,0,0,0,0,0,0,0,1,0,0,0,0,0,0,0
35,6,0,20,1.006,7,21,0,2,0,보통,0,3,3,3,2.91,1,0,0,0,0,0,1,0,0,0,1,0,0,0,0,0,0,0
34,12,0,2,4.356,7,56,0,,,보통,,,,,1.07,0,0,0,0,0,0,0,0,0,0,0,0,0,0,0,1,1,0
30,12,1,3,3.553,16,45,0,3,0,혼잡,0,3,3,3,1.65,1,1,0,0,0,0,0,0,0,0,0,0,1,0,0,0,0,0
29,3,0,2,4.806,8,56,0,3,0,매우혼잡,0,4,4,4,1.07,1,0,0,0,0,0,0,0,0,0,1,1,0,0,0,1,1,0
45,3,0,3,2.598,4,31,0,,,보통,,,,,1.27,0,1,0,0,0,0,0,0,0,0,0,0,0,0,0,0,0,0
46,6,1,1,5.032,3,64,0,,,보통,,,,,0.97,0,0,0,0,1,0,0,0,0,0,0,1,0,0,0,0,0,0
48,12,0,43,0.34,13,20,0,3,0,보통,0,3,2,3,2.08,1,0,0,1,0,0,0,0,0,0,0,1,0,0,0,0,0,0
36,6,1,4,2.409,4,29,0,,,여유,,,,,1.53,0,0,0,1,1,1,0,0,0,0,1,0,0,0,0,0,0,0
47,12,0,37,0.389,9,12,0,2,0,매우혼잡,0,1,2,2,2.08,1,1,0,0,0,1,1,0,0,0,1,0,1,1,0,0,1,1
22,6,1,5,2.413,3,38,0,3,0,보통,0,3,3,2,1.69,1,0,0,0,1,0,0,0,0,0,1,0,1,1,0,0,0,0
24,12,0,3,3.253,10,31,0,3,0,여유,0,2,2,3,1.57,1,1,0,0,0,0,1,1,0,0,1,0,0,0,0,0,0,0
37,6,0,5,2.154,25,27,0,,,여유,,,,,1.62,0,0,0,0,0,0,0,0,0,0,0,0,0,1,0,0,0,0
32,12,0,5,2.036,8,34,1,3,0,혼잡,0,2,4,3,1.48,1,0,0,0,0,0,0,0,0,0,0,0,0,0,0,0,0,0
29,12,1,3,3.415,8,40,0,3,0,혼잡,0,4,5,4,1.28,1,0,0,0,0,0,0,0,0,0,0,0,0,0,1,0,0,0
34,6,0,15,1.437,15,35,0,,,혼잡,,,,,3.17,0,0,0,1,0,0,0,1,0,1,1,1,1,1,0,0,0,0
43,6,0,8,1.556,9,34,0,2,0,혼잡,0,3,4,2,1.75,1,0,0,0,0,0,0,0,0,0,0,0,0,1,1,0,1,0
38,12,0,3,2.91,8,36,0,3,0,혼잡,0,2,3,2,1.37,1,1,0,0,0,0,0,1,0,1,1,1,1,0,0,0,0,1
49,12,0,14,1.364,9,26,0,,,여유,,,,,2.74,0,0,0,0,0,0,0,0,0,0,0,1,0,0,0,0,0,0
33,3,0,19,0.796,3,18,0,,,보통,,,,,2.18,0,0,0,0,0,0,0,1,0,0,0,0,1,0,0,0,0,0
15,3,0,3,2.449,10,42,1,3,0,보통,1,4,3,2,1.12,1,1,0,0,0,0,0,0,0,1,1,0,0,0,0,0,0,0
23,6,1,23,0.902,4,41,0,3,0,여유,0,3,2,1,2.94,1,0,0,0,0,1,0,0,0,0,0,0,0,0,0,0,0,1
43,6,0,1,4.696,4,54,1,4,0,혼잡,0,3,4,3,0.86,1,0,0,0,0,0,0,0,0,0,0,0,1,0,0,0,0,0
50,12,0,3,3.636,20,31,0,3,0,혼잡,0,3,3,3,1.69,1,0,0,0,0,0,0,0,0,0,0,0,0,0,0,0,0,1
31,6,0,9,1.899,3,46,0,3,0,보통,0,4,4,4,2.5,1,0,0,0,1,0,0,0,0,0,0,0,0,0,0,0,1,0
22,1,0,17,1.017,1,11,0,,,매우혼잡,,,,,2.43,0,1,0,0,1,0,0,1,0,1,1,1,1,1,0,0,0,1
41,12,0,6,1.856,6,28,0,,,보통,,,,,1.63,0,1,1,0,0,0,1,0,0,0,0,0,0,0,0,0,0,0
30,3,1,3,3.439,1,37,0,,,여유,,,,,1.43,0,0,0,0,0,0,0,0,0,0,0,0,0,0,0,0,0,0
46,1,1,5,2.2,0,49,0,3,0,매우혼잡,0,3,3,3,1.51,1,0,0,0,0,0,0,1,0,0,0,1,0,0,0,0,0,0
32,1,0,45,0.448,2,31,0,2,0,혼잡,0,3,2,3,2.91,1,1,0,1,0,0,1,0,1,0,0,1,0,0,0,1,1,1
47,12,0,3,2.292,13,41,0,,,여유,,,,,1.05,0,0,0,0,0,0,0,1,0,0,0,0,1,0,0,0,1,1
15,3,0,11,1.186,10,30,0,4,0,보통,0,3,3,3,1.91,1,0,0,0,0,0,0,0,0,1,0,0,0,0,0,0,0,0
26,1,0,3,2.115,1,31,1,4,0,여유,0,3,4,5,1.02,1,0,0,0,0,0,0,0,0,0,0,0,0,0,0,0,0,1
32,3,0,13,1.315,0,32,1,2,0,혼잡,1,2,3,1,2.35,1,1,0,0,0,0,1,0,0,0,0,1,0,1,0,1,0,0
24,3,0,1,5.108,11,66,1,,,여유,,,,,1.08,0,0,0,0,0,0,0,0,0,0,0,0,0,0,0,0,0,0
29,3,0,30,0.545,4,16,0,,,보통,,,,,2.3,0,1,1,0,0,0,0,0,0,0,0,0,0,1,0,1,0,0
25,12,0,5,2.26,19,33,1,,,보통,,,,,1.65,0,0,0,0,0,0,0,0,0,0,0,1,1,0,0,0,0,0
15,12,1,3,2.351,5,30,0,2,0,보통,0,3,4,2,1.16,1,0,0,0,0,0,0,0,0,0,0,0,0,0,0,0,0,0
51,3,0,4,2.771,7,25,0,3,0,보통,0,4,3,2,1.74,1,0,0,0,0,0,0,0,0,0,1,0,0,1,1,0,0,0
33,6,0,8,1.812,7,29,0,3,0,보통,0,3,3,3,2.08,1,0,0,0,0,0,0,0,0,0,0,0,0,0,0,0,0,1
16,12,0,27,0.787,7,2,0,,,보통,,,,,3.05,0,1,1,0,0,0,0,0,0,0,0,0,0,0,0,0,0,0
42,12,0,4,3.026,7,42,0,3,0,혼잡,0,3,3,3,1.53,1,0,0,0,0,0,0,0,0,0,1,0,0,0,0,0,0,0
22,1,1,4,2.758,1,34,0,3,0,여유,0,3,4,2,1.46,1,0,0,0,0,0,0,0,0,0,0,0,0,1,0,0,0,0
17,1,0,4,2.202,5,30,0,,,여유,,,,,1.22,0,0,1,0,0,0,0,1,1,0,0,0,0,0,0,0,0,0
39,6,1,18,1.074,9,35,0,,,여유,,,,,2.76,0,1,0,0,0,0,1,0,0,0,1,1,0,0,0,0,0,1
18,1,0,2,3.974,4,60,0,5,0,여유,0,4,4,5,1.34,1,0,0,0,1,1,0,0,0,0,0,0,0,0,0,0,0,0
41,12,0,5,2.391,27,46,0,,,보통,,,,,1.59,0,0,0,0,0,0,0,0,0,1,1,0,0,0,0,0,0,0
24,12,0,3,3.595,28,64,0,4,0,보통,0,4,4,4,1.35,1,0,0,0,0,0,0,0,0,0,0,0,0,0,0,0,0,0
15,3,0,11,3.058,6,39,0,3,0,보통,0,4,4,3,4.98,1,1,0,0,0,0,0,0,0,0,0,0,0,0,0,0,0,0
51,3,0,15,1.33,12,18,1,,,보통,,,,,2.92,0,1,0,0,0,0,0,1,0,0,0,0,0,0,0,1,0,0
37,12,1,15,1.528,8,7,0,,,보통,,,,,3.24,0,1,1,0,0,0,0,0,0,0,0,0,0,0,1,0,0,0
36,6,0,60,1.78,3,40,0,,,보통,,,,,16.45,0,1,0,1,0,1,1,0,1,1,1,0,0,0,0,0,0,0
58,12,0,18,1.218,6,35,0,,,매우혼잡,,,,,3.21,0,1,0,1,0,1,1,0,0,0,0,1,1,1,0,0,0,0
47,1,0,60,0.0,7,3,0,2,0,여유,0,1,3,2,14.14,1,1,0,0,1,0,1,1,0,1,1,0,0,0,0,0,1,0
43,3,0,8,1.511,2,50,0,,,보통,,,,,1.75,0,0,0,0,0,0,0,1,0,0,0,0,0,0,0,1,0,1
49,12,0,2,4.064,7,26,1,2,0,혼잡,0,4,4,2,1.04,1,0,0,0,0,0,0,0,0,0,1,1,0,0,1,0,1,0
25,12,0,4,2.214,30,20,0,,,보통,,,,,1.26,0,0,0,0,0,0,0,0,0,0,0,1,1,1,0,0,1,0
27,12,0,9,1.757,13,40,0,,,보통,,,,,2.2,0,0,0,0,0,1,0,1,0,0,0,0,0,0,0,0,0,0
40,12,0,3,3.783,21,33,1,2,0,혼잡,0,3,3,3,1.61,1,0,0,1,0,0,1,0,1,0,1,0,0,0,0,0,0,0
15,6,0,5,2.255,6,46,1,3,0,보통,0,3,4,3,1.67,1,0,0,0,0,0,0,0,0,0,0,0,0,0,0,0,0,1
38,6,0,6,2.069,1,39,0,,,보통,,,,,1.72,0,1,0,0,0,0,0,0,0,0,0,0,0,0,0,0,0,0
26,12,1,5,5.565,33,59,1,4,0,보통,0,4,5,4,3.89,1,0,0,0,0,0,0,0,0,0,0,0,0,0,0,0,0,0
32,6,0,4,2.385,32,39,0,,,보통,,,,,1.53,0,0,0,1,0,0,0,0,0,0,0,0,0,0,0,0,0,0
45,12,0,3,2.723,13,28,0,2,0,보통,0,3,3,4,1.3,1,0,0,0,0,0,0,0,0,0,0,0,0,1,0,1,0,0
36,12,0,4,2.77,19,39,0,,,혼잡,,,,,1.74,0,0,1,0,0,0,0,1,0,0,0,0,0,0,0,0,0,0
18,12,1,16,3.401,1,44,1,,,보통,,,,,7.76,0,0,0,0,0,1,0,0,0,0,0,0,0,0,0,0,0,0
35,6,0,5,2.079,5,37,0,,,여유,,,,,1.59,0,0,0,0,0,0,0,0,1,0,0,0,0,0,0,0,0,0
32,3,0,3,2.651,2,38,0,3,0,보통,0,5,4,4,1.32,1,0,1,0,0,0,0,0,0,0,0,0,1,0,0,0,0,0
36,3,0,7,1.71,8,34,0,3,0,보통,0,3,3,4,1.72,1,1,0,0,0,1,0,0,0,0,0,0,0,1,0,0,0,0
34,3,0,3,3.188,12,41,0,3,0,혼잡,0,3,4,3,1.4,1,0,0,0,0,0,0,0,0,0,1,0,0,0,0,0,0,0
44,6,0,4,2.877,11,38,0,2,0,여유,0,2,2,3,1.76,1,0,0,0,0,0,1,0,0,0,0,0,0,0,0,0,0,0
26,12,0,11,1.638,3,38,0,3,0,보통,0,3,2,3,2.49,1,0,0,0,0,0,0,0,0,0,0,0,0,0,0,0,1,0
36,12,0,3,3.2,14,40,1,4,0,여유,0,3,3,3,1.37,1,0,0,0,0,0,0,0,0,0,0,0,0,0,0,0,0,0
36,6,1,1,4.802,12,49,0,4,0,매우혼잡,0,4,4,3,0.86,1,0,1,0,0,0,0,1,0,0,1,0,0,0,1,0,0,0
30,6,0,16,1.436,4,26,0,,,보통,,,,,3.29,0,1,0,0,0,1,0,1,0,0,1,0,0,0,0,0,0,0
63,3,0,12,1.193,2,24,0,4,0,보통,0,3,3,2,2.01,1,1,0,0,0,0,1,0,0,0,1,1,0,0,0,0,0,0
29,3,0,10,1.55,5,10,1,2,0,매우혼잡,0,2,3,2,2.13,1,0,0,0,0,0,1,0,0,0,1,1,0,0,1,0,0,1
29,6,1,2,4.132,30,47,0,,,매우혼잡,,,,,1.0,0,0,0,0,1,0,1,0,0,0,0,1,0,0,0,0,0,0
36,12,0,5,2.204,33,26,0,4,0,여유,0,4,2,3,1.6,1,0,0,0,0,0,0,0,0,0,0,0,0,0,0,0,0,0
30,3,0,48,0.348,10,14,0,2,0,보통,0,3,2,3,2.37,1,1,0,0,0,1,1,0,0,0,0,1,1,0,0,0,0,0
15,6,0,15,0.984,4,26,0,2,0,혼잡,0,1,3,2,2.1,1,1,0,0,0,0,0,1,0,0,1,1,0,0,0,1,0,0
15,6,1,4,3.149,5,40,0,3,0,여유,0,4,3,4,1.59,1,0,0,1,0,0,0,0,0,0,0,0,0,0,0,1,0,0
34,6,0,11,1.623,8,9,1,3,0,여유,0,3,3,2,2.45,1,0,0,0,0,0,0,0,0,0,0,0,0,0,0,1,0,0
49,6,1,14,1.645,5,14,0,,,매우혼잡,,,,,3.18,0,1,0,0,0,0,0,0,0,0,0,0,0,0,1,0,0,1
50,6,1,1,4.587,7,51,1,4,0,혼잡,0,5,4,4,0.94,1,0,0,0,0,0,0,0,0,0,0,0,0,0,0,0,0,0
17,3,1,1,4.858,2,70,0,,,여유,,,,,1.04,0,0,0,0,0,1,0,0,0,0,0,0,0,0,0,0,1,0
40,6,0,1,5.218,3,56,1,4,0,보통,1,4,5,3,1.09,1,0,0,0,0,0,0,0,0,0,0,0,0,0,0,0,0,0
31,12,0,3,2.872,2,38,1,4,0,보통,0,4,4,4,1.41,1,1,0,0,1,0,0,1,0,0,0,0,0,0,0,0,0,0
38,12,0,4,2.65,18,32,0,,,혼잡,,,,,1.65,0,0,0,0,0,1,0,0,0,0,1,1,1,0,0,0,0,0
41,12,0,9,1.23,34,27,0,4,0,보통,0,3,3,3,1.58,1,0,0,0,0,0,0,0,0,0,0,0,0,0,0,0,0,0
33,6,0,4,2.393,6,14,1,,,보통,,,,,1.47,0,0,0,0,0,0,1,0,0,0,0,0,0,0,0,0,0,0
28,6,1,19,2.751,9,37,1,,,여유,,,,,7.52,0,0,0,0,0,0,0,0,0,0,0,0,0,0,0,0,1,0
33,1,1,12,1.464,4,12,0,,,여유,,,,,2.61,0,0,0,0,1,0,0,1,0,0,0,0,0,0,0,0,0,0
50,12,0,6,2.155,23,15,1,,,혼잡,,,,,1.8,0,1,0,0,0,0,1,0,0,0,1,1,0,1,0,1,0,1
50,3,0,23,0.693,0,18,0,,,보통,,,,,2.24,0,1,0,0,0,0,0,0,1,0,1,0,0,1,1,1,0,0
29,3,1,2,4.086,2,49,1,,,여유,,,,,0.89,0,0,0,0,0,0,0,1,0,1,0,0,0,0,0,0,0,0
38,12,1,4,2.191,28,41,0,3,0,혼잡,0,3,3,3,1.27,1,0,0,0,0,0,0,1,0,1,1,0,0,0,0,0,0,0
19,3,0,5,2.027,3,31,0,,,매우혼잡,,,,,1.56,0,0,0,0,0,0,0,0,0,0,0,1,1,0,0,0,1,0
41,6,0,50,0.308,26,9,0,2,0,혼잡,1,2,3,1,2.18,1,1,0,0,1,0,1,0,1,0,1,0,1,0,0,0,0,1
20,6,0,7,2.274,6,6,0,3,0,혼잡,0,2,3,3,2.24,1,1,1,0,0,0,1,1,1,1,1,0,0,0,0,0,0,0
26,12,0,3,3.199,18,38,0,3,0,매우혼잡,0,3,3,3,1.24,1,0,0,1,0,0,0,0,1,0,0,1,0,1,0,0,1,0
59,6,0,3,3.661,5,47,1,3,0,보통,0,2,3,4,1.49,1,1,0,0,0,0,0,0,1,0,0,0,0,1,0,1,0,0
55,12,0,3,3.256,9,45,1,4,0,보통,0,2,3,3,1.56,1,0,0,0,0,0,1,1,0,0,0,1,0,0,0,1,0,0
29,12,0,1,4.852,24,69,1,,,보통,,,,,0.95,0,0,0,0,0,0,0,0,0,0,0,0,0,1,0,1,0,0
53,3,0,8,1.508,2,48,0,,,혼잡,,,,,1.81,0,0,0,0,0,0,0,0,1,0,0,0,0,0,0,0,1,1
30,6,1,3,3.175,6,48,0,3,0,혼잡,0,3,3,3,1.37,1,0,0,1,0,0,0,0,0,0,0,0,0,0,0,1,0,0
29,3,0,4,2.019,2,35,0,,,보통,,,,,1.12,0,0,0,0,0,0,0,0,0,1,0,0,0,0,0,1,0,0
24,12,0,2,3.695,9,45,0,,,여유,,,,,1.23,0,0,0,0,0,0,0,0,0,0,0,0,0,0,0,0,0,0
29,1,0,10,4.005,1,56,0,,,보통,,,,,5.76,0,0,0,0,0,0,0,0,0,0,1,0,0,0,0,0,0,0
47,3,0,11,1.596,1,24,1,3,0,보통,0,3,4,4,2.43,1,1,0,0,0,0,0,0,0,0,0,0,0,0,1,0,0,0
29,6,0,4,2.921,2,38,1,,,보통,,,,,1.72,0,0,0,0,0,0,0,0,0,0,0,0,0,1,0,0,0,0
29,3,0,50,0.0,7,11,0,3,0,여유,0,3,2,3,2.15,1,0,0,0,1,0,1,0,0,0,0,1,0,0,0,1,0,0
25,6,0,3,3.322,10,49,0,,,여유,,,,,1.29,0,0,0,0,0,0,0,0,0,1,0,0,0,0,0,0,0,0
41,12,0,3,2.477,0,21,0,,,보통,,,,,1.22,0,1,0,0,0,0,0,0,0,0,0,0,0,0,0,0,0,0
32,12,0,4,2.71,7,42,1,,,혼잡,,,,,1.47,0,0,0,0,0,0,1,0,0,0,0,0,0,0,0,1,0,1
22,12,0,12,0.923,4,24,0,2,0,보통,0,3,3,3,1.63,1,1,0,0,0,0,0,0,0,0,0,0,0,0,0,1,0,0
25,6,1,3,3.326,4,28,0,3,0,보통,0,4,3,4,1.39,1,0,0,0,0,0,0,0,0,0,1,0,0,1,0,0,0,0
45,1,0,13,1.363,2,24,0,,,보통,,,,,2.44,0,0,1,0,0,0,1,0,0,0,1,0,0,0,0,0,0,0
31,6,0,3,2.697,2,26,1,,,여유,,,,,1.24,0,0,0,0,0,0,0,0,1,1,0,0,0,0,1,0,0,0
43,6,0,11,1.665,3,26,0,,,여유,,,,,2.55,0,1,0,0,0,0,0,0,0,0,0,0,0,0,0,1,0,0
36,12,0,19,1.063,1,19,0,2,0,보통,0,2,3,3,2.87,1,1,0,0,0,1,0,0,0,0,1,0,0,0,0,0,0,0
43,6,0,4,2.879,8,40,0,3,0,혼잡,0,3,2,2,1.67,1,0,1,0,0,0,0,1,0,0,0,0,0,0,1,1,0,0
38,6,1,1,5.113,12,53,0,,,여유,,,,,0.88,0,0,0,0,0,0,0,0,0,0,0,0,0,0,0,0,0,0
34,1,1,3,2.376,1,51,0,4,0,여유,0,3,4,4,1.07,1,0,0,0,0,0,0,0,0,0,0,0,0,0,1,0,0,0
29,1,0,4,2.534,1,26,0,,,혼잡,,,,,1.48,0,0,0,0,1,0,0,0,0,0,1,0,0,0,1,0,1,0
56,3,0,53,0.147,4,33,0,,,보통,,,,,2.27,0,0,0,0,0,0,1,0,0,0,1,0,0,0,1,1,0,1
27,3,1,5,2.124,2,31,0,,,매우혼잡,,,,,1.38,0,0,1,0,0,0,0,0,1,0,1,0,1,1,0,1,0,1
17,6,1,6,2.081,5,49,0,3,0,보통,0,2,3,3,1.8,1,0,1,0,0,0,0,0,0,1,0,0,0,0,0,0,0,0
63,12,0,3,3.007,2,23,1,,,보통,,,,,1.49,0,1,0,0,0,0,0,0,0,0,1,0,0,0,0,0,1,0
15,6,0,1,5.411,11,68,1,4,0,보통,0,3,5,4,0.85,1,0,0,0,0,0,0,0,1,0,0,0,0,0,0,0,0,0
34,12,1,1,4.961,8,67,0,4,0,혼잡,0,3,4,3,0.86,1,0,0,0,0,0,0,0,0,0,1,0,0,0,0,0,0,0
28,6,1,3,2.635,11,40,0,,,매우혼잡,,,,,1.17,0,0,0,0,0,0,0,0,0,0,0,0,1,1,0,0,1,0
34,12,1,1,4.216,36,54,1,4,0,보통,0,4,5,4,0.83,1,0,0,0,0,0,0,0,0,0,0,0,0,0,0,0,0,0
23,12,0,3,3.489,5,43,1,2,0,여유,0,3,3,3,1.3,1,0,0,0,1,0,1,0,0,0,0,0,0,0,0,0,0,0
39,12,0,3,3.176,20,48,1,,,보통,,,,,1.31,0,0,0,0,0,0,0,0,0,0,0,0,0,0,0,0,0,0
52,12,1,3,2.943,10,41,0,,,여유,,,,,1.2,0,0,0,0,0,0,1,0,0,0,0,0,0,0,0,0,0,1
39,1,0,6,2.107,5,43,0,,,여유,,,,,1.77,0,0,0,0,0,1,0,0,1,0,0,0,0,0,0,0,0,0
34,6,1,1,4.576,3,31,1,,,혼잡,,,,,0.83,0,0,0,0,0,0,0,0,1,0,1,0,0,0,0,0,0,0
43,6,0,2,4.604,36,63,1,,,매우혼잡,,,,,1.01,0,0,0,0,0,0,0,0,0,0,0,0,1,0,0,0,0,0
36,6,0,5,2.313,12,38,0,,,매우혼잡,,,,,1.58,0,0,1,0,0,0,1,0,0,0,1,1,0,0,0,0,1,0
33,6,0,4,3.188,16,38,1,,,여유,,,,,1.66,0,0,0,0,0,0,0,0,0,0,0,0,0,0,1,0,0,0
23,1,1,9,1.788,3,11,0,3,0,보통,0,2,2,2,2.4,1,1,0,0,0,0,0,1,0,0,0,0,0,0,0,0,0,0
32,1,0,3,2.914,3,25,1,2,0,매우혼잡,0,2,3,3,1.39,1,0,0,0,0,0,0,0,0,1,0,0,0,0,0,0,0,0
47,6,0,10,1.044,21,12,0,,,보통,,,,,1.53,0,1,0,0,0,0,0,0,0,0,0,0,0,0,0,1,1,0
23,12,1,2,3.174,7,27,1,2,0,보통,0,2,3,3,1.09,1,0,0,0,0,0,0,0,0,1,0,0,0,0,0,1,0,0
36,12,0,3,2.454,36,43,0,3,0,보통,0,3,4,3,1.19,1,0,1,0,0,0,0,0,0,0,1,0,0,0,1,1,0,0
30,12,0,3,2.275,7,24,0,2,0,혼잡,0,3,3,3,1.02,1,1,0,0,0,0,0,0,0,0,0,0,0,0,0,0,0,0
26,3,0,15,1.064,4,23,0,2,0,매우혼잡,0,2,2,1,2.25,1,1,0,0,0,0,1,1,0,0,1,1,0,1,0,0,0,1
44,6,0,60,0.445,7,36,0,,,보통,,,,,8.91,0,1,0,0,0,0,0,0,0,1,0,0,0,0,0,1,0,0
34,12,0,4,2.317,5,8,1,,,혼잡,,,,,1.24,0,0,0,0,0,0,0,0,0,0,1,1,1,1,0,1,1,0
29,6,0,2,4.232,15,59,1,4,0,여유,0,4,3,3,1.09,1,0,0,0,0,0,0,0,0,0,0,0,0,0,0,0,0,0
17,1,1,4,2.589,1,43,0,2,0,보통,0,3,4,3,1.39,1,1,0,1,0,0,0,1,0,0,0,0,0,0,0,0,0,0
39,12,1,3,3.745,3,32,1,4,0,여유,0,4,4,3,1.65,1,0,0,1,0,0,0,0,0,0,0,0,1,0,0,0,0,0
27,3,1,15,1.187,0,26,0,3,0,보통,0,2,2,2,2.52,1,1,0,0,0,0,1,0,1,1,0,0,0,0,1,0,0,0
37,12,1,1,5.311,19,53,1,,,여유,,,,,0.9,0,0,0,0,0,0,0,0,0,0,0,0,0,0,0,0,0,0
24,6,1,4,2.968,8,15,0,,,여유,,,,,1.71,0,0,1,1,0,0,0,0,0,0,0,1,0,0,0,0,0,0
32,6,1,1,5.279,7,71,1,,,매우혼잡,,,,,0.96,0,0,0,0,0,0,0,0,0,0,1,1,0,1,0,0,1,0
35,3,0,24,0.79,5,19,0,,,매우혼잡,,,,,2.73,0,1,1,1,0,0,0,0,0,0,1,1,0,1,1,1,0,1
21,3,0,31,0.655,2,4,0,3,0,혼잡,0,2,2,2,2.88,1,1,0,1,0,0,0,0,0,0,0,0,0,0,0,0,0,1
22,12,0,15,0.956,12,15,0,,,여유,,,,,2.02,0,0,0,0,0,0,1,0,0,1,0,0,0,0,0,1,0,0
31,3,1,10,1.679,6,30,0,,,보통,,,,,2.44,0,0,0,0,0,0,0,0,0,0,0,0,0,0,1,0,1,0
19,12,0,4,2.733,10,52,0,,,여유,,,,,1.54,0,1,0,0,0,0,0,0,0,0,0,0,0,0,0,0,0,0
25,3,0,7,1.664,9,36,0,4,0,여유,0,4,4,4,1.76,1,1,0,0,0,0,0,0,0,0,0,0,0,0,1,1,0,0
22,1,0,2,4.957,0,59,0,5,0,혼잡,0,4,4,3,1.08,1,0,0,0,1,0,0,0,0,0,1,1,0,0,0,0,0,0
43,3,0,4,3.22,3,52,0,3,0,혼잡,1,3,3,2,1.67,1,1,0,0,0,0,0,0,0,0,1,0,1,1,1,0,1,0
34,3,0,16,0.895,4,24,0,,,보통,,,,,2.05,0,0,1,0,0,0,0,0,0,0,0,0,0,0,0,0,0,0
37,3,1,43,0.398,4,0,0,2,1,보통,0,2,3,3,2.42,1,0,0,0,0,0,1,0,0,1,0,0,0,0,1,0,0,1
55,12,0,20,0.882,6,27,0,2,0,매우혼잡,0,1,1,1,2.52,1,1,1,0,0,1,1,0,0,0,0,1,0,1,0,0,0,0
35,12,1,1,5.496,2,55,1,4,0,여유,0,4,4,4,0.94,1,0,0,0,0,0,0,0,0,0,0,0,0,0,0,0,0,0
36,6,0,5,2.147,14,20,0,3,0,혼잡,0,2,4,2,1.66,1,0,0,0,0,0,0,1,0,0,1,1,1,1,0,0,0,0
29,6,0,22,0.794,5,13,0,,,혼잡,,,,,2.5,0,1,0,0,0,0,0,0,0,0,0,1,0,1,0,0,0,0
24,12,0,1,4.544,2,44,1,4,0,보통,0,4,5,4,0.96,1,0,0,0,0,0,0,0,0,0,0,0,0,0,0,0,0,0
29,3,0,7,1.972,14,50,1,3,0,매우혼잡,0,3,4,3,1.93,1,0,0,0,0,0,0,0,0,0,1,1,1,0,1,0,0,0
29,12,1,1,6.04,21,42,1,,,보통,,,,,0.87,0,0,0,0,0,0,0,0,0,0,0,0,0,0,0,0,0,0
36,3,1,1,4.449,12,43,0,,,여유,,,,,0.88,0,0,0,0,0,0,0,0,0,0,0,0,0,0,0,0,0,0
33,12,0,3,2.464,5,34,0,2,0,혼잡,0,4,3,2,1.01,1,1,0,0,0,0,0,0,0,0,1,0,0,0,0,1,0,0
15,12,1,4,2.097,32,37,0,,,보통,,,,,1.21,0,0,0,0,0,0,0,0,1,1,0,0,1,0,0,0,0,0
56,12,1,3,3.772,15,45,0,,,보통,,,,,1.36,0,0,0,0,0,0,0,0,0,0,0,0,0,0,0,1,0,0
40,6,1,4,3.267,4,29,0,,,보통,,,,,1.74,0,0,0,0,0,0,0,0,0,0,0,0,0,1,0,0,0,0
32,12,0,8,1.843,2,13,1,,,보통,,,,,2.04,0,0,0,0,0,0,0,0,0,0,1,0,0,0,0,1,0,0
29,3,1,8,1.713,3,25,0,,,여유,,,,,2.04,0,0,0,0,0,0,0,0,0,0,0,0,0,0,0,1,0,1
24,6,0,60,0.0,8,11,0,,,혼잡,,,,,3.24,0,1,1,0,0,0,0,0,0,0,0,1,1,1,0,1,0,0
26,12,1,4,2.586,21,32,0,4,0,보통,0,4,4,3,1.6,1,0,0,0,0,0,0,0,0,0,0,0,1,0,0,0,0,0
32,12,0,3,3.275,14,52,1,3,0,여유,0,3,4,4,1.47,1,0,0,0,0,0,0,0,1,0,0,1,0,0,0,0,0,0
44,12,1,4,2.868,9,22,0,3,1,보통,0,5,3,3,1.48,1,0,0,0,0,0,0,0,0,0,0,0,0,0,0,0,0,1
34,6,0,25,0.776,5,9,0,,,매우혼잡,,,,,2.77,0,1,0,0,0,0,1,0,0,1,0,1,1,1,0,0,0,1
34,12,1,5,2.064,4,30,0,4,0,혼잡,0,3,3,3,1.39,1,0,0,0,0,1,0,0,0,0,0,0,0,0,0,0,0,0
32,12,0,3,3.812,10,30,1,3,0,보통,0,3,4,3,1.5,1,0,0,0,0,0,0,0,0,0,0,0,0,0,0,1,0,0
29,12,0,1,4.622,15,56,1,,,여유,,,,,0.8,0,0,0,0,0,0,0,0,0,0,0,0,0,0,0,0,0,0
29,12,0,3,2.998,11,28,0,3,0,보통,0,4,3,4,1.37,1,0,0,0,0,0,0,0,0,0,0,0,0,0,1,0,0,1
34,12,0,5,2.142,16,28,1,,,여유,,,,,1.61,0,0,0,0,0,0,0,0,0,0,0,0,0,0,1,0,0,0
33,3,0,3,3.328,7,45,0,4,0,보통,0,4,4,4,1.23,1,0,0,0,0,0,0,0,0,0,0,0,0,0,0,0,0,0
31,3,0,2,3.987,7,58,0,,,보통,,,,,1.11,0,0,0,0,1,0,0,0,0,0,0,0,0,0,0,0,0,0
37,1,1,15,2.847,2,40,0,,,여유,,,,,6.08,0,1,0,0,0,0,0,0,0,0,0,0,0,0,0,0,1,0
22,6,0,3,2.719,2,46,1,,,혼잡,,,,,1.35,0,1,0,0,0,0,0,0,0,0,0,0,0,0,0,0,0,1
20,6,0,1,5.378,35,43,0,,,혼잡,,,,,1.02,0,0,0,0,0,0,0,0,0,0,0,0,0,0,0,0,0,0
29,12,0,11,1.708,10,26,1,2,0,여유,0,3,3,3,2.76,1,0,0,0,0,0,0,0,0,0,0,0,0,0,0,0,0,0
23,3,0,3,2.354,9,37,0,,,매우혼잡,,,,,1.16,0,0,0,0,0,0,0,0,0,0,1,0,0,1,0,0,0,0
41,3,0,4,2.873,11,20,0,,,보통,,,,,1.79,0,0,0,0,0,1,0,1,0,0,0,0,0,0,0,0,0,0
42,12,1,2,3.772,18,44,0,,,여유,,,,,1.27,0,0,0,0,0,0,0,0,0,0,0,0,0,0,0,0,0,0
22,12,0,5,2.023,2,32,1,3,0,여유,0,3,2,3,1.44,1,1,0,0,0,0,1,0,0,0,0,0,0,0,1,0,1,0
36,12,1,10,3.869,4,45,0,,,매우혼잡,,,,,5.76,0,0,0,0,0,0,0,0,0,0,1,0,1,1,0,0,0,0
52,3,0,6,1.98,2,30,0,,,여유,,,,,1.68,0,0,0,0,0,0,0,0,0,1,0,0,0,0,0,0,0,0
22,6,0,1,4.76,14,51,0,,,혼잡,,,,,0.92,0,0,0,0,0,0,0,0,0,1,0,0,0,0,0,0,0,0
16,1,0,5,2.253,3,27,1,2,1,혼잡,0,2,3,2,1.51,1,1,0,0,0,0,0,0,0,1,0,1,1,0,1,1,1,1
35,6,1,1,4.162,17,57,0,,,보통,,,,,0.84,0,0,0,0,0,0,0,0,0,0,0,0,0,0,0,0,0,0
18,6,0,2,4.548,1,57,0,,,혼잡,,,,,1.01,0,0,0,0,0,0,0,0,0,0,0,0,0,1,0,0,0,0
15,12,0,9,1.773,3,24,0,,,보통,,,,,2.21,0,1,0,0,0,0,0,0,0,0,1,0,0,0,0,0,0,0
43,6,0,2,4.148,0,46,1,3,0,보통,0,3,3,4,1.02,1,0,1,0,0,0,0,1,1,0,0,0,0,0,0,0,0,1
38,12,1,1,4.388,19,65,0,4,0,보통,0,4,4,4,0.81,1,0,0,0,0,0,0,0,0,0,0,1,0,0,0,0,0,1
47,12,0,1,5.066,20,52,1,4,0,보통,0,4,5,3,0.91,1,0,0,0,0,0,0,0,0,0,0,0,0,1,0,0,0,0
33,3,0,4,3.09,7,10,0,3,0,여유,0,3,3,4,1.68,1,0,0,0,0,0,0,0,0,0,0,0,0,0,0,0,0,0
36,1,1,15,1.15,1,29,1,3,0,여유,0,3,3,3,2.4,1,0,0,0,0,0,0,1,0,0,0,0,1,0,0,0,0,0
26,6,0,14,1.124,4,32,0,,,여유,,,,,2.21,0,1,1,0,0,0,0,0,0,1,0,0,0,0,1,0,0,0
56,12,1,3,3.378,22,50,0,,,혼잡,,,,,1.67,0,0,1,1,0,0,0,0,0,0,0,0,0,0,0,0,0,0
30,12,0,3,3.611,6,65,0,4,0,여유,0,4,4,4,1.59,1,0,0,0,0,0,0,0,0,0,0,0,0,0,0,0,0,0
38,6,0,13,1.522,4,25,0,3,0,보통,0,3,3,4,2.77,1,0,0,0,0,0,0,0,0,0,0,0,0,0,0,0,0,0
40,3,0,49,0.0,3,7,0,,,여유,,,,,2.12,0,1,0,0,0,0,0,0,0,0,0,0,0,0,0,0,1,0
15,12,0,59,0.0,6,13,0,,,보통,,,,,2.54,0,1,0,0,0,0,0,1,0,1,0,1,0,1,0,1,1,0
36,3,0,11,1.67,8,13,0,,,혼잡,,,,,2.7,0,0,0,0,0,0,0,0,1,0,1,0,0,0,0,1,0,1
22,12,0,2,4.245,26,49,1,4,0,보통,0,4,5,4,0.94,1,0,0,0,0,0,0,0,0,0,0,1,0,0,0,0,0,1
16,6,0,7,1.605,6,19,0,2,0,혼잡,0,2,3,1,1.62,1,1,0,0,0,0,1,0,1,0,0,1,0,0,1,0,0,0
31,6,0,4,2.558,3,53,0,,,매우혼잡,,,,,1.45,0,1,0,0,0,0,1,0,0,0,0,0,0,0,1,0,0,1
32,12,1,2,4.779,22,65,0,,,보통,,,,,1.08,0,0,0,0,0,0,0,0,0,0,0,0,0,0,0,0,0,0
29,1,0,4,2.142,1,39,0,,,여유,,,,,1.14,0,1,0,0,0,0,0,1,0,0,0,0,0,0,0,0,0,0
36,12,0,8,1.737,18,13,0,1,0,매우혼잡,0,3,2,2,2.04,1,1,0,0,0,1,0,0,0,0,1,1,1,1,1,1,1,1
17,6,0,2,3.381,17,37,1,4,0,여유,0,3,4,3,1.18,1,0,0,0,0,0,0,0,1,0,0,0,0,0,1,0,0,0
25,12,0,6,1.929,2,48,0,,,보통,,,,,1.76,0,0,0,0,0,0,1,0,0,0,0,0,1,0,0,0,0,0
38,12,0,3,3.054,10,31,1,,,보통,,,,,1.48,0,1,0,0,0,0,0,0,0,0,0,0,0,1,0,0,0,0
28,6,0,30,0.529,0,9,0,,,보통,,,,,2.29,0,1,0,0,0,0,0,0,0,0,1,0,0,1,0,0,1,0
35,1,0,5,2.469,5,18,1,2,0,보통,0,3,3,2,1.75,1,0,1,0,0,0,0,1,0,0,0,0,0,0,0,1,1,0
24,1,1,2,4.137,2,34,1,4,0,여유,0,4,4,5,1.01,1,0,0,0,0,0,0,0,0,0,0,0,0,0,0,0,0,0
18,6,1,13,1.398,8,26,0,4,0,보통,0,2,4,3,2.62,1,0,0,0,0,0,1,1,0,1,0,0,0,0,0,0,1,0
15,12,0,12,1.55,6,43,0,3,0,혼잡,0,2,3,2,2.66,1,0,0,0,0,0,1,0,0,1,1,1,0,1,0,0,0,0
55,6,0,5,2.052,7,37,0,3,0,여유,0,4,3,3,1.51,1,0,1,0,0,0,0,0,0,0,0,0,0,0,0,0,0,0
16,6,0,37,0.541,14,10,0,3,0,여유,0,2,2,2,2.84,1,1,0,0,0,0,0,0,0,0,1,1,0,0,0,0,0,0
42,1,0,4,3.002,3,33,0,,,보통,,,,,1.53,0,0,0,0,0,0,0,1,0,1,0,1,0,0,0,0,0,0
39,12,0,7,1.49,23,30,0,2,0,보통,0,4,3,3,1.52,1,0,0,0,0,0,0,0,0,0,1,1,0,0,1,0,0,0
24,6,0,5,2.263,7,32,0,3,0,여유,0,3,3,4,1.54,1,0,1,1,0,0,0,0,1,0,0,0,0,0,0,0,0,0
34,6,1,4,2.046,1,15,1,2,1,보통,0,3,4,3,1.19,1,1,0,0,0,0,0,0,0,0,0,0,0,0,0,1,1,0
38,12,1,1,4.602,34,59,1,4,0,매우혼잡,1,4,4,2,0.98,1,0,0,0,0,0,0,0,0,0,1,1,1,0,0,0,0,1
38,12,0,2,4.286,10,57,0,4,0,보통,0,4,4,4,1.04,1,0,0,1,0,0,0,0,0,0,0,0,0,0,0,0,0,0
26,6,1,27,1.983,14,37,0,3,0,보통,0,3,3,3,7.65,1,1,0,0,1,0,0,0,0,0,1,0,0,0,0,0,1,0
28,1,0,60,0.0,2,8,0,,,보통,,,,,2.66,0,0,0,1,0,0,0,0,0,0,0,0,0,0,0,0,0,0
37,3,0,11,1.726,6,20,0,3,0,보통,0,3,3,2,2.79,1,1,0,0,0,0,0,0,0,0,0,0,1,0,0,0,0,0
30,1,0,11,1.38,2,25,1,,,혼잡,,,,,2.22,0,1,0,0,0,0,0,0,0,1,1,1,0,1,0,0,0,0
39,12,0,60,0.0,6,17,0,1,0,매우혼잡,0,2,2,1,2.55,1,1,0,0,1,1,0,1,0,1,1,1,0,1,0,1,0,1
23,12,1,3,6.136,27,47,1,4,0,여유,0,5,5,4,2.91,1,0,0,0,0,0,0,0,0,0,0,0,0,0,0,0,0,0
41,3,1,5,2.006,3,27,0,3,0,혼잡,1,4,3,2,1.55,1,0,0,0,1,0,0,0,0,0,1,0,0,1,0,0,0,0
25,1,0,46,1.58,5,34,0,3,0,보통,0,3,2,2,10.37,1,1,0,0,0,0,0,0,0,0,1,0,0,0,0,0,0,1
35,12,1,2,4.109,28,59,0,,,혼잡,,,,,1.01,0,0,0,0,0,0,0,0,0,0,0,0,0,0,0,0,0,0
19,6,0,3,3.132,0,39,0,3,0,보통,0,3,4,3,1.45,1,0,0,0,0,0,0,0,0,0,1,0,0,0,0,0,0,0
53,3,0,37,0.48,10,11,0,2,0,매우혼잡,1,3,2,1,2.57,1,0,1,1,0,1,0,0,0,0,1,1,1,1,0,0,0,0
23,12,0,2,4.071,18,66,1,4,0,보통,0,5,5,4,1.05,1,0,0,0,0,0,0,0,0,0,0,0,0,0,0,0,0,0
29,1,0,60,0.0,2,0,0,3,0,보통,0,2,2,3,3.27,1,0,0,0,0,0,0,0,0,1,0,0,0,1,0,1,0,0
25,3,1,2,3.992,7,55,1,3,0,여유,0,3,4,4,1.16,1,0,1,0,0,0,0,0,0,0,0,0,0,0,0,0,0,1
50,12,1,1,6.342,36,74,1,4,0,보통,0,3,5,4,0.88,1,0,0,0,0,0,0,0,1,0,0,0,0,0,0,0,0,0
32,12,1,6,5.292,36,39,1,5,0,여유,0,4,5,4,4.45,1,0,0,1,0,0,0,0,0,0,0,0,0,0,0,0,0,0
46,3,0,4,2.993,7,37,0,2,0,매우혼잡,0,3,2,3,1.77,1,0,0,0,0,0,0,0,0,0,1,0,1,0,0,1,1,0
38,3,0,58,0.303,1,6,0,2,0,보통,0,3,2,2,2.5,1,1,0,0,0,0,0,0,1,0,1,0,0,0,0,1,0,0
47,3,0,60,0.0,3,5,0,2,0,매우혼잡,1,2,2,1,2.97,1,1,0,0,0,0,0,0,0,1,1,1,0,0,0,0,0,1
49,3,1,1,4.961,2,54,0,4,0,보통,0,4,5,3,0.81,1,0,0,0,0,0,0,0,0,0,0,0,0,0,0,0,0,0
31,12,0,3,3.616,7,33,1,4,0,보통,0,4,3,4,1.71,1,0,0,0,0,0,0,0,0,0,0,0,0,0,0,0,0,0
26,12,1,11,1.011,3,37,0,,,혼잡,,,,,1.64,0,1,0,0,0,0,0,0,0,0,1,1,1,1,1,0,0,1
35,12,1,16,1.39,0,40,0,,,보통,,,,,3.18,0,1,0,0,0,0,0,0,0,0,0,0,0,0,0,0,0,1
25,12,0,1,4.796,14,64,0,4,0,혼잡,0,4,3,4,0.81,1,0,1,0,0,0,0,0,0,0,1,0,0,0,0,0,0,1
31,12,0,13,1.285,5,26,0,,,혼잡,,,,,2.44,0,1,1,0,0,1,0,1,1,0,0,0,0,1,1,0,0,0
42,1,1,2,4.545,5,61,0,,,보통,,,,,1.04,0,0,0,0,0,0,1,0,0,0,0,0,0,1,0,0,0,0
29,12,0,17,1.382,7,46,0,3,0,여유,0,2,2,3,3.29,1,0,1,0,0,1,1,0,1,0,1,0,0,0,0,1,0,0
16,6,0,2,3.403,3,40,1,,,매우혼잡,,,,,1.04,0,1,0,0,0,0,0,0,1,0,0,0,0,0,0,0,0,0
15,6,0,5,2.07,14,26,0,2,0,혼잡,0,3,3,2,1.47,1,1,0,0,0,1,0,0,0,0,0,0,0,0,1,0,0,0
37,1,0,8,1.929,3,33,0,,,보통,,,,,2.18,0,1,0,0,0,0,1,1,1,1,0,0,0,0,0,0,1,1
49,1,1,1,5.637,4,56,0,4,0,보통,0,4,5,5,0.93,1,0,0,0,0,0,0,1,0,0,0,0,0,0,0,0,0,0
44,6,0,17,0.866,9,2,0,,,보통,,,,,2.1,0,1,0,0,0,0,0,0,0,0,0,1,0,0,1,0,0,0
58,12,0,3,2.915,15,37,1,,,여유,,,,,1.15,0,0,0,0,0,0,0,1,0,0,0,0,0,0,0,0,0,0
40,12,1,3,3.619,10,30,0,,,여유,,,,,1.51,0,0,0,0,0,0,0,0,0,0,0,0,1,0,0,0,0,0
56,1,0,9,1.599,1,21,0,,,보통,,,,,2.0,0,0,0,0,0,0,0,0,0,0,0,0,0,0,0,0,0,0
27,6,1,4,3.024,19,51,0,2,0,혼잡,0,3,3,2,1.74,1,0,1,0,0,0,0,0,0,0,1,0,1,1,0,1,0,1
26,1,1,1,4.282,6,41,0,4,0,혼잡,0,3,3,4,0.84,1,0,0,0,0,0,0,0,0,0,0,0,0,0,0,0,0,0
37,12,1,3,2.63,16,36,0,,,보통,,,,,1.27,0,0,0,0,0,1,0,0,0,0,0,0,0,0,0,0,0,0
43,12,0,1,4.772,18,60,0,4,0,보통,0,4,4,4,0.85,1,0,0,0,0,0,0,1,0,0,0,0,0,0,0,0,0,0
31,12,1,2,4.286,7,50,0,,,여유,,,,,1.06,0,0,0,0,0,0,0,0,0,0,0,0,1,0,0,0,0,0
53,12,1,2,3.938,29,66,0,,,보통,,,,,1.22,0,0,0,0,0,0,0,0,0,0,1,1,0,0,0,0,0,0
33,3,1,3,3.454,2,51,0,,,여유,,,,,1.41,0,0,0,1,0,0,0,0,0,0,0,0,0,0,0,1,0,0
34,1,1,17,1.137,4,20,0,,,여유,,,,,2.77,0,0,0,0,0,0,0,0,1,1,0,0,0,0,0,0,0,0
30,3,0,8,1.476,4,50,0,3,0,여유,0,3,4,3,1.65,1,1,1,0,0,0,1,0,0,0,0,0,0,0,0,0,0,0
20,1,0,54,0.387,2,0,0,,,여유,,,,,2.99,0,1,0,0,0,1,1,1,0,1,0,0,0,0,0,0,0,0
28,12,0,26,0.716,12,9,0,,,여유,,,,,2.61,0,0,0,0,0,0,0,0,0,0,0,0,0,1,0,0,0,0
34,6,0,10,1.738,5,35,0,,,보통,,,,,2.37,0,0,0,0,0,0,0,0,0,0,0,0,0,1,0,1,0,0
24,3,0,12,1.143,6,7,0,,,여유,,,,,2.01,0,1,0,0,0,0,0,1,0,0,1,0,0,0,0,0,0,0
32,6,0,5,2.005,5,27,0,,,여유,,,,,1.49,0,0,0,0,0,0,0,0,0,0,0,0,0,0,0,0,0,0
31,6,0,9,1.962,7,32,0,,,보통,,,,,2.44,0,0,0,0,0,0,0,0,0,0,0,0,1,0,0,0,0,0
36,12,0,10,1.603,14,35,0,4,0,혼잡,0,3,3,4,2.38,1,0,0,0,0,0,0,0,0,0,0,0,0,0,0,0,0,0
24,12,1,12,1.327,6,16,0,1,0,보통,0,2,3,3,2.2,1,1,0,0,0,0,0,0,1,1,0,0,0,0,0,0,0,0
26,3,0,16,0.809,6,30,0,3,0,여유,1,3,3,2,1.8,1,1,0,0,0,0,0,0,0,0,0,0,0,0,0,0,0,0
36,12,1,2,3.76,32,39,1,,,혼잡,,,,,1.2,0,0,0,0,0,0,0,0,0,0,0,0,1,0,1,0,0,0
26,12,0,5,2.219,28,25,0,2,0,매우혼잡,0,3,3,3,1.63,1,1,0,0,0,0,0,0,0,0,0,0,1,0,0,0,1,0
16,6,1,3,2.406,6,42,0,,,보통,,,,,1.11,0,1,0,0,0,0,0,0,0,0,0,0,0,1,0,1,0,0
45,1,1,25,0.659,5,34,0,2,0,혼잡,0,2,2,2,2.31,1,0,0,0,1,0,0,0,0,1,1,0,0,0,0,0,0,0
32,6,1,5,2.446,18,32,0,3,0,보통,0,4,3,4,1.74,1,0,0,0,0,0,0,0,1,0,0,1,0,0,0,0,0,0
27,12,1,1,5.524,10,60,1,2,1,혼잡,0,4,4,2,0.86,1,0,0,0,0,0,0,0,0,0,1,1,1,0,1,1,0,0
26,3,1,16,1.383,2,16,0,,,보통,,,,,3.24,0,0,1,1,1,0,0,0,0,1,0,0,0,0,0,0,0,1
38,1,0,28,0.642,2,5,0,,,여유,,,,,2.58,0,0,1,0,0,0,0,0,0,1,1,1,1,0,0,1,0,0
35,6,0,1,5.392,9,49,0,4,0,여유,0,4,5,4,1.02,1,0,0,0,0,0,0,0,0,0,0,0,0,0,0,0,0,0
49,6,0,2,4.067,7,54,1,,,보통,,,,,1.07,0,0,0,0,0,0,0,0,0,0,0,0,0,0,0,0,0,0
39,12,0,15,1.1,1,3,1,3,0,여유,0,3,3,2,2.31,1,0,0,1,0,0,0,1,0,0,0,0,0,0,0,1,1,0
15,6,1,3,3.858,6,44,0,,,매우혼잡,,,,,1.77,0,0,1,0,0,0,0,0,0,0,0,0,0,0,0,0,0,0
18,12,0,22,0.893,8,2,0,,,매우혼잡,,,,,2.77,0,1,0,0,0,0,0,0,0,0,0,1,1,0,1,1,1,0
32,3,0,25,0.885,7,3,0,,,보통,,,,,3.18,0,1,0,0,0,0,0,0,0,1,1,1,0,0,0,1,0,1
21,12,1,15,1.274,13,36,0,,,보통,,,,,2.78,0,0,0,0,0,0,0,0,0,0,1,0,0,0,1,1,0,0
26,12,0,4,2.499,20,29,1,3,0,여유,0,3,3,3,1.37,1,1,0,0,0,0,0,0,0,1,0,0,0,0,0,0,0,0
31,6,0,8,1.562,7,33,0,,,혼잡,,,,,1.73,0,0,0,0,0,0,1,0,0,0,1,1,0,1,0,0,0,0
19,3,0,5,2.213,4,28,1,2,0,혼잡,0,2,3,1,1.69,1,0,0,0,0,1,0,0,0,1,1,1,1,1,1,0,0,0
25,6,1,4,2.841,15,37,0,,,여유,,,,,1.59,0,0,0,0,0,0,0,0,0,0,0,0,0,0,0,1,0,0
43,12,0,60,0.0,16,0,1,,,보통,,,,,3.0,0,1,0,0,0,0,0,0,0,1,1,0,0,1,0,0,1,0
44,12,0,2,3.95,8,39,1,,,여유,,,,,1.14,0,0,0,0,0,0,0,0,0,0,0,0,0,0,0,0,0,0
30,6,0,21,0.739,10,5,0,,,보통,,,,,2.25,0,1,0,0,0,0,0,0,0,0,0,0,0,0,0,0,0,0
35,6,1,2,4.716,1,58,0,4,0,보통,0,4,4,4,1.04,1,0,0,0,0,0,1,0,0,0,0,0,0,0,0,0,0,0
31,3,0,14,0.954,5,17,0,2,0,매우혼잡,0,2,2,2,1.88,1,1,0,0,0,0,0,0,0,0,1,0,0,1,0,0,0,0
40,12,0,4,2.595,15,33,0,3,0,보통,0,3,4,3,1.4,1,1,0,0,0,0,0,0,0,0,1,0,0,1,0,0,0,0
40,12,0,4,2.174,7,40,0,4,0,보통,0,3,3,3,1.37,1,1,0,0,0,0,0,0,0,0,0,0,0,0,1,0,0,0
20,12,0,10,1.832,21,46,0,,,보통,,,,,2.53,0,1,0,0,0,0,0,0,0,0,1,1,1,0,0,1,0,1
15,3,0,4,2.801,2,29,0,,,여유,,,,,1.62,0,0,0,1,0,0,1,0,0,0,0,0,0,0,0,0,0,0
53,6,0,5,2.001,9,18,0,,,매우혼잡,,,,,1.47,0,0,0,0,0,0,0,0,0,0,1,1,1,0,0,0,1,0
33,12,0,3,3.75,0,47,1,3,0,보통,0,3,4,3,1.63,1,0,0,0,0,0,0,1,0,0,1,0,0,0,0,0,0,0
19,6,0,1,4.932,2,39,1,4,0,여유,0,4,4,4,0.93,1,0,0,0,0,0,0,0,0,0,0,0,0,0,0,0,0,0
25,12,0,11,3.435,12,34,0,3,0,보통,0,3,3,3,5.5,1,0,1,1,0,0,0,0,0,0,1,1,0,0,0,1,0,0
15,6,0,60,0.256,4,18,0,2,0,여유,0,2,2,3,3.27,1,1,0,0,1,0,1,0,0,0,0,0,0,0,0,1,0,0
53,12,0,3,3.469,12,53,1,3,0,여유,0,3,3,3,1.52,1,0,0,0,0,0,1,0,0,0,0,0,0,0,0,0,0,1
28,3,0,4,2.015,1,34,0,,,여유,,,,,1.03,0,0,0,0,0,0,0,0,0,0,0,0,0,0,0,0,1,0
28,6,0,12,1.388,7,13,0,,,혼잡,,,,,2.31,0,0,0,1,0,0,0,1,0,1,0,0,1,1,0,0,0,0
20,12,1,38,0.568,4,11,0,2,1,혼잡,0,3,2,2,3.08,1,1,0,0,0,0,0,1,0,0,1,1,0,0,1,1,1,0
33,6,1,4,2.615,2,33,0,,,매우혼잡,,,,,1.42,0,0,0,0,0,0,0,0,0,0,1,0,0,1,0,0,1,0
49,3,1,10,1.463,2,22,1,3,0,혼잡,0,3,3,2,2.14,1,1,0,0,0,0,0,1,0,0,1,0,0,0,0,0,0,0
27,6,0,38,1.931,4,29,0,4,0,보통,0,3,4,4,10.61,1,1,0,0,1,0,0,0,0,0,0,0,0,0,1,0,0,0
37,6,0,3,2.517,11,25,0,,,보통,,,,,1.1,0,0,0,0,0,0,0,0,1,0,0,0,0,1,0,0,0,0
22,3,0,15,1.08,5,46,0,4,0,보통,0,3,2,3,2.34,1,0,1,0,1,0,0,0,1,0,0,0,0,1,0,0,0,0
52,6,0,4,2.652,7,28,1,3,0,혼잡,0,3,3,3,1.51,1,0,0,0,0,0,0,0,0,0,1,0,0,0,0,0,0,1
37,3,1,20,2.986,4,53,0,,,보통,,,,,8.72,0,1,0,0,0,0,1,0,0,0,0,0,0,0,0,0,0,0
38,1,0,4,2.094,2,32,1,,,혼잡,,,,,1.09,0,1,0,0,0,0,0,0,1,0,0,0,0,0,0,0,0,0
28,12,0,5,2.433,10,19,1,,,여유,,,,,1.69,0,0,1,0,0,1,0,0,0,0,0,0,0,1,1,0,0,0
36,12,1,3,3.919,5,36,1,,,보통,,,,,1.4,0,0,0,0,0,0,0,0,0,0,0,1,1,0,0,0,0,0
37,1,1,1,5.008,2,58,1,4,0,혼잡,0,3,5,4,0.83,1,0,0,0,0,0,0,1,0,1,0,0,0,0,0,1,0,0
19,12,1,13,1.558,11,12,0,,,혼잡,,,,,2.79,0,0,1,1,1,0,1,0,1,0,1,0,0,0,0,0,1,0
23,12,1,3,3.204,2,43,1,,,혼잡,,,,,1.56,0,0,0,0,0,0,0,0,0,0,1,1,0,0,0,0,0,0
53,12,0,7,4.459,7,46,1,4,0,보통,0,4,4,4,4.64,1,0,0,0,0,0,0,0,0,0,0,0,0,0,0,0,0,0
44,12,0,1,5.275,9,62,1,4,0,혼잡,0,4,4,5,1.05,1,0,0,0,0,0,0,0,0,0,1,0,1,0,0,0,0,0
32,1,0,14,1.498,2,20,0,,,보통,,,,,3.04,0,1,0,1,1,0,1,0,1,0,0,1,0,0,1,1,0,0
15,1,0,21,2.062,2,30,0,,,여유,,,,,6.21,0,1,0,0,0,0,0,0,0,1,0,0,0,0,0,0,0,0
46,6,0,3,2.711,5,37,0,3,0,보통,0,4,3,3,1.14,1,0,0,1,0,0,0,0,1,0,0,0,0,0,1,0,0,0
34,1,0,8,1.613,7,21,0,,,보통,,,,,1.89,0,0,0,0,1,0,0,1,0,0,0,0,0,0,0,0,0,0
49,3,1,4,2.608,5,20,0,3,0,여유,0,4,4,4,1.61,1,0,0,0,0,0,0,0,0,0,1,0,0,0,0,0,0,0
38,12,0,4,3.096,9,34,0,4,0,여유,0,3,4,3,1.61,1,0,0,0,0,0,0,0,0,0,0,0,1,0,0,0,0,0
34,3,0,3,2.709,1,38,0,,,혼잡,,,,,1.27,0,0,0,0,0,0,0,0,0,0,1,0,0,0,0,1,0,0
24,12,1,2,4.337,18,50,0,,,여유,,,,,1.0,0,0,0,0,0,0,0,0,0,0,1,0,0,0,0,0,0,0
30,6,1,2,4.08,24,52,0,4,0,혼잡,1,4,3,3,1.09,1,0,0,0,0,0,0,0,0,0,1,0,0,1,0,0,0,0
19,12,0,12,1.531,29,16,0,,,혼잡,,,,,2.58,0,0,0,0,0,0,0,0,0,0,1,0,1,0,1,1,0,0
15,3,0,3,3.051,9,35,1,3,0,여유,0,3,4,3,1.46,1,1,0,0,0,0,0,0,0,0,0,0,0,0,0,0,0,0
37,3,0,16,0.881,2,15,0,,,혼잡,,,,,2.07,0,1,0,0,0,0,0,0,0,0,1,1,0,1,0,0,0,0
38,6,0,7,1.651,6,16,0,3,0,매우혼잡,1,2,3,2,1.65,1,0,0,0,0,0,0,0,0,1,1,0,1,0,1,0,1,1
20,12,0,2,3.23,27,26,0,4,0,여유,0,3,3,3,1.06,1,0,1,0,1,1,0,0,0,0,0,0,0,0,0,0,0,0
36,3,1,4,2.198,2,22,0,3,0,혼잡,0,2,3,3,1.29,1,0,0,0,0,1,1,1,0,1,0,0,0,0,0,0,0,0
15,3,0,2,3.441,3,50,0,3,0,보통,1,5,4,3,1.12,1,0,0,0,0,0,0,0,0,0,0,1,0,0,0,0,0,1
39,12,1,1,5.814,9,67,1,4,0,보통,0,5,5,4,0.85,1,0,0,0,0,0,0,0,0,0,0,0,0,0,0,0,0,0
33,12,0,60,0.0,15,0,1,2,0,보통,0,3,3,3,3.2,1,0,0,0,0,0,0,0,0,0,1,0,0,0,0,0,0,1
49,12,0,5,2.179,8,40,0,2,0,보통,0,2,3,4,1.46,1,0,0,0,0,0,0,0,0,1,0,0,0,0,0,0,0,1
33,12,0,16,1.193,3,33,1,,,여유,,,,,2.76,0,1,0,0,0,0,0,0,0,0,0,0,0,0,0,0,0,0
15,3,0,10,1.94,4,47,0,,,보통,,,,,2.69,0,0,0,0,0,0,0,1,0,0,1,1,1,1,0,1,1,1
24,12,1,3,2.785,4,31,1,2,0,보통,0,3,3,2,1.06,1,0,0,0,0,0,0,1,1,0,0,1,0,1,1,0,1,0
37,12,0,2,4.495,5,53,0,3,0,보통,0,3,4,4,0.99,1,0,0,0,0,0,0,0,0,0,1,0,0,0,0,0,0,0
21,12,1,3,2.167,5,33,0,3,0,여유,0,3,3,3,1.02,1,0,0,1,0,0,0,0,0,0,0,0,0,0,0,0,0,0
15,6,0,27,2.669,9,20,0,2,0,여유,0,3,3,2,10.12,1,1,0,0,0,0,0,0,0,0,1,0,0,0,1,0,0,0
40,12,1,16,1.23,36,15,0,,,혼잡,,,,,2.84,0,0,1,0,0,0,0,0,0,0,1,1,0,0,0,0,0,1
18,12,1,1,4.879,3,46,1,4,0,여유,0,3,5,5,0.87,1,0,0,0,0,0,0,0,1,0,0,0,0,0,0,0,0,0
25,12,0,10,1.732,10,21,1,,,혼잡,,,,,2.36,0,1,0,0,0,0,0,0,0,0,1,0,1,1,0,0,0,0
50,12,0,60,0.312,14,8,0,,,보통,,,,,3.23,0,1,0,0,0,1,0,0,0,0,1,0,0,0,0,0,0,0
24,12,0,4,2.968,14,59,1,3,0,여유,1,3,3,2,1.71,1,0,0,0,0,0,1,0,0,0,0,1,0,1,0,0,0,0
32,12,0,8,1.793,11,31,1,3,0,보통,0,3,3,3,1.98,1,0,0,0,0,0,0,1,0,0,1,0,0,0,0,0,0,1
35,12,0,4,2.738,7,26,0,3,0,혼잡,0,2,2,2,1.66,1,0,1,0,0,0,0,0,1,0,1,1,1,1,0,0,0,0
55,12,0,17,0.88,10,29,0,2,0,보통,0,4,3,2,2.19,1,0,0,0,0,0,0,0,0,0,0,1,0,0,0,0,0,0
28,12,0,4,2.119,18,49,0,,,혼잡,,,,,1.23,0,0,0,0,0,1,0,1,0,0,1,1,0,1,0,0,0,0
27,1,0,1,4.527,3,63,0,4,0,보통,0,3,4,3,0.95,1,0,0,0,0,0,0,1,0,0,0,0,0,0,1,0,0,0
20,6,1,8,1.943,12,4,0,,,혼잡,,,,,2.26,0,1,0,0,0,0,0,0,0,0,0,0,0,0,1,0,1,1
15,3,0,37,0.395,1,32,0,,,혼잡,,,,,2.06,0,1,0,1,0,0,0,0,0,0,0,0,1,0,0,0,0,0
28,12,0,19,1.206,23,24,0,,,보통,,,,,3.23,0,1,0,0,0,0,1,0,0,1,0,0,0,0,0,0,0,0
30,12,0,3,2.718,1,23,0,,,혼잡,,,,,1.24,0,1,0,1,0,0,0,0,0,0,1,0,0,0,1,0,1,0
23,3,0,4,2.662,2,30,0,,,여유,,,,,1.49,0,0,0,0,1,1,0,1,0,0,0,0,0,0,0,0,0,0
34,1,1,1,4.816,3,52,1,5,0,여유,0,4,5,4,1.01,1,0,0,0,0,0,0,0,0,0,0,0,0,0,0,0,0,0
15,12,0,13,1.275,15,15,0,2,0,보통,0,3,3,2,2.31,1,1,0,0,0,0,0,0,0,0,0,1,0,0,1,0,0,0
48,6,0,60,1.421,3,39,0,,,매우혼잡,,,,,12.25,0,1,1,1,0,0,0,0,0,0,1,1,0,1,0,1,1,0
15,1,0,43,0.36,2,38,0,,,혼잡,,,,,2.19,0,1,0,1,1,0,0,0,0,0,1,1,1,1,0,1,0,0
31,6,0,15,1.456,15,3,0,3,0,혼잡,0,2,2,3,3.18,1,0,0,0,0,0,0,1,0,1,0,0,0,0,0,0,0,0
26,12,1,6,4.504,34,49,0,4,0,보통,0,5,4,4,3.83,1,0,0,0,0,0,0,0,0,0,0,0,0,0,0,0,0,0
15,12,0,60,0.202,3,24,0,,,보통,,,,,11.12,0,1,0,0,0,0,1,0,0,0,1,0,0,1,0,0,1,0
30,12,1,2,4.24,1,46,0,4,0,보통,0,4,4,4,1.1,1,0,0,0,0,0,0,0,1,0,0,0,0,0,0,0,0,0
40,12,1,1,5.721,8,74,1,4,0,혼잡,0,4,5,3,0.96,1,0,0,0,0,0,0,0,0,0,0,1,0,0,0,0,0,1
16,1,0,8,1.945,9,14,1,3,0,매우혼잡,1,2,3,1,2.12,1,1,0,0,0,0,0,0,0,0,1,0,1,1,1,0,1,0
41,6,0,13,1.179,12,6,0,,,여유,,,,,2.2,0,0,0,0,0,1,1,0,0,0,0,0,0,0,0,0,1,0
53,12,0,3,2.966,13,41,1,,,혼잡,,,,,1.12,0,0,0,0,0,0,0,0,0,0,0,1,0,0,0,0,0,0
22,12,0,29,0.686,20,13,0,,,혼잡,,,,,2.82,0,1,0,0,1,1,1,0,0,0,1,1,1,1,0,1,0,0
18,12,0,7,1.688,2,13,0,3,0,보통,0,3,4,3,1.74,1,0,0,0,0,0,0,1,0,0,0,0,1,1,0,1,0,0
52,6,0,16,1.073,5,23,0,,,혼잡,,,,,2.48,0,1,0,0,0,1,0,1,0,0,1,1,1,0,0,0,1,0
52,12,0,22,1.042,9,8,0,,,여유,,,,,3.21,0,0,0,0,0,0,1,0,1,0,0,0,0,0,0,0,0,0
26,12,1,3,3.401,18,49,0,3,0,보통,0,4,3,4,1.26,1,0,0,1,0,0,0,0,0,0,1,0,0,0,0,1,1,0
19,6,0,55,0.0,17,19,0,,,혼잡,,,,,2.34,0,1,0,0,0,0,0,0,0,0,1,1,1,0,1,0,1,1
42,12,0,4,3.236,20,26,0,,,여유,,,,,1.69,0,0,0,0,0,1,0,0,0,0,0,0,0,0,0,0,0,0
43,3,1,3,2.709,3,23,0,3,0,혼잡,0,3,3,3,1.34,1,0,1,0,0,0,0,0,0,0,0,0,1,0,1,0,0,0
45,1,0,1,5.061,4,61,1,,,보통,,,,,0.89,0,0,0,0,0,0,0,0,0,0,0,0,1,1,0,0,0,0
45,6,0,1,4.088,14,56,0,4,0,여유,0,4,4,4,0.8,1,0,0,0,0,0,0,0,0,0,0,0,0,0,0,0,1,0
15,3,0,5,2.565,7,33,0,,,여유,,,,,1.65,0,1,0,0,0,0,0,0,0,1,0,0,0,0,0,0,1,1
33,12,0,1,5.609,3,67,1,4,0,혼잡,0,4,5,3,0.93,1,0,0,0,0,1,0,0,0,0,1,0,1,0,0,0,0,0
33,3,0,16,1.102,4,21,0,2,0,보통,0,2,2,2,2.57,1,1,0,0,0,0,0,1,1,0,1,0,0,0,0,0,0,1
33,12,0,60,0.0,5,3,0,,,혼잡,,,,,12.26,0,1,0,0,1,0,1,0,1,0,1,1,1,1,1,1,0,0
43,6,1,4,2.89,1,40,0,3,0,여유,0,3,4,4,1.8,1,1,1,0,0,0,0,0,0,0,0,0,0,0,0,0,0,0
53,6,0,41,1.595,14,40,0,,,혼잡,,,,,9.3,0,1,0,0,0,0,0,1,0,0,1,1,0,1,0,1,0,0
32,6,0,1,4.253,13,74,1,,,보통,,,,,0.86,0,0,0,0,0,0,0,0,0,0,0,0,0,0,0,0,0,0
26,12,0,12,1.362,24,13,0,4,0,보통,0,3,4,4,2.36,1,0,0,0,0,0,0,0,0,0,0,0,0,0,0,0,0,0
38,6,0,60,0.0,11,12,0,,,보통,,,,,2.72,0,1,0,0,0,1,0,0,0,1,1,1,1,1,0,0,0,0
45,1,0,4,2.852,2,32,0,4,0,보통,0,3,4,3,1.56,1,0,0,0,0,0,0,1,0,0,0,0,0,0,0,0,0,0
24,1,0,60,0.433,2,18,0,,,혼잡,,,,,10.56,0,1,0,1,0,1,0,1,1,1,0,0,0,0,0,1,0,0
35,6,1,1,5.322,5,68,1,4,0,보통,0,4,5,3,1.04,1,0,0,0,0,0,0,0,0,0,0,0,1,0,0,0,0,0
37,3,1,1,5.663,3,62,1,3,0,혼잡,0,3,4,4,0.92,1,0,0,0,0,0,1,0,0,0,0,0,0,0,0,1,0,0
22,6,0,2,4.652,7,57,1,,,여유,,,,,1.09,0,0,0,0,0,0,0,0,0,0,0,0,0,0,0,0,0,0
43,6,0,1,4.853,2,71,1,4,0,매우혼잡,1,4,5,2,0.95,1,0,0,0,0,0,0,0,0,0,1,1,1,1,0,0,0,0
43,12,0,1,4.967,9,52,1,4,0,보통,0,4,5,3,0.88,1,0,0,0,0,0,1,0,0,0,0,0,1,0,0,0,0,0
33,12,0,8,1.362,14,26,1,,,혼잡,,,,,1.52,0,1,0,0,0,0,0,1,1,0,0,1,1,1,0,0,1,1
28,1,0,23,0.656,0,35,1,2,1,보통,0,3,4,3,2.17,1,0,0,0,0,0,1,0,0,0,0,0,0,0,0,0,0,1
38,3,0,9,1.638,1,27,0,,,매우혼잡,,,,,2.12,0,0,0,0,0,0,0,0,0,0,1,1,1,0,0,1,0,0
28,12,0,2,4.106,7,60,1,4,0,혼잡,1,4,4,2,0.89,1,0,0,0,0,0,0,0,0,0,0,1,1,1,0,0,0,0
38,6,0,7,1.432,12,30,0,3,0,여유,0,2,2,3,1.53,1,0,0,0,0,0,1,0,0,0,0,0,0,0,0,1,0,0
30,12,0,1,5.067,34,51,1,,,혼잡,,,,,0.82,0,0,0,0,0,0,0,0,0,0,0,0,0,0,0,1,0,0
29,6,1,12,1.451,18,16,0,,,혼잡,,,,,2.42,0,0,0,0,0,0,0,0,0,0,0,0,0,1,1,0,0,0
45,3,0,3,3.165,5,31,0,4,0,혼잡,0,3,3,3,1.32,1,0,0,0,0,0,0,0,0,0,0,0,0,0,0,0,0,0
36,3,0,2,3.385,7,55,1,,,혼잡,,,,,1.06,0,0,0,0,0,0,0,0,0,0,0,0,0,0,0,0,0,1
20,12,1,3,3.452,5,25,1,,,여유,,,,,1.32,0,0,0,0,0,0,0,0,0,0,0,0,0,0,0,0,0,0
34,6,1,1,4.31,17,55,0,5,0,보통,0,5,4,4,0.88,1,0,0,0,0,0,0,0,0,0,0,1,0,0,0,0,0,0
28,12,0,9,1.889,8,21,0,,,보통,,,,,2.47,0,1,0,0,0,0,0,0,0,0,0,0,0,0,1,1,0,0
44,12,0,22,0.844,36,30,0,3,0,혼잡,0,2,3,2,2.63,1,1,0,0,0,1,0,1,0,0,1,0,1,1,0,0,0,0
36,3,0,14,1.317,3,10,0,,,매우혼잡,,,,,2.62,0,1,0,1,0,0,0,1,0,0,1,0,1,1,1,0,0,0
28,6,0,10,1.616,2,39,0,,,매우혼잡,,,,,2.22,0,1,0,0,0,0,0,0,0,0,0,1,1,1,0,0,0,0
36,12,0,12,1.297,22,18,0,,,여유,,,,,2.16,0,0,0,0,0,0,0,1,0,0,0,0,0,0,0,0,1,0
27,12,0,10,1.763,5,30,1,3,1,혼잡,0,3,3,3,2.52,1,1,0,0,0,1,0,0,0,1,1,0,1,0,1,0,0,1
35,6,1,4,2.502,7,46,0,5,0,보통,0,5,4,4,1.27,1,0,0,0,0,0,0,0,0,0,0,0,0,0,0,0,0,0
37,3,1,3,3.613,3,63,1,4,0,보통,0,3,4,4,1.33,1,0,0,0,0,0,0,0,0,0,0,1,1,0,0,0,0,0
31,12,1,3,3.496,2,47,0,4,0,여유,0,4,3,3,1.68,1,0,0,0,0,0,0,0,0,0,0,0,0,0,0,0,0,0
22,12,0,5,2.282,12,24,1,,,매우혼잡,,,,,1.69,0,0,0,0,0,0,0,1,0,0,0,0,1,0,0,1,1,0
17,6,1,3,2.892,2,33,0,5,0,여유,0,4,3,4,1.12,1,0,0,1,0,0,0,1,0,0,0,0,0,0,0,0,0,0
34,6,0,4,2.504,8,31,1,3,0,여유,0,4,4,3,1.52,1,0,0,0,0,0,0,0,0,0,0,0,0,0,0,0,0,0
32,6,1,3,3.938,23,49,0,3,0,혼잡,0,3,4,3,1.7,1,0,0,0,0,0,0,0,0,0,0,1,0,0,0,0,0,0
52,12,0,7,1.768,8,26,0,,,보통,,,,,1.72,0,1,0,0,0,0,0,0,0,0,0,0,0,0,0,0,0,1
52,1,1,4,2.621,1,35,0,3,0,보통,0,3,3,3,1.46,1,0,0,0,0,0,0,0,1,1,0,0,0,0,0,0,0,0
38,1,0,60,1.783,1,2,1,3,0,혼잡,0,2,2,2,15.95,1,1,0,0,1,0,0,0,0,0,1,1,0,1,0,0,0,0
43,3,0,10,1.57,3,35,0,,,혼잡,,,,,2.2,0,0,0,0,0,0,0,0,0,1,1,1,1,0,0,0,1,0
25,3,0,24,0.604,1,39,0,,,보통,,,,,2.11,0,0,0,0,0,0,1,0,0,0,1,0,0,1,0,0,0,0
36,6,0,6,1.859,8,50,0,4,0,혼잡,0,4,3,3,1.59,1,0,0,1,0,0,0,1,0,0,0,0,0,0,1,1,0,0
30,12,0,6,2.047,36,16,1,2,1,여유,0,3,4,3,1.63,1,0,0,0,0,0,0,0,0,0,0,0,0,0,0,0,0,1
30,6,1,4,2.851,7,44,0,,,여유,,,,,1.48,0,0,0,0,0,0,0,0,0,0,0,0,0,0,0,0,0,0
36,12,0,9,1.524,34,14,0,1,1,혼잡,0,3,3,3,1.99,1,1,0,1,0,0,0,0,0,0,0,0,0,0,0,0,0,0
25,1,1,4,2.568,2,38,0,4,0,보통,0,3,3,3,1.62,1,0,0,0,0,0,0,0,0,0,0,0,0,0,0,0,0,0
40,3,1,1,5.783,5,56,1,,,보통,,,,,0.99,0,0,0,0,0,0,1,0,1,0,0,0,0,0,1,0,0,0
35,1,0,4,2.259,5,24,1,,,매우혼잡,,,,,1.29,0,0,0,1,0,0,0,0,0,1,1,1,0,1,0,0,0,0
27,12,1,3,3.837,12,57,0,4,0,혼잡,1,4,4,3,1.68,1,0,0,0,0,0,0,0,0,0,1,0,0,0,0,0,1,0
24,12,0,1,4.591,11,59,0,3,0,보통,0,4,4,4,0.95,1,1,0,0,0,0,0,0,0,0,0,0,0,0,0,0,0,0
29,12,0,60,0.0,1,8,0,3,0,보통,1,2,2,1,3.05,1,1,0,0,1,0,0,1,0,0,0,1,0,0,0,0,1,1
41,1,0,3,2.185,3,12,1,,,여유,,,,,1.01,0,0,0,0,0,0,0,0,1,0,0,0,0,0,0,0,0,1
45,6,0,6,2.085,5,29,0,3,0,보통,0,2,2,3,1.85,1,0,0,0,0,0,0,0,1,0,0,0,0,0,0,0,0,0
43,12,0,11,1.477,1,20,0,,,보통,,,,,2.31,0,1,0,0,1,0,0,0,0,0,1,1,1,0,1,0,0,1
32,6,0,10,1.786,2,30,1,3,0,혼잡,0,2,3,3,2.52,1,1,0,0,0,0,1,0,0,0,0,0,0,1,0,1,0,0
31,3,1,1,5.425,3,66,1,4,0,보통,0,5,4,5,0.81,1,0,0,0,0,0,0,0,0,0,0,0,0,0,0,0,0,0
54,3,0,4,2.0,0,34,0,4,0,보통,0,3,3,2,1.11,1,0,0,0,0,0,1,0,0,0,0,0,0,1,0,0,0,1
26,6,1,4,2.345,5,47,0,4,0,여유,0,4,3,4,1.49,1,0,0,0,0,0,0,0,0,0,0,0,0,0,0,0,0,0
35,12,1,1,5.417,36,50,0,,,보통,,,,,1.04,0,0,0,0,0,0,0,0,0,0,0,0,0,0,0,0,0,0
18,6,0,60,0.0,3,7,0,,,혼잡,,,,,2.91,0,1,0,0,0,0,0,0,1,0,0,1,1,1,1,1,0,0
20,3,0,3,2.411,4,30,0,3,0,보통,0,2,3,4,1.17,1,0,1,0,0,0,1,0,0,0,0,0,0,0,0,1,0,0
47,12,0,12,1.504,22,20,0,,,여유,,,,,2.48,0,0,0,0,0,0,0,0,0,0,0,0,1,0,0,0,0,0
42,12,0,3,3.454,13,47,1,,,여유,,,,,1.52,0,0,0,0,0,1,0,0,0,0,0,0,0,0,0,0,0,0
31,6,1,1,4.383,19,52,0,4,0,여유,0,4,4,4,0.82,1,0,0,0,0,0,0,0,0,0,0,0,0,0,0,1,0,0
16,6,1,26,0.607,23,13,0,3,1,여유,0,3,3,4,2.26,1,1,0,0,0,0,0,0,0,0,0,0,1,0,0,1,0,0
47,6,0,2,4.711,9,51,1,4,0,보통,0,5,3,4,1.05,1,0,0,0,0,1,0,0,0,0,0,0,1,0,0,0,0,0
37,12,0,12,1.254,7,25,0,2,0,혼잡,1,1,2,1,2.17,1,0,0,0,0,0,0,1,1,0,1,0,1,0,0,0,0,1
32,12,0,4,2.74,3,34,0,4,0,여유,0,3,3,3,1.47,1,0,0,0,0,0,0,0,0,0,0,0,0,0,0,0,0,0
39,6,0,6,2.008,9,10,0,2,0,여유,0,2,2,3,1.63,1,0,0,0,0,0,1,1,1,0,0,0,0,0,0,0,1,0
50,12,1,1,4.705,36,61,0,,,보통,,,,,0.94,0,0,0,0,0,0,0,0,0,0,0,0,0,0,0,0,0,0
25,6,1,37,0.597,3,7,0,,,여유,,,,,3.12,0,0,0,0,0,0,0,0,0,0,0,0,0,0,0,0,0,0
35,6,1,25,0.789,22,25,0,3,0,보통,0,3,2,2,2.84,1,0,0,0,0,0,0,0,0,0,1,0,1,1,0,0,1,0
29,3,0,25,2.067,18,23,0,,,매우혼잡,,,,,7.46,0,1,0,0,0,0,1,1,0,1,1,1,1,1,0,0,0,0
36,12,1,4,3.048,13,32,0,5,0,여유,0,5,4,4,1.58,1,0,0,0,0,0,0,0,0,0,0,0,0,1,0,0,0,0
16,12,0,4,2.731,22,49,0,3,0,보통,0,3,4,4,1.4,1,1,0,0,0,0,0,1,0,1,0,0,0,0,0,0,0,0
35,3,0,12,1.663,0,16,0,,,매우혼잡,,,,,2.75,0,0,0,0,0,0,0,0,0,0,0,1,1,1,0,1,1,0
36,3,1,13,1.084,14,6,0,,,여유,,,,,2.02,0,0,0,0,0,0,0,0,0,0,0,0,0,0,0,0,0,0
35,12,0,1,5.081,36,50,1,4,0,매우혼잡,0,4,4,4,1.06,1,0,0,0,0,1,0,0,0,0,0,1,0,1,0,1,0,0
22,12,1,3,3.621,14,31,1,1,0,매우혼잡,0,3,4,3,1.73,1,0,1,0,0,0,0,0,0,1,1,1,0,0,1,1,1,0
27,12,0,28,0.674,7,17,0,,,보통,,,,,2.72,0,0,0,1,1,0,0,0,1,0,0,1,0,0,0,0,0,0
43,3,0,7,1.846,9,22,0,3,0,보통,0,3,3,3,1.9,1,0,0,0,0,0,0,0,0,0,1,0,0,0,1,0,1,0
35,3,0,6,1.89,1,16,0,,,보통,,,,,1.75,0,1,1,0,0,0,1,1,0,0,0,0,0,0,0,0,0,0
17,3,0,7,1.643,3,14,1,3,0,보통,0,3,4,3,1.65,1,1,0,0,0,0,1,0,0,0,0,0,0,0,0,0,0,0
15,3,0,9,1.873,4,33,0,,,매우혼잡,,,,,2.44,0,1,0,0,0,0,0,0,0,0,1,1,1,1,0,0,0,0
31,12,0,10,1.64,31,33,0,3,0,보통,0,3,2,2,2.37,1,0,0,0,1,0,0,0,0,0,1,0,1,0,1,0,0,0
38,1,0,9,1.993,2,26,0,3,0,보통,0,2,2,1,2.67,1,0,0,0,1,0,0,0,1,0,0,1,1,1,0,0,0,0
47,6,1,3,2.848,12,52,0,4,0,보통,0,4,3,4,1.41,1,0,1,0,0,0,0,0,0,0,0,0,0,0,0,0,0,0
37,6,0,11,1.979,3,23,0,3,0,보통,0,2,2,2,2.98,1,1,1,0,0,0,0,0,0,1,0,0,0,1,0,0,0,0
45,6,0,1,4.825,17,79,0,3,0,보통,0,4,4,4,0.96,1,0,0,0,0,0,0,0,0,0,0,0,0,0,0,0,0,0
32,3,0,37,0.527,7,18,0,,,보통,,,,,2.77,0,0,0,0,0,1,0,0,0,0,0,0,0,0,1,1,1,0
25,6,0,10,1.885,9,14,1,,,보통,,,,,2.78,0,0,0,0,0,0,0,0,0,0,1,0,0,0,0,0,0,0
35,12,0,8,1.846,7,26,0,3,0,여유,0,4,4,3,2.05,1,1,0,0,0,0,0,0,0,0,0,0,0,0,0,0,0,1
28,6,0,2,3.324,4,31,1,,,여유,,,,,1.04,0,0,1,0,0,1,0,0,0,0,0,0,0,1,0,0,0,0
24,12,0,32,0.439,26,23,0,2,0,혼잡,0,2,2,2,2.02,1,1,1,0,0,0,0,1,1,0,1,1,0,0,0,1,0,0
34,3,1,8,1.889,5,31,0,,,보통,,,,,2.11,0,0,0,0,0,0,0,0,0,0,0,0,0,1,0,0,0,0
34,12,0,3,3.558,21,51,0,4,0,보통,0,4,4,2,1.38,1,0,0,0,0,0,0,0,0,0,1,0,1,0,0,0,0,0
36,12,1,5,4.123,36,39,1,,,보통,,,,,2.7,0,0,0,0,0,0,0,0,0,0,0,0,1,0,0,0,0,0
43,1,0,8,1.265,2,42,0,3,0,보통,0,3,3,4,1.51,1,0,0,0,0,0,0,0,0,0,0,0,0,0,0,0,0,0
36,6,1,3,2.532,7,45,0,3,0,여유,0,4,4,4,1.2,1,0,0,0,0,0,0,0,0,0,0,0,1,0,0,0,0,0
50,6,0,4,2.247,1,30,0,,,보통,,,,,1.14,0,0,0,0,0,0,0,0,0,0,0,0,0,0,0,1,0,0
27,6,1,54,0.165,5,0,1,,,보통,,,,,2.33,0,1,0,1,0,0,0,0,0,0,0,0,1,0,0,1,0,0
35,6,1,4,2.516,28,22,1,,,보통,,,,,1.47,0,0,0,0,1,0,0,0,0,0,1,0,1,1,0,1,1,0
26,6,1,1,4.901,25,33,0,4,0,혼잡,0,4,5,4,0.9,1,0,0,0,0,0,0,0,0,0,0,0,0,0,0,0,0,0
50,6,0,4,2.608,10,31,0,3,0,여유,0,4,3,3,1.53,1,0,0,0,0,0,0,0,0,0,0,0,0,0,0,0,0,0
16,12,0,11,1.398,17,39,0,,,보통,,,,,2.26,0,1,0,0,0,1,0,1,0,0,0,0,1,0,0,0,0,0
25,3,0,60,0.284,2,24,0,,,보통,,,,,2.73,0,1,1,0,0,0,0,0,0,0,0,0,0,0,0,0,1,0
36,3,0,47,0.442,1,26,0,,,보통,,,,,2.94,0,0,1,0,0,0,0,0,0,0,0,0,0,0,0,0,0,0
18,1,0,3,3.467,2,36,0,3,0,혼잡,0,3,3,2,1.53,1,0,0,0,0,1,1,0,0,0,1,0,1,0,0,0,1,0
27,3,0,9,1.869,4,19,0,3,0,보통,0,2,2,3,2.33,1,0,0,0,0,1,1,0,0,0,0,0,0,0,1,0,0,0
34,12,1,3,2.785,15,41,0,,,보통,,,,,1.38,0,0,0,0,0,0,0,0,0,0,0,0,0,0,0,0,0,0
26,12,0,12,1.317,2,3,0,,,보통,,,,,2.35,0,1,0,1,0,0,1,1,1,0,0,1,0,1,0,0,0,0
50,12,1,21,0.841,4,20,0,2,0,여유,0,3,2,4,2.57,1,0,0,1,0,0,0,0,0,0,0,0,0,0,1,0,0,0
15,6,0,60,1.185,8,20,0,,,매우혼잡,,,,,10.35,0,1,1,1,0,1,0,1,0,0,1,1,1,0,1,0,0,1
17,1,0,8,1.659,1,30,0,3,0,보통,0,3,2,5,1.85,1,1,0,0,0,1,0,0,0,0,0,0,0,0,1,0,1,0
31,12,1,3,3.823,13,58,0,3,0,매우혼잡,0,3,3,3,1.54,1,0,1,0,1,0,0,1,0,0,1,1,0,1,0,1,1,0
44,6,1,1,5.273,10,47,1,4,0,여유,0,4,5,4,0.97,1,0,0,0,0,0,0,0,0,0,0,0,0,0,0,0,0,0
19,6,1,14,1.268,11,27,0,,,혼잡,,,,,2.62,0,0,0,1,0,0,0,0,0,0,1,0,1,0,0,0,0,0
15,12,0,3,3.807,28,50,1,4,0,여유,0,4,5,3,1.55,1,0,0,0,0,0,0,0,0,0,0,0,0,0,0,0,0,0
38,3,0,51,1.291,7,29,0,2,0,혼잡,0,3,2,2,9.45,1,1,0,1,0,1,0,0,0,0,0,0,0,0,1,0,0,1
40,6,1,1,4.995,12,79,0,4,0,혼잡,0,4,4,3,0.95,1,0,0,0,0,0,0,0,0,1,1,0,0,0,0,0,0,0
21,12,1,2,3.835,36,39,1,,,혼잡,,,,,1.16,0,0,0,0,0,0,0,0,1,0,0,1,0,0,0,0,0,1
39,12,0,2,3.01,4,46,1,3,0,여유,0,3,4,3,1.03,1,0,0,0,0,0,0,0,0,0,0,0,0,0,0,0,0,0
39,6,0,9,1.419,12,27,0,,,보통,,,,,1.87,0,0,0,0,1,0,0,0,0,0,1,0,0,0,0,0,0,0
44,3,0,17,0.906,2,38,0,2,0,혼잡,0,2,2,2,2.16,1,1,0,1,0,0,0,0,0,0,0,1,1,0,0,0,0,0
53,12,1,3,3.868,8,63,1,3,0,보통,0,4,3,3,1.58,1,0,0,0,0,0,0,1,0,0,1,0,0,0,0,0,0,0
34,1,0,4,2.078,2,34,0,3,0,여유,0,2,4,4,1.29,1,0,0,0,0,0,0,0,0,0,0,0,0,0,1,0,0,0
23,3,0,11,1.226,2,4,0,3,0,혼잡,0,2,2,2,2.01,1,0,0,0,0,0,0,0,0,1,1,0,0,0,0,1,0,0
33,6,0,4,3.014,14,36,0,4,0,여유,0,2,4,3,1.55,1,0,0,0,0,0,0,0,0,0,0,0,0,0,0,0,0,0
40,3,0,4,2.13,13,28,0,3,0,혼잡,0,3,3,3,1.25,1,0,1,0,0,0,0,0,0,0,0,0,0,0,0,0,0,0
45,12,0,2,3.902,4,37,1,4,0,보통,0,4,4,3,1.09,1,0,0,0,0,0,0,0,0,0,1,0,0,0,0,0,0,0
22,3,0,42,0.51,2,4,0,,,여유,,,,,3.07,0,1,0,0,0,0,0,0,0,0,1,0,0,0,0,0,0,0
29,6,1,3,3.165,11,43,1,4,0,혼잡,0,3,4,3,1.26,1,0,0,0,0,0,0,0,0,0,0,1,0,0,0,0,0,0
23,3,0,3,2.581,2,40,1,2,0,혼잡,0,3,4,3,1.27,1,1,0,0,0,0,1,0,0,0,0,0,0,1,0,1,0,1
36,12,1,5,2.322,20,27,1,,,보통,,,,,1.54,0,0,0,0,1,0,0,0,1,0,0,0,0,0,0,0,1,0
26,3,0,3,3.996,0,50,0,,,혼잡,,,,,1.6,0,0,0,0,1,0,0,0,0,0,1,0,0,0,0,1,0,0
22,1,1,10,1.46,1,15,0,2,0,보통,0,2,2,3,2.19,1,0,0,1,0,1,0,1,1,0,0,0,1,0,1,0,0,0
30,12,0,4,2.407,36,38,1,3,0,혼잡,0,3,4,3,1.37,1,1,0,0,0,0,0,0,0,0,0,1,0,1,0,1,0,0
25,6,1,1,5.569,13,65,1,5,0,여유,0,5,5,3,1.01,1,0,0,0,0,0,0,0,0,0,0,1,0,0,0,0,0,0
43,6,0,8,1.704,7,28,0,,,보통,,,,,1.86,0,1,0,0,0,0,1,0,0,0,1,0,0,0,0,0,0,0
30,12,0,13,0.916,12,33,0,,,보통,,,,,1.65,0,1,0,0,0,0,0,0,0,0,1,0,0,1,0,1,0,0
26,3,0,59,0.005,4,0,0,,,보통,,,,,2.51,0,1,1,1,1,0,1,0,0,0,1,1,0,0,0,1,0,0
43,6,1,4,2.554,23,26,0,4,0,여유,1,4,4,2,1.38,1,0,0,0,0,0,0,0,0,0,0,0,0,0,0,1,0,0
26,6,0,4,2.085,9,21,0,,,여유,,,,,1.32,0,0,0,1,0,0,0,0,0,0,0,1,0,0,0,0,0,0
57,3,0,3,2.663,3,36,0,3,0,여유,0,3,2,3,1.32,1,0,0,0,0,1,0,0,0,0,0,1,0,0,0,0,0,0
28,3,0,4,2.949,8,53,0,2,0,혼잡,0,4,4,3,1.59,1,0,0,0,0,0,0,0,0,0,1,0,0,0,0,0,0,0
34,6,1,18,2.441,8,38,0,,,매우혼잡,,,,,6.38,0,1,0,0,0,0,0,0,0,0,1,1,1,0,0,0,0,0
33,12,0,3,2.932,11,39,1,3,0,보통,0,2,3,3,1.36,1,0,0,0,0,0,0,0,0,1,0,1,0,0,0,0,0,0
45,12,0,11,1.232,11,50,0,2,0,여유,0,4,3,2,2.02,1,0,0,0,0,0,0,0,0,0,0,0,1,0,0,0,0,0
30,12,0,9,1.432,19,33,0,,,여유,,,,,1.76,0,0,0,0,0,0,0,0,0,0,0,0,0,0,0,0,0,0
26,12,0,5,2.325,6,9,0,3,0,보통,0,3,4,3,1.67,1,0,0,0,0,0,0,0,0,0,1,1,0,0,0,0,0,0
59,3,1,14,1.479,3,26,0,,,여유,,,,,3.01,0,0,0,0,1,0,0,0,0,0,0,0,0,0,0,1,0,0
43,6,1,2,3.463,14,32,0,4,0,보통,0,3,3,3,1.02,1,0,0,0,0,0,0,0,0,0,0,0,0,0,0,0,0,0
33,3,0,15,1.332,11,9,0,3,0,보통,0,1,3,2,2.79,1,0,0,0,1,0,1,0,0,0,0,0,1,0,0,0,0,0
31,3,0,56,0.322,4,8,0,2,1,혼잡,0,2,3,3,2.59,1,0,0,0,0,0,0,0,1,0,0,1,0,0,0,0,1,1
33,1,1,10,1.84,3,18,1,3,1,보통,0,3,3,4,2.52,1,0,0,0,0,0,1,0,0,0,0,1,0,0,0,0,0,0
43,6,0,5,2.084,6,32,0,3,0,보통,0,3,3,3,1.43,1,0,0,0,0,0,0,0,0,0,0,1,0,0,0,0,0,0
44,12,0,20,1.059,8,33,0,,,보통,,,,,2.97,0,1,0,1,0,0,0,0,0,1,0,0,1,0,0,0,0,0
31,12,0,60,0.383,4,1,0,,,보통,,,,,3.27,0,1,0,0,1,0,0,0,0,1,0,1,1,1,0,0,0,0
16,3,0,9,1.261,1,23,0,3,0,혼잡,0,2,3,2,1.6,1,1,0,0,0,0,0,0,0,0,0,0,0,0,0,1,0,0
39,12,0,11,1.441,12,24,0,,,여유,,,,,2.35,0,0,1,0,0,0,0,0,0,0,0,0,0,0,1,0,0,0
37,6,0,4,3.356,6,40,0,4,0,혼잡,0,4,4,4,1.69,1,0,0,0,0,0,0,0,0,0,1,0,0,0,0,1,0,0
41,1,0,21,0.743,3,0,0,2,0,보통,0,3,3,2,2.28,1,1,0,1,0,0,0,0,0,0,0,0,1,1,1,1,0,0
24,1,0,6,1.858,7,36,0,,,여유,,,,,1.69,0,0,0,0,0,0,0,0,1,0,0,0,1,0,0,0,0,0
17,1,0,6,2.22,1,40,0,3,0,보통,0,3,3,3,1.76,1,0,0,0,0,0,0,0,0,1,1,0,0,0,0,0,0,0
47,6,1,2,4.498,7,50,1,,,매우혼잡,,,,,0.99,0,0,0,0,0,0,0,0,0,0,1,0,1,1,0,0,0,0
44,6,1,3,2.809,13,47,1,,,매우혼잡,,,,,1.1,0,0,0,0,0,0,0,0,0,1,1,0,0,1,0,0,0,0
45,1,0,26,0.531,3,5,0,2,1,여유,0,4,3,4,1.95,1,1,0,0,0,0,0,0,0,0,0,0,0,0,0,1,0,0
45,6,1,3,3.412,5,29,0,,,매우혼잡,,,,,1.22,0,0,1,0,0,0,1,1,1,1,0,0,0,0,0,1,1,0
15,12,0,11,2.981,10,39,0,3,0,보통,0,4,3,3,4.49,1,1,0,0,0,0,0,0,0,0,0,1,0,0,0,0,0,0
33,6,0,4,3.163,29,34,1,3,0,혼잡,0,3,3,3,1.75,1,0,0,0,1,0,0,1,0,0,0,1,0,0,1,0,1,1
30,3,0,17,1.088,5,36,0,3,0,보통,0,3,4,3,2.6,1,0,0,0,0,0,0,0,0,0,0,0,0,1,0,0,1,0
26,12,0,9,1.29,36,28,0,,,매우혼잡,,,,,1.65,0,0,0,0,0,0,1,1,0,0,1,0,1,1,0,0,0,0
37,3,0,6,1.98,12,34,0,,,보통,,,,,1.76,0,0,0,0,0,0,1,0,0,0,1,1,1,0,0,0,0,0
30,12,0,3,2.695,10,27,1,,,여유,,,,,1.09,0,0,0,0,0,0,0,0,0,0,0,0,0,0,0,1,0,0
21,3,0,7,1.692,2,20,0,,,여유,,,,,1.78,0,0,0,0,0,0,0,1,1,0,0,0,0,0,0,0,1,0
39,6,0,60,0.0,13,21,0,,,혼잡,,,,,3.07,0,0,0,0,1,0,1,0,0,0,1,0,1,0,0,1,0,0
25,3,0,9,1.816,7,20,0,,,혼잡,,,,,2.38,0,0,0,1,0,0,0,0,0,1,1,0,0,0,0,0,0,0
48,6,0,3,2.373,5,29,0,2,0,보통,0,4,4,3,1.13,1,0,0,0,0,0,0,0,0,1,0,0,0,0,0,0,1,0
41,3,0,60,0.0,4,20,0,3,0,보통,1,3,1,1,3.09,1,1,1,1,0,1,0,0,0,0,1,1,0,1,0,0,0,0
34,3,0,17,1.364,1,27,0,,,여유,,,,,3.26,0,0,0,0,0,0,0,0,0,1,0,0,0,0,0,0,0,0
15,12,0,4,2.084,25,42,0,3,0,보통,0,4,4,3,1.15,1,0,1,0,0,0,0,0,0,0,1,0,0,1,0,0,0,1
20,3,0,1,5.417,9,77,1,,,매우혼잡,,,,,0.99,0,0,0,0,0,0,0,0,0,0,1,0,0,1,0,0,0,0
15,1,0,8,1.739,3,35,0,,,보통,,,,,2.07,0,1,0,0,1,0,0,1,0,1,0,0,0,0,0,0,0,0
27,12,1,1,4.999,2,53,0,,,보통,,,,,1.04,0,1,0,0,0,1,0,0,0,0,0,0,0,0,0,1,0,0
31,6,0,2,3.932,17,56,0,4,0,보통,1,4,4,3,1.04,1,0,0,0,1,0,0,0,0,0,0,0,0,1,0,0,0,0
31,12,0,12,1.605,15,41,1,,,보통,,,,,2.68,0,0,0,0,0,1,0,0,0,0,0,1,1,1,0,0,0,0
26,1,0,4,2.386,3,47,0,2,0,여유,0,2,3,3,1.4,1,0,0,0,0,1,0,0,0,0,0,0,0,0,0,0,0,0
38,12,0,19,3.084,16,60,0,,,혼잡,,,,,8.49,0,0,0,0,0,0,0,0,0,0,0,0,0,1,0,0,0,0
47,6,0,5,2.099,14,37,0,3,0,보통,0,3,4,2,1.56,1,0,0,0,0,0,0,0,1,0,1,0,0,0,1,0,0,0
19,12,1,2,4.197,3,59,0,4,0,혼잡,1,4,4,2,0.93,1,0,0,0,0,0,0,0,0,0,1,1,1,1,0,0,0,0
39,6,1,4,2.366,15,43,0,,,여유,,,,,1.48,0,0,0,0,0,0,0,0,0,0,0,0,0,0,0,0,0,0
26,3,1,3,2.505,7,45,0,,,매우혼잡,,,,,1.21,0,0,0,1,0,1,1,0,0,0,1,1,0,0,1,1,1,1
21,3,1,1,4.145,8,56,0,3,0,매우혼잡,1,3,5,2,0.81,1,0,0,0,0,0,0,0,0,0,1,0,1,1,0,0,1,0
29,6,0,9,1.453,7,50,0,,,혼잡,,,,,1.83,0,1,0,0,0,0,0,0,0,0,1,0,1,0,0,0,0,1
34,12,0,22,1.058,8,32,1,,,보통,,,,,3.26,0,0,0,0,0,0,0,0,1,0,1,0,0,0,0,0,0,0
31,6,0,12,1.585,12,30,0,,,보통,,,,,2.61,0,1,0,0,0,0,0,0,0,1,0,0,0,0,0,0,0,0
44,6,0,4,2.84,3,50,1,3,0,여유,0,4,4,2,1.56,1,0,0,0,0,0,0,0,0,0,0,0,0,0,0,0,0,0
39,3,1,24,0.618,7,24,0,,,혼잡,,,,,2.13,0,1,0,1,0,0,0,0,0,0,1,1,1,0,0,1,1,0
34,1,0,2,4.565,6,57,0,,,보통,,,,,1.0,0,0,0,0,0,0,1,0,0,0,0,0,0,0,1,0,0,0
36,6,0,42,0.42,10,17,0,,,여유,,,,,2.49,0,0,0,0,0,1,0,0,0,0,0,0,0,0,0,0,0,0
28,12,0,12,1.516,22,44,0,,,매우혼잡,,,,,2.56,0,1,0,1,0,0,0,0,1,0,1,1,1,1,1,1,0,1
31,12,0,20,0.862,10,36,0,2,0,보통,0,3,3,2,2.41,1,1,1,0,0,0,0,0,0,0,0,0,1,0,1,0,1,0
46,12,0,6,2.014,29,21,0,,,혼잡,,,,,1.65,0,0,0,0,0,0,0,0,1,0,0,0,0,0,0,0,0,0
26,1,1,5,2.325,1,20,1,3,0,여유,0,3,5,3,1.71,1,0,0,0,0,0,0,1,0,0,0,0,1,0,0,0,0,0
27,12,1,1,4.603,10,54,1,4,0,혼잡,1,4,5,2,0.85,1,0,0,0,0,0,0,0,0,0,1,1,1,1,0,0,0,0
40,12,1,1,5.704,36,81,0,4,0,여유,0,5,4,4,0.88,1,0,0,0,0,0,0,0,0,0,0,0,0,0,0,0,0,0
30,3,0,2,3.555,3,56,0,,,보통,,,,,1.07,0,0,0,0,0,0,0,1,0,0,1,0,0,0,0,0,0,0
15,12,0,1,4.392,7,51,1,,,여유,,,,,0.86,0,0,0,0,0,0,0,0,0,0,0,0,0,0,0,0,0,0
50,3,1,5,2.453,5,36,0,3,0,혼잡,0,3,3,3,1.6,1,0,0,0,0,0,0,0,1,0,0,0,0,0,0,0,0,0
48,12,0,6,2.474,5,26,1,2,0,혼잡,0,2,4,2,2.27,1,0,1,0,0,0,0,1,0,0,0,0,0,0,0,1,1,0
43,6,1,1,4.755,5,48,0,3,0,보통,0,4,2,3,0.99,1,0,0,0,0,1,0,0,0,0,0,1,0,0,1,0,0,0
43,12,1,7,4.649,26,66,0,,,여유,,,,,4.81,0,0,0,0,0,0,0,0,0,0,0,0,0,0,0,0,0,0
15,3,1,16,3.105,2,37,0,4,0,보통,0,3,4,3,7.13,1,0,0,0,0,0,0,0,0,0,0,0,0,0,0,0,0,0
28,6,1,8,4.249,17,42,1,3,0,여유,0,4,5,4,4.79,1,0,0,0,0,0,0,0,0,0,0,0,0,0,0,0,0,0
27,3,1,5,2.209,6,22,0,,,매우혼잡,,,,,1.63,0,0,0,0,0,0,0,0,0,0,0,0,0,0,0,1,1,0
28,6,0,2,5.027,10,59,0,,,보통,,,,,1.08,0,1,1,0,0,0,0,0,0,1,0,0,0,0,0,0,0,0
41,12,0,34,0.556,11,31,0,3,0,매우혼잡,0,2,3,1,2.67,1,1,0,0,0,0,0,0,0,0,1,0,0,1,0,0,1,0
38,12,0,9,1.978,1,24,1,3,0,여유,0,3,3,3,2.48,1,1,0,0,0,1,1,0,0,0,0,0,0,0,0,0,1,1
36,12,1,3,3.147,26,43,0,3,0,보통,0,4,3,3,1.39,1,0,0,1,0,0,0,0,0,0,1,1,0,0,0,0,0,0
41,6,0,2,3.825,11,51,1,,,여유,,,,,1.16,0,0,0,0,0,0,1,0,0,0,0,1,0,0,1,0,0,0
34,6,0,17,1.356,1,10,0,,,매우혼잡,,,,,3.28,0,1,0,1,0,1,0,0,0,0,1,0,0,0,1,0,1,1
22,3,0,47,0.373,1,7,0,,,매우혼잡,,,,,2.5,0,1,0,0,0,0,0,0,0,0,1,1,1,0,0,0,0,0
23,12,0,2,4.058,28,38,1,,,보통,,,,,0.99,0,0,0,0,0,0,0,0,0,0,0,0,0,0,0,1,0,0
15,12,1,10,1.478,1,19,0,,,혼잡,,,,,2.02,0,1,0,0,0,0,0,0,0,0,1,0,0,1,1,1,0,0
22,3,1,5,2.059,2,40,0,4,0,여유,1,4,3,2,1.38,1,0,0,0,0,0,0,0,0,1,0,0,0,0,0,0,0,0
58,12,0,2,4.517,27,47,0,3,0,혼잡,0,4,4,3,1.08,1,0,0,0,0,0,0,0,0,0,0,0,0,0,1,1,1,0
32,12,0,5,2.337,1,30,1,,,매우혼잡,,,,,1.63,0,0,0,0,0,0,0,0,0,0,1,0,0,0,0,1,0,1
37,1,0,2,4.689,4,69,1,,,혼잡,,,,,1.04,0,0,0,0,0,1,0,0,0,0,0,0,1,0,0,0,0,0
34,6,0,7,1.87,2,35,0,,,보통,,,,,1.91,0,0,0,0,0,1,0,1,0,0,0,0,0,0,0,0,0,0
46,3,0,5,2.221,10,34,0,3,0,혼잡,0,3,3,2,1.6,1,0,0,0,0,0,0,0,0,0,1,0,1,1,0,0,0,1
45,12,0,60,0.304,6,31,0,,,혼잡,,,,,3.0,0,1,1,1,0,0,0,0,0,0,1,1,0,1,0,1,1,0
49,12,0,4,2.022,2,21,1,,,보통,,,,,1.09,0,0,0,0,0,0,0,0,0,1,0,0,0,0,0,0,0,0
31,6,1,10,1.19,31,20,0,,,여유,,,,,1.76,0,1,0,0,0,0,0,0,0,0,0,0,0,0,0,1,0,1
23,6,1,1,5.286,9,54,1,4,0,혼잡,0,4,4,4,1.07,1,0,0,0,0,0,0,0,1,0,0,0,0,0,0,0,1,0
31,12,0,5,2.121,13,22,0,3,0,혼잡,0,3,3,3,1.38,1,0,0,0,0,0,0,0,0,0,1,0,0,0,0,1,0,0
45,6,1,6,2.21,1,25,0,2,0,혼잡,0,3,3,3,1.74,1,0,0,0,0,0,0,0,0,0,1,0,0,1,1,0,0,1
26,12,1,34,2.027,6,41,0,2,0,혼잡,0,2,2,3,9.83,1,1,0,0,0,0,0,0,0,0,0,0,0,0,0,1,1,1
24,3,1,1,5.659,3,55,0,4,0,여유,0,5,5,4,0.84,1,0,0,0,0,0,0,0,0,0,0,0,0,0,0,0,0,0
54,12,1,4,2.976,16,24,0,3,0,혼잡,0,3,3,3,1.49,1,0,0,0,0,0,0,0,0,0,0,0,0,0,1,0,0,0
29,12,1,26,0.877,3,12,0,,,여유,,,,,3.21,0,1,0,0,0,0,0,0,0,0,0,0,0,0,0,1,0,0
24,3,1,11,1.327,4,20,0,,,보통,,,,,2.02,0,1,0,0,0,0,0,0,0,0,1,0,0,1,0,0,0,1
46,12,0,3,3.944,4,45,1,,,혼잡,,,,,1.7,0,0,0,0,0,0,0,0,0,0,1,0,0,0,0,0,0,0
28,12,0,2,4.404,27,56,1,4,0,매우혼잡,0,2,5,4,0.97,1,0,0,0,0,0,0,1,1,1,0,0,0,0,0,0,0,0
37,12,0,1,5.789,16,56,1,4,0,보통,0,4,5,5,1.07,1,0,0,0,0,0,0,0,0,0,0,0,0,0,0,0,0,0
30,12,0,30,0.667,2,26,0,2,0,여유,0,3,3,2,2.89,1,1,0,0,1,0,0,0,0,0,0,1,0,0,0,0,0,0
37,6,0,13,1.199,24,48,0,4,0,보통,0,3,4,3,2.28,1,1,0,0,1,0,0,0,0,0,0,1,1,0,0,0,0,0
21,6,0,2,4.567,8,60,1,,,혼잡,,,,,1.09,0,0,0,0,0,0,0,1,0,0,0,1,0,0,1,0,0,0
48,3,1,5,2.539,3,39,1,,,혼잡,,,,,1.76,0,1,0,0,0,0,0,0,0,0,0,0,0,0,0,0,0,0
15,12,0,4,2.648,22,23,0,,,여유,,,,,1.63,0,0,0,0,0,0,0,1,0,0,0,0,0,0,0,0,0,0
38,6,0,60,0.309,1,7,0,,,보통,,,,,3.1,0,1,0,0,1,1,0,0,1,0,0,1,0,0,0,0,0,0
39,3,0,54,0.0,3,0,0,2,0,매우혼잡,1,2,3,1,2.3,1,1,1,0,0,0,0,0,0,1,1,1,0,1,0,1,1,1
28,12,0,2,4.66,0,37,1,5,0,보통,0,4,4,4,1.04,1,0,0,0,0,0,0,0,0,1,0,0,0,0,0,1,0,0
45,3,1,1,4.135,6,43,0,4,0,보통,0,5,4,5,0.85,1,0,0,0,0,0,0,0,0,0,0,1,0,0,0,0,0,0
53,3,0,15,1.446,5,39,0,,,혼잡,,,,,3.15,0,0,0,1,0,0,0,0,0,0,1,1,0,0,0,0,0,0
41,3,0,60,0.101,4,1,0,,,보통,,,,,2.78,0,0,0,0,1,0,0,0,0,0,1,1,0,0,0,0,0,0
41,12,1,3,3.463,1,55,0,3,0,보통,0,4,4,4,1.49,1,0,0,0,0,0,0,0,0,0,0,0,0,0,1,0,0,1
19,1,0,28,0.733,4,24,0,2,0,매우혼잡,0,2,3,2,2.91,1,1,1,0,0,0,0,1,0,0,1,1,1,1,0,1,1,1
26,12,0,12,1.459,12,16,1,2,1,여유,0,3,4,3,2.55,1,0,0,0,0,1,0,0,0,0,0,0,0,0,0,0,1,1
49,1,1,4,2.812,3,50,0,2,0,혼잡,0,3,2,3,1.72,1,1,1,0,0,0,1,0,0,1,1,0,1,0,0,0,0,0
40,1,0,5,2.204,4,45,1,5,0,보통,0,3,3,4,1.46,1,0,0,0,0,0,0,1,0,0,0,0,0,0,0,0,0,0
32,6,0,4,2.463,8,37,1,3,0,여유,0,4,4,3,1.24,1,0,0,0,0,0,0,0,0,1,0,0,0,0,0,0,0,0
16,1,0,6,2.004,0,46,0,,,여유,,,,,1.62,0,1,0,0,0,0,1,0,0,0,0,0,0,0,0,0,0,0
30,3,0,4,2.734,2,28,1,3,0,보통,0,3,5,3,1.62,1,0,0,0,0,0,0,0,0,0,0,1,0,0,0,1,0,1
45,6,0,15,1.094,5,25,1,,,보통,,,,,2.3,0,1,0,0,0,0,0,0,0,0,0,1,1,0,0,0,0,0
33,6,1,1,5.041,14,55,1,,,혼잡,,,,,1.02,0,0,0,0,0,0,0,0,0,0,0,0,0,0,0,0,0,0
45,12,0,3,3.292,7,49,1,,,보통,,,,,1.23,0,0,0,1,0,0,0,0,0,0,0,0,0,0,0,1,0,0
34,12,0,15,1.325,5,12,0,3,0,보통,1,3,3,1,2.83,1,1,1,0,0,0,0,0,0,0,1,0,0,1,0,0,0,1
23,12,1,5,2.419,4,35,1,,,보통,,,,,1.73,0,0,0,0,0,0,0,0,1,0,0,0,0,0,0,1,1,1
36,6,0,11,1.689,10,33,0,3,0,보통,0,2,3,3,2.6,1,0,0,0,0,0,0,0,0,0,0,0,0,1,0,1,0,0
50,12,1,1,5.739,29,72,1,3,0,보통,0,5,4,4,0.96,1,0,0,0,1,0,0,0,0,0,0,0,0,0,0,0,0,1
38,12,0,4,2.813,24,56,1,,,매우혼잡,,,,,1.69,0,0,0,0,0,0,0,0,0,0,1,1,0,0,0,0,0,0
47,6,0,14,1.268,8,22,0,,,혼잡,,,,,2.62,0,0,1,0,0,0,0,0,0,0,0,0,1,0,0,0,0,1
25,12,1,4,2.175,3,51,0,,,혼잡,,,,,1.39,0,0,1,0,0,1,0,0,0,0,0,1,0,0,0,0,0,0
43,3,1,45,1.683,4,17,0,,,보통,,,,,10.84,0,1,0,0,1,0,0,1,0,0,0,1,0,0,0,0,0,1
46,12,1,7,1.452,6,25,0,1,1,매우혼잡,0,3,3,2,1.52,1,1,0,0,0,0,0,0,0,0,1,1,0,1,0,1,1,1
28,1,0,4,2.664,2,26,0,4,0,혼잡,1,3,3,2,1.52,1,1,0,0,0,1,0,1,0,0,0,0,0,1,0,0,0,0
44,3,0,3,2.906,17,32,0,,,혼잡,,,,,1.16,0,0,0,0,0,0,0,0,0,1,1,1,0,0,1,1,0,0
25,12,0,1,4.648,13,52,1,5,0,보통,0,4,5,3,0.97,1,0,0,0,0,0,0,0,0,0,1,1,0,0,0,0,0,0
26,12,0,60,0.896,3,18,0,,,혼잡,,,,,17.43,0,1,1,0,1,0,0,0,0,0,1,0,0,0,0,0,0,0
30,6,0,3,3.052,9,51,0,,,혼잡,,,,,1.41,0,0,0,0,0,0,0,0,0,0,0,1,0,0,0,0,0,1
31,3,0,3,3.668,6,30,0,,,매우혼잡,,,,,1.37,0,0,0,1,0,0,0,0,0,0,0,0,0,1,0,1,0,0
27,3,0,22,0.601,4,34,1,,,보통,,,,,1.86,0,0,0,0,0,0,0,0,0,0,1,0,0,0,0,0,0,0
60,12,0,1,4.963,36,44,1,4,0,매우혼잡,0,3,5,3,0.91,1,0,0,0,0,0,0,0,0,0,1,0,0,0,0,1,0,0
21,1,0,3,2.632,1,36,1,3,0,보통,0,3,4,4,1.0,1,0,0,0,0,0,1,0,0,0,0,0,0,0,0,0,0,0
46,12,0,4,3.097,2,36,1,3,0,혼잡,0,4,4,3,1.71,1,1,0,0,0,0,0,0,0,1,1,1,0,1,0,1,1,0
25,12,1,2,3.878,15,52,0,,,보통,,,,,1.07,0,0,0,0,0,0,0,0,0,0,0,0,0,0,0,0,0,0
35,6,0,53,0.038,19,0,0,,,보통,,,,,2.27,0,0,0,0,0,0,0,0,0,0,0,0,1,0,0,0,1,0
39,6,0,11,1.81,3,5,0,2,0,보통,0,3,2,2,2.97,1,1,0,1,1,0,0,0,0,0,0,0,0,0,0,1,0,0
42,6,0,1,5.107,14,35,0,3,0,혼잡,0,4,4,4,1.04,1,0,0,0,0,0,0,0,0,0,0,0,0,0,0,0,0,1
29,3,0,5,2.188,2,33,1,3,0,보통,0,3,3,2,1.64,1,0,0,1,0,0,0,0,0,0,0,0,0,0,0,0,0,1
15,12,1,3,3.514,19,55,1,,,여유,,,,,1.68,0,0,0,0,0,0,0,0,0,0,0,0,0,0,0,0,0,0
15,6,0,1,5.083,28,66,1,4,0,보통,1,4,5,3,0.89,1,0,0,0,0,0,0,0,0,0,1,1,0,0,0,1,0,0
27,6,0,4,3.238,8,34,0,,,여유,,,,,1.73,0,0,0,0,0,0,0,0,0,0,0,0,0,1,0,0,0,0
57,3,0,22,2.53,8,32,1,4,0,혼잡,0,2,4,2,7.84,1,0,0,0,0,0,0,0,0,0,1,1,1,0,0,0,0,0
27,1,1,15,1.41,2,37,0,2,0,혼잡,0,1,3,2,2.97,1,1,0,1,0,0,0,1,0,1,1,0,0,1,0,0,1,0
15,12,0,4,2.181,23,37,1,,,매우혼잡,,,,,1.12,0,0,0,0,1,0,1,0,0,0,1,1,1,1,0,0,0,0
46,12,0,13,1.593,13,9,0,2,0,보통,0,2,2,1,2.99,1,1,1,0,0,1,0,0,1,1,0,1,0,0,0,1,0,0
26,1,0,2,4.447,4,49,1,4,0,혼잡,0,4,4,4,1.04,1,0,0,0,0,0,0,1,0,0,0,0,0,0,0,0,0,0
39,12,1,3,3.927,24,29,1,3,0,혼잡,0,3,3,3,1.65,1,0,1,0,0,0,0,0,0,0,0,0,0,0,0,0,1,0
32,12,0,10,1.943,15,28,1,2,0,보통,0,3,3,3,2.66,1,1,1,0,0,0,0,0,0,0,1,1,0,0,1,0,0,1
34,6,0,13,1.562,14,13,0,,,보통,,,,,2.94,0,0,0,0,0,0,0,0,0,0,0,0,0,0,0,0,0,0
17,6,0,13,1.511,12,15,0,3,0,여유,0,3,2,3,2.91,1,0,0,1,0,0,1,0,0,0,0,0,0,0,0,0,0,0
30,12,0,2,4.455,36,57,1,5,0,여유,0,4,5,4,1.01,1,0,0,0,0,0,0,0,0,0,0,0,0,0,0,0,0,0
41,3,0,23,0.919,4,15,0,,,보통,,,,,3.06,0,1,0,1,1,1,0,0,1,0,1,0,0,0,1,0,0,0
33,12,0,10,1.64,4,2,0,,,보통,,,,,2.4,0,0,0,0,0,0,0,0,0,0,0,0,0,1,1,0,0,0
26,12,1,1,4.993,23,75,0,3,0,보통,0,4,5,5,0.93,1,0,0,0,0,0,0,1,0,0,0,0,0,0,0,0,0,0
35,12,0,3,2.856,5,38,1,3,0,혼잡,0,3,4,3,1.37,1,0,0,0,0,0,0,0,0,0,1,1,0,0,0,0,0,0
39,3,0,28,0.687,5,20,0,2,0,혼잡,0,2,4,4,2.73,1,0,0,0,0,0,0,1,1,0,0,0,1,0,0,0,0,0
37,12,0,17,2.527,11,26,0,3,0,여유,0,4,3,4,6.27,1,0,0,0,0,0,0,0,0,0,0,0,0,0,0,0,0,0
34,6,0,4,2.007,15,49,0,,,혼잡,,,,,1.2,0,0,0,0,0,0,0,0,0,0,0,0,0,0,0,1,0,1
17,12,0,5,5.084,16,59,1,4,0,보통,0,4,5,4,3.5,1,0,0,0,0,0,0,0,0,1,0,0,0,0,0,0,0,0
26,3,0,2,3.282,11,33,0,,,여유,,,,,1.02,0,0,1,0,0,0,0,0,0,0,0,0,0,0,1,0,0,0
29,12,0,8,1.816,31,19,0,3,0,여유,0,2,3,3,2.11,1,0,0,0,1,0,0,0,1,0,0,0,0,0,0,0,0,0
27,12,1,4,2.523,2,31,0,3,0,혼잡,0,3,4,3,1.38,1,0,0,0,0,0,0,0,0,0,0,0,1,0,0,0,0,0
39,6,0,3,3.6,12,45,1,,,여유,,,,,1.46,0,0,0,0,0,0,0,0,1,0,0,0,0,0,0,0,0,0
50,12,0,60,0.36,3,17,0,2,0,혼잡,0,2,2,2,3.12,1,0,0,0,0,0,1,0,1,0,1,0,0,0,0,0,0,0
34,3,0,3,2.282,7,18,0,3,0,여유,0,3,2,4,1.08,1,0,0,0,1,0,0,0,0,0,0,0,0,0,0,0,0,0
44,1,0,51,0.0,5,16,0,3,0,여유,0,2,3,2,2.19,1,0,0,0,0,0,1,1,0,0,0,1,0,1,0,0,0,0
41,1,0,8,1.995,6,31,0,3,0,매우혼잡,0,2,3,3,2.22,1,0,0,0,0,0,0,1,1,0,1,1,0,0,0,0,0,0
60,6,0,3,3.704,9,48,0,4,0,여유,0,4,4,5,1.45,1,0,1,0,0,0,0,0,0,0,0,0,0,0,0,0,0,0
27,1,0,60,0.957,1,13,0,,,혼잡,,,,,12.64,0,1,0,1,1,1,1,1,0,1,0,0,1,0,0,0,0,1
29,6,0,9,1.661,2,20,1,,,보통,,,,,2.12,0,0,0,0,0,0,0,0,0,0,0,0,0,0,1,0,0,0
15,3,0,15,1.035,5,25,0,,,혼잡,,,,,2.15,0,1,0,0,1,1,1,0,0,0,1,1,0,0,1,1,0,0
29,1,0,3,2.406,4,38,0,,,보통,,,,,1.05,0,0,0,0,0,0,1,1,0,0,0,1,0,0,1,0,0,0
36,6,0,2,3.251,10,41,0,4,0,매우혼잡,0,3,3,3,1.02,1,0,0,0,0,0,0,0,0,0,0,0,0,0,0,0,0,0
57,6,0,12,1.337,10,17,1,,,혼잡,,,,,2.36,0,0,0,0,0,0,0,1,0,0,0,0,0,0,0,1,0,0
21,6,1,3,2.636,9,36,0,3,0,여유,0,3,3,4,1.03,1,0,0,1,0,0,0,0,0,0,0,0,0,0,0,0,0,0
15,3,0,1,5.342,3,63,1,4,0,보통,0,3,5,4,1.05,1,0,0,0,0,0,0,1,0,0,1,0,0,0,1,0,0,0
29,1,0,3,2.253,2,39,0,3,0,혼잡,0,3,3,2,1.02,1,0,0,1,0,0,0,0,1,1,1,0,0,0,0,0,1,1
47,3,0,58,0.173,0,0,0,3,0,여유,0,2,2,3,2.49,1,1,0,0,0,0,1,0,0,1,0,0,1,0,0,0,0,0
32,3,0,31,0.629,3,20,0,4,0,여유,0,4,3,4,2.78,1,0,0,0,0,0,0,0,0,0,0,0,1,0,0,0,0,0
31,3,0,4,2.159,3,44,0,,,혼잡,,,,,1.23,0,0,0,0,0,0,0,0,0,0,0,0,0,0,0,0,0,0
16,12,0,2,4.323,15,38,0,,,혼잡,,,,,0.98,0,0,0,0,0,0,0,0,0,0,0,0,0,0,0,0,0,1
47,6,1,10,1.812,18,36,0,3,0,여유,0,4,4,3,2.5,1,0,0,1,0,0,0,1,0,0,0,0,0,0,0,0,0,0
25,3,1,2,4.173,9,46,0,,,보통,,,,,1.09,0,0,0,0,0,0,0,0,0,0,0,0,1,0,0,0,1,0
45,12,0,27,0.602,2,23,0,2,0,혼잡,1,2,3,1,2.32,1,1,0,0,0,0,0,0,0,1,1,1,1,0,0,1,0,1
18,12,1,3,2.819,36,42,1,,,매우혼잡,,,,,1.09,0,0,0,0,0,0,0,0,0,0,1,1,1,1,0,1,0,0
15,1,0,19,0.877,1,8,0,3,0,혼잡,0,2,2,2,2.4,1,1,0,1,0,1,1,0,0,1,0,0,0,0,1,0,0,0
15,12,0,1,4.943,1,47,0,3,0,보통,0,4,4,5,0.94,1,0,0,0,0,0,0,0,0,0,0,0,0,0,1,0,0,0
36,6,0,6,2.195,1,34,1,,,혼잡,,,,,1.76,0,0,0,0,1,0,0,0,1,0,1,0,1,1,0,0,0,0
46,3,0,6,2.158,4,27,0,2,0,매우혼잡,0,3,4,3,1.77,1,1,0,0,0,0,0,0,1,0,1,1,1,0,0,1,1,0
42,3,0,4,2.347,5,18,0,2,0,보통,0,4,3,3,1.49,1,0,0,0,0,0,0,0,0,0,0,0,0,1,1,0,1,0
19,12,0,3,2.904,30,33,0,,,여유,,,,,1.19,0,0,0,0,0,0,0,0,0,0,1,0,0,0,0,1,0,0
50,1,0,3,3.321,6,31,1,,,보통,,,,,1.32,0,0,0,0,0,0,0,0,0,0,0,0,0,0,0,0,0,0
15,12,0,24,0.775,7,20,0,,,혼잡,,,,,2.64,0,1,0,0,0,0,0,0,0,0,1,1,0,0,0,1,1,1
37,3,0,10,1.085,7,0,0,3,1,여유,0,3,4,4,1.58,1,0,0,0,0,0,0,0,0,1,0,0,0,0,0,1,0,1
31,6,0,5,2.442,1,30,1,3,0,혼잡,0,3,4,2,1.6,1,0,1,0,0,0,0,0,0,0,1,0,0,0,0,0,0,0
35,12,0,3,2.902,8,22,0,4,0,보통,0,4,5,4,1.36,1,1,0,0,0,0,0,0,0,0,0,0,0,0,0,0,0,1
37,6,1,3,3.298,9,24,0,4,0,여유,0,3,4,4,1.48,1,0,0,0,0,0,0,0,1,0,0,0,0,0,0,1,0,0
25,6,0,26,1.769,0,17,0,,,혼잡,,,,,6.51,0,1,0,0,0,0,0,0,0,0,0,1,1,1,0,0,1,1
29,12,0,1,5.825,6,41,0,,,여유,,,,,1.05,0,0,0,0,0,0,0,1,0,0,0,0,0,0,0,0,0,0
26,12,1,1,4.606,11,44,0,,,보통,,,,,0.93,0,0,0,0,0,0,0,0,0,0,0,0,0,0,0,0,0,0
56,3,0,4,2.622,3,45,1,3,0,여유,0,4,4,4,1.59,1,0,0,0,0,0,0,0,0,0,0,0,1,0,0,0,0,0
20,12,1,3,2.437,20,50,1,3,0,보통,0,4,4,3,1.03,1,0,0,0,0,0,0,0,1,0,0,0,0,0,0,1,0,0
33,12,0,5,2.595,2,43,1,4,0,혼잡,1,3,5,2,1.79,1,0,0,0,0,0,0,1,0,1,1,0,1,0,0,0,0,0
44,6,0,20,2.191,9,21,0,4,0,매우혼잡,0,3,2,3,6.39,1,1,0,0,0,0,0,0,0,0,1,0,0,0,0,0,0,0
41,12,0,2,3.403,12,52,1,4,0,보통,0,3,5,3,1.12,1,0,0,0,0,0,0,0,0,0,0,0,0,0,0,0,0,0
33,12,0,3,3.35,3,38,1,3,0,여유,0,4,4,4,1.26,1,0,0,0,0,0,0,0,0,0,0,0,0,0,0,0,0,0
40,3,0,2,3.999,2,51,1,,,보통,,,,,1.03,0,0,0,0,0,0,0,0,0,0,0,1,1,1,0,0,0,0
27,1,0,47,1.59,1,27,0,3,0,혼잡,0,2,3,1,10.64,1,1,0,0,0,0,1,0,0,0,1,0,0,1,0,0,0,0
37,12,1,3,3.264,36,54,0,3,0,매우혼잡,1,3,4,2,1.5,1,0,0,0,0,0,0,0,0,0,1,1,0,1,1,0,0,0
45,12,1,5,2.217,36,29,1,,,혼잡,,,,,1.68,0,1,0,0,0,0,0,0,1,0,1,0,0,0,1,1,1,0
44,3,0,3,2.478,6,41,0,3,0,매우혼잡,0,3,3,3,1.01,1,1,0,0,0,0,0,0,0,0,1,0,1,0,0,0,0,1
27,12,0,4,2.298,13,31,1,,,혼잡,,,,,1.15,0,0,0,0,0,0,0,0,0,0,1,0,0,0,0,0,0,0
32,6,0,11,1.256,13,38,0,,,여유,,,,,1.96,0,0,0,0,0,0,0,0,0,0,0,0,0,0,0,0,0,1
53,6,0,4,2.994,4,33,0,4,0,여유,0,4,4,3,1.68,1,0,1,0,0,0,0,0,0,0,0,0,0,0,0,0,0,0
46,3,1,4,2.639,4,26,0,,,혼잡,,,,,1.32,0,0,0,0,0,0,0,0,0,0,0,0,1,1,0,0,0,0
38,1,1,4,2.173,2,46,1,,,보통,,,,,1.33,0,0,0,0,0,0,0,0,0,0,1,0,0,0,0,0,0,0
28,3,1,57,1.905,2,24,1,,,여유,,,,,15.62,0,1,0,0,0,0,0,0,0,0,0,0,0,0,0,0,0,0
23,3,1,4,2.963,2,25,0,3,0,보통,0,3,3,3,1.62,1,1,0,0,0,0,0,0,1,0,1,0,0,0,0,0,0,0
56,1,0,37,0.4,2,12,0,,,보통,,,,,2.12,0,1,0,1,0,0,0,0,0,1,0,0,0,0,0,0,0,0
45,12,0,23,0.757,11,26,0,,,보통,,,,,2.49,0,0,0,0,0,0,0,0,0,0,0,0,0,0,0,0,1,0
32,3,1,2,4.199,5,48,0,5,0,보통,1,4,4,3,0.94,1,0,0,0,0,0,0,0,0,0,0,0,0,0,0,0,0,0
42,6,0,1,4.237,6,40,0,3,0,매우혼잡,0,3,3,5,0.84,1,0,0,0,0,0,0,0,0,0,0,1,0,0,1,0,0,0
19,3,0,14,0.952,4,38,0,4,0,보통,0,3,3,3,1.9,1,1,0,1,0,0,0,0,0,0,0,0,0,0,0,0,0,0
37,6,0,4,2.039,6,46,0,3,0,혼잡,0,3,3,3,1.18,1,0,0,0,0,0,0,0,0,0,1,0,0,1,0,0,0,0
43,12,0,3,3.267,12,70,0,,,여유,,,,,1.17,0,0,0,0,0,1,0,0,1,0,0,0,0,0,0,0,0,0
31,3,0,26,1.837,4,35,0,4,0,매우혼잡,0,3,3,3,6.91,1,0,0,0,0,0,0,0,0,0,0,0,0,0,0,0,0,0
24,12,0,4,2.916,5,36,1,,,혼잡,,,,,1.67,0,0,0,0,0,0,0,0,0,0,1,0,0,1,0,0,0,1
46,6,0,31,0.698,4,6,0,3,0,보통,0,3,3,2,3.06,1,0,1,0,0,0,0,0,0,1,0,1,0,1,0,0,0,0
21,3,0,14,1.4,2,4,0,,,여유,,,,,2.73,0,1,0,0,0,0,0,0,1,0,0,0,0,0,0,0,1,0
30,6,1,3,3.023,7,55,0,,,여유,,,,,1.18,0,0,0,0,0,0,0,0,0,0,0,0,0,0,0,0,0,0
41,12,0,5,2.085,4,17,1,2,0,보통,0,2,3,2,1.61,1,0,0,0,0,0,0,0,0,0,0,0,0,0,0,1,0,1
35,6,0,2,4.73,3,40,0,4,0,여유,0,4,4,3,1.02,1,0,0,0,0,0,0,0,0,0,0,0,0,0,0,0,0,0
27,6,1,4,2.635,3,35,0,2,0,보통,1,3,3,1,1.57,1,0,0,0,0,0,0,1,0,1,0,0,0,0,0,0,0,0
37,6,1,38,0.524,6,16,0,2,0,보통,0,2,2,3,2.88,1,1,0,0,0,0,0,0,0,0,0,0,0,0,0,0,0,0
20,1,0,16,0.867,1,27,0,,,보통,,,,,2.04,0,0,0,1,0,0,1,1,0,1,0,0,0,0,0,0,0,0
42,6,0,4,2.389,18,30,1,3,0,여유,0,4,4,4,1.27,1,0,0,0,0,0,0,0,0,0,0,0,0,0,0,0,0,0
35,6,1,10,1.897,12,46,0,3,0,혼잡,1,4,3,1,2.77,1,0,0,0,0,0,0,0,0,0,0,1,1,1,0,0,0,1
39,6,0,1,4.537,2,67,0,,,보통,,,,,0.86,0,0,0,0,0,0,0,0,0,0,0,0,0,0,0,0,0,1
46,12,1,7,5.371,9,48,1,4,0,보통,0,4,5,4,5.09,1,0,0,0,0,0,0,0,0,0,0,0,0,0,0,1,0,0
35,3,0,9,1.943,1,13,0,3,0,여유,0,2,2,3,2.4,1,1,1,0,0,1,0,1,1,0,0,0,0,0,0,0,0,0
51,3,0,22,1.998,3,48,0,,,혼잡,,,,,6.37,0,1,0,0,0,0,1,1,1,0,1,0,0,1,0,0,0,0
32,6,0,2,3.881,7,42,1,4,1,혼잡,0,4,5,3,1.31,1,0,0,0,0,0,0,0,0,0,1,0,0,0,0,0,0,0
22,6,1,10,1.886,10,19,0,,,여유,,,,,2.6,0,0,0,0,0,0,1,0,0,0,0,0,0,0,0,0,0,0
51,3,0,60,0.019,5,17,0,3,0,여유,0,3,2,2,16.27,1,1,0,0,0,1,0,0,0,0,0,0,0,1,0,0,1,0
40,1,0,20,0.857,3,0,0,,,여유,,,,,2.44,0,1,0,0,1,0,1,0,0,0,0,1,0,0,1,1,0,0
19,12,1,1,5.232,6,66,1,3,0,여유,0,3,5,4,1.1,1,0,0,0,0,0,0,0,0,0,0,0,0,0,0,0,1,0
49,12,1,3,3.358,5,38,0,,,보통,,,,,1.48,0,0,0,0,1,1,0,0,0,0,0,0,0,0,0,1,0,0
26,6,0,55,0.0,2,8,0,,,혼잡,,,,,2.36,0,1,0,0,0,0,0,0,0,1,0,0,0,0,1,0,0,0
21,12,1,1,4.997,4,53,0,,,보통,,,,,1.04,0,0,0,0,0,0,0,0,0,0,0,0,0,0,0,0,1,0
17,12,1,1,4.934,14,63,0,,,보통,,,,,0.81,0,0,0,0,0,0,0,0,0,0,1,0,0,0,0,0,0,0
52,12,1,14,3.724,36,67,0,,,혼잡,,,,,7.24,0,0,0,0,0,0,0,0,0,0,0,0,1,1,0,0,0,0
38,1,0,4,2.973,1,44,0,,,여유,,,,,1.64,0,0,0,0,0,1,0,0,1,1,0,0,0,0,1,1,0,0
52,12,0,3,2.735,7,16,1,3,0,매우혼잡,0,3,3,2,1.17,1,0,0,0,0,1,1,0,0,0,1,0,0,1,0,1,0,0
44,6,1,15,0.936,1,12,0,3,0,혼잡,0,2,2,3,2.06,1,0,0,0,0,0,0,1,1,1,0,1,0,0,1,0,0,0
49,12,0,6,2.45,4,36,0,2,0,보통,0,2,2,2,1.99,1,1,0,0,0,0,0,0,1,0,1,0,0,1,0,0,0,0
33,6,0,16,1.055,2,19,0,,,혼잡,,,,,2.35,0,1,1,1,0,1,0,0,0,0,0,1,1,0,0,0,0,1
26,3,0,7,2.257,1,52,1,2,0,보통,0,2,2,2,2.11,1,0,0,0,0,0,0,0,0,0,1,0,0,1,0,0,1,0
44,1,0,24,2.417,1,36,0,3,0,혼잡,0,2,2,2,8.34,1,1,0,0,0,0,1,0,0,0,1,0,0,1,0,0,0,0
44,1,1,4,3.338,2,46,0,,,여유,,,,,1.75,0,0,1,0,0,0,0,0,0,0,0,0,0,0,0,0,0,0
46,6,0,1,5.234,21,45,1,4,0,혼잡,0,5,4,4,0.85,1,0,1,0,0,0,0,0,0,0,0,0,0,0,0,0,0,0
33,1,1,3,3.441,2,35,1,3,0,보통,0,3,3,2,1.45,1,0,0,0,0,0,1,0,0,1,0,1,0,0,0,0,1,0
59,3,0,21,0.907,5,0,0,2,0,혼잡,0,3,3,2,2.75,1,1,0,1,0,0,0,0,0,0,1,1,1,0,1,0,0,1
42,12,0,5,2.073,11,15,0,4,0,여유,0,3,4,3,1.34,1,0,0,0,0,0,0,0,0,0,0,0,0,0,0,0,0,0
40,3,1,7,1.77,5,18,0,3,0,보통,0,3,3,3,1.74,1,0,0,0,0,0,0,0,0,0,0,0,0,0,0,0,0,0
41,6,0,6,2.042,13,15,0,3,0,여유,0,3,3,3,1.65,1,0,0,0,0,0,0,0,0,0,0,1,0,0,0,0,0,0
45,3,0,4,2.283,8,22,0,3,0,혼잡,0,3,3,3,1.25,1,0,0,0,1,0,0,0,0,0,0,1,0,1,1,0,0,0
29,12,0,4,2.307,17,33,0,3,0,보통,0,2,3,2,1.34,1,1,0,0,0,0,1,1,0,0,1,1,0,1,0,0,0,0
35,3,1,25,0.876,8,24,0,3,0,여유,0,2,3,3,3.14,1,1,0,0,0,1,0,1,1,0,0,0,0,0,0,0,1,0
22,6,1,1,4.685,5,45,0,,,보통,,,,,0.83,0,0,0,0,0,0,0,0,0,0,0,0,0,0,0,0,0,0
51,6,0,11,1.481,2,34,0,2,0,매우혼잡,1,3,3,2,2.38,1,0,0,0,0,0,0,0,0,0,1,1,1,0,0,1,0,1
40,12,1,7,1.83,3,23,1,,,보통,,,,,1.85,0,0,0,0,1,0,0,0,0,0,0,1,0,0,0,1,0,0
55,3,1,3,3.768,1,48,0,,,여유,,,,,1.55,0,0,0,0,0,0,0,0,0,0,0,1,0,0,0,0,0,0
27,6,0,2,4.21,14,62,0,5,0,보통,0,4,4,3,0.92,1,0,0,0,0,0,0,0,0,0,0,0,0,0,0,0,0,0
31,3,1,3,2.787,9,27,1,,,보통,,,,,1.15,0,0,0,0,0,0,0,1,0,0,0,0,0,0,0,1,0,0
51,12,0,5,2.365,20,27,0,3,0,여유,1,3,3,3,1.65,1,1,0,0,0,0,0,0,0,0,0,0,0,0,0,0,0,0
41,12,0,3,3.288,10,44,0,,,보통,,,,,1.41,0,0,0,0,0,0,0,0,0,0,0,0,0,0,0,0,0,0
45,6,0,9,1.329,11,33,0,3,0,보통,1,3,4,1,1.74,1,0,0,0,0,0,0,0,0,0,1,1,0,0,0,0,0,0
38,6,0,13,1.651,2,14,0,3,0,보통,0,2,2,3,2.97,1,0,0,0,0,0,0,1,0,0,0,0,0,0,0,0,0,0
53,12,1,5,2.414,6,59,0,4,0,여유,0,2,3,3,1.62,1,0,0,0,0,0,0,0,0,0,0,0,0,0,0,0,0,0
15,6,0,23,0.854,4,28,0,,,보통,,,,,2.76,0,1,0,0,0,0,0,0,0,0,1,1,1,0,0,0,0,0
45,12,1,1,4.275,8,48,1,,,매우혼잡,,,,,0.82,0,0,0,0,0,0,0,0,0,0,1,1,0,0,0,0,0,0
27,12,0,44,1.456,30,14,0,,,혼잡,,,,,9.13,0,1,0,0,0,0,0,0,0,1,1,0,1,0,1,0,1,1
53,3,0,32,0.506,11,13,0,,,보통,,,,,2.34,0,1,0,0,0,0,0,0,0,0,0,0,0,1,0,1,0,1
47,6,0,12,1.472,6,15,0,4,0,보통,0,4,3,4,2.6,1,0,0,0,0,0,0,0,0,0,1,0,0,0,0,0,0,0
45,12,1,1,4.543,10,48,1,,,매우혼잡,,,,,0.92,0,0,0,0,0,1,0,0,1,0,1,1,1,1,0,0,0,0
41,12,1,3,2.867,8,43,0,,,여유,,,,,1.05,0,0,0,0,0,0,0,0,0,0,0,0,0,0,0,0,0,0
21,12,0,15,2.998,19,36,1,,,혼잡,,,,,6.49,0,0,0,0,0,0,0,0,0,0,0,0,0,0,0,0,1,0
33,6,0,3,3.578,7,61,0,,,혼잡,,,,,1.73,0,0,0,0,0,0,0,0,0,0,0,1,0,0,0,0,0,0
54,1,1,1,5.747,7,60,0,3,0,혼잡,0,3,3,3,0.93,1,0,1,0,0,0,0,0,0,1,0,0,0,0,0,0,0,0
27,6,0,60,0.287,1,24,0,3,0,보통,0,2,3,2,2.92,1,1,0,0,0,0,0,0,0,0,1,1,0,0,0,1,1,0
26,3,0,60,0.0,4,13,0,3,0,여유,0,3,3,3,2.9,1,0,0,0,0,1,0,0,0,0,0,0,0,1,0,0,0,0
36,6,1,2,3.513,8,34,1,,,여유,,,,,1.13,0,0,0,0,0,0,1,0,0,0,0,0,0,0,0,0,0,0
18,6,1,7,2.074,3,29,1,,,보통,,,,,2.08,0,1,0,0,0,0,0,0,0,0,0,0,0,0,0,0,0,0
29,6,0,3,2.781,9,21,0,4,0,여유,0,3,4,4,1.02,1,0,0,0,0,0,0,0,0,1,1,0,0,1,1,0,0,0
33,6,0,44,0.417,9,22,0,,,매우혼잡,,,,,2.62,0,1,0,0,0,1,0,0,0,0,1,1,0,0,0,0,0,0
37,12,0,4,2.649,6,25,0,,,혼잡,,,,,1.56,0,0,0,0,0,0,1,0,0,0,0,0,0,1,1,0,0,0
45,12,1,2,3.89,6,42,0,5,0,보통,0,3,4,4,1.25,1,0,0,0,0,0,0,0,0,0,0,0,0,0,0,0,0,0
40,12,1,3,3.307,7,43,1,,,보통,,,,,1.33,0,0,0,0,0,0,0,0,0,0,0,1,0,0,0,0,0,0
28,1,0,10,1.769,3,27,0,,,보통,,,,,2.51,0,1,0,0,0,0,0,0,0,0,0,0,0,0,0,0,0,1
29,6,0,8,1.657,20,40,0,3,0,혼잡,0,2,3,2,1.85,1,0,0,0,0,1,1,1,0,0,1,0,0,0,0,0,0,0
17,12,0,60,0.04,7,29,0,3,0,보통,0,2,2,2,2.77,1,1,0,1,0,0,0,1,0,0,0,0,1,0,0,0,0,0
38,12,0,16,1.085,7,20,0,,,보통,,,,,2.51,0,1,0,0,0,0,0,1,0,1,0,0,0,0,0,1,0,0
37,12,1,2,3.846,12,20,0,3,0,여유,0,4,3,4,1.32,1,0,0,0,0,0,0,0,0,0,0,0,0,0,0,1,0,0
33,3,0,34,0.651,5,21,1,,,혼잡,,,,,3.13,0,1,0,0,0,1,1,0,0,0,1,0,0,1,1,1,0,1
19,6,0,4,2.462,11,15,0,3,0,혼잡,0,4,3,3,1.45,1,1,0,0,0,0,0,0,0,0,0,0,0,1,1,0,0,0
38,1,0,4,2.968,3,30,0,3,0,여유,0,3,2,4,1.66,1,0,0,0,0,0,0,0,0,0,0,0,0,0,0,0,0,0
28,12,1,3,3.894,14,51,0,4,0,보통,0,3,4,3,1.78,1,0,0,0,0,0,0,0,0,0,0,0,0,0,0,0,0,0
48,6,0,3,3.09,4,32,1,3,0,혼잡,0,3,4,3,1.17,1,0,0,0,0,0,0,0,0,0,0,0,1,1,1,0,0,0
41,6,0,28,0.761,11,0,0,2,0,매우혼잡,0,2,3,2,3.09,1,1,0,1,0,0,0,0,0,0,1,0,0,0,1,1,0,1
32,6,1,1,5.205,1,59,1,4,0,보통,0,4,5,3,1.08,1,0,0,0,0,0,0,0,0,0,0,0,0,0,0,0,0,0
37,1,0,60,0.0,3,22,0,2,0,보통,0,2,2,3,2.8,1,1,0,0,0,0,0,1,1,1,0,1,0,0,0,0,0,1
48,12,1,2,3.038,16,46,1,,,여유,,,,,1.08,0,0,0,0,0,0,0,1,0,0,0,0,0,0,0,0,0,0
15,12,1,6,5.211,4,48,0,,,매우혼잡,,,,,4.37,0,0,0,1,0,0,0,0,0,0,0,0,1,0,0,0,0,0
29,12,0,3,2.806,4,46,0,3,0,보통,0,2,3,4,1.15,1,0,0,0,0,0,0,0,0,0,0,0,0,0,0,0,0,0
25,6,0,2,3.879,0,57,0,4,0,매우혼잡,0,4,5,4,1.25,1,0,0,0,0,0,0,0,0,0,0,0,0,0,0,1,0,0
43,12,0,5,2.055,16,27,0,2,0,혼잡,0,3,3,3,1.33,1,1,0,0,0,1,0,0,0,0,0,0,0,0,0,0,0,0
40,12,0,3,2.476,18,34,1,3,0,보통,0,3,4,3,1.13,1,0,0,0,0,0,0,0,0,0,0,0,0,0,0,0,0,0
26,3,0,6,1.653,6,15,0,4,0,보통,0,4,3,3,1.52,1,0,0,0,0,1,0,0,0,1,0,0,0,0,0,0,0,0
15,6,0,8,1.604,4,26,0,,,보통,,,,,1.86,0,1,0,0,0,0,0,0,0,0,0,0,0,0,0,0,0,0
24,1,0,3,3.68,4,46,0,,,보통,,,,,1.5,0,0,0,0,1,0,0,0,0,0,1,0,0,0,0,0,0,0
31,12,1,2,4.658,36,45,1,5,0,여유,0,4,5,3,1.08,1,0,0,0,0,0,0,0,0,0,0,0,0,0,0,0,0,0
23,6,0,12,1.219,8,25,1,,,혼잡,,,,,2.11,0,0,0,0,0,0,0,0,1,0,1,0,1,0,0,1,0,0
27,6,0,3,2.441,2,39,0,4,0,혼잡,0,4,2,2,1.08,1,1,0,0,0,0,0,0,0,0,1,0,0,0,0,0,0,0
17,12,1,1,5.183,36,47,1,4,0,여유,0,4,5,4,0.83,1,0,0,0,0,0,0,0,0,0,1,0,0,0,0,0,0,0
49,3,0,2,4.16,18,68,0,3,0,매우혼잡,0,3,4,4,1.09,1,0,0,0,0,0,0,0,0,0,1,0,0,0,0,1,0,0
30,1,1,45,0.503,1,2,0,3,0,여유,0,3,2,3,3.24,1,1,0,0,0,1,0,0,1,0,0,0,0,0,0,0,0,0
31,6,0,49,0.448,3,36,0,2,0,보통,0,2,3,2,3.13,1,1,0,0,0,0,1,1,0,0,1,0,0,0,0,0,0,0
35,1,0,10,3.512,2,41,1,,,보통,,,,,4.77,0,1,0,0,1,0,0,0,0,0,0,0,1,0,0,0,0,0
40,6,0,2,4.13,1,40,0,,,보통,,,,,1.04,0,0,0,0,1,0,0,0,0,0,0,0,0,0,0,0,0,0
47,12,0,10,1.524,9,24,1,,,보통,,,,,2.21,0,0,0,0,0,0,0,0,0,0,1,0,0,0,0,1,0,0
46,12,0,10,1.681,14,29,0,3,0,여유,0,3,3,4,2.46,1,1,0,0,0,0,0,0,0,0,0,0,0,0,0,0,0,0
51,3,1,4,2.877,1,33,1,3,0,혼잡,0,4,4,3,1.5,1,0,0,0,0,0,0,1,0,0,0,0,0,0,1,0,0,0
33,3,1,3,2.674,4,34,0,3,0,여유,0,4,2,3,1.17,1,0,0,0,0,0,0,0,0,0,1,0,0,0,0,0,0,0
41,12,0,3,3.323,18,33,1,3,0,보통,0,3,4,3,1.58,1,0,0,0,0,0,0,1,0,0,0,0,0,0,0,0,0,0
25,12,1,3,3.734,2,37,0,,,혼잡,,,,,1.38,0,0,0,0,0,0,0,0,0,0,0,0,0,0,1,1,0,0
47,3,0,4,2.219,0,37,0,3,0,매우혼잡,0,3,3,3,1.33,1,0,0,0,0,0,0,0,0,0,0,0,0,0,1,0,0,0
16,12,0,7,4.038,11,55,0,4,0,혼잡,0,4,3,4,4.1,1,0,0,0,0,0,0,0,0,0,0,0,0,0,1,1,1,0
29,6,0,3,2.337,0,34,0,,,보통,,,,,1.11,0,0,0,0,0,0,0,0,0,0,0,0,0,0,0,0,0,0
23,3,1,4,2.568,9,33,0,3,0,혼잡,0,3,3,3,1.54,1,0,0,0,0,0,0,1,0,0,0,0,0,0,0,0,1,0
29,12,1,1,5.781,2,58,1,4,0,여유,0,5,4,4,1.05,1,0,0,0,0,0,0,0,0,0,0,0,0,0,0,0,0,0
27,6,0,9,1.774,6,38,0,4,0,보통,0,3,3,3,2.25,1,0,0,1,0,0,0,0,0,0,0,0,0,0,0,0,0,0
39,12,0,1,4.585,12,66,0,3,0,혼잡,0,4,4,4,0.81,1,0,0,0,1,0,0,0,0,0,0,0,0,0,0,0,0,0
27,3,0,54,0.0,8,4,0,3,0,혼잡,0,2,2,2,2.31,1,1,0,1,1,0,0,0,0,0,1,1,1,1,0,0,0,0
31,12,0,3,3.527,36,51,1,,,보통,,,,,1.63,0,0,0,0,0,0,0,0,0,0,0,0,0,0,0,1,0,1
36,3,0,3,3.37,1,44,0,3,0,혼잡,0,4,3,3,1.24,1,0,0,0,0,0,0,0,0,0,0,0,0,0,0,0,0,0
34,12,0,23,0.843,8,21,0,,,혼잡,,,,,2.78,0,0,0,0,0,0,0,0,0,0,0,0,0,0,0,0,1,1
34,6,1,3,3.937,18,40,1,3,0,보통,0,4,5,4,1.43,1,0,0,0,0,0,0,0,0,0,0,1,0,0,0,0,0,0
42,12,0,3,2.467,4,20,1,,,여유,,,,,1.23,0,0,0,0,1,0,0,0,0,1,0,0,0,0,0,1,0,0
35,3,1,2,3.419,1,45,0,,,혼잡,,,,,1.06,0,0,0,0,0,0,0,0,1,0,1,0,0,0,0,0,0,1
27,12,1,7,2.214,3,10,0,,,보통,,,,,2.2,0,0,1,0,0,0,1,1,0,0,0,0,0,0,0,0,0,0
39,6,0,4,3.029,4,41,0,3,0,매우혼잡,0,3,3,2,1.62,1,0,0,0,1,0,0,0,0,0,1,1,0,1,0,1,1,0
44,6,0,8,1.627,1,27,0,3,0,보통,0,4,3,3,1.87,1,0,0,0,0,0,0,0,0,0,0,0,0,0,0,0,0,0
31,6,1,1,5.063,16,50,0,4,0,보통,0,4,4,4,1.0,1,0,0,0,0,0,0,0,1,0,0,0,0,0,0,1,0,0
46,12,0,56,0.0,20,11,0,,,매우혼잡,,,,,2.41,0,0,0,0,0,0,0,1,0,0,1,1,0,1,0,0,0,0
39,12,0,51,0.4,16,5,0,3,0,보통,0,2,2,2,2.94,1,1,0,1,0,1,0,0,0,0,1,0,0,1,0,0,1,1
61,6,1,3,3.565,7,45,1,3,0,보통,0,3,3,3,1.56,1,0,0,0,1,0,0,0,0,1,1,0,0,0,0,0,0,0
26,3,0,20,1.09,2,31,0,,,혼잡,,,,,3.18,0,1,0,0,0,0,1,1,0,0,1,0,1,1,0,0,0,0
43,12,0,1,6.082,31,66,1,4,0,보통,0,4,5,4,0.89,1,0,0,0,0,0,0,0,0,0,0,0,0,0,0,0,0,0
20,1,0,60,0.0,0,0,0,2,0,여유,0,2,3,2,3.15,1,1,0,1,0,0,0,0,1,1,0,0,0,1,0,1,0,0
44,12,1,2,4.783,0,60,0,4,0,보통,1,4,4,3,1.08,1,0,0,0,0,0,0,0,0,0,1,0,0,0,0,0,0,0
43,12,0,4,2.192,24,28,1,3,0,보통,1,3,3,2,1.31,1,0,0,0,0,0,0,0,0,1,0,1,0,1,1,0,0,0
36,12,1,6,2.073,4,24,0,3,0,보통,0,4,4,3,1.66,1,0,0,0,0,0,0,1,0,0,0,0,0,1,0,0,0,1
38,3,1,3,3.871,3,49,0,,,보통,,,,,1.56,0,0,0,0,0,0,0,0,1,1,0,0,0,0,0,1,0,0
52,12,0,4,2.697,11,32,0,4,0,여유,0,4,3,4,1.64,1,0,0,0,0,0,0,0,0,0,0,0,0,0,0,0,0,0
44,3,0,12,1.412,7,21,0,,,매우혼잡,,,,,2.32,0,0,0,0,0,0,0,0,0,0,1,1,0,1,0,0,0,0
45,12,1,1,4.734,12,52,1,4,0,매우혼잡,0,2,4,4,0.92,1,0,0,0,0,0,1,0,0,0,0,0,0,0,0,0,0,0
24,3,0,14,1.238,3,0,0,2,0,여유,0,3,3,3,2.4,1,1,0,0,1,0,0,0,0,0,0,0,0,0,0,0,0,0
56,3,1,3,3.322,2,54,1,3,0,여유,0,3,4,3,1.28,1,0,0,0,0,0,0,0,0,0,0,0,1,0,0,0,0,0
15,1,0,35,0.544,0,14,0,2,0,보통,0,2,1,2,2.71,1,1,1,0,0,0,0,0,1,0,0,1,0,0,0,0,0,0
29,12,1,2,3.701,10,36,1,4,0,매우혼잡,0,3,4,2,1.25,1,0,0,0,0,0,0,0,0,0,1,1,0,1,0,0,0,0
48,6,1,2,3.508,25,38,1,3,0,여유,0,4,4,4,1.04,1,0,0,0,0,0,0,0,0,0,0,0,0,0,0,0,0,0
44,1,0,1,4.29,2,48,0,4,0,보통,0,4,4,4,0.88,1,0,0,1,0,0,0,0,0,0,0,0,0,0,0,0,0,0
21,3,0,4,2.701,2,48,0,3,0,여유,0,3,4,3,1.36,1,0,1,0,0,0,0,1,0,0,0,0,0,0,0,0,0,0
15,3,0,11,1.601,6,30,0,4,0,여유,0,3,3,4,2.41,1,1,0,0,1,0,0,0,0,0,0,0,0,0,0,0,0,0
20,3,0,60,0.0,6,22,0,3,1,매우혼잡,1,3,2,1,2.7,1,0,0,0,0,0,0,0,0,0,1,0,1,1,0,1,0,1
32,12,0,19,2.879,27,37,1,,,혼잡,,,,,7.69,0,0,0,1,0,0,0,0,0,0,0,0,0,0,0,0,0,0
28,3,0,3,3.303,7,36,1,,,보통,,,,,1.59,0,0,1,0,0,0,0,0,0,0,0,0,0,0,0,0,0,0
37,6,1,3,2.819,25,33,0,,,혼잡,,,,,1.1,0,0,0,0,0,0,0,0,0,0,1,1,0,0,0,0,0,0
33,12,1,1,5.531,15,46,1,4,0,보통,0,3,4,4,0.99,1,0,0,0,0,0,0,0,0,0,0,0,0,1,0,0,0,0
19,12,1,8,1.874,6,22,0,,,여유,,,,,2.01,0,1,1,1,1,0,0,1,0,0,0,0,0,0,0,0,0,0
33,1,1,19,1.044,3,21,0,,,혼잡,,,,,2.8,0,0,0,0,0,0,0,0,0,0,1,0,1,0,0,0,1,1
20,12,1,2,4.152,8,50,1,4,0,여유,0,5,5,4,0.94,1,0,0,0,0,0,0,0,0,0,0,0,0,0,0,0,0,0
45,1,0,3,3.659,7,46,0,4,0,여유,0,4,4,4,1.56,1,0,0,0,0,0,0,0,0,0,0,0,0,0,0,0,1,0
28,6,0,59,1.142,10,31,1,,,보통,,,,,9.61,0,0,0,0,0,0,0,0,0,0,1,1,0,0,0,1,1,0
15,12,1,3,2.829,26,46,1,3,0,보통,0,3,4,3,1.08,1,0,0,0,0,0,0,0,0,0,0,0,0,0,0,0,0,0
35,6,1,3,2.654,12,37,0,,,여유,,,,,1.29,0,0,0,0,0,0,0,0,0,0,0,0,0,0,0,0,0,0
48,6,0,3,2.589,15,46,1,,,여유,,,,,1.24,0,0,0,0,0,0,0,0,0,0,0,0,0,0,0,0,1,0
27,12,1,1,4.689,24,62,1,4,0,여유,0,4,4,4,0.82,1,0,0,0,0,0,0,0,0,0,0,0,1,0,0,0,1,0
47,3,0,2,3.252,0,27,1,4,0,보통,0,3,4,3,1.16,1,0,0,0,0,0,0,0,0,0,0,0,0,0,0,0,0,0
16,3,0,17,0.928,2,14,0,,,여유,,,,,2.3,0,1,0,0,0,0,1,0,0,0,0,0,0,0,1,0,0,1
31,12,1,2,3.877,25,25,1,,,여유,,,,,1.08,0,0,1,0,0,0,0,0,0,0,0,0,0,0,0,0,0,0
39,6,1,9,1.592,6,27,0,,,보통,,,,,1.97,0,1,0,0,0,0,0,0,0,0,1,0,0,0,0,0,0,0
15,12,1,1,4.753,13,60,0,,,보통,,,,,0.89,0,0,0,0,0,0,0,0,0,0,0,0,0,0,0,1,0,0
36,12,1,2,4.18,8,28,0,4,0,여유,0,4,4,4,0.92,1,0,0,0,0,0,0,0,0,0,0,0,0,0,0,0,0,0
28,6,0,42,0.381,2,7,0,2,1,매우혼잡,1,3,4,1,2.29,1,0,0,0,0,0,1,0,1,0,1,1,1,1,0,1,0,1
42,1,0,15,1.066,3,11,1,3,0,여유,0,3,2,3,2.25,1,0,0,1,0,0,0,0,0,0,0,0,0,0,0,0,0,0
36,3,0,60,0.0,3,12,0,,,여유,,,,,3.29,0,1,0,0,0,0,0,0,0,0,1,0,0,0,0,0,0,0
36,3,1,1,5.37,5,74,1,5,0,보통,0,5,4,4,1.03,1,0,0,0,0,0,0,0,0,0,0,0,0,0,0,0,0,0
36,12,1,11,1.685,12,7,1,,,여유,,,,,2.71,0,0,0,0,0,0,0,0,0,0,0,0,1,0,1,1,0,0
15,1,0,4,2.153,1,33,0,3,0,혼잡,0,2,3,2,1.29,1,0,0,0,0,0,0,0,0,0,1,0,1,1,0,0,1,1
42,12,0,51,0.198,8,22,0,1,1,매우혼잡,1,2,2,1,2.17,1,1,0,0,0,0,0,0,0,0,1,0,1,1,1,1,1,1
15,3,1,2,3.643,7,48,1,3,0,혼잡,0,3,3,2,1.29,1,0,0,0,0,0,0,0,0,0,1,0,0,1,0,0,0,0
32,1,0,31,0.716,1,11,0,,,보통,,,,,3.22,0,1,0,1,0,0,1,1,1,0,1,0,0,1,0,1,0,0
34,6,0,3,3.74,9,34,0,,,혼잡,,,,,1.45,0,0,0,0,0,0,0,0,0,0,0,0,0,1,0,0,0,0
36,1,0,6,1.667,3,42,0,3,0,혼잡,1,3,3,1,1.54,1,1,0,0,0,0,0,1,0,0,1,1,0,0,0,0,0,1
16,3,1,60,0.073,9,12,0,2,0,보통,0,3,3,3,2.74,1,1,0,0,0,1,0,0,0,0,0,0,0,0,0,0,0,0
30,12,0,25,1.935,8,26,0,,,여유,,,,,6.97,0,1,0,0,0,0,0,0,0,0,0,0,0,0,0,0,0,0
48,6,0,6,2.152,22,23,1,3,0,보통,0,3,4,3,1.77,1,1,0,0,0,0,0,0,0,0,0,0,0,0,1,0,0,1
23,12,0,3,2.345,11,38,0,,,보통,,,,,1.07,0,0,0,0,0,0,0,0,0,1,0,0,0,0,0,0,0,0
50,6,1,24,0.651,6,9,0,3,0,혼잡,0,3,2,2,2.23,1,1,0,0,0,0,0,0,0,0,1,0,0,0,0,0,0,0
15,12,1,3,3.926,16,41,1,,,보통,,,,,1.5,0,0,0,0,0,0,0,0,0,0,0,0,0,0,0,0,0,1
38,12,0,5,1.937,8,14,0,4,0,여유,0,4,5,3,1.51,1,0,0,0,0,0,0,0,0,0,0,0,0,1,0,0,0,0
15,1,0,60,0.119,2,8,0,,,보통,,,,,3.01,0,1,0,0,0,0,1,1,0,1,0,0,0,1,0,1,0,1
37,12,1,7,2.389,4,51,1,,,보통,,,,,2.28,0,0,1,0,0,0,0,0,0,0,0,0,1,0,0,0,0,0
25,3,0,14,2.773,4,33,1,3,0,혼잡,0,2,3,2,5.5,1,1,0,0,0,0,1,0,0,0,1,0,0,0,0,0,0,0
28,12,0,3,2.698,5,33,0,4,0,여유,0,4,3,4,1.24,1,0,0,0,1,0,0,0,0,0,0,0,0,0,0,0,0,0
18,1,0,27,0.72,2,9,0,3,0,여유,0,3,3,4,2.82,1,1,0,0,0,0,0,0,1,1,0,0,0,0,0,0,0,1
34,6,0,22,0.898,17,22,0,,,보통,,,,,2.79,0,1,0,0,0,0,0,0,0,1,0,0,1,0,0,0,0,0
36,6,1,4,2.572,10,37,0,3,0,혼잡,0,3,3,3,1.52,1,0,0,0,0,0,0,0,0,0,0,0,0,0,1,0,0,0
20,3,0,9,1.276,12,28,0,,,여유,,,,,1.62,0,0,0,0,0,0,0,0,0,0,0,0,0,0,0,0,0,0
27,12,1,1,5.214,10,37,1,4,0,보통,0,4,5,4,0.85,1,0,0,0,0,0,0,0,0,0,1,0,0,0,0,1,0,0
49,12,0,1,4.459,8,60,1,,,여유,,,,,0.93,0,0,0,0,0,0,0,1,0,0,0,0,0,0,0,0,0,0
29,12,1,4,2.932,23,52,0,,,여유,,,,,1.69,0,0,0,0,0,0,0,0,0,0,0,0,0,0,1,0,0,0
34,12,1,17,2.285,5,29,0,3,0,보통,0,3,4,3,5.42,1,1,0,0,0,0,0,1,0,0,0,0,0,0,0,0,0,0
20,6,0,3,2.8,30,41,0,3,0,보통,0,4,3,3,1.16,1,1,0,1,0,0,0,0,0,0,1,0,0,0,0,1,0,1
29,6,0,3,3.247,12,53,1,,,매우혼잡,,,,,1.21,0,0,0,0,0,0,0,0,0,0,1,0,0,0,0,1,1,1
27,12,1,2,4.794,9,38,1,,,혼잡,,,,,1.06,0,0,0,0,0,1,0,0,0,0,1,1,0,1,0,0,0,0
46,6,0,10,1.74,4,12,1,2,0,보통,0,3,4,3,2.44,1,1,0,0,0,0,0,0,1,0,1,1,0,0,0,1,0,0
36,1,1,4,3.49,1,35,0,,,혼잡,,,,,1.8,0,0,1,0,0,0,0,0,0,0,0,0,0,0,0,1,0,0
32,12,0,7,4.343,2,66,0,4,0,매우혼잡,1,4,4,2,4.61,1,0,0,1,0,0,0,0,0,0,1,0,1,1,0,0,0,0
36,12,0,1,4.744,34,56,1,,,매우혼잡,,,,,0.98,0,0,0,0,0,0,0,0,0,0,0,0,0,0,0,0,0,0
33,12,0,2,2.959,14,37,0,3,0,여유,0,3,3,4,1.04,1,0,1,0,0,0,0,0,1,0,0,0,0,0,0,0,0,0
21,12,0,13,3.679,11,49,0,3,0,혼잡,0,3,4,4,6.98,1,0,0,0,0,0,0,0,1,0,0,0,0,0,0,0,1,0
33,3,0,3,3.528,7,36,1,4,0,보통,1,4,4,3,1.62,1,0,0,0,0,0,0,0,0,0,1,0,1,0,0,0,0,0
25,1,0,10,1.543,0,30,1,4,0,보통,0,3,4,3,2.14,1,0,0,0,0,0,0,0,0,1,0,0,0,0,0,0,0,0
25,6,1,5,2.538,13,46,0,,,보통,,,,,1.77,0,0,0,0,1,0,0,0,0,0,0,0,0,0,0,0,0,0
55,6,0,12,1.818,10,23,1,,,보통,,,,,3.02,0,1,0,0,1,0,0,1,0,0,1,0,0,1,0,1,0,0
18,12,0,12,2.4,16,29,0,4,0,보통,0,3,3,3,3.97,1,1,0,0,0,0,0,0,0,0,0,0,0,0,0,0,0,1
23,6,0,2,4.16,6,22,1,4,0,혼잡,0,4,5,4,0.99,1,0,0,0,0,0,0,0,0,0,0,1,0,0,0,0,1,0
28,3,1,1,4.679,4,54,0,3,0,여유,0,3,3,4,0.81,1,0,0,0,0,0,0,0,0,0,0,0,0,0,0,0,0,0
23,3,0,36,0.442,2,18,0,,,혼잡,,,,,2.26,0,1,1,0,1,0,1,0,1,0,1,0,1,1,0,0,0,1
15,6,0,3,3.58,6,45,0,4,0,매우혼잡,1,4,5,2,1.7,1,0,0,0,0,0,0,0,0,0,0,1,0,0,0,0,0,0
33,1,1,19,3.085,3,38,0,3,0,보통,0,4,3,2,8.5,1,1,1,0,0,0,0,0,0,0,0,0,0,1,0,0,0,0
21,12,1,3,3.104,24,49,0,,,보통,,,,,1.32,0,0,0,0,0,0,0,0,0,0,0,0,1,0,0,0,0,0
29,6,0,3,2.738,3,25,0,4,0,여유,0,4,4,3,1.34,1,0,0,0,0,0,0,0,0,0,0,0,0,0,0,0,0,0
39,12,1,1,5.267,25,52,0,,,혼잡,,,,,0.96,0,0,0,0,0,1,0,0,0,0,1,1,1,0,1,0,0,0
31,12,0,1,5.193,15,76,1,3,0,매우혼잡,0,4,4,4,0.98,1,0,0,0,0,0,0,0,0,0,1,0,0,1,0,1,0,0
30,1,0,12,1.581,3,9,0,4,0,여유,0,3,3,2,2.61,1,1,1,0,0,0,0,0,0,0,1,0,0,0,1,0,0,0
37,6,0,19,0.918,7,12,0,,,여유,,,,,2.54,0,1,0,0,0,0,0,0,0,0,0,0,1,0,0,0,0,0
31,12,0,3,3.866,7,35,0,4,0,혼잡,0,3,2,3,1.62,1,1,0,0,0,1,0,0,0,0,0,1,0,0,0,0,1,0
32,3,0,9,1.902,4,29,0,,,여유,,,,,2.42,0,0,0,0,0,0,1,1,0,0,0,0,0,0,0,0,0,0
40,6,0,4,2.453,7,54,0,,,보통,,,,,1.25,0,0,0,0,1,0,0,0,0,0,0,0,0,0,0,0,0,0
27,3,0,60,1.133,1,27,1,1,0,여유,0,2,3,3,16.83,1,1,0,0,0,0,0,1,0,0,0,0,0,0,0,0,1,0
26,12,0,1,4.242,5,59,1,4,0,보통,0,4,4,4,0.89,1,0,0,0,0,0,0,0,0,0,0,0,0,0,0,0,0,0
30,12,0,8,3.431,20,27,0,,,여유,,,,,4.01,0,1,0,0,0,0,0,0,0,0,0,0,0,0,0,0,0,0
15,1,0,1,4.617,3,53,1,4,0,보통,0,4,5,4,0.92,1,0,0,0,0,0,0,0,0,0,1,0,0,0,0,0,0,0
25,3,1,2,4.49,1,66,0,5,0,여유,0,5,4,3,1.06,1,0,0,0,0,0,0,0,0,1,1,0,0,0,0,0,0,0
15,12,1,4,2.962,12,37,1,3,0,혼잡,0,3,3,3,1.58,1,1,0,0,0,0,0,0,0,0,0,0,0,0,0,0,1,0
32,1,1,5,2.441,2,25,0,,,혼잡,,,,,1.64,0,0,0,0,0,0,0,0,0,0,1,0,0,0,0,0,1,0
17,1,0,5,2.532,3,49,0,,,혼잡,,,,,1.78,0,0,0,0,0,0,0,0,0,0,1,1,0,0,0,0,0,1
37,3,0,13,1.422,1,45,0,,,여유,,,,,2.59,0,1,1,0,0,0,0,0,0,0,0,0,0,0,0,0,0,0
23,6,0,3,3.219,19,58,0,4,0,보통,0,3,3,4,1.38,1,0,0,0,0,0,0,0,0,0,1,0,0,0,0,0,0,0
25,12,1,3,3.62,36,37,0,,,보통,,,,,1.72,0,0,1,0,0,0,0,0,0,0,0,0,0,1,0,0,0,0
33,12,1,2,4.551,20,47,0,5,0,여유,0,5,4,4,1.09,1,0,1,1,0,0,0,0,0,0,0,0,0,0,0,0,0,0
33,3,0,9,1.848,5,44,0,,,보통,,,,,2.38,0,0,1,0,1,0,0,0,0,0,0,0,0,0,0,0,0,0
33,3,0,11,1.527,1,40,0,3,0,혼잡,0,4,3,2,2.41,1,0,0,0,0,0,1,0,0,0,1,0,0,1,0,0,0,0
32,3,0,12,1.721,4,34,0,2,0,혼잡,0,3,2,1,2.95,1,1,1,0,0,0,0,0,0,0,1,0,0,0,0,1,0,0
37,1,0,4,2.753,4,35,0,,,보통,,,,,1.59,0,1,0,0,0,0,0,0,0,0,0,0,0,0,0,0,0,0
17,1,0,4,2.404,10,27,0,3,0,여유,0,3,3,3,1.26,1,0,0,0,0,0,0,1,0,0,0,0,0,0,0,0,0,0
40,6,1,2,4.515,2,41,1,4,0,여유,0,3,3,3,0.99,1,0,0,0,0,0,0,0,0,0,0,0,0,0,0,0,0,0
39,12,0,60,1.603,22,3,0,,,보통,,,,,14.0,0,1,0,0,0,0,0,1,0,0,0,1,0,1,0,0,0,0
19,6,0,6,1.889,24,32,1,,,보통,,,,,1.67,0,0,1,0,0,0,0,0,0,0,0,0,0,0,0,1,0,0
34,3,1,1,5.436,10,52,0,3,0,보통,0,4,4,4,0.87,1,0,0,0,0,0,0,0,0,0,0,0,0,0,1,1,0,0
41,1,0,21,1.017,0,14,0,2,0,보통,0,2,4,3,3.11,1,0,0,0,0,1,0,0,0,1,0,0,0,0,0,0,0,0
48,3,1,6,2.115,4,44,0,3,0,매우혼잡,0,3,3,2,1.75,1,0,0,0,0,0,0,0,0,0,1,1,0,1,0,0,0,0
36,12,0,4,3.136,24,29,1,3,0,보통,0,4,3,2,1.74,1,1,0,0,0,0,0,1,0,0,0,0,1,1,0,0,0,0
39,1,1,4,2.52,1,36,0,3,0,보통,0,2,4,3,1.42,1,0,0,0,0,0,0,1,1,1,0,0,0,0,1,0,0,0
15,12,0,16,1.011,9,19,0,3,0,보통,0,2,2,3,2.27,1,1,0,0,0,0,0,0,0,0,0,0,1,0,1,0,0,0
31,3,0,52,0.264,5,20,0,3,0,보통,0,3,2,3,2.24,1,0,0,0,0,0,0,0,1,0,0,0,0,0,0,0,0,1
44,6,0,18,0.911,2,23,0,,,보통,,,,,2.28,0,1,0,0,0,1,0,0,0,1,0,0,0,1,0,0,1,0
29,6,1,3,2.494,3,35,0,,,매우혼잡,,,,,1.07,0,0,0,0,0,0,0,0,0,0,1,1,1,0,1,0,0,1
40,3,0,2,3.74,9,44,0,,,보통,,,,,1.33,0,0,0,0,0,0,0,0,0,0,0,0,0,0,0,0,0,0
37,3,0,11,1.287,4,20,0,1,0,혼잡,0,2,2,2,2.05,1,0,0,0,0,0,0,1,0,0,1,0,0,0,0,1,0,0
27,3,1,14,2.331,4,21,0,,,보통,,,,,4.51,0,0,0,0,0,0,0,0,0,1,0,0,1,0,0,0,0,1
39,6,1,1,5.333,3,38,1,,,매우혼잡,,,,,0.86,0,0,0,0,0,0,0,0,0,0,0,1,0,0,0,0,0,0
22,3,0,3,3.944,1,53,1,,,혼잡,,,,,1.75,0,0,0,0,1,0,0,0,0,0,0,0,0,0,0,0,0,0
28,6,0,7,1.738,0,32,0,,,혼잡,,,,,1.75,0,0,0,0,0,0,0,0,0,0,0,0,0,0,0,1,0,0
35,3,0,5,2.204,12,22,0,3,0,여유,0,4,4,3,1.58,1,1,0,0,0,0,0,0,0,0,0,0,0,0,0,0,0,0
39,6,0,4,2.655,6,42,0,3,0,혼잡,0,3,4,3,1.5,1,0,0,0,0,0,0,0,0,0,0,1,0,0,0,1,0,1
32,12,0,2,4.228,26,47,0,4,0,여유,0,4,4,5,0.92,1,0,0,0,0,0,0,0,0,0,0,0,0,0,0,0,0,0
32,3,0,7,1.585,15,24,0,,,보통,,,,,1.58,0,1,0,0,0,0,0,0,1,0,0,0,0,0,0,0,0,0
31,1,0,2,3.67,4,36,1,2,0,매우혼잡,0,3,3,3,1.24,1,0,0,1,1,0,1,0,0,1,0,1,0,1,0,0,0,0
45,12,1,1,4.471,9,47,1,3,0,혼잡,0,4,5,3,0.9,1,0,0,0,0,0,1,0,0,0,1,0,1,1,0,0,0,0
38,3,1,5,2.36,5,55,0,,,보통,,,,,1.69,0,0,0,0,0,0,0,0,0,0,0,0,0,0,0,0,0,0
33,6,0,10,1.581,14,30,0,2,0,혼잡,1,4,4,2,2.23,1,0,0,0,0,0,0,0,0,0,1,0,1,0,1,0,0,1
34,6,0,4,2.349,4,29,0,,,여유,,,,,1.43,0,0,0,0,0,0,0,1,0,0,0,0,1,0,0,0,0,0
32,6,1,12,1.585,1,0,0,3,0,여유,0,2,3,2,2.7,1,0,0,0,0,0,0,1,0,1,0,0,0,0,0,0,0,0
40,12,0,2,4.523,5,88,1,4,0,보통,0,4,5,4,1.09,1,0,0,0,1,0,0,0,0,0,0,0,0,0,0,0,0,0
35,6,0,3,3.731,8,41,1,,,보통,,,,,1.67,0,0,0,0,0,0,0,0,0,0,0,0,0,0,0,0,0,0
36,12,1,2,4.123,10,55,0,4,0,여유,0,5,4,4,0.93,1,0,0,0,0,0,0,0,0,0,0,0,0,0,0,0,0,0
37,3,0,10,1.892,4,28,0,,,혼잡,,,,,2.78,0,0,0,0,0,0,0,0,0,0,0,0,0,0,0,0,0,0
32,3,1,15,1.391,9,32,0,,,매우혼잡,,,,,2.99,0,1,1,1,0,1,0,0,0,0,1,1,1,1,1,1,0,0
34,12,0,10,1.643,17,43,0,3,0,보통,0,3,4,3,2.41,1,0,0,0,0,0,0,0,0,0,0,0,0,0,0,1,0,0
24,6,1,1,5.135,31,51,0,5,0,여유,0,4,3,4,1.06,1,0,0,0,0,0,0,0,0,0,0,0,0,0,0,0,0,0
24,6,0,3,2.695,12,34,0,,,여유,,,,,1.05,0,0,0,1,0,0,0,0,0,0,0,0,0,0,0,0,0,0
34,1,0,48,0.0,1,5,1,,,보통,,,,,2.07,0,0,0,0,0,1,0,0,1,0,0,0,0,0,0,0,0,0
25,1,1,4,3.382,0,35,1,,,보통,,,,,1.7,0,0,0,0,0,0,0,0,0,1,0,0,0,0,0,0,0,0
39,6,1,5,2.166,12,33,0,,,보통,,,,,1.67,0,0,0,0,0,0,0,0,1,0,0,0,0,1,0,0,0,0
32,12,1,1,5.753,19,61,1,5,0,여유,0,5,4,5,0.8,1,0,0,0,0,0,0,0,0,0,0,0,0,0,0,0,0,0
15,6,1,3,2.602,3,34,0,,,혼잡,,,,,1.18,0,0,0,0,0,0,0,0,0,0,0,0,0,0,0,0,0,1
15,3,0,39,0.205,12,26,0,,,혼잡,,,,,1.68,0,1,0,0,0,0,0,0,0,0,1,1,1,1,0,0,0,0
36,12,1,4,2.259,14,41,0,3,0,보통,0,3,3,3,1.22,1,1,0,0,0,1,0,0,0,0,1,1,0,0,0,0,0,0
44,12,1,44,0.369,5,10,0,,,여유,,,,,2.31,0,1,0,0,0,0,0,0,0,0,0,0,0,0,0,1,1,0
30,3,0,4,2.578,1,37,0,,,혼잡,,,,,1.33,0,0,0,0,0,0,1,0,0,0,0,0,0,0,0,1,0,0
62,12,0,1,4.767,12,67,0,5,0,보통,0,4,4,3,0.96,1,0,0,0,0,0,0,0,0,1,0,0,0,0,0,0,0,1
32,12,0,3,3.21,5,23,1,,,혼잡,,,,,1.32,0,0,0,0,0,0,0,0,0,0,0,1,1,0,0,0,0,0
17,6,1,40,1.801,0,22,0,,,보통,,,,,10.31,0,1,1,0,0,1,1,0,0,0,0,0,1,0,0,0,0,1
39,12,0,12,1.464,2,29,0,,,여유,,,,,2.41,0,1,1,0,0,0,0,0,1,0,0,0,1,1,0,0,0,0
46,3,0,3,3.397,0,49,0,3,0,매우혼잡,0,3,3,2,1.25,1,1,0,0,0,1,0,1,0,0,1,1,0,0,0,1,0,0
21,6,0,5,2.073,4,20,0,3,0,보통,0,4,3,3,1.36,1,1,0,0,0,0,0,0,0,0,0,0,0,0,0,0,0,0
32,6,1,3,2.354,26,24,0,,,보통,,,,,1.04,0,0,0,0,0,0,1,0,1,1,1,1,1,0,0,0,1,0
50,6,0,4,2.79,3,19,1,4,0,여유,0,2,5,4,1.69,1,0,0,0,0,0,1,0,1,1,0,0,0,0,0,0,0,0
15,1,1,3,3.663,3,54,0,3,0,보통,0,3,3,3,1.68,1,0,0,0,1,1,0,0,1,0,1,0,0,0,0,0,0,0
28,3,1,12,1.447,9,24,0,,,여유,,,,,2.55,0,0,0,0,0,0,0,0,0,0,0,0,0,0,0,0,0,0
24,6,0,60,0.165,1,23,0,,,보통,,,,,11.27,0,1,0,0,0,0,0,0,0,0,1,1,1,1,0,1,0,1
33,12,0,7,1.891,16,33,0,,,혼잡,,,,,2.0,0,0,0,0,1,0,0,0,0,0,1,0,1,1,0,0,0,0
15,12,1,1,6.014,34,66,1,4,0,여유,0,3,5,3,1.06,1,0,0,0,0,0,0,0,0,0,0,0,0,0,0,0,1,0
37,6,1,1,4.491,2,45,1,,,혼잡,,,,,0.91,0,0,0,0,0,0,0,0,0,0,1,0,0,1,0,0,0,0
24,12,1,19,0.729,8,16,0,,,여유,,,,,2.01,0,0,0,0,0,0,1,0,0,0,0,0,0,0,0,0,0,0
38,12,0,4,2.06,13,30,0,,,여유,,,,,1.11,0,0,0,0,0,0,0,0,0,0,0,0,0,0,0,0,0,0
37,6,0,27,0.628,4,34,0,3,0,여유,0,2,3,3,2.43,1,1,1,1,0,0,0,0,0,1,0,0,0,0,0,0,0,0
23,3,0,4,3.537,9,45,0,4,0,혼잡,0,4,3,3,1.79,1,0,0,0,0,0,0,0,0,0,0,0,0,1,0,0,0,0
27,12,1,14,1.628,20,7,0,4,0,보통,0,3,3,3,3.14,1,0,1,1,0,0,0,0,0,0,0,0,0,0,0,0,0,0
27,12,0,24,0.785,24,0,0,,,보통,,,,,2.67,0,1,0,0,0,0,0,0,0,0,0,0,0,0,0,0,0,0
20,6,1,4,2.404,7,41,0,,,보통,,,,,1.21,0,1,1,0,0,0,0,0,0,0,0,0,0,0,0,0,1,0
15,12,0,4,2.703,9,36,1,,,매우혼잡,,,,,1.39,0,1,0,0,0,0,0,0,0,0,1,1,0,0,0,0,0,1
15,3,0,8,1.563,5,19,0,,,여유,,,,,1.77,0,0,1,0,0,0,0,0,0,0,0,0,0,0,0,0,0,0
16,12,0,1,5.456,25,69,0,5,0,여유,0,4,4,4,1.08,1,0,0,0,1,0,0,0,1,0,0,0,0,0,0,0,0,0
15,1,0,3,3.479,3,39,0,4,0,보통,0,4,4,4,1.49,1,0,0,0,0,0,0,0,0,0,0,0,0,0,0,0,0,0
36,3,0,7,2.0,3,34,0,2,0,혼잡,0,3,2,2,2.08,1,1,0,1,0,0,0,0,0,0,1,1,1,0,0,1,0,0
29,6,0,3,2.623,22,36,1,3,0,보통,1,3,3,2,1.3,1,0,0,0,0,0,0,0,0,0,1,1,1,1,1,0,0,1
33,3,0,3,3.55,20,47,0,,,보통,,,,,1.53,0,0,0,0,0,0,0,0,0,0,0,0,0,0,0,0,0,0
34,1,0,4,2.303,8,23,0,3,0,매우혼잡,0,2,3,3,1.24,1,0,0,0,0,0,0,0,1,0,1,1,0,1,0,0,0,0
18,12,0,9,1.692,1,36,0,3,0,보통,0,3,3,3,2.16,1,0,0,0,0,0,0,0,0,1,0,0,1,0,0,0,0,0
33,6,0,2,4.376,31,56,1,5,0,여유,0,4,4,4,1.02,1,0,0,0,0,0,0,0,0,0,0,0,0,0,0,0,0,0
31,12,0,3,2.818,16,41,1,3,0,보통,0,3,4,3,1.34,1,0,0,0,0,0,0,0,0,0,0,0,1,0,0,0,0,0
35,12,0,5,2.216,16,40,0,4,0,여유,0,4,4,4,1.68,1,0,0,0,0,0,0,0,0,0,0,0,0,0,0,0,0,0
30,3,0,2,4.452,9,50,1,5,0,혼잡,0,4,4,4,1.09,1,0,0,0,0,0,0,0,1,0,0,0,0,0,0,0,0,0
15,12,0,4,2.813,5,36,1,3,0,보통,0,3,4,3,1.59,1,0,0,0,0,0,0,0,0,0,0,0,1,0,0,0,0,0
29,12,1,4,2.758,27,31,0,,,매우혼잡,,,,,1.53,0,0,1,0,0,0,0,0,1,0,1,1,1,1,0,0,0,0
19,3,0,4,3.019,3,42,0,,,여유,,,,,1.52,0,0,0,0,0,0,0,0,1,1,0,0,0,0,0,0,0,0
31,6,1,3,3.031,18,34,1,4,0,보통,0,4,3,3,1.49,1,0,0,0,0,0,0,0,0,0,0,0,0,0,1,0,0,1
43,12,0,9,1.495,3,20,0,,,여유,,,,,2.01,0,0,0,0,0,0,0,1,1,0,1,0,1,0,0,0,0,0
35,3,0,7,1.745,10,38,0,4,0,여유,0,4,3,3,1.79,1,0,0,0,0,0,0,0,0,0,0,0,0,0,0,0,0,0
64,3,0,18,0.899,2,9,0,3,0,여유,0,3,2,3,2.37,1,0,0,0,0,0,0,0,0,0,0,0,0,0,0,0,0,0
21,12,0,16,0.754,13,27,0,,,보통,,,,,1.72,0,1,0,0,0,0,0,0,0,0,0,0,0,0,0,1,1,0
33,12,0,2,4.768,25,48,1,,,혼잡,,,,,1.09,0,0,0,0,0,0,0,0,0,0,0,0,0,0,0,0,0,0
30,6,0,1,5.42,12,39,0,4,0,혼잡,0,4,4,3,0.88,1,0,0,0,0,0,0,0,0,0,0,0,0,1,0,0,0,0
45,6,0,4,2.215,7,35,1,,,매우혼잡,,,,,1.21,0,0,0,0,0,0,0,0,0,1,1,1,1,0,0,0,0,0
30,3,0,10,1.532,7,14,0,,,혼잡,,,,,2.24,0,0,0,1,0,0,1,0,0,0,1,0,0,0,0,0,0,0
28,12,0,10,1.904,3,21,0,2,0,보통,0,4,3,2,2.72,1,1,0,0,0,0,0,0,0,0,0,0,0,1,0,0,0,0
25,3,1,16,1.282,0,0,0,2,0,혼잡,0,2,3,2,2.97,1,1,0,0,0,0,0,1,1,0,1,0,0,0,0,0,0,0
27,3,1,4,2.847,1,33,0,,,여유,,,,,1.73,0,0,1,0,1,0,0,0,0,0,0,0,0,0,0,0,0,0
45,6,0,8,1.915,8,9,0,,,보통,,,,,2.28,0,0,0,0,0,0,0,0,0,0,0,0,0,0,0,0,0,0
41,6,0,12,1.144,5,35,0,2,0,보통,0,2,2,2,2.01,1,1,0,0,1,0,0,0,0,0,0,0,1,0,0,0,1,0
41,6,0,46,0.483,10,10,0,2,0,여유,1,2,3,1,3.15,1,1,0,0,0,0,0,0,0,1,1,0,1,0,1,1,0,0
27,12,1,1,6.242,12,59,1,5,0,여유,0,5,4,4,0.98,1,0,0,0,0,0,0,0,0,0,0,0,0,0,0,0,0,0
35,12,0,2,4.196,6,31,1,3,0,혼잡,0,2,3,4,1.07,1,0,0,0,0,0,0,0,0,0,1,0,0,0,0,0,0,0
20,6,0,1,4.803,26,45,1,4,0,보통,0,5,4,4,1.02,1,0,0,0,0,0,0,0,0,0,0,0,0,0,0,0,1,0
24,3,1,3,2.745,0,41,0,,,매우혼잡,,,,,1.09,0,0,0,0,0,0,0,0,0,0,1,0,1,0,0,0,0,1
35,12,0,33,1.776,16,36,0,,,혼잡,,,,,8.41,0,1,0,0,0,0,0,0,0,0,1,1,0,1,1,0,0,1
31,6,0,5,2.285,9,26,0,,,혼잡,,,,,1.69,0,0,0,0,0,0,0,0,0,0,0,0,1,1,0,0,0,0
33,3,0,20,0.782,0,25,0,,,매우혼잡,,,,,2.27,0,0,0,0,0,0,1,1,0,1,1,0,0,0,0,1,1,0
49,12,0,2,4.445,23,66,1,,,보통,,,,,0.97,0,0,0,0,0,0,0,0,0,0,0,0,0,0,0,0,1,0
17,6,0,47,0.31,3,13,0,,,매우혼잡,,,,,2.07,0,1,0,0,0,0,0,0,0,0,1,1,1,1,1,1,1,1
26,3,1,2,3.795,2,37,1,,,매우혼잡,,,,,1.07,0,0,0,0,0,0,0,0,0,0,1,0,0,0,0,0,0,1
44,12,0,2,3.576,13,46,0,4,0,보통,0,4,3,4,1.14,1,0,0,0,0,0,0,0,0,0,0,0,0,0,0,0,0,0
52,6,0,13,3.388,19,46,0,,,혼잡,,,,,6.12,0,1,0,0,0,0,0,0,0,1,0,0,0,1,0,0,0,0
62,3,0,13,1.563,10,0,0,,,보통,,,,,2.94,0,1,0,0,0,0,0,0,0,0,0,1,0,1,0,0,0,0
29,6,1,2,4.868,13,60,1,5,0,여유,0,4,4,5,1.07,1,0,0,0,0,0,0,0,0,0,0,0,0,0,0,0,0,1
30,6,0,3,2.363,31,43,0,3,0,보통,0,4,3,3,1.03,1,0,0,0,0,0,0,0,0,0,0,0,0,1,0,0,0,0
34,3,1,3,3.131,6,39,0,,,여유,,,,,1.17,0,0,0,0,0,0,0,0,0,0,0,0,0,0,0,0,0,0
28,6,0,4,2.841,11,36,0,2,0,여유,0,3,3,3,1.64,1,0,1,0,1,0,0,0,0,0,0,0,1,0,0,0,0,0
35,12,0,21,0.897,1,31,1,4,0,보통,1,3,3,1,2.67,1,0,0,0,0,0,0,1,0,0,0,1,1,1,0,0,0,0
47,12,0,11,1.579,14,37,0,2,0,혼잡,0,3,2,1,2.49,1,0,0,0,0,0,0,0,0,0,1,0,0,1,0,0,0,0
34,12,0,13,1.568,16,36,0,,,혼잡,,,,,2.82,0,0,0,0,0,1,0,0,0,0,1,1,0,1,0,0,0,0
33,12,0,7,4.759,21,63,1,,,혼잡,,,,,4.56,0,0,0,0,0,0,0,0,0,0,0,0,0,0,0,0,0,0
23,3,0,21,0.868,7,21,0,2,0,보통,0,3,3,2,2.61,1,0,1,0,0,0,0,0,0,0,0,0,0,0,0,1,1,0
44,12,0,5,2.808,2,26,0,,,여유,,,,,1.86,0,0,0,0,1,0,0,0,0,0,0,0,0,0,0,0,0,0
15,3,0,10,1.661,9,11,0,,,보통,,,,,2.3,0,1,0,0,0,0,0,0,0,0,0,0,0,0,1,1,0,0
30,6,1,1,4.947,8,71,0,4,0,보통,0,5,5,4,1.04,1,0,0,0,0,0,0,0,0,0,0,0,0,0,0,0,0,0
15,3,0,2,3.597,9,43,0,3,0,혼잡,0,3,3,3,1.2,1,1,0,0,0,0,0,0,0,0,0,1,0,0,0,0,0,0
20,3,0,46,0.0,0,15,0,,,혼잡,,,,,1.96,0,1,0,0,0,0,0,1,0,1,0,0,1,1,1,1,1,1
46,12,0,13,1.715,3,37,1,,,보통,,,,,3.13,0,1,0,0,0,0,1,0,0,0,0,1,0,1,0,1,0,0
41,6,0,11,1.488,2,39,0,,,보통,,,,,2.38,0,0,0,0,0,0,1,0,0,0,0,0,0,0,0,0,0,0
50,12,1,1,5.931,29,72,1,5,0,보통,0,5,4,3,0.86,1,0,0,0,0,0,0,0,0,0,0,0,0,0,0,0,0,0
36,3,0,5,2.475,5,33,0,4,0,보통,0,3,3,3,1.79,1,1,0,0,0,0,0,0,0,0,0,0,0,0,0,0,0,0
38,6,1,27,0.599,9,10,0,2,0,혼잡,0,1,2,1,2.27,1,1,0,1,0,1,1,1,1,1,1,0,1,0,0,0,1,0
22,3,0,8,1.855,6,26,0,4,0,혼잡,0,3,4,3,2.09,1,0,0,0,0,0,1,0,0,0,0,0,0,0,0,0,0,0
28,3,1,2,4.081,9,54,0,3,0,보통,0,4,4,5,0.93,1,0,0,0,0,0,1,0,0,0,0,0,0,0,0,0,0,1
27,12,0,1,4.246,20,46,1,,,여유,,,,,0.9,0,1,0,0,0,0,0,0,0,0,0,0,1,0,0,0,0,0
18,1,0,46,0.428,5,9,1,,,혼잡,,,,,2.82,0,1,0,0,0,0,1,0,1,0,0,1,0,0,0,1,0,0
27,6,0,15,1.076,8,37,0,,,보통,,,,,2.36,0,1,0,0,0,0,0,0,0,1,0,0,0,1,0,0,0,0
33,12,1,3,2.932,4,48,0,3,0,여유,0,2,3,3,1.25,1,0,0,1,0,0,0,0,0,0,0,0,0,0,0,0,0,0
36,6,0,4,2.537,4,41,0,3,0,혼잡,0,3,2,2,1.38,1,0,0,0,0,0,0,0,1,0,1,1,1,1,0,1,0,0
26,6,0,2,3.933,27,33,1,,,보통,,,,,1.16,0,0,0,0,0,0,0,0,0,0,0,0,0,0,0,0,1,0
49,3,0,13,1.104,11,19,0,3,0,혼잡,0,3,2,3,2.12,1,0,1,0,0,1,0,0,1,1,0,0,0,0,0,0,0,0
32,3,0,3,3.611,1,42,0,3,0,여유,0,3,3,3,1.77,1,0,0,0,0,0,0,0,0,0,0,0,0,0,0,0,0,0
44,1,0,60,0.272,5,3,0,,,혼잡,,,,,3.19,0,1,0,0,0,1,0,0,1,0,0,0,1,1,0,1,1,0
32,1,1,16,3.58,5,51,0,3,0,보통,0,3,3,3,8.17,1,1,0,0,0,0,0,0,0,0,0,0,1,0,0,0,0,0
23,3,0,11,1.715,2,25,0,3,0,보통,0,3,3,3,2.7,1,1,1,0,0,0,0,0,0,1,0,1,0,0,1,1,0,0
24,6,0,13,1.075,5,9,0,4,0,보통,0,3,4,3,2.0,1,0,0,0,0,0,0,0,0,0,0,0,0,0,0,0,0,0
36,3,0,2,3.516,7,61,0,,,매우혼잡,,,,,1.24,0,0,0,0,1,1,0,0,0,0,0,1,1,1,0,1,0,1
44,1,1,1,4.871,4,73,1,4,0,보통,0,3,5,4,1.02,1,0,0,1,0,0,0,0,0,0,0,0,0,0,0,0,0,0
26,12,1,2,4.291,2,49,1,,,보통,,,,,0.95,0,0,0,0,0,0,0,0,1,1,0,0,0,0,0,0,0,1
37,3,0,5,2.075,6,56,0,,,보통,,,,,1.53,0,0,0,0,0,1,0,1,0,0,0,0,0,0,0,1,0,0
30,12,1,2,4.605,24,60,1,3,0,혼잡,1,4,4,3,1.06,1,0,0,0,0,0,0,0,0,0,1,0,0,0,0,0,0,0
28,1,1,14,1.345,2,0,0,3,0,보통,0,3,3,4,2.6,1,1,1,0,0,1,0,1,0,0,0,0,0,0,1,0,0,0
22,12,0,33,0.622,3,13,0,,,혼잡,,,,,2.94,0,0,0,0,0,1,0,0,0,0,1,0,0,0,0,0,0,1
40,12,0,25,0.894,2,2,0,3,0,보통,0,3,2,2,3.24,1,0,1,0,1,1,0,0,0,1,1,0,0,0,0,0,0,0
51,12,0,4,2.643,25,26,0,,,보통,,,,,1.6,0,0,0,0,0,0,0,0,0,0,0,0,0,0,0,0,0,0
31,6,0,4,2.958,31,48,0,,,매우혼잡,,,,,1.79,0,1,1,0,0,0,0,0,0,0,1,0,0,0,0,0,0,0
28,6,1,2,4.055,8,23,1,,,보통,,,,,0.92,0,0,0,0,0,0,0,0,0,0,1,1,0,0,1,0,0,0
36,12,0,4,3.223,9,23,1,,,보통,,,,,1.71,0,0,0,1,0,0,0,0,0,0,0,0,0,0,0,0,0,0
37,12,1,2,4.868,9,67,0,,,여유,,,,,1.07,0,0,0,1,0,0,0,0,0,0,0,0,0,0,1,1,0,0
39,6,0,4,2.228,23,40,0,3,0,보통,0,4,2,2,1.14,1,0,0,0,0,0,0,0,0,0,0,0,0,0,0,0,0,1
28,12,0,9,1.597,15,23,1,,,매우혼잡,,,,,1.95,0,1,0,0,0,0,0,0,1,0,1,1,1,1,0,0,1,0
37,6,0,4,3.097,10,41,0,3,0,보통,0,3,3,3,1.55,1,0,0,0,0,0,0,0,0,1,0,1,1,0,0,0,0,0
37,6,1,2,3.441,6,47,1,3,0,매우혼잡,0,2,4,2,1.08,1,0,0,0,0,0,0,1,0,0,1,0,1,0,0,0,1,0
26,3,0,3,2.622,1,39,0,,,혼잡,,,,,1.0,0,0,0,0,0,0,0,0,0,0,0,0,0,0,1,0,0,0
42,1,1,2,4.16,2,48,0,5,0,여유,0,5,4,5,0.98,1,0,0,0,0,0,0,0,0,0,0,0,0,0,0,0,0,0
35,12,0,3,3.584,6,38,0,3,0,매우혼잡,0,3,3,2,1.58,1,0,0,1,0,0,0,1,0,0,0,1,1,0,0,0,0,0
32,1,0,2,3.245,10,49,0,,,보통,,,,,1.14,0,0,0,0,0,0,0,0,0,0,0,0,0,0,0,0,0,0
29,3,1,1,4.886,7,48,1,,,혼잡,,,,,0.95,0,0,0,0,0,0,0,0,0,1,1,1,0,0,1,1,0,0
28,1,0,5,2.012,2,33,1,4,0,여유,0,3,4,3,1.39,1,0,0,0,0,0,0,0,0,0,0,0,0,0,0,0,0,0
46,6,0,3,2.877,4,35,0,3,0,보통,0,3,3,3,1.25,1,0,0,0,0,0,0,0,0,0,0,0,0,0,1,0,0,0
25,1,1,10,1.772,1,33,0,4,0,보통,0,2,3,2,2.47,1,1,0,0,0,0,0,1,0,0,0,1,1,0,0,0,0,0
25,6,0,15,1.428,3,15,1,,,혼잡,,,,,2.96,0,1,0,0,0,0,0,0,0,0,0,1,0,0,0,0,0,0
45,12,0,1,4.664,22,57,1,,,매우혼잡,,,,,0.86,0,0,0,0,0,0,0,0,0,0,0,0,0,0,0,0,0,1
26,12,1,1,4.829,36,57,0,4,0,여유,0,5,5,3,0.96,1,0,0,0,0,0,0,0,0,0,0,0,0,0,0,0,0,0
29,3,0,9,1.797,5,45,0,,,보통,,,,,2.29,0,0,0,0,0,0,0,0,0,0,1,1,1,1,0,0,0,0
32,6,1,4,2.54,5,34,0,3,0,혼잡,1,3,2,1,1.62,1,0,0,0,0,0,0,0,0,0,1,1,0,1,0,0,0,0
34,1,0,10,1.518,0,26,0,,,보통,,,,,2.07,0,0,0,0,0,0,0,0,0,0,1,0,0,0,1,0,0,0
42,6,0,2,3.04,2,61,0,,,보통,,,,,1.06,0,0,0,0,0,1,1,0,1,0,0,1,0,0,0,0,0,0
45,6,1,3,2.842,6,32,0,3,0,혼잡,0,3,3,2,1.26,1,1,0,0,1,0,0,0,0,0,0,1,0,0,0,1,0,0
25,6,0,1,4.379,9,58,0,4,0,보통,0,4,4,4,0.91,1,0,0,0,0,0,0,0,0,0,0,0,0,0,0,0,0,0
39,3,1,3,3.024,11,32,0,,,여유,,,,,1.15,0,0,0,0,0,0,0,0,0,0,0,0,0,0,0,1,0,1
28,6,0,1,5.176,7,71,1,4,0,매우혼잡,0,3,4,3,0.86,1,0,0,0,0,0,0,0,0,0,1,1,1,0,0,0,0,0
42,1,1,4,5.254,2,68,1,4,0,보통,0,3,4,4,3.22,1,0,1,0,0,0,0,0,0,0,0,0,0,0,0,1,0,0
15,12,1,17,2.647,10,28,0,4,0,여유,0,4,3,4,6.32,1,0,0,0,0,0,0,0,0,0,0,0,0,0,0,0,0,0
29,12,0,20,0.964,3,1,0,,,혼잡,,,,,2.76,0,1,0,1,0,0,0,0,0,0,0,1,0,1,0,1,0,0
35,12,0,3,2.716,21,27,0,3,0,보통,0,3,2,4,1.01,1,0,0,0,0,0,0,0,1,0,0,1,0,0,0,0,0,0
17,3,1,2,4.148,8,51,0,4,0,보통,0,3,4,4,1.08,1,0,0,0,0,0,1,0,0,0,0,0,1,0,0,0,0,0
48,12,1,2,4.032,1,57,1,,,혼잡,,,,,1.02,0,0,0,0,0,0,0,0,0,0,0,0,0,0,0,0,0,0
30,12,0,5,2.268,18,45,0,3,0,보통,0,2,4,3,1.62,1,1,0,0,0,0,1,0,0,0,0,0,0,1,0,0,0,0
40,1,0,3,2.569,2,41,1,,,보통,,,,,1.22,0,0,0,0,0,0,0,0,0,1,0,0,0,1,1,0,0,0
26,12,0,4,2.925,27,31,0,3,0,혼잡,1,4,4,1,1.76,1,0,1,0,0,0,0,0,0,0,1,1,0,0,0,0,0,0
42,12,0,2,3.823,9,57,0,,,매우혼잡,,,,,1.28,0,0,0,0,0,0,0,0,0,0,0,0,0,1,0,0,0,1
22,1,1,3,2.75,1,53,0,,,보통,,,,,1.34,0,0,0,0,0,0,1,0,1,0,0,0,0,0,0,1,0,1
43,3,0,51,0.0,4,2,0,3,0,보통,0,2,3,1,2.19,1,0,0,0,0,0,0,1,0,0,1,1,0,0,0,0,0,0
38,12,1,12,1.191,1,15,0,,,매우혼잡,,,,,2.02,0,1,0,0,0,1,1,1,0,0,1,0,0,1,0,0,1,0
40,12,0,6,2.011,22,35,1,,,여유,,,,,1.76,0,0,0,0,0,0,0,0,0,0,0,0,0,0,0,0,0,0
24,6,1,1,5.076,15,69,1,,,혼잡,,,,,1.08,0,0,0,0,0,0,0,1,1,0,0,0,0,1,0,0,0,0
36,6,0,2,4.355,8,50,1,,,혼잡,,,,,0.98,0,0,0,0,0,0,0,0,0,0,1,1,0,0,1,1,0,0
29,6,0,4,2.874,12,41,0,3,0,여유,1,3,3,2,1.64,1,1,0,0,0,0,0,0,0,0,0,0,1,0,0,0,0,0
46,12,0,3,3.334,13,36,0,3,0,보통,0,3,3,4,1.53,1,0,0,0,0,0,0,0,0,0,0,0,1,0,0,0,0,0
45,12,0,1,5.436,8,78,1,,,보통,,,,,1.03,0,0,0,0,0,0,0,0,0,0,0,0,0,0,0,0,0,0
28,6,0,5,2.146,2,32,0,3,0,매우혼잡,0,3,2,2,1.62,1,0,1,1,0,0,0,1,0,0,1,1,0,1,0,0,0,0
46,6,0,13,1.229,32,23,0,,,보통,,,,,2.23,0,1,0,0,0,0,0,1,0,0,0,0,0,0,1,0,0,0
30,1,1,4,2.816,2,26,0,3,0,여유,0,4,3,3,1.77,1,0,0,0,0,0,0,0,1,0,1,1,0,0,1,0,0,0
38,3,0,2,3.634,6,45,0,4,0,여유,0,5,4,4,1.07,1,0,0,0,0,0,0,0,0,0,0,0,0,0,0,0,0,0
30,3,0,60,0.101,5,34,0,2,0,보통,0,2,3,1,3.05,1,1,0,1,0,0,1,1,0,1,0,1,1,0,0,0,0,1
62,3,0,4,2.213,4,29,1,3,1,여유,0,3,4,4,1.39,1,0,0,0,0,0,0,0,0,0,0,0,0,0,0,1,0,0
18,12,0,53,0.0,6,17,0,2,0,보통,0,3,1,2,2.29,1,1,0,1,1,0,1,0,0,0,1,0,0,0,1,0,0,1
27,12,0,55,0.0,30,14,0,,,매우혼잡,,,,,2.35,0,0,0,0,0,1,1,1,0,0,0,0,0,1,0,1,1,1
43,6,0,2,4.147,15,45,0,4,0,혼잡,0,5,3,4,0.91,1,0,0,0,0,0,0,0,0,0,0,0,0,0,0,1,0,0
35,3,1,1,5.495,2,58,1,4,0,혼잡,0,4,4,4,0.84,1,0,0,0,0,0,0,0,0,0,1,0,0,0,0,0,0,0
25,6,0,12,1.696,2,0,0,,,혼잡,,,,,2.93,0,0,0,0,0,1,0,1,0,0,1,1,1,0,0,1,1,0
30,12,0,3,2.483,21,31,0,2,0,보통,0,3,3,2,1.24,1,0,0,0,0,0,1,0,1,0,1,0,1,0,0,0,0,0
37,12,0,2,4.386,14,43,1,4,0,보통,1,4,5,3,0.95,1,0,0,0,0,0,0,0,0,0,0,0,0,0,0,1,0,0
47,6,0,5,2.374,3,28,0,,,매우혼잡,,,,,1.65,0,0,0,0,0,0,0,0,0,1,1,1,1,1,1,0,0,0
36,12,0,1,4.865,18,58,1,5,0,여유,0,4,5,4,0.95,1,0,0,0,0,0,0,0,0,0,0,0,0,0,0,0,0,0
31,12,1,1,5.679,8,54,0,4,0,여유,0,4,4,5,0.9,1,0,0,0,0,0,0,0,0,0,0,0,0,0,0,0,0,0
29,6,0,6,2.081,8,29,0,,,혼잡,,,,,1.67,0,1,0,0,0,0,0,0,0,0,0,0,0,0,0,0,0,0
45,1,0,13,1.499,3,46,0,,,보통,,,,,2.75,0,0,0,0,0,0,0,1,1,1,0,0,0,0,0,0,0,0
15,6,1,11,1.234,13,16,1,,,매우혼잡,,,,,2.01,0,1,0,0,0,0,0,0,0,0,0,0,1,1,1,0,0,1
30,12,0,3,2.755,9,42,0,,,보통,,,,,1.13,0,0,0,0,0,0,0,0,1,1,0,1,1,1,0,0,0,0
38,3,0,4,2.404,7,28,1,3,0,보통,0,3,5,3,1.34,1,0,0,0,0,0,0,1,0,0,0,0,0,0,0,0,0,0
32,12,0,1,5.565,36,60,0,,,보통,,,,,0.82,0,0,0,0,0,0,0,0,0,0,0,0,0,0,0,0,0,0
22,3,1,16,1.059,5,0,1,,,혼잡,,,,,2.43,0,1,0,0,0,0,1,1,0,1,1,0,0,0,0,1,0,1
36,12,1,3,3.699,0,49,0,3,0,보통,0,2,3,2,1.58,1,0,0,0,0,0,0,1,0,1,0,0,0,0,0,1,0,0
28,6,0,4,3.06,14,31,1,4,0,보통,0,3,3,3,1.75,1,0,0,0,0,0,0,0,0,0,0,0,1,1,0,0,0,0
32,3,0,3,2.806,5,41,0,,,혼잡,,,,,1.31,0,1,0,0,0,0,0,0,0,0,1,0,1,1,0,0,1,1
40,6,1,4,2.553,25,33,0,3,0,여유,0,3,4,4,1.33,1,0,0,0,0,0,0,1,0,0,0,0,0,0,0,0,0,1
24,12,0,7,1.704,6,30,0,3,0,여유,0,4,4,4,1.79,1,0,0,0,0,0,0,0,0,0,0,0,0,0,0,0,0,0
30,6,0,13,1.149,11,14,1,,,혼잡,,,,,2.21,0,0,0,0,0,0,1,1,1,0,1,0,0,0,0,0,0,0
16,12,1,24,0.674,6,16,0,2,0,여유,0,3,3,3,2.27,1,0,0,0,0,0,0,0,0,1,0,0,0,0,0,0,1,0
19,6,1,4,2.736,2,31,0,3,0,보통,1,3,3,1,1.5,1,0,1,0,0,0,0,1,0,0,1,1,0,1,0,0,0,0
37,3,0,4,2.031,1,29,1,3,0,혼잡,0,3,4,3,1.12,1,0,0,0,0,0,0,0,0,0,0,0,0,0,0,0,0,0
26,3,0,2,4.225,3,49,0,,,혼잡,,,,,1.05,0,0,0,0,0,0,0,0,1,1,0,0,0,0,0,0,0,0
33,6,0,2,4.031,16,63,1,4,0,여유,0,3,3,3,1.0,1,0,0,0,0,0,0,0,0,0,0,0,1,0,0,0,0,0
22,3,0,4,2.127,6,57,1,,,보통,,,,,1.29,0,1,0,0,0,0,1,1,0,0,0,0,0,0,0,0,0,0
22,6,0,19,1.063,3,6,0,,,보통,,,,,2.81,0,1,0,0,0,0,0,0,0,1,0,1,0,0,1,0,0,0
33,6,0,5,2.32,6,31,0,4,0,여유,0,3,3,3,1.77,1,0,0,0,0,0,0,1,0,0,0,0,0,0,0,0,0,0
57,3,1,11,1.754,8,38,0,3,0,보통,0,3,2,4,2.75,1,0,0,0,0,0,0,0,0,0,1,0,0,0,1,1,0,0
28,6,0,3,3.772,17,14,1,3,0,보통,0,3,4,3,1.45,1,0,0,0,0,0,0,0,0,0,0,0,0,0,0,0,0,0
39,12,1,1,5.092,7,59,0,,,혼잡,,,,,0.82,0,0,0,1,0,0,0,0,0,0,0,0,0,0,0,0,0,0
24,6,0,2,4.428,11,46,1,3,0,매우혼잡,0,3,4,4,0.98,1,0,0,0,1,0,0,0,0,0,1,0,1,1,1,1,0,0
57,12,1,3,2.642,24,41,0,,,매우혼잡,,,,,1.32,0,0,1,0,0,0,1,0,0,0,0,1,1,1,0,0,1,0
37,12,1,5,2.412,6,35,0,3,0,보통,0,3,4,3,1.72,1,0,0,0,0,0,0,0,0,0,0,0,0,0,0,1,0,1
19,12,1,5,2.234,23,16,0,2,1,보통,0,2,3,2,1.5,1,1,0,1,0,0,0,0,0,1,0,0,0,0,1,1,1,0
34,12,0,3,3.168,17,53,1,4,0,혼잡,0,4,3,2,1.46,1,0,0,0,0,0,0,0,0,0,1,1,0,1,0,0,0,0
39,6,1,3,3.657,7,54,0,,,보통,,,,,1.75,0,0,0,0,0,0,0,0,1,0,0,0,0,0,0,0,0,0
26,12,0,4,2.617,21,37,0,,,보통,,,,,1.4,0,0,0,0,0,0,0,0,0,0,0,0,0,0,0,0,0,0
33,12,1,3,3.743,14,40,1,4,0,보통,0,3,4,3,1.68,1,0,0,0,0,0,0,0,0,0,0,0,0,0,0,0,0,0
21,12,0,3,3.288,16,37,0,3,0,보통,0,4,3,3,1.51,1,1,0,0,1,0,0,0,0,0,0,0,1,0,0,0,0,0
44,6,0,3,3.478,9,33,0,3,0,여유,0,4,4,3,1.29,1,0,0,0,0,0,0,0,0,1,0,0,0,1,0,0,0,0
22,6,0,3,3.344,8,63,0,4,0,여유,0,4,4,5,1.47,1,0,0,0,0,1,0,1,0,0,0,0,0,0,0,0,0,0
65,12,1,3,3.432,35,43,1,3,0,보통,0,3,4,3,1.6,1,0,0,0,0,0,0,0,1,0,1,0,0,0,0,0,0,0
30,3,0,14,1.529,9,13,0,3,0,보통,0,2,2,2,3.11,1,0,0,0,0,1,1,0,0,1,0,0,1,1,0,0,1,0
29,12,0,12,3.003,22,42,1,,,여유,,,,,5.32,0,0,0,0,0,0,0,0,0,0,0,1,1,0,0,0,0,0
38,6,1,1,5.444,4,61,1,,,혼잡,,,,,1.01,0,0,0,0,0,0,0,0,0,0,0,0,0,0,0,0,1,0
18,1,0,5,2.205,2,32,0,,,보통,,,,,1.64,0,0,0,0,0,0,0,0,0,1,0,1,0,0,0,0,0,0
40,6,0,1,5.372,17,74,1,4,0,혼잡,0,5,4,4,1.02,1,0,0,0,0,0,0,0,0,0,0,0,0,0,0,0,0,0
53,6,0,4,2.659,2,35,1,3,0,보통,0,3,4,3,1.54,1,0,0,0,0,0,0,0,0,0,1,0,0,0,1,0,0,0
62,3,0,8,1.964,3,4,0,,,매우혼잡,,,,,2.31,0,1,0,0,0,0,0,0,0,0,1,0,1,1,0,1,0,0
25,6,1,5,2.522,5,25,0,3,0,보통,0,3,3,4,1.64,1,0,1,0,0,0,0,0,0,0,0,1,0,0,0,0,0,0
39,6,0,3,3.028,2,29,0,,,혼잡,,,,,1.22,0,1,0,0,0,1,0,0,0,0,0,0,0,0,1,1,0,0
34,3,0,12,1.534,2,20,1,3,0,혼잡,1,2,3,1,2.71,1,0,0,0,0,0,0,1,0,0,1,1,0,1,0,1,0,1
38,1,1,5,2.455,4,56,0,,,혼잡,,,,,1.7,0,0,0,0,0,1,0,0,1,0,0,1,0,0,0,0,0,0
36,3,1,2,4.042,2,37,0,,,보통,,,,,0.9,0,0,0,0,0,0,0,0,0,0,0,0,0,0,0,0,0,0
31,6,0,36,0.646,2,0,0,,,매우혼잡,,,,,3.28,0,0,0,0,0,0,1,1,1,0,1,1,1,1,1,0,0,0
28,12,0,4,2.28,12,25,0,,,보통,,,,,1.14,0,0,0,0,0,0,0,0,0,0,0,0,0,0,0,0,0,0
28,3,0,10,1.994,5,21,0,,,여유,,,,,2.76,0,0,0,0,0,0,1,0,0,0,0,0,0,0,0,0,0,1
53,12,1,8,1.877,3,40,1,,,혼잡,,,,,2.18,0,0,0,0,0,0,0,1,0,0,1,1,0,1,0,1,1,0
34,12,0,5,2.073,24,44,1,3,0,매우혼잡,0,2,4,2,1.56,1,0,0,0,1,0,1,1,0,0,1,0,1,1,0,0,1,0
63,12,0,7,1.948,8,18,0,,,혼잡,,,,,2.03,0,1,0,0,1,0,0,1,0,0,0,0,0,1,1,0,0,0
29,12,0,12,1.448,4,41,0,,,보통,,,,,2.39,0,1,0,0,0,0,1,1,0,0,1,0,0,0,0,0,1,0
37,12,0,4,2.463,18,40,1,4,0,여유,0,3,5,3,1.42,1,0,0,0,0,0,0,0,0,0,0,0,0,0,0,0,0,0
33,12,0,2,3.912,17,45,1,4,0,보통,0,4,5,4,1.22,1,0,0,0,0,0,0,0,0,0,0,0,0,0,0,0,1,0
40,3,0,60,0.0,1,19,0,,,보통,,,,,15.94,0,1,1,0,0,0,0,0,0,0,0,1,1,0,0,1,0,0
34,1,1,3,3.353,5,48,0,,,혼잡,,,,,1.48,0,0,0,0,0,0,0,0,0,0,0,1,1,0,0,1,0,0
23,12,1,4,2.806,1,40,1,,,혼잡,,,,,1.74,0,0,0,0,0,0,0,0,1,0,1,1,0,1,1,0,0,0
34,6,1,8,1.464,5,37,0,,,혼잡,,,,,1.65,0,0,0,0,0,0,0,0,0,0,1,0,1,0,0,1,0,0
41,3,0,5,2.161,15,28,0,3,0,여유,0,3,4,3,1.65,1,0,0,0,0,0,0,0,0,0,0,0,0,0,0,0,0,0
22,6,0,60,0.214,6,26,0,,,여유,,,,,2.57,0,1,0,0,1,0,0,0,0,0,0,0,0,1,0,1,0,1
59,6,0,4,2.884,12,55,0,4,0,보통,0,3,4,3,1.56,1,0,0,0,0,0,0,0,0,0,0,0,0,0,0,0,0,0
15,6,1,1,4.692,4,67,0,,,매우혼잡,,,,,0.95,0,0,0,0,0,0,0,0,0,0,1,0,0,0,1,0,0,0
34,3,0,19,0.999,2,34,0,,,보통,,,,,2.76,0,0,0,0,0,0,0,0,0,0,1,1,0,0,0,1,1,0
46,12,0,4,2.558,2,43,0,,,보통,,,,,1.3,0,1,0,0,0,0,0,1,0,0,1,1,0,1,0,0,0,0
31,6,1,7,4.65,2,54,0,,,보통,,,,,4.89,0,0,0,0,0,0,0,0,0,0,1,0,0,0,0,0,0,0
34,3,0,2,3.55,5,32,1,4,0,혼잡,0,3,3,3,1.24,1,0,0,0,0,0,0,0,0,0,1,1,0,1,0,0,0,0
34,3,0,11,2.653,3,45,0,,,여유,,,,,4.28,0,0,1,0,0,0,0,0,0,0,0,0,0,0,0,0,0,1
23,1,0,15,1.034,3,22,0,3,0,여유,0,2,3,2,2.2,1,0,0,0,0,0,0,1,0,0,1,0,0,0,0,0,0,0
28,3,1,3,2.308,9,36,0,3,0,보통,0,4,3,2,1.1,1,0,0,0,0,1,0,0,0,0,1,1,0,1,0,0,0,0
32,12,0,1,5.006,36,59,1,4,0,여유,0,4,5,4,0.92,1,0,0,0,0,0,0,0,0,0,0,0,0,0,0,0,0,0
20,6,1,3,3.806,3,51,0,3,0,보통,0,3,3,3,1.75,1,0,0,0,0,0,0,0,0,0,0,0,0,0,0,0,0,0
49,6,0,3,2.814,36,36,0,,,혼잡,,,,,1.38,0,0,0,1,0,0,0,0,0,0,0,0,0,1,0,1,0,0
20,12,1,2,3.891,7,43,1,4,0,보통,0,4,5,3,1.36,1,0,0,0,0,0,0,0,0,0,0,0,0,0,0,0,0,0
21,12,0,14,1.497,1,14,1,,,혼잡,,,,,2.91,0,1,0,0,0,0,0,0,0,0,1,1,0,1,0,0,0,0
23,12,0,5,2.069,1,14,1,,,보통,,,,,1.56,0,0,0,0,0,0,0,0,1,0,0,0,0,0,0,1,0,1
15,3,0,60,0.0,4,0,0,1,1,혼잡,0,3,3,2,8.77,1,1,0,0,0,0,0,0,1,0,0,1,1,0,1,1,1,0
33,3,0,35,0.646,4,12,0,,,보통,,,,,3.24,0,1,0,1,0,1,0,0,1,0,0,0,1,0,0,1,0,1
22,12,1,4,2.742,10,49,0,3,0,보통,0,3,3,4,1.45,1,1,0,0,0,0,0,0,1,0,0,0,0,0,0,0,0,1
38,6,0,38,0.474,13,4,0,3,0,혼잡,0,3,3,3,2.57,1,0,0,0,0,0,0,0,0,0,0,0,0,1,0,0,0,0
34,6,0,60,0.0,3,7,0,2,0,여유,0,3,2,2,2.72,1,0,0,1,0,1,0,0,0,0,0,0,0,0,0,0,0,1
36,12,1,1,5.413,18,79,1,4,0,보통,0,3,5,4,0.86,1,0,0,0,0,0,0,0,0,0,0,0,0,0,0,0,0,0
43,3,0,6,1.744,4,33,0,,,혼잡,,,,,1.58,0,0,1,0,0,0,0,0,0,1,1,0,1,1,0,0,0,1
31,1,0,3,2.431,6,33,0,3,0,여유,0,3,3,3,1.04,1,0,0,0,0,0,1,0,0,0,0,0,0,0,0,0,0,0
15,6,1,2,4.496,6,51,1,,,여유,,,,,0.99,0,0,0,0,0,0,0,0,0,0,0,0,0,0,0,0,0,0
45,6,0,7,1.927,4,23,0,3,0,매우혼잡,0,3,2,3,1.91,1,0,0,0,0,1,0,0,0,0,1,0,0,0,0,0,0,0
44,6,0,5,2.57,18,19,0,,,보통,,,,,1.72,0,1,0,0,0,0,0,0,0,0,0,0,0,0,0,0,1,0
39,6,1,9,1.649,3,39,0,,,여유,,,,,2.21,0,0,0,0,0,1,0,1,0,0,0,0,0,0,0,0,0,1
31,12,0,4,3.118,13,33,0,,,보통,,,,,1.58,0,0,0,0,0,0,0,0,0,0,0,1,0,0,0,0,0,0
26,12,0,2,3.714,16,42,0,,,매우혼잡,,,,,1.22,0,0,0,0,0,0,0,0,0,0,1,1,0,0,0,0,1,0
34,1,0,3,3.47,5,43,1,4,0,혼잡,0,3,4,2,1.54,1,0,0,0,0,0,0,0,0,0,1,0,1,1,0,0,0,0
40,1,0,17,1.08,2,0,0,2,0,여유,0,2,3,3,2.58,1,1,1,0,0,0,0,0,1,1,0,0,0,0,0,1,0,0
49,3,0,60,0.0,1,16,0,3,0,보통,0,2,3,2,2.93,1,1,0,0,0,0,0,0,0,0,0,0,0,0,0,0,0,0
18,12,0,6,2.011,36,42,0,3,0,보통,0,3,3,3,1.74,1,0,0,0,0,1,0,0,0,0,0,0,0,0,0,0,0,0
38,12,0,19,1.036,9,27,0,,,여유,,,,,2.82,0,0,1,0,0,0,0,0,0,0,0,0,0,0,0,1,1,0
37,12,0,16,1.024,17,27,0,3,0,보통,0,3,3,1,2.3,1,0,0,0,0,0,0,0,0,0,1,0,0,0,1,0,0,0
40,1,0,16,1.21,0,10,1,,,혼잡,,,,,2.79,0,1,0,0,0,0,1,1,1,1,1,1,0,0,0,0,0,1
20,12,1,42,0.448,7,8,0,1,1,매우혼잡,0,2,2,1,2.72,1,1,0,0,0,0,1,1,1,1,1,1,0,1,1,0,1,0
39,6,1,2,4.806,4,65,0,3,0,혼잡,0,4,4,4,1.03,1,0,0,0,0,0,0,0,0,0,0,0,0,0,0,0,0,0
35,12,0,3,2.441,4,38,0,3,0,혼잡,0,3,4,3,1.03,1,0,0,0,0,0,0,0,0,0,1,1,1,1,0,0,0,0
29,12,1,1,4.348,4,47,0,,,여유,,,,,0.84,0,0,0,0,0,0,0,0,0,0,0,0,0,0,0,0,0,0
52,6,0,3,3.314,9,56,0,4,0,혼잡,0,4,4,4,1.57,1,0,0,0,0,0,0,0,0,0,1,0,0,0,0,0,0,0
38,12,1,2,4.592,3,67,1,,,여유,,,,,1.02,0,0,0,0,0,0,0,0,0,0,0,0,0,0,1,0,0,1
25,6,0,36,0.609,14,13,0,2,0,혼잡,1,3,3,1,3.09,1,1,0,1,1,0,0,0,0,0,1,1,1,1,0,0,0,0
49,1,0,15,1.36,3,34,0,,,보통,,,,,2.95,0,0,1,0,0,0,0,0,0,0,1,0,1,1,0,0,0,0
35,6,1,60,0.0,1,17,0,2,1,보통,0,2,2,3,2.67,1,1,0,0,1,1,1,0,0,0,0,0,0,0,0,1,0,1
19,12,0,1,6.084,36,69,1,,,혼잡,,,,,0.98,0,0,0,0,0,0,0,0,0,0,0,1,1,0,0,0,0,0
34,12,1,1,6.207,4,65,1,4,0,여유,0,5,5,4,0.99,1,0,0,0,0,0,0,0,0,0,0,0,0,0,0,0,0,0
37,1,0,9,1.989,5,28,1,,,혼잡,,,,,2.42,0,0,0,0,0,0,1,0,0,1,1,0,0,0,0,0,0,0
40,12,0,1,4.78,6,60,0,4,0,보통,0,4,4,4,0.94,1,0,0,0,0,0,0,0,0,0,1,0,0,0,1,0,0,0
52,6,0,1,4.42,16,50,1,,,여유,,,,,0.8,0,0,0,0,0,0,0,0,0,0,0,0,0,0,0,0,0,0
22,3,1,3,3.226,11,36,0,,,여유,,,,,1.42,0,0,0,0,0,0,0,1,0,0,0,0,0,0,0,0,0,0
29,12,0,5,2.251,36,17,0,,,보통,,,,,1.64,0,0,0,0,0,0,0,0,0,0,0,0,1,0,1,0,0,0
39,6,1,3,3.966,10,49,0,3,0,혼잡,0,3,4,2,1.65,1,0,0,0,0,0,0,0,0,0,0,0,1,1,0,0,0,0
17,12,0,9,1.838,4,52,0,4,0,여유,0,3,3,4,2.49,1,1,1,0,0,0,0,0,0,0,0,0,0,0,0,0,0,0
15,12,1,1,5.117,0,55,0,,,여유,,,,,0.89,0,1,0,0,0,0,0,0,0,0,0,0,0,0,0,0,0,0
38,12,1,3,3.272,10,21,1,3,0,여유,0,4,4,4,1.46,1,0,0,0,0,0,0,0,0,0,0,0,0,0,0,0,0,0
23,3,0,2,4.344,13,48,0,3,0,혼잡,1,4,4,2,0.97,1,0,0,0,0,0,0,0,0,0,1,1,0,0,0,1,1,0
34,3,0,12,1.208,11,36,0,3,0,여유,0,4,3,3,2.05,1,0,0,0,0,0,0,0,0,0,1,1,0,0,0,0,0,0
23,6,0,11,1.395,2,18,0,,,보통,,,,,2.28,0,1,0,0,0,0,0,0,0,0,0,0,0,1,0,1,0,0
19,12,0,3,3.02,2,29,0,,,매우혼잡,,,,,1.16,0,1,0,0,0,0,0,0,0,0,1,0,0,0,0,1,0,0
15,3,0,15,2.095,9,38,0,4,0,여유,0,3,3,4,4.53,1,1,1,0,0,0,0,0,0,0,0,0,0,0,0,0,0,0
22,12,0,4,2.749,6,53,0,,,여유,,,,,1.69,0,1,1,1,0,0,0,0,0,0,1,0,0,0,0,0,0,0
36,12,0,60,0.678,6,34,1,2,0,혼잡,0,2,3,2,8.42,1,1,0,1,0,0,0,0,0,1,1,1,1,1,0,0,0,1
27,12,1,1,5.716,1,54,0,4,0,보통,0,5,4,4,0.84,1,0,0,0,0,0,0,0,0,0,0,0,0,0,0,0,0,0
26,6,0,3,2.767,8,60,0,,,보통,,,,,1.22,0,0,0,0,0,0,1,0,0,0,0,0,0,0,0,0,0,0
35,12,0,4,2.593,19,47,1,3,0,매우혼잡,0,2,4,3,1.49,1,0,0,0,0,0,0,0,0,0,0,0,0,0,1,1,0,1
36,3,1,3,2.476,3,29,0,3,0,보통,0,3,4,3,1.13,1,0,0,0,0,0,0,0,0,0,0,0,0,0,0,0,0,0
23,3,1,12,1.613,2,23,0,3,0,보통,0,3,3,2,2.77,1,0,0,0,0,0,1,0,0,0,1,0,1,0,0,0,0,0
46,12,0,4,2.645,23,40,0,3,0,보통,0,2,3,3,1.69,1,1,0,0,0,0,0,0,0,0,0,0,0,0,0,0,0,0
30,3,1,4,2.084,4,38,0,3,0,혼잡,0,3,3,3,1.12,1,0,1,1,0,0,0,0,0,0,0,0,1,1,0,0,0,0
46,6,0,19,0.968,9,9,0,,,보통,,,,,2.66,0,0,1,0,0,0,0,0,0,0,0,0,0,0,0,0,1,1
45,6,0,7,3.227,3,37,0,3,0,혼잡,0,3,3,3,3.39,1,1,0,0,0,0,0,0,0,0,1,0,0,1,0,0,0,0
26,3,0,7,1.881,3,16,0,3,0,보통,0,4,4,4,2.0,1,0,0,0,0,0,0,0,0,0,0,0,0,0,0,0,0,0
36,1,0,14,1.219,2,18,0,2,0,여유,0,3,3,3,2.49,1,0,0,1,0,0,0,0,0,0,0,0,0,0,1,1,0,0
35,3,0,12,1.213,1,19,1,3,0,보통,0,2,2,3,2.11,1,1,0,1,0,0,1,0,0,1,0,0,1,0,0,0,0,0
39,12,0,13,1.287,2,31,0,3,0,혼잡,0,2,1,2,2.35,1,1,0,0,0,1,0,0,0,0,0,0,0,0,0,1,0,0
32,6,1,1,4.909,1,63,1,4,0,여유,0,3,4,5,1.0,1,0,0,0,0,0,0,0,0,0,0,0,0,0,0,0,0,0
18,6,0,21,2.842,10,49,0,4,0,보통,0,3,4,3,8.54,1,1,0,1,0,0,0,0,0,0,0,0,1,1,0,0,0,0
47,1,0,2,3.709,8,50,0,,,혼잡,,,,,1.17,0,0,0,0,0,0,0,0,0,0,1,0,1,1,0,0,0,0
38,12,0,39,0.56,4,33,0,3,0,여유,0,2,3,2,3.13,1,1,0,0,0,0,0,0,0,0,0,0,0,0,0,0,0,1
43,6,0,12,1.349,2,18,0,3,0,여유,0,3,2,1,2.27,1,0,0,0,1,0,0,0,0,0,0,0,0,0,0,1,0,0
42,6,0,5,2.06,7,27,0,2,0,여유,0,3,2,3,1.55,1,0,1,0,1,0,0,0,0,1,0,0,0,0,0,1,0,0
28,1,0,8,1.522,1,38,0,,,혼잡,,,,,1.81,0,1,0,0,0,0,0,1,0,1,1,0,0,0,0,0,0,1
29,3,0,3,2.752,9,25,1,3,0,혼잡,0,4,4,3,1.0,1,0,0,0,0,0,0,0,0,0,0,0,0,1,0,0,0,1
30,12,0,3,3.95,16,52,0,4,0,여유,0,4,4,4,1.45,1,0,0,0,0,0,0,0,0,0,0,0,0,0,0,0,0,0
15,3,0,11,1.365,4,24,0,,,여유,,,,,2.12,0,1,1,0,0,1,0,1,0,1,0,0,0,0,0,0,0,0
40,6,0,12,1.511,18,21,0,3,0,보통,0,3,3,3,2.59,1,0,0,0,1,0,0,0,0,0,0,0,0,0,0,0,0,1
36,12,1,4,2.331,26,32,0,,,보통,,,,,1.24,0,0,0,1,0,0,1,0,0,0,0,0,0,0,0,0,0,0
34,3,0,10,1.542,8,34,0,,,혼잡,,,,,2.31,0,0,0,0,0,1,0,1,0,1,1,0,0,0,1,1,1,1
44,1,1,36,0.474,1,0,0,,,여유,,,,,2.45,0,0,0,0,0,0,0,1,0,1,0,0,0,0,0,0,0,0
36,1,1,4,3.346,1,40,1,,,혼잡,,,,,1.71,0,0,0,0,0,0,0,0,0,0,0,0,0,0,0,0,1,0
52,3,0,1,4.355,12,43,1,,,보통,,,,,0.9,0,0,0,0,0,0,0,0,0,0,0,1,0,0,0,0,0,0
33,3,0,9,1.739,4,16,0,4,0,혼잡,1,3,2,1,2.2,1,0,0,0,0,0,0,1,0,1,1,1,1,0,0,0,0,0
30,3,1,6,1.958,2,40,0,3,0,혼잡,0,3,3,3,1.77,1,1,0,0,1,0,0,0,0,0,0,0,0,0,1,1,0,0
49,6,0,3,3.786,19,40,1,3,0,보통,0,3,4,3,1.79,1,0,0,0,0,0,0,0,0,0,0,0,0,0,0,0,0,0
15,12,1,1,4.862,12,63,0,,,혼잡,,,,,0.82,0,0,0,0,0,0,0,0,0,0,1,1,0,0,0,0,0,0
35,1,1,3,3.104,3,35,0,,,여유,,,,,1.32,0,0,1,0,0,0,0,0,0,0,0,0,0,0,0,0,0,0
21,1,1,2,3.532,0,43,1,,,혼잡,,,,,1.23,0,0,0,0,0,0,0,1,0,1,1,0,1,0,0,0,0,0
36,6,0,16,1.37,11,11,0,,,보통,,,,,3.08,0,0,0,1,0,0,0,0,0,0,0,0,0,0,0,0,0,0
48,3,0,8,1.648,5,36,0,,,혼잡,,,,,1.87,0,0,0,0,0,0,0,0,0,0,1,0,1,1,0,0,0,0
40,12,1,1,5.473,24,66,1,,,보통,,,,,0.98,0,0,0,0,0,0,0,0,0,0,0,0,0,0,0,0,0,0
34,3,0,4,2.377,5,35,0,,,보통,,,,,1.37,0,0,0,0,0,0,0,0,1,0,0,1,0,0,0,1,0,0
15,12,0,4,3.116,7,33,0,3,0,혼잡,0,3,2,2,1.61,1,1,0,0,1,0,0,1,0,0,0,0,1,0,0,0,0,0
22,12,1,60,0.268,24,11,0,2,0,혼잡,0,2,3,2,2.81,1,1,0,0,0,0,1,0,1,0,0,0,0,0,0,0,1,0
24,12,0,48,0.336,16,10,0,2,0,보통,0,3,3,2,2.32,1,0,1,0,0,0,0,0,0,0,0,0,1,0,0,1,0,0
15,3,0,5,2.026,5,27,0,3,0,보통,0,3,3,3,1.5,1,1,0,0,1,0,1,0,0,1,1,0,0,0,0,0,0,0
44,6,1,3,3.999,3,38,0,,,여유,,,,,1.67,0,0,0,0,0,1,0,0,0,0,0,0,0,0,0,0,0,0
27,12,0,5,2.097,5,46,0,3,0,보통,0,4,3,3,1.54,1,0,0,0,0,0,0,0,0,0,0,0,0,0,0,0,0,0
32,12,1,5,2.053,21,63,0,,,보통,,,,,1.33,0,0,0,0,0,1,0,0,0,0,0,0,0,0,0,0,1,0
43,12,1,1,4.333,24,31,0,3,0,보통,0,3,3,3,0.85,1,0,0,0,0,1,0,0,1,0,0,0,0,0,0,0,1,0
24,6,1,1,4.858,4,59,1,4,0,매우혼잡,0,3,4,3,0.84,1,0,0,0,0,0,0,0,0,0,1,0,1,0,0,0,0,0
35,3,1,4,2.728,2,35,1,3,0,혼잡,0,3,3,3,1.73,1,0,0,0,1,0,0,0,0,0,0,0,1,0,0,1,0,0
37,1,0,22,1.037,3,20,0,3,0,혼잡,0,2,2,1,3.2,1,0,0,1,1,0,1,1,0,1,1,0,0,1,0,1,0,0
19,3,0,7,1.739,3,37,0,,,보통,,,,,1.73,0,1,0,1,0,0,0,0,0,0,1,0,0,0,0,0,0,0
15,12,0,8,1.856,6,23,0,,,보통,,,,,2.18,0,1,0,0,0,0,0,0,0,0,1,1,0,0,1,0,1,0
25,3,0,4,2.638,4,27,0,,,혼잡,,,,,1.63,0,0,0,0,0,0,0,0,0,0,0,1,0,0,0,0,0,0
42,1,0,39,0.536,1,17,0,,,보통,,,,,3.01,0,0,0,1,0,0,1,1,0,0,1,0,0,1,0,1,0,0
39,1,1,10,1.615,0,39,1,,,여유,,,,,2.35,0,1,0,0,0,0,0,0,0,0,0,0,1,0,0,0,0,0
27,3,0,5,2.046,2,27,1,3,0,혼잡,1,3,4,1,1.49,1,1,0,0,0,1,1,0,0,0,1,0,1,0,0,0,0,0
35,3,0,21,0.899,3,22,0,,,혼잡,,,,,2.72,0,1,0,0,0,0,0,0,0,0,1,0,1,1,0,1,0,0
38,12,0,4,3.221,8,39,1,3,0,여유,0,2,3,3,1.66,1,0,0,0,1,0,0,0,0,1,0,0,0,0,0,0,0,0
48,3,0,6,1.935,11,44,0,,,매우혼잡,,,,,1.59,0,0,1,0,0,0,0,0,0,0,1,1,1,0,0,0,0,0
26,3,0,3,2.522,6,33,0,3,0,매우혼잡,0,3,3,2,1.09,1,0,0,0,0,0,0,0,0,0,0,0,0,0,0,1,1,0
34,3,0,6,1.941,12,35,0,3,0,보통,0,3,3,4,1.67,1,0,0,0,0,0,0,0,0,0,0,0,0,0,1,0,0,0
54,12,1,2,3.121,8,49,0,,,보통,,,,,1.11,0,0,0,0,0,0,0,0,0,0,0,0,0,0,0,0,0,0
37,1,1,5,2.115,3,26,0,5,0,보통,0,3,2,4,1.63,1,0,1,0,1,0,0,0,0,0,0,0,0,0,0,0,0,0
18,1,0,5,2.232,2,22,0,3,0,여유,0,3,3,4,1.73,1,1,0,0,0,1,0,1,0,0,0,0,0,0,0,0,0,0
59,3,1,2,4.493,0,49,1,4,0,혼잡,0,4,5,3,1.03,1,0,0,0,0,0,0,0,0,0,1,0,0,0,0,0,0,0
37,12,0,11,1.761,15,34,0,3,0,보통,0,4,4,3,2.75,1,0,0,0,1,0,0,0,0,0,0,0,0,0,0,0,0,0
20,12,0,4,2.911,10,49,0,3,0,매우혼잡,0,2,3,3,1.56,1,0,0,0,0,0,0,1,0,0,1,0,1,0,0,0,0,1
48,3,0,60,0.809,11,31,0,,,혼잡,,,,,11.78,0,1,0,0,0,0,1,0,0,0,1,0,0,1,0,0,0,0
15,6,1,3,3.483,7,38,0,,,매우혼잡,,,,,1.3,0,1,0,0,0,0,0,0,0,0,0,1,1,0,0,0,1,1
27,6,1,1,4.91,10,54,1,4,0,보통,0,4,4,4,1.0,1,0,0,0,0,0,0,0,0,0,0,0,0,0,0,0,0,0
28,12,1,1,5.342,9,48,1,3,0,혼잡,0,5,4,4,0.93,1,0,0,0,0,0,0,0,0,0,0,0,1,0,0,0,0,0
32,3,0,16,1.42,4,18,0,3,0,보통,0,3,2,2,3.22,1,0,0,0,0,0,0,0,1,0,0,0,0,0,0,0,0,0
15,3,0,4,2.169,5,40,0,3,0,혼잡,1,3,3,2,1.37,1,1,0,0,0,0,0,0,0,0,1,0,0,1,0,0,1,1
52,12,0,2,4.753,6,80,0,4,0,보통,0,5,3,3,1.06,1,0,1,0,0,0,0,0,0,0,0,0,0,0,0,0,0,0
45,12,1,1,5.156,25,49,0,,,혼잡,,,,,1.04,0,0,0,0,0,0,0,0,0,0,0,0,0,0,0,1,0,0
38,3,0,3,3.779,7,46,0,,,보통,,,,,1.42,0,0,0,0,0,0,0,0,0,1,0,0,0,1,0,0,0,0
47,3,1,14,1.604,13,15,0,2,0,여유,0,3,2,3,3.28,1,1,0,1,1,1,0,0,0,0,0,0,0,1,0,0,0,0
34,12,1,4,2.822,4,47,1,4,0,여유,0,2,3,3,1.67,1,0,0,0,0,0,0,0,0,0,0,0,0,0,0,0,0,0
16,12,0,4,3.434,2,27,1,,,매우혼잡,,,,,1.79,0,1,0,0,0,0,1,0,0,0,0,0,0,1,0,1,0,1
25,12,0,10,1.697,15,46,0,,,보통,,,,,2.31,0,1,0,0,0,0,0,0,0,0,1,1,0,1,0,0,0,0
41,6,0,3,3.912,7,39,1,,,보통,,,,,1.72,0,0,0,0,0,0,0,0,0,0,1,0,0,0,0,0,0,0
39,12,1,1,5.552,6,71,1,3,0,보통,0,4,5,4,1.05,1,0,0,0,0,0,0,0,0,0,0,0,0,0,0,0,0,0
22,6,0,5,2.705,5,26,0,,,여유,,,,,1.79,0,1,0,0,0,1,0,0,0,0,0,0,0,0,0,0,0,0
44,12,0,1,4.525,3,58,1,4,0,매우혼잡,0,4,5,3,0.85,1,0,0,0,0,0,0,0,0,0,1,0,0,0,0,0,0,0
38,12,0,13,1.293,14,28,1,,,여유,,,,,2.33,0,0,0,1,0,0,0,0,1,0,0,0,0,0,1,0,0,0
45,12,0,2,4.298,21,63,0,4,0,보통,0,5,4,4,1.09,1,0,0,0,0,0,0,0,0,0,0,0,0,0,0,0,0,0
28,12,1,1,5.281,4,48,0,4,0,보통,1,4,4,3,1.08,1,0,0,0,0,0,0,0,0,0,1,1,1,0,0,0,1,0
49,12,0,1,4.297,7,34,0,,,혼잡,,,,,0.84,0,0,0,0,0,0,0,0,0,0,0,1,0,0,0,0,0,0
24,12,0,4,2.081,9,34,0,,,보통,,,,,1.05,0,0,0,0,0,1,0,0,0,0,0,0,0,1,1,0,0,0
27,6,1,22,2.596,6,44,1,,,보통,,,,,8.17,0,1,0,0,0,0,1,0,0,0,0,0,1,0,0,0,0,0
27,6,1,2,4.5,16,39,1,4,0,혼잡,0,4,5,4,1.04,1,0,0,0,0,0,0,0,1,0,0,0,0,0,0,0,0,0
45,3,0,8,1.936,4,23,0,,,여유,,,,,2.08,0,0,0,0,0,0,0,0,0,0,0,0,0,1,1,1,0,0
22,3,0,18,0.95,2,24,0,,,보통,,,,,2.41,0,1,0,0,0,0,0,0,1,1,0,1,1,0,1,0,0,0
40,1,0,55,0.022,2,15,0,,,보통,,,,,2.36,0,0,1,0,0,0,0,0,0,0,0,0,0,1,0,1,0,0
28,6,0,25,0.835,14,37,0,,,여유,,,,,3.01,0,1,0,0,0,1,0,0,0,0,0,0,0,0,0,0,0,0
15,12,0,2,4.693,6,55,0,4,0,매우혼잡,0,3,3,2,1.05,1,0,0,1,0,0,0,0,0,0,1,0,1,0,0,0,0,0
42,6,0,1,5.628,5,58,1,4,0,혼잡,0,5,5,3,0.82,1,0,0,0,0,0,0,0,0,0,1,0,0,0,0,0,0,0
21,3,0,4,3.109,2,28,1,2,0,여유,0,3,3,3,1.8,1,0,0,0,0,0,0,0,1,0,0,0,0,0,0,0,0,0
27,12,0,6,2.283,8,37,0,,,보통,,,,,1.89,0,1,0,0,0,0,1,0,0,0,1,1,1,0,1,0,0,0
52,3,0,9,1.749,1,23,0,,,매우혼잡,,,,,2.21,0,1,0,0,0,0,0,0,0,0,1,1,1,0,0,0,0,0
50,12,0,3,3.754,8,20,1,2,1,매우혼잡,0,4,4,3,1.42,1,0,0,0,0,0,0,0,0,0,0,1,0,0,0,1,1,0
33,12,0,4,2.816,20,39,0,,,보통,,,,,1.53,0,0,0,0,0,0,0,0,0,0,1,0,0,0,0,0,0,0
60,6,1,3,3.714,3,64,0,5,0,여유,1,4,4,2,1.68,1,0,0,0,0,0,0,0,0,0,0,1,1,0,0,0,0,0
37,3,1,6,2.003,7,55,0,,,보통,,,,,1.6,0,0,0,0,0,0,1,0,0,0,1,1,0,0,0,0,1,1
20,1,0,8,1.533,0,46,0,3,0,혼잡,0,3,3,3,1.83,1,1,0,0,0,0,0,0,0,0,0,0,0,0,0,0,0,0
28,12,0,1,5.806,18,63,1,4,0,혼잡,0,4,4,5,0.98,1,0,0,0,0,0,0,0,0,0,0,0,0,0,0,0,0,0
39,6,1,15,1.013,5,13,0,2,0,보통,0,2,2,2,2.24,1,0,1,1,0,0,0,1,0,0,1,0,0,0,0,0,0,1
34,6,1,6,2.186,15,19,0,,,여유,,,,,1.75,0,0,1,1,0,0,0,0,0,1,0,0,0,0,0,0,0,0
44,6,0,19,0.973,24,31,0,2,0,보통,1,3,2,1,2.68,1,1,0,0,0,0,0,0,0,0,1,0,1,0,0,0,1,1
32,3,1,2,3.296,11,28,0,3,0,혼잡,0,3,2,3,1.13,1,0,0,0,0,0,0,0,0,0,0,0,1,1,0,0,0,0
20,12,0,17,3.185,21,52,0,,,혼잡,,,,,7.73,0,1,0,0,0,0,0,1,0,0,1,0,1,1,0,0,0,0
15,1,0,13,1.446,1,23,0,4,0,여유,0,2,3,2,2.66,1,1,0,0,0,1,1,0,1,0,0,0,0,0,0,0,0,0
30,12,0,5,2.309,1,22,1,,,여유,,,,,1.68,0,0,0,0,0,0,0,0,0,0,0,0,0,0,1,0,1,0
47,6,0,2,4.203,10,55,0,,,혼잡,,,,,1.09,0,0,0,0,0,0,0,0,0,0,0,0,0,0,0,0,0,0
37,3,0,60,0.0,4,9,0,2,0,혼잡,0,2,2,2,2.66,1,1,0,1,0,0,1,1,0,0,1,0,0,0,0,1,0,0
63,12,0,2,4.112,2,52,0,,,보통,,,,,0.9,0,0,0,0,0,0,1,0,0,0,1,0,0,0,0,0,0,0
68,3,0,16,1.296,2,26,0,,,여유,,,,,2.95,0,1,0,0,0,0,0,0,1,0,0,0,0,0,1,1,0,0
58,3,0,8,1.818,8,27,1,,,보통,,,,,2.01,0,0,0,0,0,0,0,0,0,1,1,0,1,1,0,0,0,1
36,12,0,4,2.873,34,46,0,4,0,보통,0,4,3,3,1.56,1,0,0,0,0,0,0,0,0,0,0,0,0,0,0,0,0,0
55,3,0,6,2.071,4,41,0,,,매우혼잡,,,,,1.7,0,1,0,0,1,0,0,0,0,0,1,1,0,1,1,0,0,0
20,12,1,3,3.266,14,53,0,,,혼잡,,,,,1.58,0,0,0,0,0,0,0,0,0,0,0,0,0,0,0,1,0,0
46,3,0,3,3.066,3,41,1,3,0,혼잡,0,4,4,3,1.4,1,0,0,0,0,0,0,0,0,0,0,0,0,0,0,0,0,0
35,3,0,5,2.484,2,31,1,4,0,보통,0,3,4,2,1.69,1,0,0,0,0,0,1,0,0,0,0,1,1,0,0,0,1,0
36,12,1,1,5.53,24,67,1,5,0,보통,0,4,5,3,1.03,1,0,0,0,0,0,0,0,0,1,0,1,0,1,1,0,0,0
45,6,0,3,3.022,14,26,0,3,0,혼잡,0,4,3,4,1.49,1,1,0,0,0,0,0,0,0,0,0,0,0,0,0,0,0,0
29,12,0,3,3.481,14,48,0,3,0,여유,0,4,3,3,1.51,1,0,0,1,0,0,0,0,0,0,0,0,0,0,0,0,0,0
37,6,0,19,3.252,14,41,1,,,혼잡,,,,,9.04,0,1,0,0,0,0,0,0,0,0,1,0,1,0,0,0,0,0
34,12,0,10,1.734,15,13,0,,,혼잡,,,,,2.49,0,1,0,0,1,0,0,0,0,0,1,0,0,1,1,1,0,0
36,12,0,6,4.367,36,58,0,4,0,여유,0,4,3,4,3.57,1,0,0,1,0,0,0,1,0,0,0,0,0,0,0,0,0,0
32,3,0,2,4.418,4,61,0,,,여유,,,,,0.96,0,0,0,0,0,0,0,0,0,1,0,0,0,0,0,0,0,0
42,6,1,13,1.612,2,21,0,3,0,여유,0,3,3,3,2.95,1,0,0,0,0,0,1,0,0,0,0,0,0,0,0,0,0,0
36,3,0,3,3.992,4,62,0,,,여유,,,,,1.48,0,0,0,0,0,0,0,0,0,0,0,0,0,0,0,0,0,0
42,3,0,4,2.344,3,39,0,3,0,보통,0,3,3,4,1.43,1,0,0,0,0,1,0,0,0,0,0,0,0,0,0,0,0,0
35,12,0,2,3.543,26,28,0,,,보통,,,,,1.17,0,0,1,0,0,0,0,0,0,0,0,0,1,0,0,0,0,1
32,3,1,7,1.993,5,18,0,4,0,보통,0,3,3,3,2.03,1,0,0,0,0,0,0,0,0,0,0,0,0,0,0,0,0,0
39,12,1,3,2.727,4,38,0,,,보통,,,,,1.3,0,1,0,0,0,0,0,0,0,0,1,0,0,0,0,0,0,1
16,12,1,2,4.344,7,68,0,4,0,보통,0,4,4,4,0.97,1,0,0,0,0,0,0,0,1,1,0,0,1,0,0,0,0,0
45,1,1,2,4.496,1,56,0,,,혼잡,,,,,1.09,0,0,1,0,0,0,0,0,0,0,0,0,0,0,0,0,0,0
19,12,1,1,4.818,9,65,1,,,보통,,,,,0.89,0,0,0,0,0,0,0,0,0,0,1,0,0,0,0,0,0,0
35,6,1,3,3.221,4,56,0,,,보통,,,,,1.27,0,0,0,1,0,0,1,0,1,0,0,0,0,0,0,0,0,0
25,1,1,2,3.235,1,46,1,,,여유,,,,,1.12,0,0,0,0,0,0,0,0,1,0,0,1,0,0,0,0,0,0
19,12,1,2,4.0,12,33,1,,,혼잡,,,,,1.09,0,0,0,0,0,0,1,0,0,0,0,0,0,0,0,0,0,0
23,6,1,16,1.246,4,20,0,,,매우혼잡,,,,,2.9,0,0,1,0,0,0,0,0,0,0,1,0,1,1,1,1,0,0
24,12,0,3,3.881,31,50,0,,,보통,,,,,1.6,0,0,0,0,0,0,0,0,0,0,0,0,0,0,0,0,0,0
43,12,1,4,3.17,12,16,1,,,여유,,,,,1.59,0,0,0,0,0,0,0,0,0,0,0,0,0,0,0,0,1,0
20,1,1,13,1.728,0,27,0,,,매우혼잡,,,,,3.26,0,1,0,0,0,0,1,0,0,0,1,1,1,0,0,1,1,0
23,6,1,8,4.133,11,57,0,4,0,여유,0,4,4,3,4.86,1,0,0,0,0,0,0,0,0,0,0,0,1,0,0,0,0,0
30,6,0,2,3.631,2,38,1,,,매우혼잡,,,,,1.09,0,0,0,0,1,0,0,0,0,0,1,0,1,1,0,0,0,0
17,6,0,13,1.48,2,21,0,3,0,혼잡,0,3,3,3,2.78,1,0,0,0,0,0,0,0,0,0,1,1,0,0,0,1,0,0
38,12,0,1,4.536,8,42,0,4,0,매우혼잡,0,4,3,4,0.83,1,0,0,0,0,1,0,0,0,0,0,1,0,0,0,0,0,0
36,6,0,2,3.651,1,42,0,,,여유,,,,,1.12,0,0,0,0,0,0,0,0,0,0,0,0,0,0,0,0,0,0
22,12,0,14,3.101,8,31,1,,,보통,,,,,6.04,0,1,0,0,1,0,0,0,0,1,0,0,1,0,0,0,1,0
40,12,0,3,3.525,20,35,1,,,여유,,,,,1.7,0,0,0,0,0,0,0,0,0,0,0,0,0,0,0,0,0,0
25,12,0,11,1.368,1,22,1,,,보통,,,,,2.21,0,0,1,0,1,0,0,0,0,0,0,1,0,0,0,1,0,0
50,3,0,6,1.802,3,32,1,,,여유,,,,,1.67,0,0,0,0,0,0,0,0,0,0,0,0,0,0,0,0,0,0
22,3,0,1,4.436,4,67,1,,,보통,,,,,0.82,0,0,0,0,0,0,0,0,0,0,0,0,0,0,1,0,0,0
38,12,1,1,5.17,4,51,0,4,0,보통,0,3,5,4,0.87,1,0,0,0,0,0,0,0,0,0,0,0,0,0,0,0,0,0
35,6,1,4,2.127,8,35,0,,,혼잡,,,,,1.07,0,0,0,0,1,0,0,0,0,0,0,0,0,1,0,1,0,0
28,6,1,4,3.016,7,37,0,3,0,보통,0,3,4,4,1.8,1,0,0,0,0,0,0,0,0,0,0,0,0,0,0,1,0,0
49,12,0,17,2.333,4,16,1,,,혼잡,,,,,5.57,0,0,0,0,0,0,0,1,0,0,0,0,0,0,0,1,0,0
32,3,0,20,0.718,1,6,0,,,여유,,,,,2.08,0,1,0,0,0,0,0,1,1,1,0,0,0,0,0,1,0,1
43,3,0,3,3.527,4,62,0,5,0,보통,0,4,3,5,1.34,1,0,0,0,0,0,0,0,0,0,0,0,0,0,0,0,0,0
24,6,1,3,2.641,16,37,1,,,보통,,,,,1.17,0,0,0,0,0,0,0,0,0,0,0,0,0,0,0,0,0,0
15,3,0,3,3.811,7,54,0,4,0,보통,0,4,4,3,1.71,1,1,0,0,0,0,0,0,0,0,0,0,0,0,0,0,0,0
30,12,0,2,4.434,36,61,1,4,0,여유,0,5,5,5,1.07,1,0,0,0,0,0,0,0,0,0,0,0,0,0,0,0,0,0
54,12,0,2,3.873,5,53,0,5,0,여유,0,4,5,4,1.31,1,0,0,0,0,0,0,0,0,0,0,0,0,0,0,0,0,0
47,12,1,1,6.459,14,48,1,4,0,보통,0,4,4,4,0.88,1,0,0,0,1,0,0,0,0,0,0,0,0,0,0,0,0,0
27,12,1,18,1.13,8,26,0,2,0,여유,0,3,3,3,2.89,1,0,0,0,0,0,0,0,0,0,0,0,0,0,1,0,1,0
39,6,0,7,2.125,3,5,0,,,여유,,,,,1.99,0,1,0,0,1,0,0,0,0,0,0,0,1,1,0,0,0,0
49,6,1,5,2.37,2,50,0,,,보통,,,,,1.59,0,1,0,0,0,0,1,0,0,0,0,0,0,0,0,1,0,1
31,12,0,4,2.777,8,46,1,,,여유,,,,,1.78,0,0,0,0,0,0,0,0,0,0,0,0,1,0,0,0,0,0
45,12,0,12,2.964,5,48,0,2,0,여유,0,4,3,3,4.95,1,1,0,0,0,0,0,0,0,0,0,0,0,1,1,0,0,0
36,6,0,13,1.273,1,16,0,,,혼잡,,,,,2.3,0,1,0,0,0,0,1,0,1,0,0,1,0,1,0,1,1,1
45,6,0,4,2.323,6,53,0,,,혼잡,,,,,1.35,0,0,0,0,0,0,0,1,0,0,0,0,0,0,0,0,1,0
44,3,0,60,0.006,2,11,0,2,0,보통,0,3,3,2,3.26,1,1,0,0,0,0,0,0,0,0,0,1,0,0,0,0,0,0
16,12,0,46,0.377,13,18,0,,,보통,,,,,2.47,0,1,1,1,1,0,0,0,1,0,0,0,1,0,0,0,0,0
36,3,0,5,2.737,3,46,1,3,0,혼잡,0,4,4,3,1.78,1,0,0,0,0,0,0,0,0,0,1,0,0,0,0,0,0,0
22,12,1,5,2.125,22,35,0,,,여유,,,,,1.46,0,1,0,0,0,0,0,0,0,0,0,0,0,0,0,0,0,0
29,12,0,16,1.339,11,13,0,,,보통,,,,,3.12,0,1,0,0,0,0,0,0,0,1,0,0,0,0,1,0,0,0
34,1,1,12,1.692,0,24,0,,,여유,,,,,2.93,0,0,1,0,0,1,1,0,1,1,0,0,0,0,0,0,1,1
30,12,0,1,5.456,14,59,1,4,0,보통,0,4,4,4,1.1,1,0,0,0,0,0,1,0,0,0,0,0,0,0,0,0,0,0
17,12,1,1,4.963,24,70,0,5,0,여유,0,4,5,4,1.0,1,0,0,0,0,0,1,0,0,0,0,0,0,0,0,0,0,0
35,12,0,11,1.448,9,34,0,3,0,여유,0,3,3,4,2.34,1,0,0,0,0,0,0,0,0,0,0,0,0,0,0,0,0,0
40,12,1,3,3.005,4,46,0,,,여유,,,,,1.48,0,0,0,0,0,0,0,0,0,0,0,0,0,0,0,0,0,0
35,12,0,11,1.412,13,10,1,3,0,보통,0,3,3,2,2.25,1,0,0,0,1,0,0,0,0,0,1,0,0,0,0,0,0,0
32,6,1,2,3.091,5,52,0,3,0,보통,0,3,3,3,1.07,1,0,0,0,0,0,0,0,0,0,0,0,0,0,0,0,1,0
56,12,0,1,5.184,19,77,1,4,0,보통,0,4,5,5,0.97,1,0,0,0,0,0,0,0,0,0,0,0,0,0,0,1,0,0
35,1,0,3,3.224,3,40,0,4,0,보통,0,3,4,3,1.42,1,0,0,0,0,0,0,0,0,1,1,0,0,0,0,0,0,0
16,12,1,3,2.813,16,29,0,,,여유,,,,,1.24,0,0,0,0,0,0,0,0,0,0,0,0,0,0,1,0,0,1
30,3,0,2,3.997,3,54,0,,,보통,,,,,1.34,0,0,0,0,0,0,0,0,0,0,0,0,0,0,0,0,0,0
29,12,0,14,1.023,12,30,0,2,0,보통,0,2,2,2,2.03,1,1,0,0,0,0,0,0,0,0,0,1,0,0,0,0,0,0
48,12,0,5,2.181,9,34,0,3,0,여유,0,3,4,4,1.46,1,0,0,0,0,0,0,0,0,0,0,0,0,0,0,0,0,0
15,6,1,7,2.235,2,23,1,2,0,여유,0,2,3,3,2.12,1,1,0,0,0,0,0,0,0,0,0,0,0,0,1,0,0,0
15,6,0,25,0.58,2,26,1,3,0,보통,0,3,3,2,2.09,1,1,0,1,0,0,0,0,0,1,0,0,0,0,0,0,0,0
24,12,0,2,4.609,3,69,0,4,0,여유,0,4,5,4,1.02,1,0,0,0,0,0,0,0,0,0,0,0,0,1,0,0,0,0
37,12,0,5,2.115,8,16,0,,,보통,,,,,1.58,0,1,0,0,0,0,1,0,0,0,0,0,0,1,0,0,0,1
21,6,1,15,3.186,13,66,1,3,0,혼잡,0,3,4,2,6.95,1,0,0,0,0,0,0,0,0,0,1,0,0,0,0,0,0,0
32,1,0,60,1.756,2,36,0,,,보통,,,,,16.04,0,1,1,0,0,0,0,1,1,1,0,0,0,0,0,0,0,0
48,6,0,8,1.44,12,25,0,2,0,혼잡,0,3,3,2,1.59,1,0,1,0,0,0,0,0,0,0,0,0,1,1,1,1,0,0
32,12,1,13,1.159,6,26,0,,,여유,,,,,2.11,0,0,0,0,0,0,0,0,0,0,0,0,0,0,0,1,0,0
20,6,0,18,2.032,14,24,0,3,0,보통,0,3,3,3,5.36,1,1,1,0,0,0,0,0,0,0,0,0,0,0,0,0,0,0
16,12,0,3,2.354,7,37,0,,,여유,,,,,1.08,0,0,0,0,1,0,0,0,0,0,0,0,0,0,0,0,0,0
46,12,0,4,3.315,8,33,1,,,보통,,,,,1.76,0,0,0,0,0,0,0,0,0,0,1,0,0,0,0,0,0,0
43,3,0,10,1.461,3,18,0,3,0,여유,0,2,3,3,2.13,1,1,0,0,0,0,1,0,1,1,0,0,0,0,0,0,0,0
41,12,0,59,1.077,7,13,0,2,0,매우혼잡,0,2,2,2,9.01,1,1,0,1,1,0,0,0,0,1,0,1,0,0,0,0,0,1
33,3,1,1,5.283,1,52,1,4,0,여유,0,4,5,3,1.03,1,0,0,0,0,0,0,0,1,0,0,0,0,0,0,0,0,0
36,6,0,3,3.336,13,40,1,,,보통,,,,,1.65,0,0,0,0,0,0,0,1,0,0,0,0,0,0,0,1,0,0
27,12,0,1,4.201,4,44,1,3,0,보통,0,4,4,4,0.81,1,0,0,0,0,0,0,0,0,0,0,0,0,0,0,1,0,1
41,12,0,4,2.232,36,32,0,,,보통,,,,,1.37,0,0,0,0,0,0,0,0,0,0,1,1,0,1,0,0,0,0
32,12,1,2,3.773,3,36,0,,,여유,,,,,1.06,0,0,0,0,1,0,0,0,0,0,0,0,0,0,0,0,0,0
44,6,0,17,1.142,8,36,0,,,매우혼잡,,,,,2.72,0,1,1,0,0,0,0,1,0,0,0,0,0,0,1,1,0,0
25,12,0,5,2.528,21,39,1,,,혼잡,,,,,1.65,0,1,0,0,0,0,0,0,0,1,0,0,0,0,0,1,0,0
27,3,0,4,2.25,4,40,0,2,0,매우혼잡,0,3,3,3,1.33,1,1,0,0,0,0,0,1,0,0,0,0,0,0,1,0,1,0
30,12,0,26,0.597,1,23,0,2,0,여유,0,3,3,2,2.2,1,1,0,0,0,0,0,0,0,0,0,0,0,1,0,0,0,0
35,1,0,60,0.0,4,15,0,,,여유,,,,,2.66,0,1,0,0,0,1,0,0,0,0,0,1,0,0,0,0,0,0
29,3,1,1,4.706,4,43,0,4,0,보통,0,5,3,3,0.83,1,0,0,0,0,0,1,0,0,0,0,0,0,0,0,0,0,0
52,12,1,2,4.509,13,77,0,5,0,여유,0,4,4,4,1.0,1,0,0,0,0,0,0,0,0,0,0,0,0,0,0,0,0,0
15,3,0,35,0.594,4,7,0,3,0,여유,0,2,2,1,2.98,1,1,0,0,1,0,0,0,0,0,0,1,0,0,0,0,0,0
33,1,0,3,3.442,1,43,1,,,혼잡,,,,,1.23,0,0,1,0,0,0,0,1,0,0,0,1,0,0,1,0,1,1
23,12,0,2,4.505,36,38,1,,,여유,,,,,1.02,0,0,0,0,0,0,0,0,0,1,0,0,0,0,0,0,0,0
41,3,1,5,2.73,3,44,0,3,0,보통,0,3,4,2,1.8,1,0,0,0,0,0,0,0,1,0,0,0,0,0,0,0,0,0
31,12,1,1,6.154,24,60,0,,,보통,,,,,1.01,0,0,0,0,0,1,0,0,0,0,0,1,0,0,0,0,0,0
33,3,0,3,3.826,10,51,0,,,여유,,,,,1.37,0,0,0,0,0,0,0,0,0,0,0,0,0,0,0,0,0,0
50,1,0,7,4.156,2,52,0,5,0,여유,0,3,5,4,4.38,1,0,0,0,0,0,0,0,0,0,0,0,0,0,0,0,0,0
33,12,0,7,1.691,23,23,0,2,0,혼잡,0,3,3,2,1.64,1,1,0,0,0,0,0,1,0,0,1,0,0,1,0,1,0,0
40,3,1,1,4.827,10,51,1,4,0,보통,1,4,5,2,0.9,1,0,0,0,0,0,0,0,0,0,0,0,1,1,0,0,0,0
25,12,0,14,1.227,19,16,0,,,매우혼잡,,,,,2.41,0,1,1,0,0,0,1,0,0,0,1,1,1,0,1,1,0,0
33,3,0,48,0.324,2,9,0,,,여유,,,,,2.24,0,1,0,0,0,0,0,0,0,1,0,0,1,0,1,1,1,1
39,3,1,6,2.208,8,51,0,5,0,여유,0,4,3,4,1.74,1,0,0,0,0,0,0,0,1,0,0,0,0,0,0,0,0,0
19,12,1,2,4.232,12,46,1,4,0,보통,0,4,3,4,0.94,1,0,0,0,0,0,0,0,0,0,0,0,1,0,0,0,0,0
36,12,0,20,0.803,14,33,0,3,0,여유,0,3,2,3,2.28,1,0,1,1,1,0,0,0,0,0,0,1,1,0,0,0,0,0
37,6,0,2,4.058,9,58,0,,,보통,,,,,0.89,0,0,0,0,0,0,0,0,0,0,0,0,1,0,0,0,0,0
46,3,1,2,3.502,6,23,1,3,0,보통,0,3,4,2,1.19,1,0,0,0,0,0,0,0,0,0,0,0,0,0,0,0,0,1
36,3,0,15,1.081,8,23,1,,,혼잡,,,,,2.34,0,0,0,0,1,0,0,0,0,1,0,0,0,0,0,0,0,0
29,3,0,3,3.671,5,42,1,4,0,매우혼잡,0,3,4,2,1.65,1,0,0,0,0,1,0,0,0,0,0,0,0,1,0,0,0,0
35,3,1,1,4.765,30,59,0,5,0,보통,0,5,4,4,0.99,1,0,0,0,0,0,0,0,0,0,1,0,1,0,0,0,0,0
47,6,0,33,0.634,1,8,0,,,여유,,,,,2.97,0,0,0,0,0,0,0,0,0,0,0,0,0,0,0,0,0,1
22,12,1,1,5.191,13,34,1,,,혼잡,,,,,0.89,0,0,0,0,0,0,0,0,0,0,0,0,0,0,0,0,0,0
26,3,1,11,1.767,3,24,0,3,0,혼잡,1,3,3,2,2.76,1,0,1,0,0,1,0,0,0,0,1,0,1,1,0,1,0,0
20,6,1,1,4.3,6,65,1,3,0,보통,0,3,4,4,0.81,1,0,0,0,0,0,0,0,1,0,1,0,0,0,0,0,1,0
33,3,0,60,0.067,2,21,0,,,보통,,,,,3.25,0,0,0,0,0,0,0,1,0,0,1,0,1,1,0,0,0,1
41,6,0,29,0.741,5,24,0,,,혼잡,,,,,3.04,0,0,0,0,1,0,0,1,0,0,0,0,0,0,1,1,0,0
22,3,0,19,2.069,5,21,1,3,0,혼잡,0,2,4,2,5.55,1,0,0,0,0,0,1,0,1,0,1,0,0,0,1,0,0,0
42,3,0,40,0.565,1,7,0,,,보통,,,,,3.24,0,1,0,0,1,0,0,0,0,0,1,0,0,0,1,1,0,0
41,1,0,21,0.774,6,26,0,,,보통,,,,,2.29,0,0,0,0,0,0,0,0,0,0,0,1,0,0,0,0,1,0
47,6,0,5,2.628,2,60,1,4,0,혼잡,1,3,5,2,1.71,1,0,0,0,0,0,0,0,0,0,1,1,1,0,0,0,0,0
33,12,1,1,6.127,7,56,1,5,0,여유,0,5,4,4,0.91,1,0,0,0,0,0,0,0,0,0,0,0,0,0,0,0,0,0
36,3,0,1,4.29,2,39,1,4,0,매우혼잡,0,5,4,4,0.82,1,0,0,0,0,0,0,0,0,0,0,0,0,0,1,0,0,0
39,12,1,1,5.165,14,49,0,4,0,혼잡,0,4,4,4,0.84,1,0,0,0,0,0,0,0,0,1,0,0,0,0,0,0,1,0
33,1,0,14,1.637,4,5,0,,,보통,,,,,3.21,0,1,0,0,1,0,0,1,0,1,0,0,0,0,0,0,0,0
31,6,0,34,0.523,1,0,0,2,0,혼잡,0,2,2,1,2.54,1,0,0,0,1,0,1,0,1,0,1,0,1,0,0,1,0,0
45,3,0,14,1.275,3,17,1,,,보통,,,,,2.5,0,1,0,0,0,0,0,0,0,0,1,0,0,0,0,1,0,0
46,12,1,4,2.94,26,70,0,5,0,여유,0,4,5,4,1.72,1,0,0,0,0,0,0,0,0,0,0,0,0,0,0,0,0,0
17,3,1,2,4.069,2,61,0,4,0,혼잡,0,4,5,4,1.03,1,0,1,0,0,0,0,0,0,0,0,0,0,0,0,0,0,0
24,6,0,3,2.371,3,19,1,3,1,혼잡,0,3,3,3,1.18,1,0,0,0,1,0,0,0,0,0,0,1,1,1,0,0,0,0
26,12,0,3,3.643,18,39,0,,,보통,,,,,1.64,0,0,0,0,0,0,0,0,0,0,0,0,0,0,0,0,0,0
42,12,0,60,0.068,19,13,0,2,0,매우혼잡,1,2,2,1,3.08,1,1,0,0,1,0,0,0,0,0,1,1,0,1,1,1,1,0
27,6,0,15,0.983,9,7,0,4,0,보통,0,3,3,4,2.04,1,0,0,0,0,0,0,0,0,0,0,0,0,0,0,0,0,0
43,6,0,4,2.488,9,22,1,,,보통,,,,,1.42,0,1,0,0,0,0,0,0,0,0,0,0,0,0,0,0,0,0
29,12,0,3,3.076,1,43,0,4,0,여유,0,3,3,4,1.33,1,0,0,0,0,1,0,0,0,1,0,0,0,0,0,0,0,0
41,6,0,4,2.849,36,36,1,,,보통,,,,,1.55,0,0,1,0,0,0,0,0,0,0,0,0,0,0,0,0,0,0
44,3,0,30,1.611,7,25,0,,,혼잡,,,,,6.85,0,0,0,0,0,0,0,0,0,0,1,1,0,0,0,0,0,0
28,3,0,37,0.471,5,27,0,,,매우혼잡,,,,,2.5,0,1,0,0,0,0,0,1,1,0,1,1,0,0,0,1,0,0
32,6,0,52,0.144,1,10,0,,,여유,,,,,2.24,0,0,0,0,0,0,0,0,0,0,0,0,0,0,0,0,0,0
40,6,1,5,2.423,3,41,0,2,0,여유,0,5,4,3,1.75,1,0,1,0,0,0,0,0,0,0,0,0,0,0,0,0,0,0
51,3,0,43,0.507,8,19,0,3,0,보통,1,3,2,2,3.1,1,0,0,0,0,0,0,0,0,0,1,1,1,0,0,0,0,0
30,1,0,6,1.75,1,0,0,,,여유,,,,,1.52,0,1,0,0,0,0,0,0,0,1,0,0,0,0,0,0,1,0
28,3,1,25,0.903,1,16,0,,,혼잡,,,,,3.21,0,1,0,0,0,0,1,0,0,0,0,1,0,0,1,0,1,0
20,3,0,2,3.215,1,41,0,3,0,보통,0,3,3,4,1.09,1,0,0,0,0,0,0,0,0,0,0,0,0,0,0,0,0,0
43,6,1,1,5.512,13,84,1,4,0,보통,0,4,5,3,0.81,1,0,0,0,0,0,0,0,0,0,0,0,0,0,0,0,0,0
32,12,0,60,0.272,18,12,0,,,여유,,,,,2.73,0,1,0,0,1,0,0,0,0,1,0,0,1,0,0,0,0,0
46,12,0,2,4.14,9,42,0,,,여유,,,,,1.06,0,0,0,0,0,0,0,0,0,0,0,0,0,0,0,0,1,0
37,6,0,1,4.781,11,33,1,,,매우혼잡,,,,,0.81,0,0,0,0,0,0,0,0,0,0,0,1,0,1,0,0,0,0
32,6,0,20,1.143,3,20,0,,,혼잡,,,,,3.25,0,1,0,0,0,0,1,0,0,1,0,0,0,0,0,0,0,0
25,12,0,5,2.212,1,32,1,,,혼잡,,,,,1.55,0,0,0,0,0,0,0,0,0,0,0,0,0,1,0,0,0,0
22,12,1,7,1.927,8,39,0,,,매우혼잡,,,,,2.01,0,0,0,0,0,1,0,1,0,0,1,1,0,0,0,0,1,0
35,12,1,1,4.533,11,61,0,4,0,보통,0,4,5,4,0.86,1,0,0,0,0,0,0,0,0,0,0,0,0,0,0,0,0,0
43,12,0,60,0.0,4,14,0,1,1,여유,0,3,3,3,2.65,1,1,0,0,0,0,0,0,0,0,0,0,0,0,1,1,1,1
33,3,1,3,2.904,4,35,1,4,0,보통,0,3,3,3,1.09,1,0,0,0,0,0,0,0,0,0,0,0,1,0,0,0,0,0
33,12,0,3,2.909,36,19,0,3,0,혼잡,0,3,3,4,1.32,1,1,0,0,0,0,0,1,0,0,0,0,0,0,0,0,0,0
54,1,1,6,1.734,2,41,1,3,0,보통,1,3,4,2,1.54,1,0,0,0,0,0,0,0,0,0,1,0,0,0,0,0,0,0
38,12,0,3,2.636,16,31,0,3,0,보통,0,3,4,3,1.01,1,0,0,0,0,0,0,0,0,0,0,0,0,0,0,0,0,1
30,12,0,12,1.394,8,21,1,,,여유,,,,,2.4,0,0,0,0,0,0,0,0,0,0,0,0,0,0,0,0,0,0
29,6,0,3,2.717,9,43,0,3,0,혼잡,0,4,3,3,1.06,1,0,0,0,0,0,0,0,0,0,1,0,1,1,0,0,0,0
45,6,0,14,0.958,19,24,0,,,보통,,,,,1.91,0,1,0,0,0,1,0,0,0,1,0,0,1,0,0,0,1,0
24,12,1,14,3.69,8,32,1,2,0,보통,0,3,4,3,7.4,1,1,0,0,0,0,0,0,0,0,0,0,1,0,0,1,0,0
40,6,0,3,3.588,12,61,1,4,0,여유,0,3,5,3,1.51,1,0,0,0,0,0,0,1,0,0,0,1,0,0,0,0,0,0
40,6,0,5,2.192,2,40,0,,,혼잡,,,,,1.48,0,0,0,1,0,0,0,1,0,0,0,1,0,0,0,0,0,0
36,3,0,10,1.839,16,22,1,,,혼잡,,,,,2.57,0,0,0,0,0,0,0,0,1,0,1,0,0,0,0,0,0,0
27,1,0,60,0.426,1,15,0,,,혼잡,,,,,8.05,0,1,0,0,0,0,0,0,0,0,0,0,1,0,1,0,1,0
29,12,0,17,1.339,16,11,0,2,0,매우혼잡,0,2,2,2,3.27,1,1,0,0,0,1,0,0,0,0,1,1,1,1,0,1,0,1
28,12,0,60,0.0,18,0,0,,,혼잡,,,,,2.62,0,1,0,0,0,0,0,0,0,1,0,1,1,0,0,1,1,1
29,6,0,14,1.261,10,12,1,,,혼잡,,,,,2.45,0,1,0,0,0,0,0,1,0,0,0,0,1,0,0,0,0,1
42,12,0,4,2.328,22,44,0,,,매우혼잡,,,,,1.22,0,0,0,0,0,0,0,0,0,1,1,1,0,0,0,1,0,0
43,3,1,17,0.958,1,29,0,,,보통,,,,,2.32,0,1,0,1,0,0,0,0,1,0,1,0,0,1,0,0,1,1
34,3,0,15,1.572,6,31,0,,,혼잡,,,,,3.29,0,1,0,1,0,0,0,0,0,0,1,0,0,0,0,0,0,0
24,6,1,3,3.105,12,63,0,2,0,매우혼잡,0,3,4,3,1.42,1,0,0,0,0,0,0,0,0,0,1,0,0,1,0,1,1,0
28,6,0,34,1.591,19,32,1,3,0,보통,0,5,5,4,7.83,1,0,0,0,0,0,0,0,0,0,0,0,0,0,0,0,0,1
24,3,0,6,1.838,1,25,0,3,0,여유,0,3,3,3,1.61,1,0,0,0,0,0,0,0,0,0,0,0,0,0,0,0,0,0
23,6,0,55,0.292,4,20,0,,,혼잡,,,,,2.34,0,1,0,0,0,0,0,0,0,1,0,0,1,0,0,1,0,0
42,6,1,14,1.499,10,52,0,,,여유,,,,,3.01,0,1,0,0,0,0,0,0,0,0,0,0,0,0,0,0,0,0
39,12,0,20,0.93,8,41,0,3,0,여유,1,3,3,2,2.69,1,0,0,0,0,0,0,1,0,0,0,0,0,0,0,0,0,0
53,12,0,8,4.293,35,59,1,5,0,여유,0,4,5,5,4.77,1,0,0,0,0,0,0,0,0,0,0,0,0,0,0,0,0,0
44,1,0,27,0.821,1,33,0,,,혼잡,,,,,3.17,0,1,0,0,0,0,0,0,0,0,0,0,0,0,0,1,0,0
21,12,1,3,3.127,15,37,1,3,0,여유,0,4,5,3,1.43,1,0,0,0,0,0,0,0,0,0,0,0,0,0,1,0,0,0
34,1,1,4,3.04,3,29,0,4,0,여유,0,3,3,4,1.64,1,1,1,0,0,0,0,0,0,0,0,0,0,0,0,0,0,0
26,6,0,27,0.584,3,18,0,,,여유,,,,,2.27,0,0,1,0,0,0,0,0,1,0,0,0,0,0,0,0,0,0
33,6,0,1,4.56,2,66,1,5,0,보통,0,4,4,4,0.92,1,0,0,0,0,0,0,0,0,0,0,0,0,0,0,0,0,0
45,3,1,1,5.515,2,53,0,,,여유,,,,,0.95,0,0,0,0,0,0,0,0,0,0,0,0,1,0,0,1,0,0
27,3,0,5,2.585,7,35,0,,,혼잡,,,,,1.7,0,0,0,0,0,0,0,0,0,0,0,0,0,1,0,0,0,1
21,6,0,60,0.001,5,3,0,3,1,혼잡,1,3,3,2,2.57,1,0,0,0,1,0,1,0,0,0,1,0,0,0,0,0,1,0
28,12,0,17,0.802,16,24,0,2,1,보통,0,3,4,4,1.9,1,0,0,0,0,0,0,0,0,1,1,0,0,0,0,1,1,1
16,6,0,5,2.417,8,49,0,3,0,여유,0,3,3,4,1.69,1,0,0,0,0,0,0,0,0,0,0,0,0,0,1,0,0,0
42,6,0,7,1.613,0,31,0,4,0,혼잡,1,3,2,1,1.51,1,0,0,0,0,0,0,0,0,0,1,0,1,1,0,1,0,0
42,6,1,1,6.329,0,66,1,4,0,보통,0,4,5,4,0.93,1,0,0,0,0,0,0,0,0,0,0,0,0,0,0,0,0,0
45,6,1,36,0.592,10,24,0,,,혼잡,,,,,3.02,0,1,0,0,1,1,1,0,0,1,1,1,1,1,0,0,0,0
33,12,0,4,2.998,7,40,1,4,0,보통,1,3,4,2,1.73,1,0,0,0,0,0,0,1,0,0,1,0,0,0,0,0,0,0
41,12,0,19,1.012,9,19,0,,,보통,,,,,2.7,0,1,0,0,0,1,0,1,1,0,0,0,0,0,0,0,0,0
51,3,0,16,1.206,2,27,1,3,0,보통,0,3,2,2,2.81,1,1,0,0,1,0,0,0,0,0,0,1,0,0,0,0,0,0
29,12,0,11,1.379,3,36,0,,,혼잡,,,,,2.08,0,0,0,0,0,0,1,0,0,1,1,1,1,0,1,0,0,0
27,6,0,3,3.448,18,45,1,4,0,혼잡,0,4,5,4,1.44,1,0,0,0,0,0,0,0,0,0,0,0,0,1,0,0,1,0
33,12,0,60,1.194,17,19,0,,,혼잡,,,,,14.41,0,1,0,0,1,0,0,1,1,0,1,1,1,0,0,1,1,1
32,12,0,60,0.0,7,13,0,3,0,보통,0,3,2,3,3.07,1,0,0,0,0,1,0,0,0,0,0,1,0,1,0,0,0,0
24,6,1,1,5.132,23,43,0,,,보통,,,,,1.06,0,0,0,0,0,0,0,0,0,0,1,0,0,0,0,0,0,0
30,3,0,24,0.859,1,27,0,,,보통,,,,,2.95,0,1,0,0,1,0,0,0,0,0,0,0,0,0,1,0,0,1
34,12,0,2,3.836,2,52,1,,,혼잡,,,,,1.25,0,0,0,0,0,0,0,0,0,0,1,0,1,0,0,0,0,0
39,12,0,4,3.046,10,49,0,,,보통,,,,,1.58,0,1,0,0,0,0,0,0,0,0,1,0,0,0,1,0,0,0
23,12,0,4,4.44,16,60,1,4,0,여유,0,4,4,3,2.71,1,0,0,0,0,0,0,0,0,0,0,0,0,0,0,0,0,1
51,3,0,5,2.247,2,30,0,,,매우혼잡,,,,,1.55,0,1,0,0,0,0,1,1,0,0,0,0,1,0,1,0,0,1
31,6,1,3,2.744,7,32,1,,,혼잡,,,,,1.03,0,0,0,0,0,0,0,0,0,0,0,1,0,1,0,0,0,0
21,12,1,4,2.828,13,55,0,,,보통,,,,,1.51,0,0,0,0,0,0,0,0,1,0,1,1,1,1,1,0,0,0
15,1,0,4,2.096,10,25,0,2,0,보통,0,3,4,3,1.32,1,0,0,0,0,0,0,1,0,0,0,0,0,0,0,0,0,0
18,3,0,5,2.015,7,23,0,4,0,여유,0,3,3,3,1.36,1,0,0,0,0,0,0,0,0,0,0,0,0,0,0,0,0,0
44,3,0,16,0.863,0,13,0,3,0,여유,0,4,3,4,1.95,1,1,0,0,0,0,0,1,0,0,0,0,0,0,0,0,0,0
31,6,0,3,3.08,17,44,0,,,여유,,,,,1.54,0,0,1,0,0,0,0,0,0,0,0,1,0,0,0,0,0,0
33,3,0,2,3.728,7,53,0,,,여유,,,,,1.3,0,0,1,0,0,0,0,0,0,0,0,0,0,0,0,0,0,0
42,6,0,30,1.855,1,41,0,4,0,보통,0,3,3,2,7.9,1,0,0,1,0,0,1,0,0,0,0,1,0,0,0,0,0,0
48,12,1,1,4.722,20,66,1,,,매우혼잡,,,,,0.96,0,0,0,0,0,0,0,0,0,0,0,1,0,0,1,0,0,0
18,3,0,17,1.314,10,34,0,,,보통,,,,,3.11,0,1,1,0,1,1,0,0,0,0,0,1,0,0,0,1,0,1
38,6,1,13,1.349,2,44,0,2,0,보통,1,3,3,2,2.47,1,0,0,0,0,1,1,1,0,0,1,1,1,1,0,0,0,0
47,12,0,49,1.03,4,11,0,3,0,보통,0,2,2,2,7.23,1,1,1,1,0,0,0,0,0,0,1,0,0,1,0,0,0,0
21,12,1,4,2.847,2,33,0,,,보통,,,,,1.52,0,0,0,0,0,0,0,0,0,0,0,0,0,0,0,0,0,0
34,6,1,60,0.314,4,0,0,,,보통,,,,,3.12,0,1,0,1,0,0,0,1,1,0,1,0,0,0,1,1,1,0
39,3,0,2,3.878,4,54,0,4,0,보통,0,4,4,4,1.07,1,0,0,0,0,0,0,0,0,0,0,0,0,0,0,0,0,0
40,12,1,4,3.107,20,40,0,,,보통,,,,,1.61,0,0,0,0,0,0,1,0,0,1,0,1,0,0,0,1,0,0
36,12,1,1,5.814,18,64,1,4,0,보통,0,4,5,4,0.93,1,0,0,0,0,0,0,0,0,0,0,0,0,0,0,0,0,0
31,3,0,3,2.472,4,56,0,,,보통,,,,,1.21,0,0,0,0,0,0,0,0,0,0,1,0,0,1,0,0,0,0
20,3,0,14,1.285,2,23,0,,,여유,,,,,2.63,0,1,0,0,0,0,0,0,0,0,0,0,0,1,0,0,0,0
41,3,1,13,1.419,9,7,0,,,보통,,,,,2.68,0,1,0,0,0,0,0,0,0,0,1,0,0,0,0,0,1,0
44,1,1,11,1.953,1,17,0,2,0,매우혼잡,0,3,2,1,3.07,1,1,0,1,1,1,0,0,0,0,1,1,1,0,1,0,0,1
33,6,1,49,0.324,8,19,0,,,보통,,,,,2.29,0,1,1,0,0,0,1,1,0,0,0,0,1,0,0,1,0,0
41,12,1,1,4.3,11,22,0,4,0,혼잡,0,4,4,4,0.89,1,0,0,0,0,0,0,0,0,0,0,0,0,0,1,0,1,0
33,6,0,3,2.848,1,31,0,3,0,혼잡,0,2,3,3,1.34,1,1,0,0,0,0,0,0,0,0,0,0,0,0,0,0,0,1
35,6,0,3,2.723,8,43,0,3,0,여유,0,3,4,3,1.07,1,0,0,0,0,0,0,0,0,0,0,0,1,1,0,0,1,0
35,6,1,4,2.731,20,47,0,,,여유,,,,,1.42,0,0,0,0,0,0,0,0,0,0,0,0,0,0,0,0,0,1
20,3,0,8,1.89,2,21,0,2,0,혼잡,0,3,3,2,2.09,1,0,1,0,0,0,0,1,0,0,1,1,1,1,0,1,0,0
61,3,0,6,1.67,7,48,0,,,혼잡,,,,,1.52,0,1,0,1,0,0,0,0,0,0,1,0,0,0,0,0,0,0
26,3,1,5,2.652,3,32,1,,,매우혼잡,,,,,1.76,0,0,0,0,0,0,0,0,0,0,1,1,0,0,1,0,0,1
54,3,1,6,1.785,3,32,0,3,0,여유,0,4,3,4,1.53,1,0,0,0,0,0,0,0,0,0,0,0,0,0,0,0,0,0
28,3,0,4,2.195,5,42,0,4,0,보통,0,2,3,3,1.39,1,0,0,0,0,0,1,0,0,0,0,0,0,0,0,0,0,1
20,3,0,5,2.239,10,34,0,,,매우혼잡,,,,,1.57,0,0,0,0,0,0,0,0,0,0,1,0,1,0,0,0,0,1
34,6,0,60,0.315,7,1,0,,,여유,,,,,2.73,0,1,0,0,0,1,0,1,0,0,0,0,0,0,0,0,0,0
19,3,0,24,0.919,3,21,0,,,매우혼잡,,,,,3.19,0,1,0,0,0,0,1,1,0,0,0,0,0,0,0,1,0,0
38,6,1,3,2.486,23,33,0,,,매우혼잡,,,,,1.12,0,0,0,1,1,0,0,0,0,0,1,1,1,1,0,0,0,0
31,6,0,28,0.576,1,13,0,2,0,혼잡,0,2,2,2,2.27,1,1,0,1,0,0,0,0,0,0,1,1,0,1,0,1,1,0
15,12,0,4,2.309,2,40,0,3,0,여유,0,4,3,4,1.23,1,1,0,0,0,0,0,0,0,0,0,0,0,0,0,0,0,0
57,12,0,38,0.382,2,9,0,2,0,보통,0,3,2,2,2.09,1,0,1,0,0,0,0,0,1,0,0,1,0,1,0,0,0,0
25,3,0,26,2.663,4,14,1,3,0,매우혼잡,0,2,4,3,9.72,1,1,0,0,0,0,0,0,1,0,0,0,1,1,0,0,0,0
46,3,1,4,3.178,3,54,0,,,혼잡,,,,,1.67,0,0,0,0,0,0,0,0,0,0,0,0,1,0,0,0,1,0
29,6,1,1,4.377,4,49,0,4,0,여유,0,4,4,5,0.91,1,0,0,0,0,0,0,0,0,0,1,0,0,0,0,0,0,0
22,12,1,2,3.402,5,39,0,,,매우혼잡,,,,,1.16,0,0,0,0,1,0,0,0,0,0,1,1,0,0,0,0,0,0
54,6,1,2,4.199,9,61,0,4,0,매우혼잡,1,4,4,2,0.93,1,0,0,0,0,0,0,0,0,0,1,1,0,1,0,1,0,0
17,3,0,1,5.193,0,56,1,5,0,보통,0,3,5,4,0.82,1,0,0,0,0,1,0,0,0,0,0,0,0,0,1,0,0,0
39,6,0,4,2.707,4,16,0,3,0,여유,0,3,3,4,1.53,1,0,0,0,0,0,0,0,0,0,0,0,0,0,0,0,0,0
37,3,0,2,3.292,6,33,0,4,0,보통,0,4,5,4,1.0,1,0,0,0,0,0,0,0,0,0,0,0,0,0,0,0,0,0
68,12,0,2,4.023,6,56,1,5,0,보통,0,4,4,3,0.89,1,0,0,0,0,0,0,0,0,0,0,0,0,0,0,1,0,0
39,6,0,60,1.06,2,21,0,2,1,혼잡,0,3,3,3,10.71,1,1,0,0,0,0,0,0,0,0,0,1,0,0,1,1,1,1
45,6,0,8,1.569,13,47,0,3,0,보통,1,3,4,1,1.84,1,0,0,0,0,0,0,0,0,0,1,1,0,0,0,0,0,0
47,12,1,1,4.535,31,53,1,,,매우혼잡,,,,,0.83,0,0,1,0,0,0,0,0,1,0,0,0,0,1,1,1,1,1
50,12,0,2,4.084,36,34,1,3,1,보통,0,5,4,3,0.99,1,0,0,0,0,0,0,0,0,0,1,0,0,0,0,0,0,0
45,3,0,7,1.974,3,24,1,,,혼잡,,,,,2.03,0,1,0,0,0,0,0,0,0,0,1,0,1,0,0,0,0,0
37,12,0,3,3.173,4,26,1,,,보통,,,,,1.55,0,1,0,0,0,0,0,0,0,0,0,0,0,0,0,0,0,0
40,12,1,4,2.451,6,40,0,3,0,보통,1,3,2,1,1.37,1,0,0,0,0,0,0,0,0,0,1,0,0,1,0,0,0,0
35,3,0,45,1.017,2,18,0,3,0,여유,0,3,3,3,6.55,1,1,0,0,0,0,0,0,0,0,1,0,0,0,0,1,0,0
42,3,0,8,1.829,8,36,0,,,여유,,,,,2.04,0,0,0,0,0,0,0,0,0,0,0,0,0,0,0,0,0,0
36,12,1,10,2.721,13,67,0,3,0,혼잡,1,4,3,2,4.01,1,0,0,0,0,0,0,0,0,0,1,1,1,1,0,0,1,0
21,6,1,3,2.709,19,25,0,3,0,보통,0,4,3,4,1.0,1,0,0,0,0,1,0,0,0,0,0,0,0,0,0,0,0,0
43,12,0,2,4.375,8,50,1,3,0,매우혼잡,0,4,4,2,0.98,1,0,0,0,0,0,0,0,0,0,1,0,0,1,0,0,0,1
30,1,0,6,1.764,4,31,0,2,0,보통,0,2,3,3,1.6,1,0,0,0,0,0,0,0,0,0,0,0,0,0,0,0,0,0
18,3,1,3,2.891,3,20,0,2,0,매우혼잡,0,2,4,4,1.44,1,1,0,0,0,0,0,0,0,0,0,0,0,0,1,1,1,1
25,12,1,1,5.099,30,68,1,4,0,혼잡,1,4,5,3,1.03,1,0,0,0,0,0,0,0,0,0,0,1,0,1,0,0,0,0
41,12,0,1,5.095,6,63,1,5,0,여유,0,4,5,4,0.92,1,0,0,0,0,0,0,0,0,0,0,0,0,0,0,0,0,0
15,1,0,5,2.17,2,37,0,2,0,보통,0,3,3,3,1.49,1,0,0,0,0,0,0,0,0,0,0,0,0,0,0,1,0,0
25,1,1,1,4.76,3,54,1,4,0,보통,0,3,5,4,0.91,1,0,0,0,1,0,0,0,0,0,0,0,0,0,0,0,0,0
44,12,0,4,2.903,21,34,0,2,0,매우혼잡,0,2,3,3,1.62,1,0,0,0,0,0,1,0,0,0,1,0,0,0,0,0,1,0
25,6,0,49,1.491,2,23,0,3,0,매우혼잡,1,3,2,1,10.39,1,1,0,0,0,0,0,0,1,0,1,1,1,0,1,0,0,1
25,3,0,2,4.138,2,49,0,,,여유,,,,,1.09,0,0,0,0,0,0,0,1,0,0,0,0,0,0,0,0,0,0
23,6,0,2,3.916,14,66,1,4,0,보통,0,3,4,4,1.13,1,0,0,0,0,0,0,0,0,0,0,0,0,0,0,0,0,1
33,12,1,3,2.853,15,37,0,2,0,매우혼잡,1,3,3,2,1.31,1,0,0,0,0,0,0,0,0,0,1,1,1,1,1,0,1,1
28,12,1,5,4.634,18,38,0,4,0,혼잡,0,3,4,4,3.33,1,0,0,0,0,0,0,0,0,0,0,0,0,1,0,0,0,0
16,1,0,18,0.857,1,22,0,,,여유,,,,,2.19,0,0,0,0,0,0,1,1,0,0,0,0,0,0,0,0,0,0
20,6,0,51,0.366,14,14,0,2,0,보통,0,2,2,2,2.66,1,1,0,0,0,0,0,1,0,0,0,0,0,0,0,0,1,0
29,3,0,5,2.198,2,31,0,3,0,보통,0,4,4,3,1.51,1,0,0,0,0,0,0,0,0,0,0,0,0,0,0,0,0,0
44,3,1,3,3.546,2,48,0,5,0,보통,0,4,4,5,1.41,1,0,0,0,1,0,0,0,0,0,0,0,0,0,0,0,0,0
40,3,0,32,0.584,6,2,0,,,혼잡,,,,,2.71,0,1,0,1,1,0,0,0,0,0,1,0,0,0,0,0,1,0
29,6,0,1,4.815,10,45,0,4,0,여유,0,5,4,4,0.88,1,0,0,0,0,0,0,0,0,0,0,0,0,0,0,0,0,1
18,12,0,15,1.171,9,17,0,2,1,여유,0,4,3,3,2.51,1,0,0,0,0,0,0,0,0,0,0,0,0,0,0,0,0,0
38,3,0,1,5.414,3,59,1,,,여유,,,,,0.87,0,0,0,0,0,0,0,0,0,0,0,0,0,0,0,0,0,0
30,3,0,10,1.428,1,16,0,3,0,보통,0,3,2,2,2.04,1,0,1,0,0,0,0,0,0,0,1,0,1,0,0,0,0,0
46,6,0,3,2.449,4,28,0,,,매우혼잡,,,,,1.05,0,1,0,0,0,0,0,1,0,0,1,1,1,1,0,1,0,0
19,12,0,1,4.037,22,55,1,3,0,여유,0,3,4,4,0.8,1,0,0,0,0,0,0,0,0,0,0,0,0,0,0,0,0,0
36,6,0,42,0.547,7,15,0,,,여유,,,,,3.3,0,1,0,0,0,0,0,1,0,0,0,0,0,0,0,1,0,0
15,12,1,4,2.513,11,44,0,4,0,보통,0,2,4,3,1.55,1,1,0,0,0,0,0,0,0,0,0,0,0,0,0,0,0,0
36,6,1,2,4.0,4,48,1,2,0,혼잡,0,3,4,4,0.96,1,0,0,0,0,0,0,0,0,0,1,0,0,1,0,0,1,0
38,12,0,2,4.125,2,58,1,4,0,보통,0,4,4,3,1.08,1,0,0,0,0,0,0,0,0,0,0,0,0,0,1,0,0,0
33,12,0,1,5.396,8,54,1,4,0,보통,0,4,4,4,0.84,1,0,0,0,0,0,0,0,0,0,0,0,0,0,0,0,0,0
28,1,1,12,1.625,4,35,0,2,0,매우혼잡,0,3,2,2,2.71,1,0,0,0,0,0,0,0,0,0,1,0,1,0,1,1,0,1
15,3,0,14,1.531,3,31,0,2,0,혼잡,0,2,2,3,3.07,1,1,1,1,0,1,0,0,0,1,0,0,0,1,1,0,0,0
23,6,0,6,2.096,2,16,1,2,0,보통,0,3,4,2,1.78,1,1,0,0,0,0,0,0,0,0,0,1,0,0,0,0,1,0
25,3,0,4,2.839,3,48,1,,,여유,,,,,1.55,0,0,0,0,1,0,0,0,0,0,0,0,0,0,0,0,0,0
37,3,0,5,2.239,8,43,0,2,0,혼잡,0,3,2,2,1.55,1,0,0,0,0,0,0,0,0,0,1,0,0,1,0,0,0,0
64,12,1,2,4.059,10,49,0,,,보통,,,,,0.92,0,0,0,0,1,0,0,0,0,0,0,1,0,0,0,0,0,0
33,3,0,48,0.0,2,35,0,,,여유,,,,,2.07,0,1,0,0,0,0,0,0,0,1,0,0,0,0,0,0,0,0
41,12,0,10,1.819,1,27,0,3,0,여유,0,3,3,3,2.66,1,0,0,0,0,0,0,0,1,0,0,0,0,0,0,0,0,0
15,12,1,2,4.294,14,43,1,,,여유,,,,,1.04,0,0,0,0,0,0,0,0,0,0,0,0,1,0,0,0,0,0
29,6,0,3,2.605,4,41,0,3,0,보통,0,3,4,3,1.28,1,0,0,0,0,1,0,0,0,0,0,0,1,0,0,0,0,0
17,1,1,4,2.187,10,32,0,,,보통,,,,,1.26,0,0,0,0,0,0,0,1,0,0,0,0,0,0,0,0,0,0
44,6,0,11,3.774,13,48,0,4,0,여유,0,4,5,4,5.72,1,0,0,0,0,0,0,0,0,0,0,0,0,0,1,0,0,1
26,1,1,2,4.106,3,48,0,,,여유,,,,,0.9,0,0,0,0,0,0,0,0,0,1,0,1,1,0,1,0,0,0
40,3,1,18,0.965,5,2,0,1,1,혼잡,0,2,2,2,2.53,1,1,0,0,0,0,0,0,0,0,1,1,0,1,1,1,1,1
26,6,1,21,0.862,10,24,0,,,여유,,,,,2.62,0,1,0,1,0,0,0,0,0,0,0,0,0,0,1,0,0,1
33,12,0,27,0.707,3,17,1,,,보통,,,,,2.77,0,1,0,0,0,0,0,1,0,0,0,1,0,0,1,1,1,1
15,1,0,15,1.081,1,14,1,,,혼잡,,,,,2.25,0,1,0,0,0,0,0,0,1,1,0,0,1,0,0,1,0,0
31,6,0,20,0.964,11,9,0,,,혼잡,,,,,2.73,0,0,1,0,0,0,0,1,0,0,1,0,1,1,0,0,0,0
43,1,0,37,1.385,3,35,0,4,0,여유,0,3,4,3,7.39,1,1,0,0,0,0,1,0,0,0,0,0,0,0,0,0,1,0
20,3,0,2,3.908,6,37,0,4,0,매우혼잡,0,3,3,4,1.21,1,0,0,0,0,0,0,0,0,0,0,0,0,0,0,0,0,0
15,3,1,5,2.284,3,14,0,,,여유,,,,,1.77,0,0,0,0,0,0,0,0,0,0,1,0,0,0,0,0,1,0
41,12,0,1,5.589,10,68,1,4,0,혼잡,0,4,5,4,0.87,1,0,0,0,0,0,0,0,0,0,0,0,0,0,0,0,0,0
47,3,1,3,3.276,4,41,0,,,매우혼잡,,,,,1.35,0,0,0,0,0,0,0,0,1,0,0,1,1,0,0,1,0,1
36,12,0,60,0.094,1,2,0,3,0,보통,0,3,3,2,12.36,1,1,0,0,0,0,0,0,0,0,1,0,0,1,0,0,0,0
32,6,1,19,1.19,4,18,0,,,보통,,,,,3.23,0,0,0,0,1,0,0,0,0,0,0,0,0,0,0,0,0,0
32,6,0,52,0.09,2,6,1,2,1,보통,0,1,3,3,2.22,1,1,0,1,0,0,1,1,1,0,0,0,1,0,1,0,0,0
32,12,0,20,2.481,18,41,0,3,0,매우혼잡,0,2,2,2,7.1,1,1,0,0,0,0,0,0,0,0,1,1,0,1,0,1,0,0
31,3,1,2,4.231,7,49,0,5,0,혼잡,1,4,4,2,1.0,1,0,0,0,1,0,0,0,0,0,1,1,1,0,0,1,0,0
53,3,0,2,3.535,2,41,1,4,0,혼잡,0,4,4,3,1.17,1,0,0,0,0,0,0,0,0,0,0,1,1,1,0,0,0,0
24,12,0,3,3.639,8,33,1,,,혼잡,,,,,1.42,0,1,0,0,0,0,0,0,0,0,0,0,1,1,0,0,0,1
30,6,1,3,2.406,6,28,1,,,여유,,,,,1.0,0,0,0,0,0,0,0,0,0,0,0,0,0,0,0,1,0,0
28,3,1,2,3.016,2,49,0,,,혼잡,,,,,1.05,0,0,0,0,0,0,0,0,1,0,0,0,0,0,0,0,0,0
35,6,1,6,5.599,10,61,1,4,0,보통,0,4,4,4,4.99,1,0,0,0,0,0,0,0,0,0,0,0,0,0,0,0,0,0
43,3,0,60,0.0,0,2,0,,,보통,,,,,2.67,0,1,0,0,0,1,0,0,0,0,0,0,0,0,1,0,0,0
16,12,0,3,3.496,11,44,0,4,0,여유,0,4,5,4,1.65,1,1,0,0,0,0,0,0,0,0,0,0,0,0,0,0,1,0
47,3,0,5,2.123,1,35,0,,,보통,,,,,1.55,0,0,0,1,0,0,0,0,0,0,1,0,0,0,0,1,0,0
23,12,0,2,3.91,6,48,0,3,0,혼잡,0,3,3,4,1.18,1,1,0,0,0,0,0,0,0,0,0,0,1,0,0,1,0,0
25,1,0,5,2.181,2,31,0,,,혼잡,,,,,1.69,0,0,0,0,0,0,1,1,0,0,0,0,0,0,0,1,0,0
37,12,0,4,2.607,16,16,1,2,0,혼잡,0,4,4,4,1.51,1,0,0,0,0,0,0,0,0,0,0,0,0,0,0,1,0,1
39,6,0,18,1.027,7,18,0,,,보통,,,,,2.68,0,0,1,1,1,0,0,0,1,0,0,0,0,0,0,0,0,1
33,6,0,11,1.386,13,15,1,,,혼잡,,,,,2.12,0,1,0,0,0,0,0,0,0,0,1,0,0,0,0,1,1,0
31,3,0,4,2.467,1,39,0,3,0,보통,0,3,3,3,1.3,1,0,1,0,0,0,0,0,0,0,1,0,0,0,0,0,0,0
54,1,1,12,1.428,1,11,0,3,0,보통,0,2,3,2,2.35,1,1,0,0,0,0,0,0,0,0,0,0,0,1,0,0,1,0
37,6,0,7,1.921,5,51,0,4,0,여유,0,3,3,4,1.92,1,1,0,0,0,0,0,0,0,0,0,0,0,0,0,0,0,0
37,6,1,2,4.054,1,57,0,,,여유,,,,,0.87,0,0,0,0,0,0,0,0,0,0,0,0,0,0,0,0,0,0
30,12,0,5,2.335,13,0,0,,,혼잡,,,,,1.68,0,0,0,0,0,1,0,0,0,0,0,1,1,0,1,0,0,1
18,12,0,2,4.673,14,42,1,,,혼잡,,,,,1.04,0,0,0,0,0,0,0,0,0,0,1,0,0,0,0,0,0,0
31,12,0,4,2.707,25,26,0,,,보통,,,,,1.54,0,1,0,0,0,0,0,0,0,0,0,0,0,0,0,1,0,0
42,3,1,3,2.399,4,48,0,3,0,혼잡,0,4,4,2,1.04,1,0,0,0,0,0,0,0,0,0,1,1,1,0,0,0,0,0
27,3,0,1,5.458,5,79,0,4,0,혼잡,0,5,5,4,1.0,1,0,1,0,0,0,0,0,0,0,1,0,0,0,0,0,0,0
34,6,1,1,4.746,27,52,1,4,0,보통,0,4,5,4,0.94,1,0,0,0,0,0,0,0,0,0,0,1,0,0,0,0,0,0
28,12,0,3,3.143,24,25,0,,,보통,,,,,1.35,0,0,1,0,0,0,0,0,0,0,0,0,0,0,0,0,0,0
16,6,1,3,2.446,27,28,0,4,0,여유,0,4,4,4,1.0,1,0,0,0,0,0,0,0,0,0,0,0,0,0,1,0,0,0
25,6,0,17,1.138,15,26,0,,,혼잡,,,,,2.84,0,1,0,0,0,1,1,1,0,1,1,0,0,0,0,0,1,0
36,6,0,6,1.938,5,19,0,3,0,혼잡,0,2,3,2,1.76,1,1,0,0,0,0,1,0,0,1,1,1,0,0,0,0,0,0
43,6,1,3,2.993,8,31,0,,,혼잡,,,,,1.19,0,0,0,0,0,0,0,0,0,0,1,1,0,0,0,0,0,0
28,1,0,5,2.368,2,22,0,3,0,보통,0,3,3,3,1.59,1,0,0,0,0,0,1,1,0,1,0,0,0,0,1,0,0,0
59,6,1,4,2.042,2,53,0,,,혼잡,,,,,1.2,0,1,0,0,0,0,1,0,0,0,0,0,0,0,0,0,0,1
33,6,0,7,1.597,5,24,0,4,0,여유,0,3,3,4,1.56,1,1,0,0,0,0,0,0,1,0,0,0,0,0,0,0,0,0
46,12,0,3,2.54,10,20,0,4,0,여유,0,3,3,3,1.15,1,0,0,0,0,1,0,0,0,0,0,0,0,0,0,1,1,0
24,12,1,1,4.925,21,53,0,,,매우혼잡,,,,,0.98,0,0,0,0,0,0,0,0,0,0,1,1,0,1,0,0,0,0
26,1,0,2,4.249,2,49,0,4,0,여유,0,4,4,4,1.07,1,0,1,0,0,0,0,0,0,1,0,0,1,0,0,0,0,0
15,3,0,23,0.522,8,17,0,2,1,혼잡,0,4,3,3,1.72,1,1,0,0,0,0,0,0,0,0,1,0,0,1,0,1,0,0
30,12,0,43,0.427,8,33,0,,,매우혼잡,,,,,2.61,0,0,1,0,0,0,0,1,0,0,1,1,1,1,0,1,0,1
22,6,1,1,5.518,1,57,1,4,0,여유,0,4,5,4,1.07,1,0,0,0,0,0,0,0,0,0,0,0,0,0,0,0,0,0
15,6,0,4,2.329,9,23,0,,,여유,,,,,1.36,0,1,0,1,0,0,0,0,0,0,0,0,0,0,0,0,0,0
42,12,1,3,3.138,23,40,0,4,0,보통,1,4,3,2,1.39,1,0,0,0,0,1,0,0,0,0,0,0,1,0,0,0,0,0
50,3,0,5,2.421,5,31,0,3,0,혼잡,0,3,4,4,1.64,1,0,0,0,0,0,0,0,0,0,0,0,1,0,0,0,1,0
33,1,0,5,2.157,3,38,0,,,매우혼잡,,,,,1.5,0,0,1,0,0,0,0,0,0,0,1,1,0,1,0,0,0,0
48,3,0,12,1.172,6,22,0,3,0,보통,0,2,3,1,2.06,1,0,0,0,1,0,0,0,1,1,1,1,0,1,0,0,1,0
22,12,0,1,5.148,22,56,1,4,0,보통,0,4,4,4,0.99,1,0,0,0,0,0,0,0,0,0,0,0,0,0,0,0,0,0
34,6,1,5,2.705,7,47,0,4,0,여유,0,3,3,3,1.8,1,0,0,0,0,1,0,0,0,0,0,0,0,0,0,0,0,0
21,1,0,40,0.421,0,14,0,2,1,여유,0,2,2,3,2.41,1,1,0,1,1,0,1,0,0,1,0,0,0,0,0,0,0,1
31,1,0,4,2.773,3,25,0,3,0,혼잡,0,3,3,2,1.66,1,0,0,0,1,0,1,0,0,0,1,0,0,1,0,0,0,0
41,3,1,2,4.801,9,56,1,4,0,보통,0,4,4,4,1.04,1,0,0,0,0,0,0,0,0,0,0,0,0,0,0,0,0,0
15,12,0,1,5.65,11,50,1,4,0,보통,0,4,4,4,0.94,1,0,0,0,0,0,0,0,0,0,0,0,0,0,0,0,0,0
26,12,0,6,2.015,14,54,0,2,0,매우혼잡,0,2,3,3,1.74,1,1,0,0,0,0,1,0,0,0,1,0,0,1,0,1,1,0
17,3,0,4,2.563,13,36,0,,,여유,,,,,1.59,0,1,0,0,0,0,0,0,0,1,0,1,0,0,0,0,0,0
15,12,1,3,2.808,11,35,0,2,0,혼잡,1,4,3,2,1.34,1,0,0,0,0,1,0,0,0,1,1,1,1,1,0,0,0,0
38,6,1,19,0.88,8,13,1,1,1,보통,0,2,3,2,2.42,1,1,0,0,0,0,0,0,0,0,1,0,0,0,0,0,0,1
45,6,0,4,3.0,4,31,0,3,0,여유,0,3,4,4,1.62,1,0,0,0,0,0,0,0,0,0,0,0,0,0,0,0,0,0
39,12,0,5,2.196,8,46,0,3,0,혼잡,0,3,4,3,1.47,1,0,0,0,0,0,0,0,0,0,0,1,1,0,0,0,0,0
29,1,0,5,2.351,6,24,0,3,0,혼잡,0,3,3,3,1.74,1,0,0,0,0,0,1,0,0,0,0,0,0,1,0,1,0,0
35,12,1,13,3.507,17,55,0,3,0,보통,0,3,4,3,6.71,1,1,0,0,0,0,0,0,0,0,0,0,0,0,0,0,0,0
46,3,1,3,3.143,2,33,0,,,혼잡,,,,,1.39,0,0,0,0,0,0,0,0,0,0,0,0,0,0,1,0,0,0
32,3,0,2,3.111,6,40,1,,,보통,,,,,1.11,0,1,0,0,0,0,0,0,0,0,0,1,0,0,0,0,0,0
42,6,0,4,2.661,12,43,0,3,0,여유,0,3,3,2,1.54,1,0,0,0,0,0,0,0,0,0,0,1,1,0,0,0,0,0
48,12,0,5,2.064,6,40,0,,,혼잡,,,,,1.54,0,1,1,0,0,0,0,0,0,0,0,0,0,0,1,0,0,0
34,1,0,35,0.641,1,19,0,,,보통,,,,,3.25,0,1,0,0,1,0,0,0,1,1,0,0,0,1,0,0,0,1
15,6,0,3,2.191,8,38,0,3,0,보통,0,3,3,2,1.08,1,0,0,0,0,0,0,1,0,0,1,1,0,1,0,0,0,0
41,1,0,3,2.906,7,34,1,3,0,여유,0,2,5,4,1.29,1,0,0,0,0,0,0,1,0,0,0,0,0,0,0,1,0,0
36,6,0,20,1.082,11,20,0,2,0,보통,1,3,3,2,3.08,1,1,0,1,1,0,0,0,0,0,1,0,1,0,0,0,0,0
49,6,0,3,2.542,2,42,0,3,0,보통,0,4,4,4,1.25,1,0,0,0,0,0,0,0,0,1,0,1,0,0,0,0,1,0
46,6,0,15,0.954,5,29,0,2,0,매우혼잡,0,2,2,2,2.1,1,1,0,0,0,1,0,0,0,0,1,0,0,0,0,1,1,0
40,6,0,3,2.432,6,20,0,,,여유,,,,,1.05,0,0,0,0,0,0,0,0,0,0,0,0,0,0,0,0,0,0
41,6,1,11,1.729,17,19,0,,,여유,,,,,2.75,0,0,0,1,0,0,0,0,1,0,0,0,0,0,0,0,0,0
43,6,0,36,0.591,7,12,0,2,0,여유,0,3,3,3,3.03,1,1,0,0,0,0,0,0,0,0,0,0,0,0,1,0,0,0
26,1,0,17,1.001,5,14,0,3,0,혼잡,0,2,3,2,2.49,1,1,0,0,0,0,1,0,0,1,0,0,0,0,1,0,0,0
15,6,0,4,2.784,8,31,1,3,0,매우혼잡,1,3,3,2,1.4,1,0,0,0,0,0,0,0,0,0,1,0,1,1,0,0,0,0
47,12,0,14,1.339,6,21,0,2,0,보통,0,2,3,2,2.74,1,1,1,0,1,0,1,1,1,0,0,0,0,0,1,0,1,0
24,6,1,3,3.026,3,34,1,4,0,보통,0,3,4,3,1.51,1,0,1,0,0,0,0,0,0,0,0,0,1,0,0,0,0,1
29,3,0,60,1.117,2,30,0,2,0,혼잡,0,2,2,2,18.92,1,1,0,0,0,0,1,0,0,1,1,0,1,0,1,1,0,0
16,12,0,18,0.645,21,38,0,4,0,혼잡,0,4,3,3,1.67,1,0,0,0,0,0,0,0,0,0,0,0,0,0,0,0,0,0
26,3,1,3,2.447,10,41,0,,,보통,,,,,1.1,0,0,0,0,0,0,0,0,0,1,0,1,0,0,0,0,0,0
39,12,0,1,5.31,5,50,0,3,0,매우혼잡,0,5,3,3,0.99,1,0,0,0,0,0,0,0,0,0,1,0,0,1,0,0,0,0
38,1,0,27,0.572,11,30,1,2,1,보통,0,3,3,2,2.23,1,0,0,0,0,0,1,1,0,1,0,0,0,0,0,0,0,0
46,1,0,5,2.116,4,24,0,,,매우혼잡,,,,,1.37,0,1,0,0,1,1,0,0,0,1,1,1,0,0,0,0,0,0
45,6,0,13,0.9,10,20,0,,,보통,,,,,1.65,0,0,1,0,0,1,0,0,0,0,1,1,1,0,0,0,1,1
29,12,0,60,1.625,12,18,1,2,0,혼잡,0,2,3,2,14.34,1,1,0,0,0,0,0,0,1,0,0,1,0,0,0,1,1,0
40,12,0,8,1.718,28,42,0,,,보통,,,,,1.89,0,0,1,0,0,0,0,1,0,0,0,0,0,0,0,1,0,0
26,6,0,1,4.373,13,52,1,,,혼잡,,,,,0.81,0,0,0,0,0,0,0,0,0,0,0,0,0,0,0,0,0,1
27,3,0,21,0.911,4,44,0,,,여유,,,,,2.67,0,1,0,0,0,0,0,0,0,0,0,0,0,0,0,0,0,0
17,3,0,3,2.199,5,36,0,,,보통,,,,,1.05,0,0,0,0,0,0,0,0,0,0,0,0,0,0,0,0,0,0
37,3,0,4,2.413,7,22,1,4,0,보통,1,3,3,2,1.27,1,0,0,0,0,0,0,0,0,0,1,1,0,1,0,0,0,0
43,1,0,3,2.347,2,37,1,,,혼잡,,,,,1.03,0,0,0,0,0,0,1,1,1,0,1,0,0,1,0,0,0,0
15,1,0,20,0.829,0,0,0,,,보통,,,,,2.37,0,1,0,0,0,0,0,0,0,0,0,0,0,0,0,1,0,0
24,12,0,1,4.423,35,48,1,,,보통,,,,,0.89,0,0,0,0,0,0,0,0,0,0,0,0,0,0,0,0,0,0
30,12,1,3,2.968,36,16,0,,,보통,,,,,1.46,0,0,0,0,0,0,0,0,0,0,0,1,0,0,0,1,0,1
41,3,0,14,1.285,5,39,0,3,0,혼잡,0,3,2,2,2.48,1,0,0,0,0,0,0,0,0,0,0,1,0,0,0,0,0,0
18,12,1,3,3.22,28,43,0,,,혼잡,,,,,1.29,0,0,0,0,0,0,0,0,0,0,1,0,1,0,1,0,0,1
15,6,0,17,0.943,8,13,0,,,보통,,,,,2.33,0,1,0,0,0,1,0,0,0,1,0,0,1,1,0,1,0,1
27,3,1,29,1.861,3,30,0,,,보통,,,,,7.69,0,1,0,0,0,0,0,0,0,0,0,0,0,0,0,0,0,1
24,3,1,3,3.978,8,55,1,,,혼잡,,,,,1.51,0,0,0,0,0,1,0,0,1,1,0,0,0,0,0,0,0,0
21,6,0,60,0.0,19,8,0,2,0,보통,0,2,3,2,3.23,1,1,0,0,0,1,0,1,0,1,1,1,0,0,1,1,0,0
27,12,0,2,4.059,16,64,0,4,0,보통,1,4,3,2,0.87,1,0,0,0,0,0,0,0,0,0,0,0,0,0,1,0,0,0
44,3,0,60,0.0,2,0,0,,,혼잡,,,,,3.04,0,1,0,1,1,0,0,0,0,0,1,0,0,0,0,1,1,1
53,6,0,4,2.444,3,15,0,3,0,여유,0,3,3,4,1.51,1,0,0,0,0,0,1,1,0,1,0,0,0,0,0,0,0,0
43,12,1,3,3.774,4,67,1,,,여유,,,,,1.71,0,0,0,0,0,0,0,0,0,0,0,0,0,0,0,0,0,0
27,12,1,3,3.376,9,39,0,,,보통,,,,,1.28,0,0,0,0,0,0,0,1,0,0,0,0,0,0,0,0,0,1
21,12,1,2,4.834,21,58,1,3,0,혼잡,1,4,4,2,1.08,1,0,0,0,0,0,0,0,0,0,1,0,0,1,0,0,1,0
39,3,0,4,2.575,6,20,0,,,여유,,,,,1.54,0,0,0,0,0,0,0,0,0,0,0,0,0,0,0,0,0,0
15,1,0,4,2.08,4,37,0,2,0,보통,0,3,4,3,1.22,1,0,0,0,0,0,0,0,0,0,0,0,0,0,0,0,0,0
24,3,0,35,0.442,2,17,0,,,여유,,,,,2.2,0,0,0,0,1,0,0,0,0,0,0,0,0,0,0,1,0,1
15,6,0,4,3.166,12,40,1,,,여유,,,,,1.66,0,1,0,1,0,0,0,0,0,0,0,0,0,0,0,0,0,1
20,3,0,44,0.03,5,18,0,,,보통,,,,,1.89,0,1,0,0,0,0,1,0,0,0,1,0,0,0,0,1,0,1
20,6,1,7,1.832,10,29,1,,,보통,,,,,1.75,0,0,0,0,0,0,0,0,0,0,0,0,0,0,0,0,0,0
39,1,0,53,0.0,3,18,0,1,1,여유,0,4,4,3,2.26,1,1,0,0,0,0,0,0,0,0,0,0,0,0,0,0,1,1
35,6,0,4,2.174,4,38,0,3,0,여유,0,4,3,2,1.37,1,0,0,1,0,0,0,0,0,0,0,0,0,0,0,0,0,0
43,3,1,10,1.728,2,36,0,,,여유,,,,,2.57,0,0,0,1,0,0,1,0,0,0,0,1,1,0,1,0,0,0
32,3,0,1,5.09,1,50,1,,,보통,,,,,1.05,0,0,0,0,0,0,0,0,0,0,0,0,0,0,0,0,0,0
30,12,0,6,1.965,17,18,0,2,0,보통,0,3,3,3,1.66,1,1,0,0,0,0,0,1,0,1,1,0,0,0,0,0,0,1
15,3,1,2,4.191,4,62,1,4,0,혼잡,0,4,4,4,1.08,1,0,0,0,0,1,0,0,0,0,1,0,0,0,0,1,0,0
47,3,0,2,2.901,3,25,0,3,0,여유,0,4,4,4,1.01,1,0,0,0,0,0,0,0,0,0,0,0,0,0,0,1,0,0
42,3,1,1,5.57,9,58,0,,,혼잡,,,,,0.88,0,0,0,0,0,0,0,0,0,0,1,0,0,0,0,0,1,0
20,6,0,18,1.181,20,35,1,,,여유,,,,,3.06,0,0,0,0,0,0,0,0,1,0,0,0,0,1,0,0,0,0
44,6,1,3,3.234,19,39,0,,,여유,,,,,1.18,0,0,0,0,0,0,0,0,0,0,0,0,0,0,0,0,0,0
34,6,0,2,3.345,8,51,1,,,혼잡,,,,,1.08,0,0,0,0,0,0,0,0,0,0,1,0,1,0,0,0,0,0
15,3,0,60,0.0,6,4,0,,,혼잡,,,,,3.25,0,1,0,0,0,0,1,0,0,1,1,1,1,1,0,1,0,0
31,6,1,1,4.924,13,47,1,4,0,여유,0,5,5,4,0.95,1,0,0,0,0,0,0,0,0,0,0,0,0,0,0,0,0,0
43,6,0,28,0.737,5,22,0,2,0,혼잡,0,2,2,3,2.91,1,1,0,1,1,0,0,0,0,0,0,0,0,0,0,0,0,0
42,6,0,5,2.5,4,48,0,3,0,보통,0,3,3,4,1.8,1,0,0,0,0,0,0,0,0,0,0,0,0,0,0,0,0,0
27,6,1,25,0.814,2,10,0,3,0,여유,0,3,4,1,2.9,1,0,0,0,0,0,0,0,0,0,0,1,0,0,0,0,0,0
39,1,0,60,0.0,1,12,0,2,0,보통,0,2,2,2,3.17,1,0,0,0,0,0,0,0,1,0,1,0,0,0,0,0,0,0
17,1,1,2,3.785,1,43,0,4,0,여유,0,3,4,4,1.2,1,0,0,0,0,0,0,0,0,1,0,0,0,0,1,0,0,0
31,12,1,4,3.255,27,53,0,,,보통,,,,,1.75,0,0,0,0,0,0,0,0,0,0,1,1,0,1,0,0,0,0
35,12,1,5,2.075,6,47,0,4,0,매우혼잡,1,2,2,1,1.45,1,0,0,0,0,0,0,1,0,0,1,1,1,1,1,0,1,0
33,1,1,3,3.077,6,48,1,,,매우혼잡,,,,,1.48,0,0,0,1,0,0,0,0,0,1,0,0,0,1,0,0,1,0
43,12,1,15,1.175,3,3,0,2,0,여유,0,3,2,3,2.48,1,0,1,1,1,1,0,0,0,0,0,0,0,0,0,0,0,0
23,3,0,4,2.658,3,46,0,4,0,보통,0,4,5,4,1.35,1,0,0,0,0,0,0,0,0,0,0,0,0,0,1,0,0,0
46,3,1,30,0.649,11,14,0,,,매우혼잡,,,,,2.74,0,0,0,0,0,0,0,1,0,0,0,1,1,0,1,1,1,0
20,3,0,5,2.142,9,46,0,,,여유,,,,,1.51,0,0,0,0,0,0,0,0,0,0,0,0,0,1,0,0,0,0
34,3,0,2,4.227,4,34,0,,,매우혼잡,,,,,0.92,0,0,0,0,0,0,1,0,0,0,1,0,1,0,0,1,0,1
40,3,0,9,1.637,8,40,0,,,여유,,,,,2.08,0,1,0,0,0,1,0,0,0,0,1,0,0,0,0,1,0,0
43,1,0,60,1.042,5,30,0,2,0,보통,0,3,3,2,14.62,1,1,0,0,1,0,1,0,0,0,0,0,0,0,0,0,0,0
41,3,0,39,0.408,1,18,0,1,0,매우혼잡,0,2,3,2,2.29,1,1,0,0,0,0,0,0,0,0,1,1,1,1,0,1,0,1
45,6,0,12,1.316,5,27,0,3,0,혼잡,0,2,3,3,2.23,1,0,0,0,0,0,0,0,1,0,1,0,0,0,1,0,1,0
32,6,0,3,3.286,3,55,1,,,보통,,,,,1.23,0,0,0,0,0,0,0,1,0,0,0,0,0,0,0,0,0,0
20,1,0,12,1.81,3,25,0,2,0,보통,0,3,3,3,3.0,1,0,0,0,0,0,0,0,0,0,0,1,0,0,0,1,0,1
15,6,0,10,1.531,4,31,0,3,0,혼잡,1,3,2,2,2.08,1,1,0,1,0,1,0,0,0,0,1,1,1,0,0,0,0,0
15,3,1,4,2.143,0,37,0,,,보통,,,,,1.28,0,1,0,0,0,1,0,0,0,0,0,0,0,0,0,0,0,0
46,12,0,45,0.417,12,4,0,,,혼잡,,,,,2.71,0,1,0,0,0,0,1,0,0,0,1,1,1,1,0,1,1,0
36,3,0,22,0.946,4,26,0,,,혼잡,,,,,2.99,0,1,0,0,0,0,0,0,0,0,1,0,0,1,1,1,0,0
22,6,0,23,0.624,2,16,1,,,보통,,,,,2.01,0,0,0,0,0,0,1,1,1,0,0,1,1,0,0,1,0,0
36,6,1,3,3.486,9,48,0,3,0,보통,0,4,4,3,1.71,1,0,0,0,0,0,1,0,0,0,0,1,1,0,0,0,0,0
39,12,0,1,4.323,16,77,1,4,0,보통,0,5,4,3,0.85,1,0,0,0,0,0,0,0,0,0,0,0,0,0,0,0,0,0
59,12,0,1,4.213,6,37,1,3,0,혼잡,0,4,4,4,0.86,1,0,0,0,0,0,1,0,0,0,1,0,0,0,1,0,0,0
52,1,1,1,5.378,1,51,1,4,0,보통,0,3,4,4,0.88,1,0,0,0,0,0,1,1,0,1,0,0,0,0,0,1,0,0
42,12,1,2,4.289,9,36,1,3,0,혼잡,0,3,4,3,1.08,1,0,0,0,0,0,1,0,0,0,0,0,0,0,1,1,0,0
29,3,0,45,0.0,6,0,0,2,1,보통,0,3,3,3,1.93,1,0,0,0,0,0,0,0,0,0,0,0,0,0,1,1,0,0
33,6,1,3,3.316,36,39,1,3,0,보통,0,3,4,3,1.41,1,0,0,0,0,0,0,0,0,1,0,0,0,0,0,0,0,0
25,12,0,11,2.734,23,30,0,,,여유,,,,,4.13,0,0,0,0,0,0,0,0,0,0,0,0,0,0,0,0,0,0
29,1,0,2,3.007,5,39,0,3,0,매우혼잡,0,3,3,3,1.05,1,0,0,0,0,0,0,0,1,0,0,0,1,1,1,1,0,0
46,12,1,4,3.229,25,61,1,,,보통,,,,,1.62,0,0,0,0,0,0,0,0,0,0,0,1,0,0,1,0,0,0
44,12,0,4,2.728,10,52,0,,,혼잡,,,,,1.64,0,0,0,0,0,0,0,0,0,0,1,1,1,1,0,0,0,0
23,12,1,3,3.655,36,38,0,,,보통,,,,,1.42,0,0,0,0,0,0,0,0,0,0,0,0,0,0,0,0,0,0
28,12,1,4,5.315,19,56,0,4,0,매우혼잡,0,3,3,3,2.97,1,0,0,1,0,0,0,0,0,0,1,1,0,0,0,0,0,0
39,12,0,10,1.728,8,20,1,,,매우혼잡,,,,,2.49,0,0,0,0,0,0,0,0,1,1,1,0,0,0,0,0,0,0
43,12,0,4,3.223,11,46,0,4,0,보통,0,3,4,4,1.77,1,0,0,0,0,0,0,0,0,1,0,0,1,0,0,0,0,0
37,3,0,11,1.285,3,13,0,4,0,혼잡,0,3,4,3,1.94,1,0,0,0,0,0,0,0,0,0,0,0,1,0,0,0,0,0
21,12,0,4,2.034,1,41,0,3,0,여유,0,3,4,4,1.03,1,0,0,0,0,0,0,0,0,0,0,0,0,0,0,0,0,0
29,12,0,4,3.081,16,36,0,,,혼잡,,,,,1.77,0,0,0,0,0,0,0,0,0,0,0,0,0,0,0,0,0,0
39,12,0,22,2.086,18,32,0,,,혼잡,,,,,6.63,0,1,1,0,0,0,0,1,0,0,1,1,1,1,1,1,1,1
46,1,0,12,1.605,2,34,0,3,0,여유,0,3,2,3,2.78,1,1,0,1,1,0,1,0,0,1,0,0,0,0,0,1,1,0
15,1,0,60,0.128,1,13,0,,,보통,,,,,3.09,0,1,0,1,0,0,0,1,1,0,0,0,0,0,0,0,0,0
28,6,1,4,2.157,20,18,0,2,1,혼잡,0,2,2,2,1.1,1,0,1,0,0,0,0,0,0,0,1,0,1,0,1,1,1,0
37,6,0,3,3.568,17,35,0,,,여유,,,,,1.46,0,1,1,0,0,0,0,0,0,0,0,0,0,0,0,0,0,0
47,6,1,5,2.5,5,43,0,,,매우혼잡,,,,,1.74,0,0,0,0,0,0,1,0,0,0,1,1,0,0,0,1,0,0
30,12,0,4,2.483,19,43,0,,,매우혼잡,,,,,1.51,0,0,0,0,0,0,0,0,0,0,1,0,1,0,0,1,0,1
36,1,0,4,2.967,6,41,1,,,혼잡,,,,,1.79,0,0,0,0,0,0,0,0,0,1,1,1,1,0,0,0,0,0
46,1,0,60,0.0,2,12,0,,,보통,,,,,3.16,0,0,1,1,0,0,1,1,0,1,1,0,1,0,0,1,0,0
34,6,0,3,2.561,12,31,0,,,매우혼잡,,,,,1.1,0,0,0,1,0,0,0,0,0,0,0,1,0,0,0,0,1,0
45,12,0,3,3.664,2,45,1,4,0,혼잡,0,2,4,3,1.66,1,0,0,0,0,0,0,1,0,0,0,0,0,0,0,0,0,0
45,6,0,1,4.538,4,59,1,4,0,여유,0,4,4,4,0.94,1,0,0,0,0,0,1,0,1,0,0,0,0,0,0,0,0,0
44,12,0,4,2.363,6,19,1,,,혼잡,,,,,1.4,0,0,0,0,0,0,0,0,0,0,1,0,0,0,1,1,0,0
22,3,0,3,2.596,3,12,0,4,0,보통,0,3,3,4,1.2,1,1,0,0,0,0,0,0,1,0,0,0,0,0,0,0,0,0
40,3,0,4,2.161,9,40,0,,,보통,,,,,1.18,0,1,0,0,0,0,0,0,0,0,0,0,0,0,0,1,0,0
42,12,0,11,1.565,4,18,0,,,혼잡,,,,,2.4,0,0,0,0,0,0,0,0,0,0,0,0,1,0,1,1,0,0
39,12,0,3,2.927,16,33,0,,,혼잡,,,,,1.21,0,1,0,0,0,0,1,0,0,0,1,0,1,0,0,0,1,0
31,6,0,3,3.534,5,48,0,4,0,매우혼잡,0,4,3,4,1.54,1,0,1,0,0,0,0,0,0,0,1,0,1,0,0,0,0,0
24,6,0,14,1.3,9,22,0,4,0,혼잡,1,4,3,2,2.64,1,0,0,0,0,0,0,0,0,0,1,1,1,1,0,0,0,0
37,3,0,55,0.0,4,5,0,,,혼잡,,,,,2.36,0,0,1,1,0,0,0,0,0,0,1,1,0,0,1,1,1,1
38,1,0,6,1.874,2,39,0,,,매우혼잡,,,,,1.59,0,0,0,1,0,0,1,0,0,0,1,1,0,1,1,0,0,0
41,3,0,37,0.589,2,2,0,,,보통,,,,,3.11,0,1,0,0,0,0,0,0,0,0,0,0,0,0,1,1,0,1
42,12,0,15,1.364,6,40,0,2,0,여유,0,3,3,3,2.89,1,1,0,0,0,0,0,0,0,1,0,0,0,0,0,0,0,0
32,12,0,2,4.23,13,57,0,,,혼잡,,,,,1.04,0,0,0,0,0,0,0,0,0,0,0,0,0,0,0,0,0,0
24,3,0,2,3.765,14,51,0,4,0,보통,0,4,4,4,1.14,1,0,0,0,0,0,0,0,0,0,0,1,0,0,0,0,0,0
15,12,0,4,2.555,24,28,0,,,혼잡,,,,,1.48,0,1,0,0,0,0,0,0,0,0,0,0,0,1,1,0,0,0
30,3,0,14,1.092,6,10,0,,,보통,,,,,2.25,0,1,0,0,0,0,0,1,0,1,1,1,0,0,0,0,0,0
17,6,0,7,1.969,6,26,1,,,여유,,,,,2.08,0,1,0,0,0,0,0,0,0,0,0,0,0,0,0,0,0,0
24,1,1,3,3.376,3,36,0,3,0,매우혼잡,0,3,3,3,1.27,1,0,0,0,0,0,0,0,0,0,1,0,0,0,0,0,0,0
30,6,1,4,2.761,5,29,1,3,0,여유,0,3,4,3,1.7,1,0,0,0,0,0,0,1,0,0,0,0,0,0,0,0,0,0
28,1,1,1,4.815,3,46,0,4,0,혼잡,0,3,4,4,0.86,1,0,0,0,0,0,0,0,0,0,0,0,0,0,0,0,0,1
25,12,1,4,3.148,8,43,0,4,0,보통,0,3,3,4,1.68,1,0,1,0,0,0,0,0,0,0,0,0,1,0,1,0,1,1
66,1,0,3,3.509,4,52,0,4,0,여유,0,4,4,3,1.33,1,0,0,0,0,0,0,0,0,0,0,0,0,0,0,0,0,0
34,12,0,4,2.672,2,37,0,,,혼잡,,,,,1.64,0,0,0,0,0,0,0,0,0,0,0,0,0,0,0,0,0,0
27,12,0,22,1.027,13,4,0,,,매우혼잡,,,,,3.2,0,1,0,1,0,1,0,0,0,1,1,0,1,1,0,1,0,1
30,6,0,4,2.533,14,42,0,,,보통,,,,,1.36,0,1,0,0,0,0,0,0,0,0,1,0,0,0,0,0,0,0
21,12,0,4,2.99,4,54,1,2,0,보통,0,4,4,3,1.59,1,0,0,0,0,0,0,0,0,0,0,0,0,0,0,0,0,0
15,12,0,7,1.868,18,30,0,,,보통,,,,,1.8,0,0,0,0,0,0,0,0,0,0,0,0,0,0,0,0,0,0
43,12,1,3,3.347,13,41,0,4,0,여유,0,4,4,4,1.5,1,0,0,0,0,1,0,0,0,0,0,1,0,0,0,0,0,0
29,1,0,39,0.447,2,4,0,,,여유,,,,,2.52,0,1,0,1,0,0,0,0,0,0,0,0,0,0,0,0,0,0
34,6,1,4,2.655,2,26,1,1,1,보통,0,4,4,4,1.58,1,0,0,0,0,0,0,0,0,0,0,0,0,0,0,0,1,1
39,1,1,15,1.138,0,6,1,2,0,여유,0,3,4,3,2.51,1,0,0,0,0,0,0,0,1,1,1,0,0,0,0,0,0,0
26,12,0,1,5.219,18,55,0,4,0,혼잡,1,4,4,3,1.07,1,0,0,0,0,0,0,0,0,0,1,0,1,1,0,0,0,0
34,3,0,60,0.039,1,17,1,3,0,여유,0,2,4,2,2.98,1,1,0,0,0,0,1,0,0,0,1,1,0,0,0,0,0,0
40,6,0,20,0.926,12,21,0,,,보통,,,,,2.67,0,0,0,0,0,0,0,0,0,0,0,0,0,1,0,1,0,0
35,1,1,12,2.752,4,35,0,3,0,여유,0,4,3,3,4.8,1,1,0,1,0,0,0,0,0,0,0,0,0,0,0,0,0,0
18,6,1,3,2.936,4,43,0,,,보통,,,,,1.09,0,0,0,0,0,0,0,0,0,0,1,1,0,0,0,0,0,0
20,6,0,40,0.426,9,12,0,,,혼잡,,,,,2.44,0,1,0,0,0,0,0,1,0,0,1,0,0,1,1,0,0,0
37,6,0,6,4.006,13,52,0,,,여유,,,,,3.65,0,0,0,0,0,0,0,0,0,0,0,0,0,0,0,0,0,0
15,12,0,12,1.569,1,10,0,,,보통,,,,,2.78,0,1,0,0,0,0,0,1,1,0,0,0,1,0,0,0,0,0
33,12,1,4,3.024,9,36,1,3,0,혼잡,0,4,4,3,1.7,1,0,0,0,0,0,0,0,0,0,0,0,0,0,0,1,0,0
31,1,0,4,2.359,6,20,0,3,0,혼잡,0,3,4,2,1.36,1,0,0,0,0,0,0,0,0,0,0,1,0,0,0,0,0,1
33,12,1,1,5.237,24,61,1,5,0,보통,0,4,5,4,0.92,1,0,0,0,0,0,0,0,0,1,0,0,0,1,0,0,0,0
28,12,0,9,1.854,3,45,0,2,0,여유,0,3,3,3,2.4,1,1,0,0,0,0,0,0,0,0,0,0,0,0,1,0,1,0
15,6,1,2,3.343,9,35,1,,,여유,,,,,1.11,0,0,0,0,0,0,0,0,0,0,0,0,0,1,1,1,1,0
24,12,0,3,3.364,29,22,1,3,0,혼잡,0,4,3,3,1.43,1,0,0,0,0,0,0,0,0,0,0,0,0,0,0,0,0,0
23,3,0,27,0.703,4,6,0,2,0,혼잡,0,2,1,3,2.71,1,1,0,0,0,1,0,0,0,0,1,0,0,0,1,0,0,0
27,3,1,4,2.472,8,37,0,4,0,여유,0,3,3,3,1.4,1,0,0,0,0,0,0,0,0,1,1,0,0,0,0,0,0,0
40,6,1,1,4.577,12,48,1,4,0,보통,0,4,4,5,0.86,1,0,0,0,0,0,0,0,0,0,0,0,0,0,0,0,0,0
30,6,0,5,2.265,4,32,0,4,0,여유,0,4,3,3,1.74,1,0,0,0,0,0,0,0,0,0,0,0,0,0,0,0,0,0
50,3,0,2,4.818,23,55,0,4,0,혼잡,0,4,4,4,1.08,1,0,0,0,0,0,0,0,0,0,0,0,0,0,0,0,0,0
47,12,1,4,2.906,13,40,0,4,0,여유,0,4,3,4,1.65,1,0,0,0,0,0,0,0,0,0,0,0,0,0,0,0,0,0
28,12,0,3,3.044,30,33,0,,,혼잡,,,,,1.35,0,0,0,0,0,0,0,0,0,0,0,0,1,0,0,0,0,0
42,6,1,5,2.379,4,44,0,,,여유,,,,,1.77,0,0,0,0,0,0,0,0,0,0,0,0,0,0,0,0,0,0
30,6,1,8,4.415,6,41,1,4,0,보통,0,3,4,3,4.93,1,0,0,0,0,0,0,0,0,0,0,0,0,1,0,0,0,0
21,12,0,3,2.915,7,51,0,,,여유,,,,,1.11,0,0,0,0,0,0,0,0,0,0,0,0,0,0,0,0,0,0
45,12,0,3,3.506,22,45,1,3,0,보통,1,3,4,1,1.41,1,0,0,0,0,0,1,0,0,0,1,1,1,0,0,0,0,0
42,6,0,6,1.916,6,2,0,,,보통,,,,,1.77,0,0,0,0,0,0,0,0,0,0,0,0,0,0,0,1,0,0
26,12,0,59,1.088,12,22,0,2,0,혼잡,0,2,2,1,9.2,1,1,0,0,0,0,0,0,0,0,0,1,0,1,0,0,0,0
21,12,0,4,3.009,14,44,0,4,0,혼잡,0,3,3,2,1.59,1,0,0,0,0,0,0,0,0,0,0,1,0,0,0,0,0,0
45,3,0,6,1.961,10,37,1,,,혼잡,,,,,1.57,0,0,0,0,0,0,0,0,0,0,0,0,0,0,0,0,0,0
46,3,0,3,2.603,3,52,1,3,0,보통,0,3,5,3,1.18,1,0,0,0,0,0,0,0,0,0,0,1,0,1,0,0,0,0
42,1,0,24,0.904,1,10,0,2,0,여유,0,1,2,3,3.11,1,1,0,0,0,1,1,0,1,1,0,0,0,0,0,0,0,0
24,12,0,6,1.818,10,28,0,,,혼잡,,,,,1.58,0,0,0,1,0,0,0,1,0,0,0,0,0,0,0,0,1,1
26,3,1,1,4.512,0,63,0,,,보통,,,,,0.93,0,0,0,0,0,0,0,0,0,0,0,0,1,0,0,0,0,0
18,12,0,2,3.847,36,51,0,4,0,보통,0,5,4,4,1.33,1,0,0,0,0,0,0,0,0,0,0,0,0,0,1,0,0,0
31,6,0,7,1.604,3,44,0,3,0,보통,0,3,4,4,1.71,1,0,0,0,0,0,0,1,0,0,0,0,0,0,0,0,0,0
29,12,0,3,3.478,7,43,0,,,여유,,,,,1.26,0,0,0,0,0,0,0,0,0,0,0,0,0,0,1,0,1,0
35,3,1,3,2.667,7,26,0,,,보통,,,,,1.05,0,0,0,0,0,0,0,0,0,0,0,0,0,0,0,0,0,0
43,3,0,25,0.684,6,7,0,3,0,보통,0,3,2,2,2.42,1,0,1,0,0,0,1,1,0,0,0,1,1,1,0,0,0,0
15,12,1,3,3.189,6,44,1,,,매우혼잡,,,,,1.31,0,0,0,0,0,0,0,0,1,0,1,1,1,0,0,0,1,0
36,6,0,60,0.0,10,0,0,,,보통,,,,,2.78,0,0,0,0,0,0,0,1,0,1,1,0,0,0,0,0,0,0
18,12,0,3,2.402,33,31,1,3,0,여유,0,4,4,4,1.15,1,0,0,0,0,0,0,0,0,1,0,0,0,0,0,0,0,0
33,1,0,60,0.761,2,0,0,,,여유,,,,,10.35,0,1,0,0,0,0,0,0,0,1,0,0,0,0,0,0,0,0
24,6,0,5,1.992,14,56,1,,,혼잡,,,,,1.51,0,0,0,0,0,0,0,0,0,0,1,0,0,0,1,1,0,0
22,6,1,3,2.54,13,43,0,,,혼잡,,,,,1.03,0,0,0,1,0,0,0,0,0,0,0,0,0,0,0,0,0,0
25,1,0,4,2.042,0,46,0,,,보통,,,,,1.1,0,0,0,0,0,0,0,1,1,1,1,0,0,0,1,0,0,0
29,12,0,7,1.996,12,41,0,3,0,혼잡,1,4,4,2,1.95,1,0,0,0,0,0,0,0,0,0,1,0,1,1,0,0,0,0
52,6,0,4,2.884,18,31,0,3,0,혼잡,0,3,3,3,1.48,1,0,0,0,0,0,0,0,0,0,1,0,1,0,0,0,1,1
32,6,1,60,0.115,12,10,0,,,보통,,,,,2.61,0,0,0,0,1,1,0,0,0,1,1,0,0,1,1,1,1,0
26,12,1,1,5.046,19,52,1,5,0,혼잡,0,4,5,3,0.9,1,0,0,0,0,0,0,0,0,0,1,0,1,0,0,0,0,0
30,12,1,3,5.345,3,69,0,4,0,보통,0,4,4,4,2.49,1,0,0,1,0,0,0,0,0,0,0,0,0,0,0,0,0,0
25,6,0,4,2.228,5,40,0,,,혼잡,,,,,1.13,0,0,0,0,0,0,1,0,0,1,1,0,0,1,1,0,0,0
30,6,0,5,2.246,20,48,0,3,0,보통,0,4,3,4,1.75,1,0,0,0,0,0,0,0,0,0,0,0,0,0,0,0,0,0
46,6,1,22,0.919,4,2,0,,,보통,,,,,2.83,0,1,0,1,0,0,1,1,1,0,1,0,1,0,0,0,0,0
50,12,0,50,0.326,14,13,0,,,혼잡,,,,,2.33,0,1,0,0,0,0,0,0,0,0,1,0,0,1,0,0,0,0
20,3,0,32,0.368,3,4,0,3,1,보통,0,3,3,3,1.67,1,0,0,0,1,0,0,0,1,0,0,1,0,0,0,0,0,0
32,12,0,11,1.146,36,8,0,2,1,보통,0,3,4,2,1.78,1,1,0,0,0,0,0,0,0,0,0,0,0,0,1,0,0,1
49,12,0,38,1.976,31,26,0,,,보통,,,,,10.79,0,1,0,0,0,0,0,0,0,0,0,0,0,0,0,0,1,0
30,1,0,7,1.808,1,37,0,3,0,매우혼잡,0,3,3,2,1.8,1,0,0,0,0,0,0,0,0,0,1,0,1,1,1,0,0,1
43,3,0,2,3.451,7,26,0,,,여유,,,,,1.09,0,0,0,0,0,0,0,0,0,0,0,0,0,0,0,0,0,0
20,1,0,4,2.429,3,33,0,,,매우혼잡,,,,,1.23,0,1,0,0,0,0,0,0,0,0,1,0,0,0,0,0,0,0
26,3,0,18,1.047,2,20,0,,,보통,,,,,2.74,0,1,0,0,0,0,0,0,0,0,0,1,0,0,0,0,0,1
40,1,1,10,1.813,1,20,0,,,보통,,,,,2.53,0,1,0,0,0,0,0,0,0,0,0,0,0,0,0,0,0,0
45,12,0,3,2.647,18,46,0,3,0,보통,0,4,3,3,1.13,1,0,0,0,0,0,0,0,0,0,0,0,0,0,1,0,1,0
51,12,0,5,4.925,16,59,1,4,0,보통,0,4,5,4,3.24,1,0,0,0,0,0,0,0,0,0,0,0,0,0,0,0,0,0
53,6,1,9,1.882,32,22,0,,,혼잡,,,,,2.44,0,0,0,0,0,0,0,1,1,0,1,0,0,0,0,0,0,0
51,6,1,1,4.271,3,65,0,4,0,보통,0,4,4,3,0.86,1,0,0,1,0,0,0,0,0,1,0,0,0,0,0,0,0,0
23,1,0,53,1.543,3,36,0,,,보통,,,,,11.62,0,1,0,1,0,0,0,0,0,0,0,0,0,0,0,0,0,0
16,12,0,16,3.021,7,52,0,3,0,보통,0,4,3,2,6.86,1,1,0,0,0,0,0,1,0,0,1,0,0,0,0,0,0,0
15,3,0,60,0.735,8,0,0,,,보통,,,,,9.31,0,1,1,1,0,0,0,0,0,0,0,0,0,0,1,0,0,0
31,12,0,17,1.014,5,18,0,1,0,혼잡,0,3,2,2,2.47,1,1,0,1,0,0,0,1,0,0,1,1,1,1,1,1,1,1
22,6,0,3,2.82,2,38,0,,,보통,,,,,1.26,0,1,0,0,0,0,0,0,0,0,0,1,0,0,0,0,0,0
33,3,0,8,1.905,8,33,0,,,혼잡,,,,,2.17,0,1,0,0,0,0,0,0,0,0,0,1,1,0,0,0,1,1
35,12,0,5,2.157,16,23,1,3,0,보통,0,2,4,2,1.52,1,1,0,0,0,0,0,0,0,0,1,0,0,1,0,0,0,0
21,1,1,3,3.504,2,42,0,,,보통,,,,,1.72,0,0,1,0,0,0,0,0,1,0,1,0,1,0,0,1,0,0
55,3,1,1,5.511,3,48,0,4,0,혼잡,0,4,5,4,1.1,1,0,0,0,0,0,0,0,0,0,0,0,0,0,0,0,0,0
25,12,0,2,3.912,13,31,1,,,보통,,,,,1.28,0,0,0,0,0,0,0,0,0,1,0,0,0,0,0,0,0,0
33,6,1,29,0.577,1,0,0,2,0,보통,0,3,3,2,2.4,1,1,0,0,1,0,0,0,0,0,0,0,0,1,0,0,1,0
50,12,0,1,4.107,8,66,1,,,여유,,,,,0.81,0,0,0,0,0,0,0,0,0,0,0,0,0,0,0,0,0,0
35,3,0,60,0.0,3,11,0,,,여유,,,,,3.06,0,1,0,1,0,0,1,1,0,0,0,0,0,0,0,1,0,1
36,6,0,4,3.145,35,42,1,,,보통,,,,,1.78,0,0,0,0,0,0,0,0,0,0,0,0,0,0,1,1,1,0
34,12,1,6,2.125,24,28,0,3,0,보통,0,2,3,2,1.82,1,0,0,0,0,0,1,0,0,0,0,0,0,1,0,0,0,0
23,6,0,1,4.468,13,55,0,4,0,보통,0,4,4,4,0.81,1,0,0,0,0,0,0,0,0,0,0,0,0,0,0,0,0,1
47,3,1,4,2.332,2,29,0,,,보통,,,,,1.32,0,0,0,0,1,0,0,0,0,0,0,0,1,0,0,0,0,0
32,12,1,7,5.199,1,61,1,5,0,혼잡,0,4,5,3,5.16,1,0,0,0,0,0,0,0,0,0,0,0,1,1,0,0,0,0
27,1,1,1,4.297,1,46,0,4,0,여유,0,4,4,3,0.86,1,0,0,0,0,0,1,0,0,0,0,0,0,0,0,0,0,0
18,1,0,3,2.652,3,34,1,,,보통,,,,,1.28,0,0,0,0,0,0,1,0,0,1,1,0,0,0,0,0,0,0
15,12,0,1,5.597,33,72,1,4,0,보통,0,5,4,4,0.86,1,0,0,0,0,0,0,0,0,0,0,0,0,0,0,0,0,0
35,12,1,13,2.976,3,34,0,3,0,여유,0,2,3,4,5.59,1,0,0,0,0,0,0,0,0,1,0,0,0,0,0,0,1,0
43,12,0,2,3.288,13,29,1,,,여유,,,,,1.01,0,0,0,0,0,0,0,0,0,1,0,0,0,0,0,0,0,0
23,1,0,10,1.597,5,25,0,4,0,여유,0,3,3,3,2.36,1,0,0,0,0,0,0,0,0,0,0,1,0,0,0,0,0,0
31,1,1,3,2.72,4,32,1,,,여유,,,,,1.1,0,0,0,0,1,0,1,0,0,0,0,0,0,0,0,0,0,0
27,1,0,8,1.596,2,33,0,3,0,보통,0,4,3,3,1.91,1,0,0,0,0,0,0,0,0,0,1,0,0,0,0,1,0,0
44,6,1,10,1.664,5,36,0,,,여유,,,,,2.28,0,0,0,0,0,0,0,0,1,0,0,0,0,0,0,1,1,0
48,3,0,5,2.442,5,31,1,,,보통,,,,,1.63,0,1,0,0,0,0,0,0,0,0,0,1,0,0,0,0,0,0
15,12,0,1,4.806,36,54,0,4,0,혼잡,0,4,4,4,0.95,1,0,0,0,0,0,0,0,0,0,1,0,0,0,0,0,0,0
21,12,0,12,2.24,36,33,1,3,0,여유,1,3,4,2,3.84,1,0,0,0,0,0,0,0,0,0,0,0,0,0,0,0,0,0
33,3,1,1,4.891,5,58,1,4,0,혼잡,1,4,4,3,0.91,1,0,0,0,0,0,0,0,1,0,1,0,1,0,0,0,0,0
60,6,0,4,2.562,6,37,1,3,1,보통,0,3,4,4,1.48,1,0,0,0,0,0,0,0,0,0,0,0,0,0,0,0,0,0
31,1,0,16,1.158,5,1,1,,,보통,,,,,2.63,0,1,0,0,0,0,1,0,0,0,1,0,0,1,0,0,0,0
19,3,1,1,4.361,4,50,0,4,0,매우혼잡,0,4,3,3,0.82,1,0,0,0,0,0,0,0,0,0,1,0,0,0,0,0,0,0
25,6,0,4,2.676,12,24,0,,,보통,,,,,1.48,0,0,0,0,0,0,0,0,0,0,1,0,0,0,0,0,0,1
16,6,1,2,3.319,13,51,1,2,0,보통,0,3,4,3,1.14,1,0,0,0,0,0,0,0,0,0,0,0,0,0,0,1,0,0
36,6,0,2,4.105,9,53,0,4,0,보통,0,5,4,4,0.93,1,0,0,0,0,0,0,0,0,0,0,0,0,0,0,0,0,0
18,12,1,2,4.42,30,62,1,4,0,여유,1,4,5,3,1.05,1,0,0,0,0,0,0,0,1,0,1,0,0,0,0,0,0,0
24,6,1,5,2.481,2,42,0,3,0,여유,0,3,2,2,1.94,1,0,0,0,0,1,0,0,0,0,0,0,0,0,1,0,0,0
15,12,0,20,0.791,1,37,0,2,0,혼잡,0,3,2,2,2.24,1,0,0,0,0,0,0,0,0,0,1,1,0,1,0,1,1,1
25,3,0,26,0.663,1,30,1,,,혼잡,,,,,2.43,0,0,0,0,1,1,0,0,0,1,0,0,1,0,0,0,0,0
36,3,0,3,2.624,3,44,0,4,0,매우혼잡,1,3,3,1,1.25,1,0,0,0,0,0,0,0,0,0,1,1,1,1,0,1,0,1
26,6,0,9,1.466,12,24,0,,,혼잡,,,,,1.98,0,0,0,0,0,0,0,0,0,0,0,0,0,0,0,0,1,0
34,12,0,4,3.452,4,56,0,5,0,여유,0,5,4,5,1.77,1,0,0,0,0,0,0,0,0,0,0,0,0,0,0,0,0,0
46,3,0,20,1.162,1,16,1,2,0,혼잡,0,2,3,2,3.26,1,1,0,0,0,0,0,0,0,0,0,0,0,0,0,1,1,0
43,3,0,53,0.348,2,19,0,3,0,보통,0,2,2,2,2.62,1,1,1,0,1,0,0,0,0,0,0,1,0,0,1,0,0,0
21,12,0,4,3.134,7,41,0,4,0,여유,0,3,4,5,1.8,1,0,0,0,0,0,0,0,0,0,0,1,0,0,0,0,0,0
54,1,0,13,1.714,3,5,0,,,여유,,,,,3.11,0,1,0,0,0,0,0,1,1,0,0,0,0,0,0,0,0,0
41,1,0,28,0.762,0,24,0,,,매우혼잡,,,,,3.08,0,0,0,0,1,0,0,1,0,0,1,1,0,1,1,1,0,1
32,6,0,3,2.89,4,43,0,,,여유,,,,,1.07,0,0,0,0,0,0,1,0,0,0,0,0,0,0,0,0,0,0
26,12,0,14,1.411,36,32,0,,,여유,,,,,2.75,0,0,1,0,0,0,0,0,1,0,0,0,1,0,0,0,0,1
42,12,1,4,3.054,19,49,0,,,혼잡,,,,,1.68,0,0,0,0,0,0,0,0,0,0,0,0,0,0,0,0,0,1
26,1,0,3,3.216,3,31,0,4,0,보통,0,3,5,3,1.54,1,0,0,0,0,0,0,1,0,0,0,0,1,0,0,0,0,0
49,3,0,2,3.47,2,53,0,4,0,보통,0,4,5,3,1.2,1,0,0,0,0,0,0,0,0,0,0,0,0,0,1,0,0,0
18,12,1,19,1.071,4,13,0,,,보통,,,,,2.96,0,1,0,0,0,0,0,0,0,0,0,1,0,1,0,0,0,0
52,6,0,5,2.25,16,28,1,4,0,혼잡,0,3,3,2,1.46,1,0,0,0,0,0,0,0,0,0,1,1,1,1,0,0,0,0
41,6,0,19,1.019,8,15,0,1,1,혼잡,0,3,2,2,2.76,1,1,1,0,0,0,0,0,0,0,1,0,1,0,0,1,1,1
42,12,0,4,2.784,9,16,1,4,0,여유,0,4,4,2,1.7,1,0,0,0,0,0,0,0,0,0,0,0,1,0,0,0,0,0
20,6,0,3,3.6,6,47,1,4,0,보통,0,3,4,4,1.75,1,0,0,0,0,0,0,1,0,1,0,0,0,0,0,0,0,0
38,6,1,1,5.738,6,51,0,3,0,여유,0,4,5,4,0.93,1,0,0,0,0,0,0,0,0,0,0,0,0,0,0,0,0,0
22,6,1,7,4.082,18,53,0,4,0,매우혼잡,0,5,3,4,3.84,1,0,0,0,0,0,0,0,0,0,0,1,0,0,0,0,0,0
38,6,0,3,2.713,5,30,0,,,여유,,,,,1.08,0,0,0,0,0,0,0,0,0,0,0,0,0,0,0,0,1,0
34,12,0,57,1.995,11,39,0,3,0,여유,0,4,4,4,16.37,1,1,0,0,0,0,0,1,0,0,0,0,0,0,0,0,0,0
42,6,0,3,3.094,3,46,0,2,0,여유,0,5,4,3,1.16,1,0,0,0,1,0,0,0,0,0,1,0,0,0,0,0,0,1
42,12,0,16,1.097,24,28,0,,,혼잡,,,,,2.44,0,0,0,0,0,1,0,0,0,0,1,0,0,1,0,1,1,0
37,6,0,4,3.324,1,32,1,3,0,혼잡,0,3,4,2,1.74,1,0,0,0,0,0,0,0,0,0,1,1,1,0,0,1,0,0
49,6,1,16,1.127,10,38,1,2,1,여유,0,3,4,4,2.63,1,0,0,0,0,0,0,0,0,0,1,0,0,0,1,1,1,0
28,12,0,6,5.049,7,59,1,,,혼잡,,,,,4.02,0,0,0,0,0,0,0,0,0,0,0,0,0,0,0,1,0,0
29,3,0,33,1.526,5,19,0,,,여유,,,,,7.28,0,1,0,0,0,0,0,0,0,0,0,0,0,0,0,0,0,0
31,6,1,3,3.755,1,33,0,3,0,매우혼잡,0,4,3,3,1.53,1,0,0,0,0,0,0,0,0,0,0,1,0,1,0,0,0,0
33,6,0,3,3.977,32,50,0,,,여유,,,,,1.75,0,0,0,0,0,0,0,0,0,0,0,0,0,0,0,0,0,0
23,3,0,15,1.253,5,43,0,2,0,혼잡,0,3,4,3,2.6,1,1,0,0,0,0,0,0,0,0,0,0,0,1,0,1,1,0
15,12,0,1,5.095,14,62,1,5,0,여유,0,4,5,3,1.02,1,0,0,0,0,0,0,0,0,0,0,0,0,0,0,0,0,0
49,12,0,46,0.358,4,12,0,2,0,보통,0,3,3,3,2.33,1,1,1,0,0,0,0,0,0,0,0,0,0,0,0,1,0,0
25,6,1,21,0.807,7,10,0,2,0,보통,1,3,4,1,2.37,1,0,0,0,0,0,0,0,0,0,1,1,0,1,1,0,0,1
18,6,0,12,1.629,3,25,0,,,여유,,,,,2.73,0,1,0,0,0,1,0,0,0,0,0,0,0,0,0,0,0,1
47,3,1,1,4.895,2,67,1,3,0,보통,0,5,4,4,0.85,1,0,0,0,0,0,0,0,0,0,0,1,0,0,0,0,0,0
51,1,0,10,1.64,4,33,0,3,0,혼잡,1,3,3,1,2.28,1,0,0,0,0,1,0,0,0,0,1,0,1,0,0,0,0,0
25,1,0,9,3.196,4,52,0,,,보통,,,,,3.92,0,1,0,0,0,0,0,0,0,0,0,0,0,0,0,1,0,0
39,6,0,16,2.524,1,30,0,2,0,보통,0,3,4,3,5.82,1,1,0,0,0,0,0,0,0,0,1,1,0,0,0,0,1,1
46,6,1,27,2.265,2,37,0,3,0,혼잡,0,2,3,3,8.64,1,1,0,0,0,0,1,0,0,0,0,0,0,0,0,0,0,0
46,12,0,4,2.68,9,36,1,3,0,보통,0,4,4,3,1.61,1,0,0,0,0,0,0,0,0,0,0,0,0,0,0,0,0,0
39,12,0,9,1.981,8,18,0,,,혼잡,,,,,2.67,0,0,0,1,0,0,0,0,0,0,0,1,0,0,0,1,0,1
21,3,0,31,0.353,2,0,1,,,혼잡,,,,,1.58,0,1,0,0,0,0,0,0,0,0,0,0,0,0,1,0,1,1
53,3,1,3,3.714,7,47,0,2,0,혼잡,0,3,3,3,1.39,1,0,0,0,0,0,0,0,0,0,1,0,0,1,0,0,1,1
23,6,0,9,1.495,12,36,0,,,혼잡,,,,,1.99,0,0,0,0,0,0,0,1,0,0,0,1,0,0,0,0,0,0
24,12,0,3,2.562,14,35,0,,,여유,,,,,1.21,0,0,0,0,0,0,0,0,0,0,0,0,0,0,0,0,0,0
31,1,1,6,2.023,1,20,0,,,여유,,,,,1.72,0,0,0,0,0,0,0,0,1,0,0,0,0,0,1,0,0,0
36,12,0,1,5.46,20,59,0,4,0,보통,0,5,4,5,0.9,1,0,0,0,1,0,0,0,0,0,0,0,0,0,0,0,0,0
22,12,1,25,0.793,13,10,0,,,보통,,,,,2.88,0,0,0,1,0,1,0,0,0,0,0,0,0,1,0,1,0,0
21,6,0,41,0.462,7,14,0,,,혼잡,,,,,2.68,0,1,0,0,0,1,0,0,0,0,1,1,0,0,0,0,0,0
23,6,0,3,3.997,20,62,1,,,보통,,,,,1.78,0,0,0,0,0,0,0,0,0,0,1,0,0,0,0,0,0,0
29,3,0,12,1.495,7,15,0,,,여유,,,,,2.64,0,1,0,0,0,0,0,0,1,1,0,0,0,1,0,0,0,1
33,1,0,12,0.99,3,36,0,3,0,보통,0,3,2,3,1.71,1,1,0,0,0,0,0,0,0,0,0,1,0,0,0,1,0,1
27,12,0,11,1.487,22,12,0,3,0,보통,0,3,2,3,2.24,1,1,0,0,0,0,0,0,1,0,0,0,0,0,0,0,0,0
25,6,0,17,1.063,6,13,0,,,혼잡,,,,,2.54,0,1,1,0,0,0,0,0,0,0,1,1,0,0,0,0,0,0
30,6,1,4,2.906,1,22,0,3,0,혼잡,0,3,3,3,1.75,1,0,0,0,0,0,0,0,0,0,1,0,0,0,0,0,1,0
34,3,1,10,1.751,1,31,0,3,0,여유,0,3,2,3,2.61,1,0,0,1,1,0,0,0,0,0,0,0,0,0,0,0,0,0
33,1,0,49,0.149,1,8,0,2,0,혼잡,0,2,2,2,2.12,1,0,0,0,0,0,0,1,0,0,1,0,0,0,0,0,1,1
29,6,0,3,3.275,9,52,0,5,0,혼잡,0,3,4,4,1.57,1,0,0,0,0,0,0,0,0,0,0,0,0,0,0,0,0,0
33,1,0,4,2.792,1,32,1,3,0,혼잡,0,2,4,2,1.66,1,0,0,0,0,0,0,0,0,0,1,1,0,1,0,0,0,0
33,12,0,10,1.812,7,24,1,3,0,보통,1,4,5,2,2.48,1,0,0,0,0,0,0,0,0,0,1,1,0,1,0,0,1,0
43,3,0,2,4.589,7,54,1,4,0,보통,0,4,5,4,1.02,1,0,0,0,0,0,0,1,0,0,0,0,0,0,0,0,0,0
40,12,0,22,0.69,14,9,1,,,혼잡,,,,,2.13,0,0,1,0,0,0,0,0,0,1,1,1,1,1,0,0,1,0
28,6,1,56,1.605,4,33,0,,,혼잡,,,,,12.95,0,1,0,0,0,0,1,0,0,1,1,0,0,1,1,0,0,1
33,12,0,1,4.936,5,60,1,,,보통,,,,,0.96,0,0,0,0,0,0,0,0,0,0,0,0,0,0,1,0,0,0
31,6,0,7,1.671,4,33,0,4,0,보통,0,4,3,2,1.71,1,0,0,0,0,0,0,0,0,0,0,0,1,1,0,0,1,0
62,3,1,2,3.614,3,34,1,,,여유,,,,,1.2,0,0,0,0,0,0,0,0,0,0,0,0,0,1,0,0,0,0
60,6,0,3,3.396,3,46,1,,,보통,,,,,1.57,0,0,0,1,0,0,0,0,0,0,0,0,0,1,0,0,0,0
44,6,1,1,5.628,13,90,1,5,0,여유,0,5,5,5,0.82,1,0,0,0,0,0,0,0,0,0,0,0,0,0,0,0,0,0
27,12,1,1,4.461,34,61,1,4,0,혼잡,0,4,5,4,0.89,1,0,0,0,0,0,0,0,1,0,0,0,0,0,0,0,0,0
31,1,0,4,2.234,7,21,0,3,0,매우혼잡,0,2,3,3,1.33,1,1,0,0,0,0,1,1,0,0,0,0,1,1,0,1,1,0
30,12,1,2,4.606,18,49,0,,,여유,,,,,1.0,0,0,0,0,0,0,0,0,0,0,0,0,0,0,0,0,0,0
25,6,0,29,0.556,28,8,1,,,여유,,,,,2.3,0,0,0,0,0,0,0,0,0,0,0,0,0,0,0,1,1,1
44,6,0,4,2.723,9,33,1,4,0,보통,0,3,4,3,1.5,1,0,0,0,0,0,0,1,0,1,0,0,0,0,0,0,0,0
28,12,0,30,0.733,1,11,0,,,혼잡,,,,,3.15,0,0,0,1,0,0,0,0,0,0,0,0,1,0,1,1,0,1
38,3,0,3,3.239,2,50,1,4,0,보통,0,3,4,2,1.56,1,0,0,0,0,0,0,0,0,0,1,0,1,0,0,0,0,0
34,12,1,3,2.545,16,46,0,,,혼잡,,,,,1.08,0,0,0,0,0,0,0,0,0,0,1,0,0,0,0,1,0,0
28,12,1,1,5.561,11,67,1,,,보통,,,,,0.86,0,0,0,0,0,0,0,0,0,0,0,0,0,0,1,1,0,0
40,12,1,2,4.436,5,40,0,,,여유,,,,,0.96,0,0,0,0,0,0,0,0,0,0,0,0,0,0,0,0,0,0
32,1,0,2,3.756,6,56,1,4,0,여유,0,4,5,4,1.13,1,0,0,0,0,0,0,0,0,0,1,0,0,0,0,0,0,0
32,1,0,13,1.331,3,20,1,1,1,혼잡,0,2,3,2,2.38,1,1,0,0,0,1,0,0,1,1,1,1,1,0,0,1,1,0
37,3,1,2,3.847,5,26,0,4,0,혼잡,1,5,3,2,1.15,1,0,0,0,0,0,0,0,0,0,1,0,0,1,0,0,0,0
29,12,0,4,2.986,7,56,0,,,보통,,,,,1.79,0,0,0,0,0,0,0,0,0,0,0,0,0,0,0,0,0,0
32,3,0,27,0.822,6,1,0,,,매우혼잡,,,,,3.13,0,1,1,0,0,0,0,0,0,1,1,0,0,1,1,0,0,0
15,3,1,20,0.804,6,0,1,2,1,여유,0,4,4,3,2.28,1,0,0,0,0,0,0,0,0,0,0,0,0,0,0,0,0,1
58,6,1,22,2.888,6,51,0,,,여유,,,,,9.06,0,1,0,1,1,1,0,0,0,0,0,0,0,0,0,0,0,0
34,1,1,14,1.593,2,29,0,,,매우혼잡,,,,,3.22,0,1,1,1,0,0,0,0,0,0,1,1,1,0,1,0,0,1
17,12,0,2,3.231,19,50,0,3,0,혼잡,0,3,3,3,1.02,1,0,0,0,0,0,0,1,0,0,0,1,0,0,0,1,0,0
41,6,1,9,1.666,7,24,0,,,여유,,,,,2.25,0,1,0,0,0,1,0,0,0,0,0,0,0,1,0,0,0,0
45,3,0,3,3.4,0,62,0,4,0,여유,0,4,4,5,1.42,1,0,0,0,0,0,0,0,0,0,0,0,0,0,1,0,0,1
15,12,0,4,2.074,4,39,0,,,여유,,,,,1.2,0,1,0,0,0,1,0,0,0,1,0,0,0,1,0,0,0,0
24,6,0,1,5.086,3,61,1,4,0,보통,0,5,4,4,1.01,1,0,0,0,0,0,0,0,0,0,1,0,0,0,0,0,0,0
24,1,0,4,3.219,0,37,0,2,0,여유,0,3,4,3,1.72,1,1,0,0,0,0,0,0,0,0,0,0,0,0,0,0,0,0
45,12,1,3,3.413,14,38,0,5,0,보통,0,4,5,4,1.46,1,0,0,0,0,0,0,0,0,0,0,0,0,0,0,0,0,0
30,6,0,12,1.865,6,12,0,3,0,매우혼잡,0,3,2,2,3.14,1,0,0,0,0,0,0,0,0,0,0,0,1,1,0,0,0,0
39,12,1,3,2.811,3,36,0,3,0,보통,0,3,4,3,1.34,1,0,0,0,0,0,0,0,0,0,0,0,0,0,0,0,0,0
38,1,0,34,0.631,1,8,0,,,혼잡,,,,,3.04,0,1,0,0,0,0,0,0,0,0,1,0,0,0,0,0,1,0
22,1,0,13,1.24,3,9,0,,,보통,,,,,2.3,0,0,1,0,0,0,0,0,0,0,0,0,0,0,0,1,1,0
30,3,0,3,2.86,15,34,0,3,0,여유,0,3,3,3,1.32,1,0,0,0,0,0,0,0,0,0,0,0,0,0,0,0,0,0
15,12,0,7,2.317,21,32,0,,,보통,,,,,2.2,0,1,1,1,0,0,1,1,0,0,0,0,0,0,0,0,0,0
20,12,0,8,1.481,3,29,1,,,보통,,,,,1.72,0,0,0,0,0,0,0,0,0,0,0,0,0,0,0,0,0,0
23,12,1,1,5.201,34,53,0,3,0,혼잡,0,4,3,4,1.1,1,0,1,0,0,0,0,0,0,0,0,0,0,1,0,0,0,0
26,1,0,7,1.749,0,26,0,,,보통,,,,,1.87,0,1,0,0,0,0,0,0,1,0,0,0,0,0,0,0,0,0
22,3,0,4,2.12,1,34,0,,,혼잡,,,,,1.11,0,0,0,0,0,0,0,0,1,0,0,0,0,0,0,0,0,1
45,1,1,1,5.109,1,64,0,,,여유,,,,,0.85,0,0,0,0,0,0,0,0,0,0,0,0,0,0,0,0,0,0
27,12,0,3,3.216,18,42,1,3,0,여유,0,3,4,3,1.15,1,0,0,0,0,1,0,0,0,0,0,0,0,0,0,0,0,0
39,6,1,31,0.677,5,19,0,2,0,여유,0,2,2,3,2.96,1,1,0,0,0,0,1,0,0,0,0,0,0,0,0,0,0,0
43,6,0,60,0.879,22,20,1,2,1,보통,0,3,5,4,14.27,1,1,1,0,0,0,0,0,0,0,0,0,0,0,1,0,1,0
32,12,1,1,5.411,23,43,1,5,0,보통,0,5,5,4,1.02,1,0,0,0,0,0,0,0,0,0,0,0,0,0,0,0,0,0
45,6,0,11,1.329,30,15,0,,,보통,,,,,2.07,0,0,0,0,0,1,0,0,0,0,0,0,0,0,1,0,0,0
40,3,0,16,1.03,10,10,1,,,혼잡,,,,,2.29,0,0,0,0,0,0,0,0,0,0,1,0,0,0,0,0,0,1
43,3,0,9,1.84,15,29,0,2,0,여유,0,3,3,4,2.29,1,0,0,0,0,0,0,0,1,0,0,0,0,0,0,0,0,0
37,6,0,4,3.024,1,36,1,4,0,혼잡,0,4,5,3,1.73,1,0,0,0,0,0,0,0,0,0,1,0,0,0,0,0,0,0
30,12,1,5,2.141,10,21,0,,,혼잡,,,,,1.65,0,0,0,0,0,0,1,1,0,1,0,0,0,0,0,1,0,1
40,6,1,11,1.664,4,27,1,3,0,보통,0,3,3,2,2.65,1,0,0,0,0,0,0,0,1,1,0,0,0,0,0,1,0,0
52,3,0,8,1.845,2,37,1,,,혼잡,,,,,2.1,0,0,0,0,0,0,0,0,1,0,0,1,0,1,0,0,0,0
39,12,1,9,1.954,16,29,0,3,0,혼잡,0,3,4,2,2.48,1,0,0,0,0,0,1,0,0,0,0,0,1,0,1,0,0,1
33,12,1,3,3.787,23,50,0,4,0,여유,0,4,5,4,1.36,1,0,0,0,0,0,0,0,0,0,0,0,0,0,0,0,0,0
39,12,1,1,5.018,12,64,0,,,혼잡,,,,,0.9,0,0,0,0,0,0,0,0,0,0,0,0,0,0,0,0,0,0
33,12,0,23,0.77,4,14,0,3,0,매우혼잡,1,2,3,1,2.58,1,0,0,0,0,0,1,0,0,0,1,1,1,1,0,0,0,0
29,12,0,6,2.112,4,20,0,3,0,보통,0,4,3,3,1.78,1,0,0,0,0,0,0,0,0,0,0,0,0,0,0,0,0,0
32,1,1,3,3.485,3,33,0,3,0,보통,0,3,4,4,1.3,1,0,0,0,0,0,0,0,0,0,0,0,0,0,0,0,0,0
37,12,0,4,2.061,20,39,0,,,혼잡,,,,,1.19,0,0,0,0,0,1,1,0,1,0,1,1,0,0,0,0,0,0
36,12,0,1,4.751,5,49,1,4,0,매우혼잡,0,3,4,4,0.82,1,0,0,0,1,0,0,0,0,0,0,1,1,0,0,1,0,0
25,3,0,17,0.857,4,2,1,3,0,매우혼잡,0,2,2,3,2.03,1,1,0,0,0,1,0,1,1,0,1,0,0,1,1,0,0,1
41,1,0,5,2.146,5,46,0,,,혼잡,,,,,1.46,0,0,0,0,0,0,0,0,0,0,1,0,0,0,0,1,0,0
31,3,0,2,4.413,3,55,0,,,여유,,,,,1.04,0,0,0,0,0,0,0,0,0,0,1,0,0,1,0,0,0,0
32,12,0,7,4.466,24,59,1,,,혼잡,,,,,4.53,0,0,0,0,0,0,0,0,0,0,0,0,0,0,0,0,0,0
28,12,0,3,3.108,18,39,0,4,0,혼잡,0,3,4,3,1.12,1,0,0,0,1,0,0,0,0,0,0,1,0,0,0,0,0,0
47,6,0,4,2.678,1,28,1,3,0,보통,0,4,5,3,1.57,1,0,0,0,0,0,0,0,0,0,0,0,0,0,0,0,0,0
35,12,0,11,1.33,3,29,0,3,0,여유,0,4,3,3,2.15,1,0,0,0,1,0,0,0,0,0,0,1,0,0,0,0,0,1
27,3,0,53,0.0,5,21,0,3,0,여유,0,2,2,3,2.27,1,1,0,0,0,0,0,1,0,1,0,0,0,0,0,0,0,0
26,3,1,12,1.937,2,23,0,,,보통,,,,,3.24,0,1,0,0,0,1,0,1,1,0,0,0,0,1,0,0,0,0
46,3,0,27,0.763,2,0,0,2,0,혼잡,0,2,2,2,2.96,1,0,0,1,0,0,0,0,0,0,1,0,0,0,0,1,0,0
30,12,0,39,0.549,8,12,0,,,혼잡,,,,,3.06,0,1,1,0,1,1,0,1,0,0,0,1,1,1,0,1,1,0
26,6,0,5,2.384,23,39,0,,,보통,,,,,1.68,0,0,1,0,0,0,0,0,0,0,0,0,1,0,0,0,0,0
19,12,0,1,5.031,36,59,0,,,매우혼잡,,,,,0.84,0,0,0,0,0,0,0,0,0,0,0,0,0,0,1,1,0,0
48,3,0,8,1.908,3,29,0,,,혼잡,,,,,2.07,0,0,0,0,1,0,0,0,1,1,0,0,1,0,0,0,0,1
23,3,0,17,0.952,4,17,0,2,0,매우혼잡,0,2,2,1,2.35,1,0,1,0,0,0,1,0,0,0,0,1,1,1,0,0,0,1
33,6,0,10,1.737,6,16,1,,,보통,,,,,2.37,0,0,0,0,0,1,0,0,0,0,0,0,0,1,0,0,0,0
25,6,0,60,0.126,3,16,0,2,0,여유,0,2,2,3,3.19,1,1,1,1,0,0,1,0,0,0,0,0,0,0,0,0,0,0
21,6,0,3,2.366,12,34,0,,,보통,,,,,1.01,0,0,1,0,1,0,0,0,0,0,1,0,0,0,1,0,0,0
38,6,0,1,4.836,7,66,0,5,0,보통,0,4,3,4,1.03,1,0,0,0,0,0,0,0,0,0,0,0,0,1,0,0,0,0
15,3,0,11,1.682,8,24,0,,,보통,,,,,2.71,0,0,0,0,0,0,0,0,0,0,0,0,0,0,1,1,0,0
43,3,0,4,2.628,9,41,0,3,0,보통,0,3,3,3,1.39,1,1,0,0,0,0,0,0,0,0,0,0,0,0,0,0,0,1
21,1,0,3,3.836,4,49,0,,,혼잡,,,,,1.52,0,0,0,0,0,0,0,0,0,0,0,0,1,0,0,0,0,0
27,12,0,12,1.493,10,30,0,,,혼잡,,,,,2.59,0,0,0,0,0,0,0,0,0,0,1,0,1,0,0,0,0,0
43,3,0,11,1.724,1,22,0,1,0,여유,0,2,3,3,2.65,1,1,0,0,0,0,1,0,0,1,0,0,0,0,0,1,0,0
38,3,1,4,2.867,14,26,1,2,0,매우혼잡,0,3,3,2,1.77,1,0,0,1,0,0,0,0,0,0,1,1,0,1,1,0,0,0
49,6,0,60,0.943,2,16,0,,,보통,,,,,11.03,0,1,0,0,0,0,0,0,0,0,0,0,0,0,1,0,0,0
46,6,1,3,3.327,1,49,1,4,0,매우혼잡,1,4,4,1,1.6,1,0,0,0,0,0,0,0,0,0,1,1,1,0,0,0,0,0
17,1,1,7,4.673,4,55,0,4,0,혼잡,1,4,3,2,4.66,1,1,0,0,0,0,0,0,0,0,1,0,1,1,0,0,0,1
36,12,0,11,1.857,2,22,1,2,0,여유,0,4,3,3,2.93,1,0,0,1,0,0,0,0,0,0,0,0,1,0,0,1,0,0
40,3,0,7,1.653,0,17,1,,,여유,,,,,1.58,0,0,0,0,0,0,0,0,0,0,0,0,0,0,0,0,0,0
31,6,0,2,3.887,23,54,1,4,0,여유,0,5,5,5,1.1,1,0,0,0,0,0,0,0,0,0,0,0,0,0,0,0,0,0
29,6,1,1,5.847,11,61,1,4,0,보통,0,4,5,4,1.04,1,0,0,0,0,0,1,0,0,0,0,0,0,0,0,0,0,0
32,3,0,18,0.886,1,8,0,,,보통,,,,,2.32,0,1,0,0,0,1,0,0,0,0,0,0,0,0,0,0,0,0
35,12,1,6,2.38,4,15,0,,,여유,,,,,2.13,0,1,0,1,0,0,0,1,1,0,0,0,0,0,0,0,0,1
38,6,0,47,0.473,8,16,0,,,보통,,,,,3.2,0,0,0,0,0,0,0,0,0,0,0,0,1,1,0,0,1,0
20,6,1,14,1.041,4,15,0,3,1,여유,0,4,3,4,2.06,1,1,0,0,0,0,0,0,0,0,0,0,0,0,0,0,1,0
44,3,0,12,0.902,7,18,0,2,1,여유,0,3,4,4,1.61,1,1,0,0,0,0,0,0,0,0,1,0,0,0,1,1,1,0
41,3,0,7,1.923,21,24,0,3,0,보통,0,3,3,3,2.03,1,0,0,0,0,0,0,0,0,0,0,0,0,0,1,0,0,0
40,12,0,3,2.822,3,29,0,,,보통,,,,,1.05,0,0,1,0,0,0,0,1,0,0,1,0,0,0,0,0,0,0
49,3,0,12,1.536,2,33,1,,,보통,,,,,2.63,0,0,0,1,0,0,1,1,0,1,1,0,1,0,0,0,1,0
52,12,0,10,1.864,1,39,0,,,보통,,,,,2.67,0,1,0,0,0,0,0,0,0,0,0,0,1,1,0,0,0,0
24,1,0,11,1.636,1,28,1,,,보통,,,,,2.66,0,1,0,0,0,1,0,1,0,1,0,0,0,1,0,0,1,0
24,12,0,6,2.087,5,30,0,,,보통,,,,,1.75,0,0,0,0,0,0,0,0,0,0,1,0,0,0,0,0,0,0
15,12,0,3,2.901,1,38,1,4,0,혼잡,0,3,4,3,1.4,1,1,0,0,0,0,0,0,0,0,0,0,1,0,0,0,0,0
50,3,1,10,1.987,11,20,0,3,0,보통,0,4,4,2,2.79,1,0,0,0,0,0,0,0,0,0,0,0,0,0,0,0,0,0
41,3,0,4,3.446,6,55,0,4,0,혼잡,0,4,4,3,1.74,1,0,0,0,0,0,0,0,0,0,1,0,0,0,0,0,0,0
47,12,0,60,0.01,11,0,0,3,0,보통,0,4,2,2,2.78,1,1,0,0,0,0,0,0,0,0,0,1,1,0,0,0,1,0
38,6,0,16,1.237,3,43,0,,,매우혼잡,,,,,2.9,0,1,0,0,0,0,0,0,0,0,1,0,1,1,1,0,0,0
26,12,0,13,2.379,8,34,0,3,0,혼잡,0,3,3,4,4.33,1,1,0,0,0,0,0,0,1,0,0,0,0,0,0,0,1,0
19,1,0,60,0.0,1,16,0,,,혼잡,,,,,3.02,0,1,1,1,1,0,0,0,0,0,1,1,1,1,0,0,1,0
28,6,0,4,2.143,21,43,0,4,0,여유,0,4,3,4,1.32,1,0,0,0,0,0,0,0,0,1,0,0,0,0,0,0,0,0
38,3,0,49,0.343,2,12,0,1,1,여유,1,3,3,2,2.4,1,1,0,0,0,0,0,0,1,0,0,0,0,0,0,0,1,1
15,6,0,12,1.304,11,27,0,3,0,보통,0,2,3,3,2.27,1,1,1,0,0,0,0,1,0,0,0,0,0,0,0,0,0,0
44,3,0,60,0.0,0,22,0,,,보통,,,,,3.19,0,1,0,0,0,0,1,1,0,0,1,0,0,1,1,0,1,0
34,6,1,4,2.4,3,32,0,2,0,매우혼잡,0,2,3,2,1.36,1,0,0,0,0,0,1,0,0,0,1,1,0,1,0,1,1,0
55,12,0,6,5.027,27,69,1,,,보통,,,,,4.39,0,0,0,0,0,0,0,0,0,0,0,0,0,0,0,0,0,0
23,6,1,6,2.549,4,23,0,,,여유,,,,,2.1,0,0,0,1,0,0,0,0,0,0,0,0,0,0,0,0,0,0
45,6,0,20,0.899,2,18,0,1,0,매우혼잡,0,2,2,2,2.52,1,1,0,1,0,1,0,0,1,1,1,1,0,1,0,1,0,1
21,1,0,24,0.769,2,20,0,,,보통,,,,,2.64,0,1,0,0,0,0,1,1,0,1,1,1,1,0,0,1,1,1
29,3,1,2,4.471,1,46,0,4,0,여유,0,4,5,4,0.99,1,0,0,0,0,0,0,0,0,0,0,0,0,0,0,0,0,0
25,3,1,3,3.141,6,37,1,3,0,보통,0,4,4,3,1.24,1,0,1,0,0,0,0,0,0,0,0,0,0,0,0,1,0,0
23,3,1,17,1.36,1,30,0,,,매우혼잡,,,,,3.24,0,1,0,0,0,0,1,0,1,1,1,0,0,0,1,1,0,0
25,12,1,1,5.473,18,64,1,3,0,혼잡,0,4,4,2,0.91,1,0,0,0,0,0,0,0,0,0,0,0,0,0,0,0,0,0
59,6,1,3,3.256,6,45,1,2,0,매우혼잡,1,2,3,1,1.21,1,1,0,0,0,0,0,1,0,0,1,1,1,1,0,0,0,0
23,3,0,6,2.22,5,31,0,,,보통,,,,,1.91,0,1,0,1,1,0,0,0,1,0,1,0,0,1,0,0,0,0
45,12,0,18,1.043,5,0,0,,,보통,,,,,2.64,0,1,0,0,0,0,0,0,0,0,0,0,0,0,0,0,0,1
32,12,0,28,0.499,23,34,0,3,0,보통,0,3,3,3,2.03,1,1,0,1,0,0,0,0,0,0,0,0,0,0,0,1,0,0
28,1,0,18,1.165,3,42,0,3,0,보통,0,2,3,2,2.98,1,1,0,0,0,0,0,1,0,1,0,0,0,0,0,0,0,0
31,3,1,13,1.489,4,21,1,3,0,보통,1,3,3,1,2.83,1,0,0,0,0,0,0,0,0,1,1,1,0,0,0,0,0,0
27,3,0,2,4.066,1,51,0,5,0,여유,0,5,4,5,0.9,1,0,0,0,0,0,0,0,0,0,0,0,0,0,0,0,0,0
30,12,0,8,1.834,5,22,1,3,0,보통,1,3,4,2,2.03,1,1,0,0,0,0,0,0,0,0,0,0,0,0,0,0,0,0
23,3,0,4,2.72,2,35,0,,,보통,,,,,1.65,0,1,0,0,0,1,0,0,0,0,0,0,0,0,0,0,0,0
29,6,0,3,2.57,30,33,1,3,0,보통,0,2,3,3,1.14,1,0,0,0,0,0,0,1,0,1,0,0,1,0,0,0,0,0
15,3,0,36,0.586,6,0,0,2,0,혼잡,0,3,2,2,3.01,1,0,1,0,0,0,0,0,0,0,1,0,0,0,1,0,0,1
44,12,1,1,5.08,20,64,1,4,0,여유,0,4,5,3,0.86,1,0,0,0,0,0,0,0,0,0,0,1,0,0,0,0,0,0
44,12,1,1,5.339,23,59,1,4,0,보통,0,5,4,4,1.03,1,0,0,0,0,0,0,0,0,0,0,0,0,1,0,0,0,0
38,12,0,3,2.909,21,46,0,3,0,보통,0,2,4,3,1.11,1,0,0,0,0,0,0,1,1,0,0,0,0,0,0,1,0,0
27,12,0,6,2.846,4,31,1,,,보통,,,,,2.26,0,0,1,0,0,0,0,0,0,1,0,1,0,0,0,1,0,0
40,6,1,2,3.494,6,43,1,2,0,혼잡,0,4,3,3,1.24,1,0,0,0,0,0,0,0,0,0,0,0,0,1,1,1,0,0
39,6,0,12,3.419,9,37,0,,,보통,,,,,5.67,0,0,0,0,0,0,0,0,0,0,0,0,0,1,0,0,0,0
30,6,0,15,1.173,20,21,0,,,여유,,,,,2.5,0,0,0,0,0,0,0,0,0,1,0,0,0,0,0,0,1,0
35,3,0,3,2.959,10,41,1,,,여유,,,,,1.11,0,0,0,0,0,0,0,0,0,0,0,0,0,0,0,0,0,0
20,1,0,44,0.518,2,4,0,,,보통,,,,,3.29,0,0,0,0,0,0,0,1,1,0,0,0,0,0,1,0,0,0
43,12,1,2,3.45,11,53,0,2,0,매우혼잡,0,3,2,3,1.22,1,0,0,1,0,0,0,0,0,0,1,0,0,0,0,1,0,0
30,12,1,6,4.015,32,41,0,4,0,여유,0,3,5,5,3.68,1,0,0,0,0,0,0,0,0,0,0,0,0,0,0,0,0,0
37,6,0,11,1.298,2,40,0,,,여유,,,,,2.0,0,1,0,0,0,0,0,0,0,0,0,0,0,0,1,1,0,0
41,6,0,2,4.186,6,71,1,3,0,혼잡,0,4,5,4,0.92,1,0,0,0,0,0,0,0,0,0,0,1,0,0,0,1,0,0
24,12,0,3,2.691,8,30,1,3,0,여유,0,4,3,4,1.05,1,0,0,1,0,0,0,0,0,0,0,0,0,0,0,0,0,0
33,12,0,11,3.401,2,57,0,,,보통,,,,,5.11,0,1,1,0,0,0,0,0,1,1,0,0,0,0,0,0,0,0
29,6,1,1,4.453,9,69,0,4,0,혼잡,0,3,3,3,0.85,1,0,0,0,0,0,0,0,0,0,0,0,0,1,0,0,0,0
37,3,0,4,2.261,3,28,0,3,0,여유,1,3,3,2,1.41,1,0,0,0,0,0,1,0,0,0,0,1,1,0,0,0,0,0
37,3,0,18,1.157,5,9,0,,,혼잡,,,,,3.03,0,0,0,1,0,0,0,0,0,0,0,1,0,0,0,0,0,0
40,1,0,10,1.574,4,17,0,,,여유,,,,,2.29,0,1,0,1,0,0,1,0,0,0,0,0,0,0,0,0,0,0
48,6,0,57,0.0,19,14,0,,,보통,,,,,2.43,0,0,0,0,0,1,0,0,0,0,1,0,0,1,0,0,0,1
46,3,1,6,4.173,3,53,0,5,0,여유,0,4,4,4,3.31,1,0,0,0,0,0,0,1,0,0,0,0,0,0,0,0,0,0
27,6,0,3,2.767,1,35,1,3,0,보통,0,3,3,3,1.09,1,0,0,1,0,0,0,0,0,1,1,0,0,1,0,0,0,0
19,3,0,13,1.45,3,44,0,3,0,보통,0,3,3,3,2.78,1,1,0,0,0,0,0,0,1,1,0,0,0,0,1,0,0,0
34,12,0,2,4.043,7,51,1,,,매우혼잡,,,,,0.95,0,0,0,0,0,0,0,0,0,0,0,1,1,1,0,0,0,0
21,6,0,4,2.651,14,13,1,3,0,혼잡,0,3,4,3,1.51,1,0,0,0,0,0,0,0,0,0,0,1,0,0,0,1,0,0
64,1,1,21,0.79,1,14,0,3,0,보통,0,2,3,2,2.33,1,1,0,0,1,0,0,0,0,0,1,0,0,0,1,0,0,1
42,12,0,1,5.036,17,53,0,3,0,여유,0,4,5,3,0.8,1,0,0,1,0,0,0,0,0,0,0,0,0,0,0,0,0,0
35,3,1,7,1.907,6,35,0,,,혼잡,,,,,2.02,0,0,1,0,0,0,0,0,0,0,0,0,1,1,0,1,1,0
29,6,1,30,2.105,12,41,0,4,0,여유,0,4,3,3,9.09,1,0,0,0,0,0,0,0,0,0,1,1,0,0,0,0,0,0
37,1,0,3,2.935,3,26,0,,,혼잡,,,,,1.38,0,0,0,0,0,0,1,0,0,0,0,0,0,0,0,1,1,0
39,6,0,24,0.923,3,20,0,,,혼잡,,,,,3.12,0,0,0,0,1,0,0,0,0,1,0,0,0,0,1,0,0,0
22,12,0,7,1.665,13,48,0,3,0,혼잡,0,2,3,3,1.58,1,0,0,0,0,1,0,0,1,1,0,1,1,0,1,1,0,0
16,6,0,18,1.217,5,10,0,,,여유,,,,,3.18,0,0,1,0,1,0,0,0,0,0,0,0,1,1,0,0,0,1
43,12,0,2,3.93,35,58,0,,,보통,,,,,1.17,0,0,0,0,0,0,0,0,0,0,0,0,0,0,0,0,0,0
43,1,0,18,0.821,3,11,0,,,보통,,,,,2.07,0,1,0,1,0,0,1,1,0,0,0,0,0,0,1,0,1,0
32,1,0,2,4.017,2,49,1,,,여유,,,,,1.09,0,0,0,0,0,0,0,0,1,0,0,0,0,0,0,0,0,1
21,6,0,4,2.711,2,35,0,,,여유,,,,,1.74,0,0,0,1,0,0,0,0,0,0,0,0,0,0,0,0,0,0
46,12,1,5,2.282,24,29,0,2,1,혼잡,0,3,3,2,1.67,1,0,0,0,0,0,0,1,0,0,1,0,0,0,1,1,1,0
50,1,0,24,0.621,2,5,0,,,매우혼잡,,,,,2.14,0,0,0,1,1,0,0,0,1,0,0,1,0,0,0,0,0,0
28,1,0,4,2.469,7,46,1,,,혼잡,,,,,1.58,0,0,0,0,0,0,0,0,0,1,1,1,1,1,1,1,0,0
50,12,0,1,4.462,8,35,0,3,0,보통,0,4,4,5,0.91,1,0,0,0,0,0,0,0,1,0,0,0,0,0,0,0,0,0
35,6,1,60,1.372,6,40,0,,,보통,,,,,11.82,0,1,0,0,0,0,0,0,0,0,0,0,1,0,0,0,0,0
43,6,0,7,1.46,13,36,0,2,0,매우혼잡,0,1,2,2,1.54,1,0,1,0,0,0,0,0,0,1,1,1,1,0,0,0,0,1
27,12,0,1,5.281,21,44,1,,,보통,,,,,1.07,0,0,0,0,0,0,0,0,0,0,0,0,0,0,0,0,0,0
22,6,0,4,2.253,16,37,0,3,0,매우혼잡,0,3,3,4,1.18,1,0,0,0,0,0,0,0,1,0,1,0,1,0,1,0,0,0
29,12,0,2,3.774,18,64,0,,,보통,,,,,1.1,0,0,1,0,0,0,0,0,0,0,0,1,0,0,0,0,0,0
37,12,1,26,0.696,13,36,0,2,1,보통,0,3,2,3,2.62,1,1,1,0,0,1,0,0,0,0,0,0,1,0,1,1,0,1
48,6,0,1,4.26,16,52,1,4,0,보통,0,5,5,4,0.86,1,0,0,0,0,0,0,0,0,0,0,0,1,0,0,0,0,0
49,12,0,3,2.668,5,33,0,,,매우혼잡,,,,,1.03,0,0,0,1,0,0,0,0,0,1,1,1,1,1,0,0,0,0
21,12,0,5,2.276,31,40,0,,,혼잡,,,,,1.64,0,0,0,0,0,0,0,0,0,0,1,1,0,0,0,0,0,0
15,6,0,2,4.727,1,62,1,3,0,보통,0,4,4,4,1.06,1,0,0,0,0,0,0,0,0,0,0,0,0,0,1,0,0,0
15,6,0,2,3.236,22,15,0,3,0,여유,0,3,4,2,1.01,1,0,0,0,0,0,0,0,0,0,0,0,0,0,0,0,0,0
20,12,0,2,3.928,5,44,1,,,여유,,,,,1.24,0,0,0,0,0,0,0,0,0,0,0,0,0,0,1,0,0,0
15,3,1,3,2.527,1,59,1,,,혼잡,,,,,1.24,0,0,0,0,0,0,1,0,1,0,1,0,0,0,0,0,0,0
39,12,0,11,3.64,11,61,1,5,0,여유,0,4,4,4,5.69,1,0,0,0,0,0,0,0,0,0,0,0,0,1,0,0,0,0
42,3,0,2,4.267,3,53,0,4,0,혼잡,0,4,3,3,1.02,1,0,0,0,0,0,0,0,0,0,0,1,0,0,0,0,0,0
20,12,1,11,2.193,18,28,0,3,0,보통,1,4,4,2,3.51,1,0,0,0,0,1,0,0,0,0,1,1,1,0,0,1,1,0
34,12,0,2,3.569,10,59,0,4,0,혼잡,1,4,3,3,1.01,1,0,0,0,0,1,0,0,0,0,1,0,1,0,1,0,0,0
30,12,0,7,1.975,7,33,0,3,0,여유,0,4,4,3,1.99,1,0,0,1,0,1,0,0,0,0,0,0,0,0,0,0,0,0
59,6,0,17,1.046,10,43,0,,,보통,,,,,2.58,0,0,0,0,0,0,0,0,0,0,1,1,0,0,0,0,0,0
29,12,0,37,1.655,31,19,0,,,혼잡,,,,,8.66,0,1,0,0,0,0,0,1,0,0,0,1,0,0,1,1,1,0
40,12,0,60,1.37,11,24,1,,,보통,,,,,12.32,0,0,0,0,0,0,0,0,0,1,1,1,0,1,0,1,0,0
40,12,1,1,5.046,36,57,0,5,0,보통,0,4,5,4,0.87,1,0,0,0,0,0,0,0,0,0,0,0,0,1,0,0,0,0
50,1,0,3,3.685,2,23,0,3,0,매우혼잡,0,5,5,3,1.6,1,0,0,0,0,0,0,0,0,0,0,1,1,0,0,0,0,0
36,3,0,2,3.863,5,42,0,4,0,여유,0,5,4,4,1.14,1,0,0,0,0,0,0,0,0,0,0,0,0,0,0,0,0,0
57,12,1,1,5.516,17,48,1,,,혼잡,,,,,0.82,0,0,0,0,0,0,0,0,1,0,0,0,0,0,1,0,0,0
37,6,1,6,2.762,17,38,0,3,0,여유,0,3,3,2,2.24,1,0,1,0,0,0,0,0,0,0,0,0,0,0,0,0,0,0
33,3,0,4,2.274,3,34,0,,,매우혼잡,,,,,1.22,0,1,0,0,0,0,0,0,0,0,1,1,0,1,0,0,0,0
33,12,1,1,4.85,7,58,1,,,보통,,,,,1.01,0,0,0,0,0,0,0,0,0,0,0,0,0,0,0,0,0,0
40,3,0,60,0.0,1,31,0,2,0,혼잡,0,2,2,1,2.56,1,0,1,0,1,0,0,0,0,0,1,1,0,0,1,0,0,0
27,12,0,33,0.448,18,6,0,,,혼잡,,,,,2.1,0,1,0,0,0,0,0,0,0,1,1,1,1,0,0,0,1,0
37,6,0,6,1.953,12,23,0,,,보통,,,,,1.69,0,0,0,0,0,0,0,0,0,0,0,0,0,0,0,0,0,0
33,6,1,1,5.583,10,55,1,5,0,여유,0,3,5,4,1.08,1,0,0,0,0,0,0,0,0,0,0,0,0,0,0,0,0,0
40,3,0,1,4.983,5,51,0,4,0,보통,0,4,5,4,0.86,1,0,0,0,0,0,0,0,0,0,0,0,0,0,0,0,0,0
46,12,0,4,2.533,10,46,0,,,혼잡,,,,,1.28,0,0,0,0,0,1,0,1,0,0,0,0,1,1,0,0,0,0
44,3,0,26,0.733,1,0,0,2,1,보통,0,2,2,3,2.68,1,1,0,0,0,0,1,1,0,1,0,0,1,0,0,1,0,0
22,3,0,8,1.969,6,13,0,,,여유,,,,,2.23,0,0,0,0,0,1,1,0,1,0,0,0,0,0,0,0,0,0
41,3,0,4,2.649,8,33,0,,,여유,,,,,1.38,0,0,0,0,0,0,0,0,0,0,0,0,0,0,0,0,0,0
19,6,0,2,3.622,1,36,0,,,보통,,,,,1.1,0,0,0,0,0,0,0,0,0,0,0,0,0,0,0,0,1,0
28,3,0,25,0.872,5,15,0,2,0,보통,1,2,2,1,3.07,1,1,0,0,0,0,0,0,0,1,1,1,0,1,0,0,0,0
21,3,0,5,2.242,4,20,1,4,0,보통,0,3,4,3,1.55,1,0,0,0,0,0,0,0,0,0,0,1,1,0,0,0,0,0
47,3,1,16,1.048,4,0,0,,,보통,,,,,2.36,0,0,1,0,0,0,0,0,0,0,1,1,0,0,0,0,0,0
37,12,0,3,2.459,9,46,0,3,0,보통,0,3,4,3,1.19,1,0,0,0,0,0,0,0,0,0,0,0,0,0,0,1,0,1
39,12,0,2,4.082,5,35,1,3,0,보통,0,3,4,3,0.89,1,0,0,0,0,0,0,0,0,1,0,0,0,1,0,0,0,0
17,1,0,17,1.162,3,36,0,1,0,매우혼잡,0,2,3,1,2.77,1,1,0,0,0,0,1,0,1,1,1,1,1,1,0,0,0,0
21,12,0,4,2.782,15,60,0,,,혼잡,,,,,1.73,0,0,0,0,0,0,0,0,0,1,0,0,0,0,0,0,0,0
29,6,0,13,1.413,3,42,1,2,0,매우혼잡,1,3,4,1,2.65,1,1,0,0,0,0,0,0,0,0,1,1,0,1,0,0,0,0
39,6,1,2,4.494,13,42,1,,,여유,,,,,0.99,0,0,0,0,0,0,0,0,0,0,0,0,0,0,0,0,0,0
27,6,0,57,0.141,14,10,0,3,0,보통,0,2,3,3,2.44,1,0,1,0,1,1,1,1,0,0,0,0,0,0,0,0,0,0
28,3,0,4,2.79,2,73,0,3,0,혼잡,0,3,2,3,1.71,1,0,0,1,1,0,0,0,1,0,0,0,0,1,0,0,0,1
26,1,0,3,2.441,2,34,0,3,0,여유,1,3,4,3,1.04,1,0,0,0,0,0,0,0,1,0,0,0,0,1,0,0,0,0
31,6,0,3,2.695,16,42,0,,,여유,,,,,1.25,0,0,0,0,0,0,0,0,0,0,0,0,0,0,0,0,0,0
17,12,1,2,4.214,7,33,1,3,0,여유,0,3,4,3,0.91,1,0,0,0,0,0,0,0,0,0,0,0,0,0,0,0,0,0
37,12,0,16,0.995,3,12,1,1,1,혼잡,1,3,3,1,2.21,1,1,0,0,0,0,1,0,0,0,1,1,1,1,1,1,1,1
34,12,1,11,3.555,13,62,1,3,0,여유,0,4,5,4,5.43,1,0,0,0,0,0,0,0,0,0,0,0,0,0,0,0,0,0
20,12,1,19,0.866,13,14,0,,,혼잡,,,,,2.33,0,1,1,0,0,0,0,1,0,1,1,0,0,1,0,0,0,1
25,3,1,10,1.585,1,29,0,,,혼잡,,,,,2.37,0,0,0,0,0,0,0,0,0,0,1,0,0,1,0,1,0,0
35,12,0,5,2.702,6,36,1,2,0,매우혼잡,0,1,3,1,1.88,1,1,0,0,0,0,1,1,0,0,1,1,1,0,0,1,0,0
32,12,0,8,1.565,6,15,0,,,혼잡,,,,,1.9,0,1,0,1,0,0,0,0,1,0,0,1,0,0,0,1,1,1
36,3,0,9,1.587,0,17,0,3,0,보통,0,4,3,2,1.99,1,0,0,0,0,0,0,0,0,0,1,0,1,0,0,0,1,0
34,12,1,5,2.17,25,22,0,3,0,보통,0,3,3,3,1.46,1,0,0,0,0,0,0,0,0,0,0,0,1,0,1,0,0,0
35,6,0,8,1.515,12,30,0,,,보통,,,,,1.77,0,0,0,0,0,0,0,0,0,1,0,0,0,1,0,0,0,0
53,12,0,3,3.407,4,44,1,3,0,보통,0,3,5,3,1.53,1,0,0,0,0,0,0,1,0,0,0,0,0,0,0,0,0,0
22,12,0,1,5.845,22,62,1,,,보통,,,,,1.05,0,0,0,0,0,0,0,0,0,0,0,0,0,0,0,0,0,0
50,12,0,14,1.582,6,18,0,,,여유,,,,,3.21,0,0,0,0,0,0,0,0,0,1,0,0,0,1,0,0,0,0
30,12,1,1,4.021,26,31,0,3,0,보통,0,3,3,3,0.86,1,0,0,0,0,0,0,0,0,0,0,0,0,0,0,0,1,0
19,12,1,2,3.764,30,42,1,3,0,보통,0,2,3,2,1.1,1,0,0,0,0,0,0,0,0,0,1,0,1,0,0,0,0,0
41,12,0,11,1.609,3,26,0,,,보통,,,,,2.61,0,0,0,0,0,0,0,0,0,0,0,0,0,0,0,0,0,0
38,3,1,1,4.108,6,50,0,4,0,보통,0,5,3,4,0.87,1,0,0,0,0,0,0,0,0,0,0,0,0,0,0,0,0,0
31,6,1,3,3.683,16,31,0,2,0,보통,0,3,3,4,1.59,1,0,0,0,0,0,1,0,0,0,0,1,0,0,0,1,0,0
15,6,1,1,5.256,10,66,1,4,0,여유,0,4,3,3,1.07,1,0,0,0,1,0,1,0,0,0,0,0,0,0,0,0,0,0
32,12,0,4,3.21,7,26,0,3,0,혼잡,0,3,4,2,1.69,1,0,0,0,0,0,0,0,0,0,1,1,0,0,0,0,0,0
16,12,0,4,2.581,14,24,0,,,보통,,,,,1.41,0,1,1,0,0,0,1,0,0,0,0,0,0,0,0,0,0,0
25,3,0,4,2.096,19,55,0,,,보통,,,,,1.32,0,0,0,0,0,1,0,1,1,0,0,0,0,1,0,0,0,0
26,12,0,2,3.917,21,66,0,4,0,여유,0,4,4,4,1.35,1,0,0,0,0,0,0,0,0,0,0,0,0,0,0,0,0,0
34,6,0,4,2.711,6,31,1,3,0,여유,0,5,4,3,1.56,1,0,0,0,0,0,0,0,0,0,1,0,0,0,0,0,1,0
31,3,0,25,0.875,4,13,0,,,혼잡,,,,,3.13,0,1,0,1,0,0,0,1,1,0,0,1,0,0,1,0,0,0
34,6,0,2,4.728,26,53,1,,,혼잡,,,,,1.06,0,0,0,0,0,0,0,0,0,0,1,0,0,0,0,1,0,0
45,3,1,2,3.738,7,47,0,,,보통,,,,,1.2,0,0,0,0,0,0,0,0,0,0,0,0,1,0,1,0,0,0
39,3,0,12,1.25,4,18,0,3,0,여유,0,3,3,3,2.12,1,1,0,0,0,1,1,0,0,0,0,0,0,1,0,0,0,0
29,12,1,9,1.868,18,36,0,3,0,여유,0,4,3,3,2.37,1,0,0,0,0,0,0,0,0,0,0,0,0,0,0,0,0,0
47,12,1,4,2.388,18,37,0,,,보통,,,,,1.33,0,0,0,0,0,0,0,0,0,0,1,0,0,0,0,0,0,0
51,12,0,4,2.173,30,28,0,,,보통,,,,,1.25,0,0,1,0,0,1,0,0,0,0,0,0,0,0,0,0,0,1
28,6,1,3,3.822,9,60,1,,,보통,,,,,1.45,0,0,0,0,0,0,0,0,1,0,0,0,0,0,1,0,1,0
32,6,1,23,0.728,12,13,0,1,0,보통,0,2,3,3,2.42,1,0,0,0,0,0,0,0,0,0,0,0,0,1,0,0,0,0
45,3,0,21,0.859,12,9,0,2,0,혼잡,0,2,2,2,2.57,1,1,0,0,0,0,0,1,0,0,0,1,0,0,0,1,0,0
43,6,1,1,5.37,19,60,1,,,여유,,,,,0.97,0,0,0,0,0,0,0,0,0,0,0,0,0,1,0,0,0,0
40,3,0,2,4.46,1,46,0,5,0,보통,0,4,4,3,1.01,1,0,0,0,0,0,0,0,0,0,0,0,0,0,0,0,0,0
33,3,0,2,3.258,1,27,0,,,보통,,,,,1.12,0,0,0,1,0,0,1,0,0,0,0,0,0,0,0,1,1,0
20,12,1,60,0.182,12,8,0,,,보통,,,,,2.75,0,1,1,0,0,0,0,0,0,0,1,0,0,0,0,0,0,0
28,6,0,2,3.976,12,46,0,,,여유,,,,,1.1,0,0,0,1,0,0,0,0,0,0,0,0,0,0,0,0,0,0
44,12,0,3,3.349,6,35,0,3,0,보통,0,4,3,3,1.54,1,0,0,0,0,0,0,0,0,0,0,0,0,0,0,0,0,0
43,12,0,15,1.195,4,13,1,3,0,보통,0,2,3,2,2.64,1,0,0,0,0,0,0,1,0,0,0,0,1,0,0,0,0,0
23,3,0,11,1.078,5,46,0,,,여유,,,,,1.71,0,0,0,1,0,1,0,1,0,0,0,0,0,0,0,0,0,0
33,3,0,12,1.405,2,19,0,,,여유,,,,,2.39,0,1,0,0,0,0,0,0,0,0,1,0,0,0,0,0,0,0
41,12,0,2,3.591,3,50,0,,,매우혼잡,,,,,1.07,0,0,0,0,0,0,0,0,0,0,1,1,1,1,1,0,0,0
46,6,0,1,4.955,5,56,0,,,혼잡,,,,,1.06,0,0,0,0,0,0,0,0,0,0,0,0,1,0,0,0,0,0
34,3,0,11,1.9,5,23,0,,,보통,,,,,2.96,0,1,1,0,0,0,0,0,0,1,0,0,0,0,1,0,0,0
33,6,0,2,3.129,8,55,1,3,0,보통,0,3,4,4,1.05,1,0,0,0,1,0,0,0,0,0,0,0,0,0,0,0,0,0
28,1,0,3,2.308,2,12,0,3,0,보통,0,3,4,3,1.03,1,0,0,0,0,0,0,0,0,1,0,0,1,0,0,0,0,0
15,3,0,31,0.733,9,18,0,,,보통,,,,,3.23,0,1,0,0,0,0,0,1,0,0,1,0,0,0,0,0,0,0
22,6,0,10,1.383,2,30,1,3,0,혼잡,0,2,3,3,1.96,1,0,0,0,0,0,0,0,1,0,0,0,0,0,0,0,0,0
22,1,1,4,2.791,0,42,1,,,보통,,,,,1.73,0,0,0,0,0,0,1,0,1,0,0,0,0,0,0,0,0,0
43,3,0,57,1.809,2,21,0,2,0,매우혼잡,0,4,3,3,14.83,1,1,0,0,0,0,0,0,0,0,0,1,1,0,0,0,0,0
36,1,0,54,0.279,3,4,0,3,0,혼잡,1,2,2,1,2.33,1,1,0,0,0,1,1,0,0,0,1,0,1,1,0,0,0,1
52,3,0,28,0.636,10,18,1,2,1,보통,0,3,4,3,2.5,1,1,0,0,0,0,0,0,0,0,0,0,0,0,0,0,0,0
29,12,0,26,2.467,4,38,0,3,0,보통,0,3,4,3,9.02,1,1,0,0,0,0,0,0,0,0,0,0,0,0,0,0,0,1
26,12,1,3,2.643,35,21,0,3,0,여유,0,3,2,3,1.3,1,0,0,0,0,0,0,0,0,0,0,0,1,0,0,0,0,0
49,1,0,1,4.368,4,47,1,4,0,여유,0,4,4,4,0.89,1,0,1,0,0,0,0,0,0,0,0,0,0,0,0,1,0,1
18,12,0,4,2.6,11,39,0,3,0,혼잡,1,3,3,1,1.51,1,1,0,0,0,0,0,0,0,0,1,1,1,1,0,1,0,0
27,12,0,56,0.0,9,6,0,1,1,매우혼잡,1,3,2,1,2.41,1,0,0,1,1,0,1,0,0,0,1,1,1,1,1,1,1,0
27,3,0,15,1.183,1,1,0,2,0,보통,0,2,3,3,2.57,1,1,0,0,0,0,0,0,0,0,0,1,0,0,1,0,0,1
25,12,0,17,1.101,5,14,1,,,여유,,,,,2.75,0,1,0,0,0,0,0,0,1,0,0,0,0,0,1,0,1,1
32,12,1,2,2.977,16,36,0,4,0,혼잡,1,3,4,2,1.05,1,0,0,0,0,0,0,1,0,0,0,0,1,1,0,0,0,0
41,12,1,3,3.453,10,53,1,,,매우혼잡,,,,,1.65,0,0,0,0,0,0,0,0,1,0,1,1,0,1,0,0,0,0
34,3,0,8,1.953,5,18,0,,,보통,,,,,2.14,0,0,1,0,0,0,1,0,0,0,0,0,0,0,0,0,0,0
31,3,0,5,2.105,16,38,0,,,보통,,,,,1.6,0,0,1,0,0,0,0,0,0,0,0,1,0,0,0,0,0,1
44,12,0,8,2.001,13,35,0,,,보통,,,,,2.18,0,1,0,1,0,0,0,0,0,0,1,0,1,0,0,0,0,0
39,1,1,5,2.266,2,26,0,,,보통,,,,,1.52,0,0,0,0,0,0,1,0,1,0,0,0,0,0,0,0,0,0
48,3,1,7,1.756,7,32,0,3,0,여유,0,3,4,4,1.69,1,0,0,0,0,0,0,0,0,0,0,0,0,0,1,0,0,0
32,6,0,20,2.435,1,34,1,3,0,여유,0,3,4,3,6.9,1,0,1,0,0,0,0,0,0,1,0,0,0,0,0,0,0,0
49,6,0,3,2.885,3,34,0,4,0,보통,0,3,4,3,1.18,1,0,0,0,0,0,0,0,0,0,1,0,0,0,0,0,0,0
38,1,1,4,2.881,1,36,0,3,0,보통,0,3,4,3,1.61,1,0,0,0,0,0,0,1,1,0,0,0,0,0,0,0,0,1
34,3,0,4,2.462,5,38,0,2,0,혼잡,0,3,4,3,1.44,1,0,0,0,0,0,0,0,0,0,1,0,1,0,1,0,0,0
32,6,1,4,3.096,5,29,1,3,0,보통,0,3,5,3,1.71,1,0,0,0,0,0,0,0,0,0,1,0,0,1,0,0,0,0
32,1,0,4,2.012,3,28,0,3,0,보통,0,3,4,3,1.23,1,0,0,0,0,0,0,0,0,1,0,0,0,0,0,0,0,0
27,12,0,4,2.901,1,55,1,,,보통,,,,,1.63,0,0,0,0,0,0,0,0,0,0,0,1,1,0,1,0,0,0
29,1,0,10,1.43,8,27,0,,,여유,,,,,2.13,0,0,0,0,0,1,0,0,0,0,0,0,0,1,0,0,0,0
23,6,0,3,2.983,6,35,1,,,매우혼잡,,,,,1.18,0,1,0,0,0,0,0,0,0,0,0,1,0,0,0,0,0,1
34,12,0,4,2.084,32,51,0,3,0,보통,0,4,3,3,1.06,1,0,0,0,0,0,0,0,0,0,0,0,0,0,0,0,0,0
36,12,1,4,3.139,3,47,0,3,0,매우혼잡,0,3,3,3,1.59,1,0,0,0,0,0,0,0,0,0,0,0,0,1,1,1,1,1
26,12,0,2,3.119,7,41,1,3,0,혼잡,0,3,3,4,1.08,1,0,0,1,1,0,0,0,0,1,0,0,0,0,0,0,0,0
18,12,0,12,1.399,10,27,1,,,보통,,,,,2.3,0,1,0,0,0,0,0,0,0,1,0,0,0,0,1,0,1,1
30,6,1,5,2.147,6,28,0,3,0,보통,0,4,2,3,1.47,1,0,0,1,0,0,0,0,0,0,0,0,0,0,0,0,0,0
22,3,0,60,0.035,10,20,0,3,0,보통,0,2,3,2,2.8,1,1,0,0,0,1,0,0,0,0,0,0,0,0,1,0,0,0
39,1,0,10,1.868,4,24,0,,,보통,,,,,2.68,0,0,0,0,0,0,0,0,0,0,0,0,0,0,0,0,0,0
41,3,0,4,2.958,10,20,1,3,0,혼잡,0,2,3,3,1.51,1,0,0,0,0,0,0,1,0,0,0,0,0,0,0,1,0,1
28,1,0,6,2.073,5,45,0,,,보통,,,,,1.66,0,0,0,0,0,0,1,0,0,1,0,0,1,0,1,0,0,0
35,12,0,10,1.148,4,23,0,1,0,혼잡,1,3,3,1,1.65,1,1,1,0,0,1,0,0,1,0,1,0,1,0,1,1,1,0
29,6,0,20,1.159,13,22,0,2,0,보통,0,3,3,2,3.25,1,1,0,0,0,1,0,0,0,0,1,0,1,0,0,1,0,1
30,6,0,24,0.862,3,8,0,2,0,혼잡,1,2,2,1,2.91,1,1,0,0,0,0,1,0,1,0,1,1,0,1,1,0,0,0
33,12,0,4,2.923,10,38,1,4,0,혼잡,0,3,4,2,1.58,1,0,0,1,0,0,0,0,0,0,1,0,0,0,0,0,0,1
36,1,0,5,2.292,1,9,0,4,0,보통,0,3,3,2,1.69,1,0,0,0,0,0,0,0,0,0,0,1,0,0,0,0,1,0
27,1,1,2,3.802,2,38,0,,,보통,,,,,1.34,0,0,0,0,0,0,1,1,0,1,0,0,0,0,1,0,1,0
32,12,0,2,4.321,36,54,1,4,0,여유,0,4,5,4,0.94,1,0,0,0,0,0,1,0,0,0,0,0,0,0,0,0,0,0
15,3,0,58,0.066,10,7,0,,,보통,,,,,2.5,0,1,0,0,0,1,0,0,0,0,0,0,0,1,0,0,1,0
27,6,1,4,2.503,3,42,0,,,보통,,,,,1.38,0,0,0,0,0,0,0,0,0,0,0,0,0,0,0,0,0,0
35,3,1,60,0.1,5,6,0,,,보통,,,,,3.18,0,0,0,0,0,0,0,0,0,0,1,0,0,0,1,1,0,0
23,3,1,60,0.12,14,26,0,,,보통,,,,,2.66,0,0,0,0,0,0,0,0,0,0,0,0,0,0,1,1,1,1
24,12,0,60,0.95,9,8,1,,,혼잡,,,,,11.1,0,1,0,0,1,0,0,0,0,0,1,1,1,1,1,0,0,1
34,6,0,4,2.612,3,32,1,,,여유,,,,,1.34,0,1,0,0,0,0,0,0,0,0,0,0,0,0,0,0,0,0
25,3,0,13,1.679,0,18,0,,,보통,,,,,3.19,0,1,0,0,0,0,0,0,0,0,0,1,0,0,0,0,0,0
40,6,1,1,4.967,22,50,1,,,여유,,,,,0.84,0,0,0,0,0,0,0,0,0,0,1,0,0,0,0,0,0,0
27,6,0,3,2.874,2,50,0,4,0,보통,0,4,5,4,1.39,1,0,0,0,0,0,0,0,0,0,0,0,0,0,0,0,0,0
37,12,1,2,3.358,28,42,0,,,여유,,,,,1.19,0,0,0,0,0,0,0,0,0,0,0,0,0,0,0,0,0,0
22,12,1,1,6.134,15,67,1,3,0,여유,0,4,5,4,0.83,1,0,0,0,0,0,0,0,0,0,0,0,0,0,0,0,0,0
39,6,0,2,4.69,12,47,1,4,0,혼잡,1,4,4,2,1.02,1,0,0,0,0,0,1,0,0,0,0,0,0,1,0,0,0,0
33,6,0,46,0.0,14,8,0,,,매우혼잡,,,,,1.95,0,1,0,0,0,1,0,0,0,0,1,0,0,1,1,1,1,1
28,6,0,3,2.287,8,44,0,3,0,여유,0,3,3,5,1.1,1,0,0,1,0,0,0,0,1,0,0,0,0,0,0,0,0,0
35,1,0,13,1.197,1,15,0,3,0,매우혼잡,1,2,3,1,2.2,1,0,0,0,0,0,0,0,0,1,1,1,0,1,0,1,1,1
53,6,1,21,0.889,4,0,0,,,혼잡,,,,,2.72,0,1,0,0,0,0,0,0,0,0,0,0,0,0,0,0,0,0
48,1,0,14,1.498,6,18,0,3,0,보통,0,2,3,2,3.06,1,0,0,0,0,0,0,0,0,0,0,0,1,1,0,0,0,0
21,6,0,5,2.507,17,27,0,,,여유,,,,,1.76,0,0,0,0,0,0,0,0,0,0,0,0,0,0,0,0,0,0
34,12,1,4,3.375,26,42,0,2,0,매우혼잡,0,3,3,2,1.8,1,0,0,0,0,0,0,0,0,0,1,1,0,1,0,1,0,1
30,3,0,20,0.745,2,5,0,,,보통,,,,,2.1,0,0,0,0,0,0,0,0,0,0,0,0,0,0,0,0,0,0
30,12,0,5,2.256,3,27,1,3,0,혼잡,0,4,3,2,1.75,1,0,0,0,0,0,0,0,0,0,0,0,0,0,0,1,1,1
39,6,0,4,2.598,6,27,0,,,보통,,,,,1.5,0,1,1,0,0,0,0,0,0,1,0,0,0,0,0,0,0,1
22,6,1,3,2.435,2,26,0,,,보통,,,,,1.08,0,0,1,0,0,0,0,0,0,0,0,1,0,0,0,0,0,0
15,6,0,11,1.752,10,36,0,,,혼잡,,,,,2.8,0,1,0,0,0,0,0,0,0,0,0,0,1,0,0,0,1,0
28,3,0,4,2.543,2,49,0,4,0,보통,0,4,3,3,1.31,1,0,0,1,0,0,0,0,0,0,0,0,0,0,0,0,0,0
41,12,0,11,1.377,21,23,0,2,0,매우혼잡,0,2,3,2,2.15,1,1,1,1,0,0,0,0,0,0,1,1,1,1,0,0,1,1
24,3,1,40,0.518,1,9,0,,,혼잡,,,,,2.98,0,1,0,0,0,0,0,0,0,1,0,0,1,0,0,1,0,0
24,12,0,1,4.705,36,68,1,4,0,혼잡,0,5,5,3,0.98,1,0,0,0,0,0,0,0,0,0,1,1,0,0,1,0,0,1
22,1,0,4,2.894,2,26,1,3,0,보통,0,3,4,4,1.6,1,0,0,0,0,0,1,0,0,0,0,0,1,1,0,0,0,0
26,12,1,2,4.5,31,59,1,4,0,여유,0,4,4,4,0.97,1,0,0,0,0,0,0,0,0,1,0,0,0,0,0,0,0,0
28,6,0,3,2.933,23,24,0,3,1,여유,0,4,5,4,1.18,1,0,1,0,0,0,0,0,0,0,0,0,0,0,0,1,0,0
22,6,0,4,2.843,17,48,1,,,혼잡,,,,,1.53,0,0,0,0,0,0,0,0,0,1,0,0,0,0,0,0,0,0
22,6,1,1,5.826,18,61,1,4,0,보통,0,4,4,4,1.02,1,0,0,0,0,1,0,0,0,0,1,0,0,0,0,0,0,1
40,12,0,1,4.131,10,51,1,4,0,여유,0,5,5,4,0.88,1,0,0,0,0,0,0,0,0,0,0,0,0,0,0,0,0,0
32,12,1,2,4.428,12,46,0,5,0,보통,0,4,4,3,1.03,1,0,0,0,0,0,0,0,0,0,0,0,0,0,0,0,0,0
32,12,0,3,3.793,5,34,0,3,0,혼잡,0,3,4,2,1.49,1,0,0,0,0,0,0,0,0,0,1,0,0,0,0,0,0,0
27,6,0,3,2.086,33,28,0,4,0,혼잡,0,4,2,3,1.01,1,0,0,0,0,0,0,0,0,0,1,0,0,0,0,0,0,0
41,3,0,19,1.149,5,33,1,2,0,보통,0,2,3,3,3.14,1,0,0,0,0,1,1,0,1,1,0,0,1,0,0,1,0,0
39,3,1,2,4.165,2,51,0,4,0,여유,0,4,4,3,1.05,1,0,0,0,0,0,0,1,1,0,0,0,0,0,0,0,0,0
28,12,1,11,1.965,9,18,0,,,보통,,,,,3.0,0,1,0,1,0,0,1,0,0,0,0,0,0,0,0,0,1,0
41,12,0,9,1.824,6,26,0,2,0,보통,0,3,3,2,2.28,1,0,0,1,0,0,0,0,0,0,0,0,0,0,1,1,0,0
22,12,1,1,5.047,27,50,1,5,0,보통,0,4,4,4,0.87,1,0,0,0,0,0,0,0,0,0,0,0,0,0,0,0,0,0
27,1,1,3,2.515,0,52,0,3,0,매우혼잡,0,2,3,2,1.16,1,0,0,0,0,0,0,0,0,0,1,1,1,1,0,0,0,0
19,12,0,3,2.944,9,27,1,,,보통,,,,,1.23,0,0,0,0,0,0,0,0,1,0,0,0,0,0,0,0,0,0
48,1,0,35,0.625,3,8,0,2,0,혼잡,0,3,2,3,3.11,1,1,0,0,1,0,0,1,0,0,1,0,0,0,0,1,1,0
20,3,0,3,3.833,6,57,0,4,0,매우혼잡,0,4,4,4,1.5,1,0,0,0,0,0,0,0,0,0,0,0,0,0,0,1,0,1
34,1,1,4,3.451,1,29,1,3,0,여유,0,4,5,3,1.8,1,0,0,0,0,0,0,0,0,0,0,0,0,0,0,0,0,0
15,6,1,3,3.43,10,36,0,4,0,여유,0,3,3,3,1.62,1,0,0,0,0,0,0,0,0,0,0,0,0,0,0,0,0,0
25,6,0,60,0.849,13,29,0,3,0,혼잡,0,1,2,1,17.44,1,1,0,0,0,0,0,1,1,1,0,1,1,1,0,1,0,0
27,12,0,60,0.023,11,0,0,,,보통,,,,,3.07,0,0,0,0,0,0,0,1,0,1,1,0,1,0,0,0,0,1
22,3,0,3,2.83,1,36,0,4,0,여유,0,3,3,3,1.2,1,0,0,0,0,1,1,0,0,0,0,0,0,0,0,0,0,0
48,6,0,18,1.185,14,19,0,4,0,여유,0,3,2,2,3.12,1,0,1,1,0,1,0,0,0,0,0,0,0,0,0,0,0,0
32,12,0,11,1.148,11,2,1,,,여유,,,,,1.78,0,1,0,0,0,0,0,0,0,0,0,0,0,0,0,0,1,0
29,3,0,13,1.091,4,31,0,3,0,혼잡,0,3,3,3,2.07,1,0,0,0,1,0,0,0,0,0,1,1,0,0,0,0,0,0
42,12,1,1,5.699,18,71,1,5,0,보통,0,4,5,5,0.89,1,0,0,0,0,0,0,0,0,0,0,0,0,0,0,0,0,0
15,12,0,12,1.167,18,31,0,3,0,매우혼잡,1,3,3,2,2.03,1,1,0,0,0,0,0,0,0,0,1,1,0,0,0,0,0,1
34,6,1,3,3.001,2,23,1,3,0,보통,0,4,4,3,1.1,1,0,0,0,0,0,0,0,0,0,0,0,0,0,0,0,0,0
33,6,0,3,2.469,5,30,0,3,0,보통,0,3,3,3,1.09,1,0,0,0,0,0,0,1,0,0,0,0,0,0,0,0,0,0
50,1,0,4,2.112,2,41,0,3,0,보통,0,3,3,3,1.34,1,0,0,0,0,0,0,0,0,0,0,0,0,0,1,0,0,0
33,6,1,3,3.01,5,25,0,,,여유,,,,,1.24,0,0,0,0,0,0,0,1,0,0,0,0,0,0,0,0,0,0
38,1,0,2,4.352,4,71,0,4,0,여유,0,4,5,5,1.05,1,0,0,0,0,0,0,1,0,0,0,0,0,0,0,0,0,0
30,3,0,4,2.567,14,38,0,,,여유,,,,,1.5,0,0,0,0,1,0,0,0,0,0,0,0,0,0,0,0,0,0
30,6,0,13,1.398,3,6,0,,,여유,,,,,2.65,0,0,0,1,0,0,0,1,0,1,0,0,0,0,0,0,0,0
27,3,0,60,0.712,2,16,1,,,보통,,,,,7.9,0,1,0,0,0,0,0,0,0,0,1,0,0,0,0,0,0,0
31,12,0,11,1.329,21,34,0,1,1,혼잡,0,2,3,2,2.09,1,1,0,0,0,0,0,1,0,0,0,1,0,0,1,1,0,0
41,6,0,24,2.254,3,64,0,3,0,혼잡,0,4,3,4,7.64,1,0,0,0,0,1,0,0,0,0,0,0,0,0,0,0,0,0
15,12,0,5,2.493,17,28,0,4,0,여유,0,4,3,3,1.79,1,1,0,0,0,0,0,0,0,0,0,0,0,0,0,0,0,0
46,12,1,3,3.306,10,40,1,4,0,보통,0,3,4,3,1.3,1,0,0,0,0,0,0,0,0,1,0,0,0,0,0,0,0,0
24,12,0,1,5.512,2,66,1,4,0,보통,0,4,5,5,1.01,1,0,0,0,0,0,0,0,0,0,0,0,0,0,0,1,0,0
27,12,0,2,4.551,17,71,1,4,0,보통,0,4,5,4,1.07,1,0,0,0,0,0,1,0,0,0,0,0,0,0,0,0,0,0
24,3,0,4,2.055,4,42,0,2,0,여유,0,4,4,4,1.31,1,0,0,0,0,0,0,0,0,0,0,0,0,0,0,0,0,1
46,6,0,4,2.675,13,8,1,,,보통,,,,,1.37,0,0,0,0,0,0,0,0,0,0,0,1,0,1,1,0,0,0
21,12,0,1,5.124,35,59,1,4,0,여유,0,5,4,4,0.98,1,0,0,0,0,0,0,0,0,0,0,0,0,0,0,0,0,0
29,3,0,4,2.672,3,49,1,3,0,보통,0,3,5,3,1.67,1,0,0,0,0,0,0,0,0,0,0,0,1,0,0,0,0,0
23,6,1,1,6.237,8,77,1,,,보통,,,,,0.83,0,0,0,0,0,0,0,1,0,0,0,0,0,0,0,1,0,0
34,6,0,4,2.09,4,24,0,4,0,여유,0,4,3,4,1.06,1,0,0,0,0,0,0,0,0,0,0,0,0,0,0,0,0,0
36,6,0,56,0.283,5,22,1,,,혼잡,,,,,2.4,0,0,0,0,0,0,1,0,0,1,1,1,0,1,0,0,0,0
49,6,0,46,0.394,3,28,0,2,1,여유,0,3,3,3,2.6,1,0,0,0,0,0,0,0,0,0,0,0,0,1,1,1,0,0
30,3,1,6,2.064,4,31,0,4,0,혼잡,0,3,4,3,1.64,1,0,0,0,0,0,0,0,0,0,0,0,0,0,0,0,0,0
30,12,0,9,1.892,27,26,0,,,보통,,,,,2.31,0,0,0,0,0,0,0,0,0,0,1,0,0,0,1,0,0,0
48,6,0,3,2.565,3,55,0,,,여유,,,,,1.07,0,0,0,0,0,0,0,0,0,0,0,0,0,0,0,0,0,0
40,6,1,3,3.205,11,35,1,2,0,여유,0,4,3,4,1.4,1,0,0,0,0,0,0,0,0,0,0,0,0,0,0,0,1,0
24,6,0,5,2.598,21,38,0,3,0,보통,0,4,3,4,1.76,1,1,0,0,0,0,0,0,0,0,0,0,0,0,0,0,0,0
34,6,0,3,2.715,2,37,1,3,0,매우혼잡,0,2,3,2,1.21,1,1,0,0,0,0,0,0,0,1,0,0,1,1,0,0,0,0
20,1,0,20,0.912,1,18,0,3,0,매우혼잡,0,2,1,2,2.66,1,0,0,0,0,1,0,0,0,0,1,0,1,1,1,1,0,0
33,1,0,18,1.184,3,9,0,,,보통,,,,,3.06,0,1,1,0,1,0,0,0,0,0,0,1,1,0,1,0,0,0
57,1,0,53,0.0,4,0,0,,,여유,,,,,2.27,0,1,0,0,0,0,0,0,0,1,0,0,0,0,0,1,0,1
44,6,0,4,2.429,4,41,0,,,혼잡,,,,,1.47,0,0,0,0,0,0,0,0,0,0,0,0,0,0,0,0,1,0
18,6,0,3,3.082,8,40,1,,,보통,,,,,1.46,0,0,0,0,0,0,0,0,0,0,0,0,0,0,0,0,0,0
35,3,0,3,3.698,3,35,0,,,매우혼잡,,,,,1.45,0,0,0,0,0,0,0,0,0,0,1,0,1,1,0,0,0,0
21,12,1,3,3.818,25,50,1,3,0,여유,0,3,5,4,1.66,1,0,0,0,0,0,0,0,0,0,0,0,0,0,0,0,0,1
54,6,0,1,5.176,17,62,0,4,0,여유,0,5,5,4,1.02,1,0,0,0,0,0,0,0,0,0,0,0,0,0,0,0,0,0
15,3,0,1,4.089,3,59,0,5,0,보통,0,4,4,3,0.82,1,0,0,0,0,0,0,1,0,0,0,0,0,1,0,0,0,0
26,3,0,3,2.795,7,39,1,3,0,혼잡,0,3,4,3,1.18,1,0,0,0,0,0,0,0,1,1,0,0,0,0,0,0,0,0
42,12,1,2,2.977,12,60,1,,,혼잡,,,,,1.02,0,0,0,0,0,0,0,0,0,0,1,0,0,1,0,1,1,1
21,12,0,2,4.231,8,45,1,,,보통,,,,,0.91,0,0,0,0,0,0,0,0,0,0,0,0,0,0,0,1,0,0
37,3,0,8,1.733,1,32,0,,,매우혼잡,,,,,1.99,0,0,0,1,0,1,0,1,0,1,1,0,0,1,1,0,0,0
58,6,0,4,2.496,1,37,0,4,0,혼잡,0,3,3,3,1.51,1,0,0,0,0,0,0,0,0,1,1,0,0,0,0,0,0,0
29,6,1,39,0.491,1,10,0,2,0,보통,0,3,2,3,2.75,1,1,0,0,1,0,0,0,0,0,0,0,0,0,0,0,0,0
35,6,0,1,4.989,11,45,1,3,0,보통,0,4,5,4,1.02,1,0,0,0,0,0,0,0,0,0,0,0,0,0,0,0,0,0
35,12,0,17,1.065,19,12,0,,,매우혼잡,,,,,2.64,0,1,1,0,1,0,1,0,0,0,1,1,1,1,0,1,0,1
31,3,0,7,1.593,2,28,0,3,0,매우혼잡,0,3,3,2,1.59,1,1,0,0,0,0,0,0,1,0,1,0,0,1,0,0,1,0
44,1,0,50,0.0,0,15,0,4,0,여유,0,3,2,2,2.15,1,0,1,1,0,0,0,0,0,0,0,0,0,0,0,0,0,0
30,12,0,21,0.801,16,20,0,,,보통,,,,,2.36,0,1,0,0,0,1,0,0,0,0,0,0,0,0,0,1,0,0
42,12,0,4,2.137,7,26,0,4,0,여유,0,4,3,3,1.12,1,0,0,0,0,1,0,0,0,0,0,0,0,0,0,0,0,0
29,3,0,1,4.903,3,74,1,4,0,보통,0,4,5,4,0.86,1,0,0,0,0,0,0,0,0,0,1,0,0,0,0,0,0,0
40,3,0,8,1.721,11,31,0,,,여유,,,,,1.89,0,0,0,0,0,0,0,0,1,0,0,0,0,0,0,0,0,0
25,3,1,5,2.429,9,23,0,,,혼잡,,,,,1.6,0,0,0,0,0,0,0,1,0,0,0,0,0,0,0,0,0,0
50,3,0,7,1.689,9,12,0,4,0,보통,0,2,4,4,1.68,1,0,0,0,0,0,0,1,1,0,0,0,0,0,0,0,0,0
28,3,0,58,0.186,1,18,0,3,1,여유,1,3,3,3,2.49,1,1,0,0,0,0,0,0,0,0,0,0,1,0,0,0,0,0
28,6,0,4,2.877,19,45,1,,,보통,,,,,1.73,0,0,0,0,0,0,0,0,0,1,0,0,1,0,0,0,0,0
38,3,0,5,2.296,4,31,1,3,0,혼잡,0,3,4,3,1.6,1,0,0,0,0,0,0,0,0,1,0,0,0,1,1,1,1,0
32,3,0,1,4.884,0,49,0,3,0,혼잡,0,3,4,3,0.81,1,0,0,0,0,0,1,0,0,0,0,1,0,0,0,0,0,0
43,12,0,1,5.117,12,49,0,5,0,여유,0,4,4,4,0.96,1,0,0,0,0,0,0,0,0,0,0,1,0,0,0,0,0,0
57,12,0,3,2.743,8,47,1,4,0,여유,0,4,5,4,1.21,1,0,0,0,0,0,0,0,1,0,0,0,0,0,0,0,0,0
51,12,0,4,2.455,8,36,0,2,0,혼잡,0,3,3,3,1.26,1,1,0,0,0,0,0,0,0,0,0,0,0,0,0,0,0,0
32,3,0,14,1.274,2,14,0,2,0,혼잡,0,2,2,2,2.5,1,1,0,1,1,0,1,0,1,0,1,1,0,1,0,1,1,0
24,6,0,4,2.035,4,39,1,2,0,보통,1,3,4,2,1.24,1,0,0,0,0,0,0,0,0,0,0,0,0,1,1,1,1,1
37,12,0,51,0.056,6,14,0,,,매우혼잡,,,,,2.2,0,1,0,0,0,0,0,0,0,0,1,0,1,0,0,0,1,1
26,12,0,16,1.33,3,26,0,,,여유,,,,,3.09,0,1,1,0,0,0,0,1,0,0,0,1,0,0,0,0,0,0
15,6,0,2,3.863,15,51,0,,,보통,,,,,1.2,0,0,0,0,0,0,0,1,0,1,0,0,0,0,0,0,0,0
40,12,1,3,2.825,4,30,0,,,여유,,,,,1.27,0,0,0,0,0,0,0,0,0,0,0,0,0,0,0,0,0,0
41,6,0,11,1.432,8,10,0,2,0,보통,0,3,2,3,2.24,1,1,0,0,0,0,1,0,0,0,1,0,0,0,0,0,0,0
16,12,0,10,4.06,5,58,0,,,보통,,,,,5.71,0,0,0,0,0,0,0,0,0,0,0,0,0,0,0,0,1,0
27,6,1,3,3.948,29,71,0,4,0,여유,0,4,5,5,1.76,1,0,0,0,0,0,0,0,0,0,0,1,0,0,0,0,0,1
27,12,1,19,1.18,12,19,1,,,보통,,,,,3.24,0,0,0,0,0,0,0,0,0,0,1,1,0,0,0,0,0,0
27,3,0,2,3.619,4,52,1,,,혼잡,,,,,1.1,0,0,0,0,0,0,0,0,1,0,1,1,0,0,0,1,1,0
34,6,0,60,0.147,6,2,0,,,보통,,,,,2.62,0,1,0,1,0,1,0,0,0,0,0,0,0,0,0,1,0,0
48,6,0,29,0.527,2,0,0,,,여유,,,,,2.19,0,0,1,0,0,0,0,0,0,0,0,0,0,1,0,0,0,0
27,3,0,13,1.46,5,20,0,,,보통,,,,,2.76,0,0,0,0,0,0,0,0,0,0,1,0,0,1,0,0,0,0
37,12,1,14,1.512,11,19,0,,,혼잡,,,,,3.05,0,0,0,0,0,1,0,1,0,0,1,0,0,0,0,0,0,0
20,6,0,5,2.41,12,20,0,,,보통,,,,,1.64,0,0,0,0,0,0,0,0,0,0,1,1,1,0,0,0,0,1
39,6,0,4,2.817,12,29,1,,,여유,,,,,1.59,0,0,0,1,0,0,0,1,0,0,1,0,0,0,0,0,0,0
37,1,0,21,0.955,0,14,0,,,보통,,,,,2.87,0,0,0,0,0,0,0,0,0,1,1,0,0,0,0,0,0,0
42,12,0,13,1.501,12,14,0,4,0,여유,0,3,4,3,2.78,1,0,0,0,0,0,0,0,0,0,0,0,0,0,0,0,0,0
15,6,0,31,0.574,15,12,0,,,보통,,,,,2.56,0,1,0,0,0,0,1,0,1,1,1,0,0,1,0,0,1,1
22,3,1,3,3.07,0,46,0,,,보통,,,,,1.18,0,0,0,0,0,0,0,0,0,0,0,0,0,0,0,0,0,0
37,6,0,15,1.246,10,13,0,,,혼잡,,,,,2.74,0,0,1,0,0,1,0,0,1,0,1,0,1,1,0,0,0,0
46,12,0,11,1.74,2,29,0,,,여유,,,,,2.79,0,1,1,1,0,0,0,0,0,0,1,0,0,0,0,0,0,0
24,6,1,1,5.587,8,70,1,,,혼잡,,,,,1.1,0,0,0,0,0,0,0,0,0,0,0,1,0,0,1,0,0,0
41,12,0,5,2.014,17,51,0,3,0,매우혼잡,0,3,2,2,1.52,1,0,0,0,0,1,0,0,0,0,0,0,0,0,0,1,0,1
26,1,0,4,2.802,7,41,0,,,혼잡,,,,,1.57,0,0,0,0,0,0,0,0,0,0,0,0,0,0,0,0,0,0
36,3,0,3,2.671,1,43,0,4,0,보통,0,4,3,3,1.21,1,0,0,0,0,0,0,0,1,0,0,0,1,0,0,0,0,0
46,12,0,3,2.636,6,20,1,,,보통,,,,,1.09,0,0,0,0,0,0,0,0,0,0,0,0,0,0,0,0,0,0
30,3,0,2,4.276,14,42,0,4,0,보통,0,4,4,4,1.05,1,0,0,0,0,0,0,0,0,0,0,0,0,0,0,0,0,0
46,3,0,3,2.41,5,31,0,,,혼잡,,,,,1.1,0,0,0,0,0,0,0,0,0,0,1,1,0,0,0,0,1,0
34,6,0,4,2.982,8,22,1,,,혼잡,,,,,1.6,0,0,0,0,0,0,0,0,0,0,0,0,0,0,0,0,0,0
22,3,0,3,2.518,12,21,0,,,보통,,,,,1.16,0,0,0,0,0,0,0,0,0,0,0,0,0,0,0,0,0,0
35,3,0,2,4.366,6,55,1,3,0,보통,0,4,4,4,1.04,1,0,0,0,0,0,0,0,0,0,0,0,1,0,0,0,0,0
54,12,1,3,2.749,3,39,0,4,0,보통,0,4,2,3,1.34,1,1,0,0,0,0,0,0,0,0,0,0,0,0,0,0,0,0
30,6,1,3,3.041,7,46,1,3,0,여유,0,4,4,3,1.51,1,0,0,0,0,0,0,0,0,0,0,0,0,1,0,1,0,0
36,6,0,2,3.841,10,49,1,,,보통,,,,,1.08,0,0,0,0,0,0,0,0,0,0,0,0,0,0,0,0,0,0
15,12,0,3,3.064,7,45,1,,,매우혼잡,,,,,1.27,0,1,0,0,1,0,1,0,0,0,1,1,0,1,0,0,1,0
43,6,0,33,0.442,2,16,0,3,0,보통,0,2,3,2,2.08,1,0,0,0,0,0,0,1,0,0,1,0,0,1,1,0,0,0
45,6,0,4,2.753,5,50,0,,,혼잡,,,,,1.46,0,1,1,0,0,1,0,0,0,0,0,0,0,0,0,0,0,1
34,3,0,8,1.995,2,28,0,,,혼잡,,,,,2.26,0,1,0,0,0,0,0,0,0,0,0,0,1,0,0,0,0,0
22,12,0,11,1.334,4,33,0,4,0,여유,0,3,3,4,2.04,1,0,0,0,0,0,0,0,1,0,0,0,0,0,0,0,0,0
45,12,0,4,2.103,10,41,1,,,보통,,,,,1.21,0,0,0,0,0,0,1,1,0,1,0,0,0,0,0,0,0,0
41,12,0,1,5.57,12,69,1,3,0,혼잡,0,3,5,3,0.97,1,0,0,0,0,0,0,0,0,1,0,0,1,0,0,0,0,0
34,6,0,15,1.469,6,18,1,,,매우혼잡,,,,,3.24,0,1,0,0,0,0,0,1,0,0,1,0,0,0,0,0,0,0
37,3,0,60,0.21,2,15,0,3,0,여유,0,3,3,3,3.21,1,1,0,0,0,0,0,0,0,0,0,0,0,0,0,0,1,0
32,12,0,2,3.722,26,51,1,3,0,여유,0,5,5,5,1.01,1,0,0,0,0,0,0,0,0,0,0,0,0,0,1,0,0,0
27,12,1,3,3.384,5,44,1,,,혼잡,,,,,1.6,0,0,0,0,0,1,0,1,0,0,0,0,0,0,0,0,0,0
35,3,0,3,3.193,2,33,0,3,0,여유,0,3,3,4,1.25,1,0,0,0,0,1,0,0,0,0,1,0,0,0,0,0,0,0
51,1,0,18,1.032,2,18,0,2,1,여유,0,3,4,3,2.7,1,1,0,0,0,0,0,0,0,0,0,0,0,0,1,1,0,0
48,6,1,14,2.811,7,27,1,3,0,혼잡,0,3,4,3,5.7,1,0,0,0,0,0,0,1,0,0,0,0,0,0,1,0,0,0
18,12,0,5,1.984,18,29,0,3,0,혼잡,0,3,4,3,1.53,1,1,0,0,0,0,1,0,0,0,0,0,0,0,0,0,0,0
15,12,0,4,2.901,8,40,1,,,여유,,,,,1.54,0,0,0,0,0,0,0,0,0,0,0,0,0,0,0,0,0,0
17,6,0,4,2.023,1,19,0,,,보통,,,,,1.19,0,1,1,0,0,0,0,1,0,0,0,0,0,0,0,0,0,0
59,1,1,3,3.172,3,37,0,,,보통,,,,,1.38,0,0,0,0,0,0,0,0,1,1,0,1,0,0,0,0,0,0
30,12,1,1,5.612,13,71,1,4,0,혼잡,1,3,4,2,1.0,1,0,0,0,0,0,0,0,0,0,1,1,1,1,0,0,0,0
36,12,0,2,4.389,18,46,1,,,혼잡,,,,,1.08,0,0,0,0,0,0,0,0,0,0,1,0,0,0,0,1,0,0
56,3,0,16,1.038,8,7,0,,,보통,,,,,2.35,0,0,0,0,0,0,0,0,0,0,1,0,0,0,1,0,0,0
27,12,1,40,0.464,15,8,0,2,0,보통,1,2,2,1,2.63,1,0,0,0,1,0,0,0,0,0,1,0,0,0,0,0,0,0
34,6,0,4,3.167,5,60,0,4,0,보통,0,3,3,3,1.64,1,0,0,0,0,0,0,0,1,0,0,0,0,0,0,0,0,0
24,3,0,9,1.713,5,38,0,3,0,여유,0,4,2,3,2.14,1,0,0,1,0,0,0,0,0,0,0,0,0,0,0,0,1,0
28,12,1,3,3.416,5,43,0,3,0,여유,0,3,3,3,1.39,1,0,0,0,0,0,0,1,1,0,0,0,0,0,0,1,0,0
33,6,1,2,3.269,16,35,1,2,0,매우혼잡,0,2,4,3,1.12,1,0,0,0,0,0,0,0,1,0,1,0,0,1,1,0,0,0
43,12,1,3,3.557,11,40,0,3,0,혼잡,0,3,4,3,1.29,1,0,0,0,0,0,0,0,0,0,1,0,0,0,0,0,0,0
26,12,0,10,1.524,17,17,0,2,0,매우혼잡,0,2,3,3,2.24,1,1,0,0,0,0,0,1,0,0,1,0,0,0,0,0,1,0
28,6,1,10,3.457,36,39,0,,,보통,,,,,4.98,0,1,0,1,0,0,1,0,0,0,0,1,0,1,1,0,0,0
15,6,1,10,1.181,10,37,0,,,혼잡,,,,,1.61,0,1,0,0,1,0,0,0,0,0,1,0,1,1,0,0,0,0
33,6,1,21,2.014,4,27,0,,,보통,,,,,6.16,0,1,0,1,0,0,0,0,0,0,1,0,0,0,0,0,1,0
30,6,1,7,5.177,9,55,1,,,혼잡,,,,,5.04,0,0,0,0,0,0,0,0,0,0,1,0,0,0,0,1,0,0
25,6,0,4,2.71,12,33,0,,,보통,,,,,1.72,0,0,0,0,0,0,0,0,0,0,0,0,0,0,0,0,0,0
15,6,0,11,1.624,2,18,0,,,혼잡,,,,,2.53,0,1,0,0,0,0,0,0,0,0,1,0,1,0,0,0,0,0
27,3,0,8,1.925,1,28,1,,,보통,,,,,2.33,0,0,0,0,0,0,0,0,0,1,0,0,1,0,0,0,0,0
37,3,0,25,0.719,9,17,0,,,여유,,,,,2.54,0,1,0,0,1,0,1,0,0,1,0,0,0,0,0,0,0,0
36,1,0,51,0.0,4,4,0,,,혼잡,,,,,2.19,0,1,1,0,0,1,1,1,0,1,1,1,0,0,0,0,0,0
23,3,1,3,3.583,4,47,0,,,여유,,,,,1.76,0,0,0,0,0,0,1,0,0,0,0,0,0,1,0,0,0,0
36,12,0,1,6.188,2,65,1,4,0,혼잡,0,4,5,4,0.88,1,0,0,0,0,0,0,0,0,0,0,0,1,0,0,0,0,0
45,3,1,2,4.076,14,53,1,,,혼잡,,,,,1.09,0,0,0,0,0,0,0,0,0,0,0,0,1,0,0,0,0,0
43,3,0,5,2.661,2,35,0,3,0,보통,0,4,3,3,1.8,1,1,0,0,0,0,0,0,0,0,0,0,0,0,1,0,0,0
31,12,0,14,1.116,12,18,0,2,1,보통,0,3,3,2,2.31,1,1,0,0,0,0,0,0,0,0,0,1,0,0,0,0,0,1
29,12,0,6,1.9,8,36,0,4,0,보통,0,3,4,3,1.66,1,0,0,0,0,0,0,0,0,0,1,0,0,0,0,0,0,0
22,1,0,16,1.103,6,45,0,3,0,보통,0,3,3,3,2.57,1,1,0,0,0,0,0,0,0,0,0,0,0,1,1,0,0,0
33,12,1,3,2.923,0,48,0,2,0,혼잡,0,3,4,3,1.07,1,0,0,0,0,0,0,0,0,0,0,0,0,0,0,0,1,0
51,6,1,22,0.742,6,18,0,3,0,여유,0,4,2,4,2.33,1,1,1,1,0,0,0,0,0,0,0,0,0,0,0,0,0,0
25,12,0,3,2.395,19,37,0,,,매우혼잡,,,,,1.0,0,0,1,0,0,0,0,0,0,0,1,0,0,1,0,0,0,0
20,1,1,4,4.607,4,55,0,5,0,여유,0,4,4,5,2.5,1,0,0,0,0,0,0,0,0,0,0,0,0,0,0,0,0,0
32,6,0,3,3.477,14,57,0,4,0,보통,0,5,3,3,1.33,1,0,0,0,0,0,0,0,0,0,0,0,0,0,0,0,0,0
38,3,0,10,1.536,2,34,0,,,보통,,,,,2.22,0,1,0,0,0,0,1,1,0,0,0,0,0,0,0,1,0,0
41,12,0,12,1.982,10,33,1,3,0,보통,0,3,2,2,3.26,1,0,1,1,0,1,0,1,0,0,0,0,0,0,0,1,0,0
34,3,1,9,1.526,6,16,0,,,여유,,,,,1.9,0,0,0,0,0,0,0,0,0,0,0,0,0,0,0,0,0,0
36,12,0,4,2.459,16,19,1,3,0,여유,0,4,4,3,1.4,1,0,0,0,0,0,0,0,0,0,0,0,0,0,0,0,0,0
47,3,0,5,2.07,4,33,0,,,보통,,,,,1.49,0,1,0,0,0,0,0,0,0,0,0,0,0,1,0,1,0,0
41,12,0,5,2.587,4,3,0,3,0,보통,0,3,3,1,1.92,1,1,0,0,0,0,1,1,0,0,1,0,0,0,0,0,0,0
45,3,1,2,4.4,0,34,0,4,0,여유,0,4,4,4,1.1,1,0,0,0,0,0,0,0,0,0,0,0,1,0,0,0,0,0
48,12,0,5,2.343,17,31,1,,,매우혼잡,,,,,1.73,0,1,0,0,0,0,0,0,0,0,1,0,0,1,0,0,0,0
27,12,0,3,3.158,20,32,1,3,0,여유,0,4,3,4,1.31,1,0,0,0,0,0,0,0,0,0,0,0,0,0,0,0,0,0
29,12,0,3,2.754,6,26,0,2,0,혼잡,0,3,3,3,1.3,1,1,0,0,0,0,0,0,0,0,0,0,0,0,0,0,1,1
15,3,0,3,2.788,4,44,1,3,0,보통,0,4,4,3,1.32,1,0,0,0,0,0,0,0,0,0,1,1,0,1,1,0,0,0
25,12,0,11,1.423,14,30,1,,,혼잡,,,,,2.3,0,1,0,0,0,0,0,0,0,0,0,0,1,1,0,1,0,0
39,6,1,11,1.373,1,23,0,,,여유,,,,,2.16,0,0,0,0,0,0,0,0,0,0,1,0,0,1,0,1,1,1
24,6,0,11,1.453,7,33,1,,,매우혼잡,,,,,2.38,0,1,0,0,0,0,0,0,0,0,1,0,0,0,1,1,1,1
20,1,1,11,1.896,2,24,0,,,보통,,,,,2.86,0,1,0,0,0,0,1,1,0,1,0,0,0,0,0,1,0,1
47,12,1,1,4.605,9,66,0,,,매우혼잡,,,,,0.87,0,0,0,0,0,0,0,0,0,0,1,1,0,0,1,0,0,0
44,3,0,17,1.092,8,10,0,,,혼잡,,,,,2.7,0,0,0,0,0,1,0,0,0,0,0,0,0,1,0,0,0,0
23,12,0,1,4.931,10,50,0,4,0,보통,0,4,4,3,1.03,1,0,0,0,0,0,0,0,0,0,0,0,1,0,0,0,0,0
38,3,0,7,1.551,8,47,0,,,보통,,,,,1.61,0,0,1,0,0,0,0,0,0,0,0,0,1,0,0,0,0,0
42,3,1,6,2.023,9,31,0,,,보통,,,,,1.62,0,0,0,1,0,0,0,0,0,0,0,0,0,0,0,1,0,1
37,12,0,25,0.66,3,26,0,,,여유,,,,,2.37,0,0,0,0,0,0,1,0,0,0,0,0,0,1,0,0,0,0
34,3,0,1,4.603,16,53,1,3,0,혼잡,0,4,5,3,0.84,1,0,0,0,0,0,0,0,0,0,0,0,0,1,0,0,0,0
27,3,0,3,3.261,2,53,0,,,혼잡,,,,,1.63,0,0,0,1,0,0,0,0,0,0,0,1,0,1,0,0,0,0
42,3,0,30,0.744,16,29,0,3,0,혼잡,0,2,3,3,3.18,1,0,0,0,0,0,1,0,0,0,1,0,0,0,0,0,1,0
24,3,0,60,0.27,2,5,0,2,0,여유,0,2,3,2,2.67,1,0,0,0,0,0,1,0,0,0,1,1,0,0,0,0,0,0
50,1,0,2,3.419,2,20,1,3,0,혼잡,0,3,3,2,1.15,1,1,0,0,1,0,0,0,1,0,1,0,0,1,0,0,0,0
30,12,1,1,5.746,6,80,1,5,0,혼잡,0,5,4,4,1.03,1,0,0,0,0,0,0,0,0,0,0,0,0,0,0,0,0,0
34,12,0,7,2.117,8,10,1,,,보통,,,,,2.14,0,0,0,0,0,0,0,0,0,0,0,0,1,1,0,0,0,0
27,6,0,39,0.364,8,25,0,,,혼잡,,,,,2.03,0,1,0,0,0,0,0,0,0,0,0,0,0,0,0,0,0,0
42,3,1,4,2.65,7,30,0,,,혼잡,,,,,1.54,0,0,0,0,1,0,0,0,1,0,1,1,1,1,0,0,0,0
44,1,0,7,1.767,3,22,0,4,0,보통,0,3,3,4,1.73,1,1,0,0,0,0,1,0,0,0,0,0,0,0,0,0,0,0
40,6,0,17,1.036,6,20,0,,,여유,,,,,2.54,0,1,0,1,0,0,0,0,0,0,0,0,0,0,1,0,0,0
36,12,0,1,4.585,17,46,1,4,0,여유,0,5,5,3,0.88,1,0,0,0,0,0,0,0,0,0,0,1,0,0,0,0,0,0
21,6,0,3,2.429,6,40,0,5,0,여유,0,3,3,3,1.13,1,1,0,0,0,0,0,0,0,0,1,0,0,0,0,0,0,0
21,3,0,4,3.281,2,28,0,,,혼잡,,,,,1.74,0,0,0,0,0,0,0,0,0,0,1,1,0,0,1,0,0,1
37,6,0,4,2.132,11,38,0,3,0,여유,0,4,3,4,1.13,1,1,0,0,0,0,0,0,0,0,0,0,0,0,0,0,0,0
24,6,1,1,5.021,13,58,1,,,매우혼잡,,,,,0.97,0,0,0,0,0,0,0,0,0,0,1,1,1,0,0,1,1,0
21,12,0,16,1.297,4,29,0,,,여유,,,,,2.88,0,1,0,0,0,1,0,1,1,0,1,0,0,0,0,0,0,1
39,3,1,3,3.994,7,59,0,5,0,여유,0,4,4,4,1.69,1,0,0,0,0,0,0,0,0,0,0,0,1,0,0,0,0,0
15,6,0,4,2.838,8,30,0,3,0,혼잡,0,3,3,2,1.56,1,0,1,1,0,0,0,0,0,0,0,1,1,0,0,0,0,1
42,6,0,5,2.316,7,28,0,3,0,보통,0,3,5,3,1.56,1,0,0,0,0,0,0,0,0,0,0,0,0,0,0,1,0,0
37,6,0,6,1.911,17,54,0,,,보통,,,,,1.52,0,1,0,0,0,0,0,0,0,0,0,0,0,0,0,1,0,0
42,12,0,60,0.797,13,0,0,3,0,보통,0,2,2,2,16.12,1,1,0,0,0,1,0,1,1,0,1,0,0,0,0,0,1,0
41,6,1,3,2.664,1,40,0,3,0,여유,0,3,3,4,1.13,1,0,0,0,0,0,0,1,0,0,0,0,0,0,0,0,0,0
46,12,0,22,1.047,29,31,0,,,혼잡,,,,,3.27,0,0,0,0,0,0,0,1,1,0,0,1,0,0,0,0,0,0
30,6,0,10,1.509,11,19,1,,,보통,,,,,2.16,0,1,0,0,0,0,0,0,0,0,1,0,0,0,0,0,0,0
22,3,0,3,3.293,1,34,0,4,0,보통,1,3,4,4,1.63,1,1,0,0,0,0,0,0,0,0,0,0,0,0,0,0,1,0
34,12,0,10,1.927,36,19,1,,,혼잡,,,,,2.89,0,0,0,0,1,0,1,0,0,1,0,0,1,0,0,0,0,0
37,12,0,3,3.888,29,46,1,,,보통,,,,,1.51,0,0,0,0,0,0,0,0,0,0,1,1,0,0,0,0,0,1
23,12,0,6,1.912,21,30,0,,,혼잡,,,,,1.7,0,0,1,0,0,0,0,0,0,0,0,1,0,1,0,1,0,0
34,6,1,2,4.01,5,51,1,,,여유,,,,,1.02,0,0,0,0,0,0,0,0,0,1,0,0,0,0,0,1,0,0
27,1,0,6,2.174,8,18,0,,,여유,,,,,1.71,0,0,0,0,0,0,0,0,1,1,0,0,0,0,0,0,0,0
49,3,0,8,1.453,5,35,0,,,여유,,,,,1.7,0,0,0,0,0,0,0,1,0,1,0,0,1,0,0,0,0,0
25,6,0,5,5.839,36,53,0,5,0,여유,0,4,3,5,3.81,1,0,0,0,0,0,0,0,0,0,0,0,0,0,0,0,0,0
29,6,0,1,5.456,12,78,1,3,0,보통,0,4,5,3,1.03,1,0,0,0,0,0,0,0,0,0,0,0,0,0,0,0,0,0
30,12,0,3,3.108,15,40,1,2,0,매우혼잡,1,3,3,1,1.15,1,0,0,0,1,0,0,0,0,0,1,1,0,1,1,0,0,1
30,1,0,5,2.506,5,41,0,,,혼잡,,,,,1.67,0,0,0,0,0,0,0,1,0,0,0,0,0,0,0,0,0,0
49,12,0,3,3.097,9,25,0,4,0,보통,0,2,3,2,1.4,1,0,1,0,0,0,0,0,0,0,0,0,0,1,0,0,0,0
35,12,0,4,2.433,2,16,0,,,보통,,,,,1.35,0,0,0,0,0,0,0,0,0,0,0,0,0,0,0,0,0,0
30,3,0,1,4.996,3,56,1,4,0,보통,0,5,5,3,0.82,1,0,0,0,0,0,0,0,0,0,1,0,0,1,0,0,0,0
49,1,0,4,2.307,4,23,0,,,여유,,,,,1.35,0,0,0,0,0,0,0,0,0,0,0,0,0,0,0,0,0,0
41,3,0,15,2.609,9,40,0,2,0,혼잡,0,3,4,3,5.57,1,0,0,0,0,0,0,1,0,0,1,1,1,0,1,0,0,0
29,12,1,4,2.774,11,73,0,3,0,보통,0,3,2,4,1.54,1,0,1,0,1,1,1,0,0,0,1,0,0,0,0,0,0,0
38,12,0,5,2.043,6,30,0,,,혼잡,,,,,1.56,0,0,0,0,0,0,0,0,0,0,0,0,0,0,0,0,0,1
29,12,0,1,4.135,6,49,0,4,0,매우혼잡,0,3,3,3,0.81,1,0,0,0,0,1,0,0,0,1,1,0,0,1,0,0,0,0
43,1,0,8,3.048,2,44,0,4,0,보통,0,3,4,4,3.6,1,0,0,0,0,0,0,0,0,1,0,0,0,0,0,1,0,0
32,6,0,5,2.101,22,28,0,3,0,혼잡,0,3,3,3,1.43,1,0,0,0,0,0,0,0,0,0,1,0,0,0,1,0,1,1
40,1,0,23,0.642,3,4,0,2,1,혼잡,0,2,3,3,2.1,1,1,0,0,0,0,0,1,0,0,1,0,0,0,1,1,0,0
42,1,0,60,0.746,5,9,0,3,0,여유,0,2,3,2,13.68,1,1,0,0,0,0,1,1,0,0,0,0,1,0,0,0,0,0
48,3,0,18,2.613,3,51,0,,,혼잡,,,,,6.69,0,1,0,0,1,0,0,0,0,0,0,0,0,1,0,0,0,0
24,12,1,8,3.068,17,27,0,,,여유,,,,,3.58,0,1,0,0,0,0,0,0,0,0,0,0,0,0,0,0,0,0
27,3,0,20,0.941,2,0,0,,,보통,,,,,2.71,0,1,1,0,0,0,1,0,0,0,1,0,0,0,0,0,0,1
17,6,0,5,2.473,17,25,0,4,0,보통,0,3,4,3,1.67,1,1,0,0,0,0,0,1,1,0,0,1,0,0,0,0,0,0
38,6,1,2,4.62,5,56,0,3,0,혼잡,0,4,4,4,1.05,1,0,0,0,0,0,0,0,0,0,0,0,0,0,0,0,0,0
26,12,1,3,3.271,4,46,0,,,보통,,,,,1.28,0,0,0,0,0,0,0,0,0,0,0,1,0,0,0,0,0,0
43,12,1,3,3.583,5,45,1,,,매우혼잡,,,,,1.55,0,0,0,1,0,0,0,0,0,0,1,0,1,1,0,0,0,1
53,12,1,1,5.268,36,52,1,3,0,혼잡,0,4,5,3,1.06,1,0,0,0,0,0,0,0,0,0,0,0,0,0,1,0,0,0
40,3,0,1,5.892,4,72,1,,,여유,,,,,0.88,0,0,0,0,0,0,0,0,0,0,0,0,0,0,1,0,0,0
36,12,0,6,1.978,14,38,0,3,0,보통,0,4,4,3,1.68,1,0,0,0,0,0,1,0,0,0,0,0,0,0,0,0,0,1
26,12,0,19,1.168,19,18,0,,,매우혼잡,,,,,3.18,0,1,0,1,0,0,0,0,1,1,0,1,0,0,0,0,1,0
27,12,1,15,3.58,2,47,0,3,0,매우혼잡,1,4,3,2,7.49,1,0,0,0,0,0,0,0,0,0,1,1,1,0,1,1,0,0
19,12,1,2,3.356,18,53,0,2,0,매우혼잡,0,3,3,3,1.02,1,1,0,0,0,0,0,0,0,0,1,0,0,0,0,0,1,0
50,3,0,9,1.937,1,28,0,3,0,여유,0,3,4,3,2.37,1,0,0,0,0,0,0,0,0,0,0,0,0,0,0,0,0,0
29,6,1,3,3.683,5,60,0,4,0,여유,0,4,3,4,1.54,1,0,1,0,0,0,0,0,0,0,0,0,0,0,0,0,0,0
15,12,0,1,5.103,3,64,0,3,0,혼잡,0,5,3,2,1.03,1,0,0,0,0,0,0,0,0,0,0,0,0,0,1,0,0,0
36,12,1,1,5.669,0,54,1,4,0,보통,1,5,4,3,0.89,1,0,0,0,0,0,0,0,0,0,0,1,0,1,0,0,0,0
35,12,1,6,5.649,33,47,1,,,혼잡,,,,,4.96,0,0,0,0,0,0,0,1,0,0,1,0,0,0,0,1,0,1
19,6,1,3,3.792,9,28,0,,,보통,,,,,1.71,0,0,0,0,0,1,0,0,0,0,1,0,0,0,0,0,0,0
21,3,1,1,4.444,4,51,1,3,0,혼잡,0,3,5,5,0.93,1,0,0,0,0,0,0,0,1,0,0,0,0,0,0,0,0,0
40,1,0,36,1.534,1,24,0,,,여유,,,,,7.81,0,1,0,0,0,0,0,0,0,0,1,1,0,0,0,0,0,0
27,6,0,17,0.658,10,20,0,2,1,보통,0,3,3,3,1.56,1,0,1,0,0,0,0,1,0,0,0,0,1,0,0,0,0,0
42,6,0,30,0.739,9,17,0,,,혼잡,,,,,3.17,0,1,0,0,0,0,0,0,0,0,1,0,0,0,0,0,1,0
52,12,0,38,0.584,22,19,0,3,0,혼잡,0,2,2,2,3.13,1,0,0,1,0,0,0,0,1,0,1,1,1,0,0,1,0,0
28,3,0,5,2.227,8,37,0,3,0,여유,0,4,4,3,1.54,1,0,0,0,0,0,0,0,0,0,0,0,0,0,0,0,0,0
25,12,1,7,1.787,20,21,1,2,1,보통,0,3,3,3,1.82,1,0,0,0,0,0,0,0,0,0,0,0,0,0,0,0,0,1
27,6,1,4,2.821,4,42,1,,,혼잡,,,,,1.62,0,0,0,1,0,0,0,0,0,0,0,1,0,0,0,0,0,0
43,6,0,16,1.161,16,15,1,3,0,보통,0,2,3,3,2.62,1,0,0,0,1,0,0,0,0,1,0,0,0,0,0,0,0,0
29,6,0,4,2.066,11,45,1,,,여유,,,,,1.14,0,0,0,0,0,0,1,0,0,0,0,0,1,0,0,0,0,0
30,6,0,3,3.883,8,63,0,4,0,보통,1,4,4,3,1.66,1,0,0,0,0,0,0,0,0,0,0,0,0,0,1,0,0,0
30,12,0,6,4.058,3,64,1,,,보통,,,,,3.21,0,0,0,0,0,0,0,0,0,0,0,0,0,0,0,1,0,0
32,12,0,1,5.236,18,72,0,4,0,보통,0,4,4,4,0.83,1,0,0,0,0,0,0,0,0,0,1,0,0,0,1,0,0,0
21,3,0,3,2.667,3,41,0,3,0,여유,0,3,4,3,1.1,1,0,0,0,0,0,0,0,0,0,0,0,0,0,0,0,0,0
43,12,1,16,0.974,14,8,0,2,0,혼잡,1,2,2,1,2.23,1,1,0,0,0,0,0,0,0,0,1,0,1,1,0,0,0,0
51,1,0,5,2.304,2,36,0,,,보통,,,,,1.63,0,0,0,0,0,0,0,0,0,0,0,0,1,0,0,0,1,0
23,1,0,13,1.399,2,22,0,,,혼잡,,,,,2.59,0,1,0,0,0,0,0,1,0,0,1,0,0,1,0,1,0,0
46,12,0,3,3.672,11,47,1,3,0,혼잡,0,4,4,3,1.69,1,1,0,0,0,0,0,0,0,0,1,0,0,0,0,1,1,0
26,3,0,21,1.019,0,32,0,3,0,보통,0,2,2,3,3.07,1,1,0,1,0,1,1,0,0,0,0,0,0,0,0,1,0,1
31,12,0,5,2.528,1,52,0,,,여유,,,,,1.89,0,0,0,0,0,0,0,0,0,0,0,1,0,0,0,0,0,1
30,12,0,6,1.876,7,30,0,,,보통,,,,,1.6,0,1,0,0,0,0,0,0,0,0,0,0,0,0,0,0,0,0
30,3,1,2,3.126,1,42,1,,,보통,,,,,1.02,0,0,0,0,0,0,0,0,0,0,0,0,0,0,0,0,0,0
20,3,1,1,4.583,5,48,1,,,보통,,,,,0.91,0,0,0,0,0,0,0,0,0,0,0,0,0,0,0,0,0,0
37,3,0,48,0.321,3,29,0,,,보통,,,,,2.2,0,0,0,1,1,0,0,0,0,0,0,0,0,0,0,0,0,1
31,12,0,6,1.85,14,65,0,3,0,매우혼잡,0,3,2,2,1.56,1,0,1,0,1,0,0,0,0,0,1,0,1,0,0,1,0,0
31,12,0,3,2.753,24,29,0,4,0,여유,0,4,4,3,1.32,1,0,0,0,0,0,0,0,0,0,0,1,0,0,0,0,0,0
34,6,1,10,1.943,2,39,0,,,여유,,,,,2.68,0,0,0,0,0,0,0,0,0,0,0,1,0,0,0,0,0,0
34,3,0,4,2.308,3,46,0,,,보통,,,,,1.46,0,0,0,1,0,1,0,0,0,0,0,1,0,0,0,0,0,1
40,6,0,3,2.327,4,45,1,3,0,보통,0,4,3,3,1.15,1,0,0,0,0,1,0,0,0,0,0,0,0,1,0,0,0,0
43,6,0,3,3.337,4,55,1,4,0,여유,0,4,4,4,1.45,1,0,0,0,0,0,0,0,0,0,1,0,0,0,0,0,0,0
43,12,0,3,3.423,11,27,1,4,0,보통,0,3,4,3,1.42,1,0,0,0,0,0,0,0,0,0,1,0,0,0,0,0,0,0
40,6,0,3,3.965,10,50,1,3,0,보통,0,4,4,3,1.47,1,0,0,0,0,0,0,0,0,0,0,0,0,0,0,1,0,0
39,12,0,3,2.943,15,23,0,3,0,보통,0,4,3,3,1.44,1,0,0,0,0,0,0,0,0,0,1,0,0,0,0,0,0,0
33,6,0,3,2.865,6,36,1,3,0,보통,0,3,4,3,1.34,1,0,0,0,0,0,0,0,0,0,0,0,0,0,0,0,0,0
32,3,0,31,0.749,5,9,0,2,0,보통,0,3,2,3,3.27,1,0,0,0,0,0,0,0,0,0,0,0,1,0,1,1,0,0
16,6,1,60,1.526,5,48,0,,,여유,,,,,18.32,0,1,0,0,0,0,0,0,0,0,0,0,0,0,0,0,0,0
42,1,0,12,1.236,7,21,1,,,혼잡,,,,,2.14,0,1,0,0,0,0,0,0,1,0,1,1,0,0,1,1,1,0
27,3,0,23,0.68,5,16,0,,,보통,,,,,2.23,0,0,0,1,0,0,0,0,0,1,0,1,0,0,1,0,0,0
54,12,1,4,3.386,3,46,1,4,0,여유,0,5,4,4,1.77,1,0,0,0,0,0,0,0,0,0,0,0,0,0,0,0,0,0
35,3,1,10,1.627,8,32,1,2,0,혼잡,1,3,3,2,2.37,1,0,0,0,0,0,0,1,1,0,0,1,1,1,1,0,0,1
31,12,0,57,0.153,24,24,0,,,혼잡,,,,,2.46,0,1,0,0,0,0,0,0,0,0,0,1,1,0,0,1,1,1
34,1,0,25,0.673,2,12,0,3,0,여유,0,2,2,3,2.36,1,0,0,0,0,0,0,0,0,1,0,0,0,0,0,0,0,1
40,1,0,3,2.856,5,34,1,3,0,혼잡,0,3,3,3,1.08,1,0,0,0,0,0,0,0,0,0,0,0,0,0,0,0,1,0
32,1,0,4,2.48,1,35,0,4,0,여유,0,3,3,3,1.4,1,0,0,0,0,0,0,0,0,1,1,0,0,0,0,0,0,0
36,12,1,2,3.897,21,51,0,,,혼잡,,,,,1.13,0,0,0,0,0,0,1,0,0,0,1,1,0,1,0,1,0,0
42,12,1,2,3.382,8,46,0,,,혼잡,,,,,1.07,0,0,0,0,0,0,0,0,0,0,1,0,0,0,0,0,0,0
28,12,0,6,2.017,1,9,0,,,혼잡,,,,,1.69,0,0,0,0,0,0,0,0,0,0,1,1,0,0,1,0,0,0
47,3,0,8,1.926,11,7,0,,,보통,,,,,2.15,0,0,0,0,0,0,0,0,0,0,0,0,0,0,0,0,0,0
22,6,1,4,3.5,21,50,1,3,0,여유,0,4,4,3,1.76,1,0,0,0,0,0,0,0,0,0,0,0,0,0,0,0,0,0
29,1,1,2,3.292,7,67,1,3,0,여유,0,3,5,4,1.13,1,0,0,0,0,0,0,0,0,1,0,0,0,0,0,0,0,0
49,12,0,35,0.543,7,9,0,,,매우혼잡,,,,,2.72,0,1,1,0,0,0,0,0,1,0,1,0,1,1,0,0,0,0
37,12,0,2,4.408,5,57,1,3,0,혼잡,0,4,5,4,1.02,1,1,0,0,0,0,0,0,0,0,0,0,0,0,0,1,0,0
30,6,1,5,2.311,6,34,0,3,0,혼잡,0,3,1,2,1.7,1,0,0,1,0,0,0,0,0,0,1,0,0,0,0,0,0,0
44,1,0,53,0.241,1,7,0,3,0,보통,0,3,2,2,2.26,1,1,0,0,0,0,1,0,0,0,0,0,0,0,0,0,0,0
33,12,0,13,1.192,5,21,0,2,0,혼잡,0,2,3,1,2.17,1,1,0,0,0,0,0,0,0,0,1,1,1,1,0,0,1,0
62,12,1,1,5.429,13,55,0,4,0,혼잡,0,3,4,4,1.04,1,0,0,0,0,0,0,0,0,0,1,0,0,0,0,0,0,0
44,1,0,14,1.066,4,26,0,,,보통,,,,,2.06,0,1,0,0,0,0,0,0,0,0,1,0,0,1,0,0,0,1
30,12,0,3,3.491,19,53,0,4,0,여유,0,2,4,4,1.29,1,0,0,0,0,0,1,0,0,1,0,0,0,0,0,0,0,0
41,3,0,6,2.152,2,33,0,,,보통,,,,,1.72,0,0,1,0,0,0,1,0,0,0,0,0,0,0,0,0,0,0
40,12,1,10,1.586,14,50,0,2,0,혼잡,1,3,3,2,2.28,1,0,0,0,0,0,0,0,0,0,1,0,0,1,0,1,0,1
52,6,1,5,2.0,6,40,0,3,0,혼잡,0,3,2,2,1.5,1,0,0,0,0,0,0,0,0,1,1,1,1,1,0,1,0,0
55,12,0,9,1.601,7,19,0,3,0,보통,0,3,3,3,2.07,1,0,1,0,0,0,0,0,0,0,0,0,0,0,1,0,0,0
24,12,0,18,0.884,1,20,0,,,보통,,,,,2.31,0,1,0,0,0,0,0,0,0,0,0,1,0,0,0,1,1,0
29,3,0,2,3.956,9,41,0,,,보통,,,,,1.17,0,0,0,0,0,0,0,0,0,0,1,0,0,0,0,0,0,0
30,3,0,5,2.392,1,49,0,,,보통,,,,,1.64,0,0,0,0,0,0,0,0,0,0,0,0,0,1,1,0,0,0
17,6,0,60,0.0,4,3,0,,,보통,,,,,2.64,0,1,0,0,0,0,0,0,0,1,1,1,1,1,0,1,0,0
38,1,0,13,1.33,4,28,0,1,1,보통,0,2,3,3,2.52,1,1,0,0,0,1,1,1,1,0,0,0,0,0,0,1,1,0
42,12,0,8,1.744,6,26,0,,,혼잡,,,,,1.97,0,1,0,0,0,0,0,0,0,0,0,1,1,1,0,1,0,1
39,12,0,21,0.748,6,7,0,,,혼잡,,,,,2.27,0,0,0,0,0,0,1,0,0,1,1,0,1,0,0,0,0,0
24,12,1,5,2.306,5,19,0,2,0,보통,0,2,3,2,1.53,1,0,0,0,0,0,0,0,0,0,1,1,0,1,1,0,0,0
45,3,1,1,4.58,3,61,1,,,여유,,,,,0.91,0,0,0,0,0,0,0,0,0,0,0,0,0,0,0,0,0,0
37,12,0,12,1.685,3,0,0,2,0,보통,1,3,3,1,2.9,1,0,0,0,0,0,1,0,0,0,1,1,1,1,0,0,1,1
15,3,0,4,2.045,1,25,0,4,0,보통,0,3,3,3,1.23,1,0,0,0,0,0,0,0,0,1,0,0,0,0,0,0,1,0
45,6,0,2,4.546,11,55,0,,,매우혼잡,,,,,1.06,0,0,0,0,0,0,0,0,0,0,0,0,0,0,0,0,1,0
37,6,0,11,1.522,4,18,0,3,0,혼잡,0,2,3,2,2.32,1,1,0,0,0,0,1,1,0,0,0,0,1,0,0,0,0,0
49,3,0,18,0.976,2,9,0,,,혼잡,,,,,2.55,0,1,0,0,0,0,0,0,0,0,1,1,0,0,0,0,0,0
42,12,0,2,4.569,27,58,0,4,0,여유,0,4,5,4,1.05,1,0,0,0,0,0,0,0,0,0,0,0,0,0,0,0,0,0
43,6,0,1,4.137,9,58,0,4,0,보통,0,3,4,5,0.8,1,0,0,0,0,0,0,0,0,0,0,0,0,0,0,0,0,0
39,3,1,3,2.921,6,40,0,3,0,보통,0,3,2,3,1.2,1,0,0,0,1,0,0,0,0,0,0,0,0,0,0,0,0,1
49,6,0,7,1.768,2,51,0,2,0,보통,0,3,4,3,1.72,1,0,0,0,0,0,0,0,0,0,0,0,0,0,0,0,0,0
31,12,0,13,1.533,10,16,0,,,보통,,,,,2.8,0,0,0,0,0,0,0,0,0,0,1,1,0,0,0,0,0,0
33,12,1,4,2.805,28,38,1,,,여유,,,,,1.42,0,0,0,0,0,0,0,0,0,0,0,0,0,0,0,1,0,0
39,12,0,3,2.75,14,24,0,3,0,매우혼잡,0,3,3,3,1.29,1,1,0,1,0,0,0,0,0,0,1,0,1,0,0,0,0,0
45,1,0,4,2.149,2,25,0,2,0,혼잡,0,3,3,2,1.23,1,0,0,1,0,0,0,1,0,0,0,1,0,0,0,1,0,1
54,12,0,3,2.977,3,48,0,3,0,혼잡,1,4,3,2,1.48,1,0,0,1,0,0,0,0,0,0,1,0,1,1,0,0,0,1
40,12,0,13,1.268,17,31,0,,,보통,,,,,2.44,0,1,0,0,0,0,0,0,0,0,0,0,0,0,0,0,1,1
15,12,1,42,0.533,1,19,0,3,0,혼잡,0,3,2,2,3.21,1,1,0,1,0,1,0,0,0,0,1,0,0,0,0,0,0,0
23,6,1,1,4.932,7,54,1,5,0,여유,0,5,5,4,0.96,1,0,0,0,0,0,0,0,0,0,0,0,0,0,0,0,0,0
15,6,0,25,0.799,17,10,0,1,0,매우혼잡,0,2,2,2,2.85,1,1,0,0,0,0,0,0,0,1,1,0,1,1,1,1,1,1
36,6,0,4,2.683,7,40,1,3,0,보통,0,3,4,3,1.45,1,0,0,0,0,0,1,0,0,0,0,0,0,0,0,0,0,0
34,1,0,3,2.931,2,38,0,3,0,보통,0,3,3,3,1.32,1,0,0,0,0,0,0,0,0,0,0,0,0,0,0,0,0,0
29,1,0,1,4.253,0,60,1,5,0,여유,0,4,5,4,0.91,1,0,0,0,0,0,0,0,0,0,0,0,0,0,0,0,0,0
31,12,1,4,3.254,12,32,1,4,0,여유,0,4,4,3,1.78,1,0,0,0,0,0,0,0,0,0,0,0,0,0,0,1,0,0
35,3,0,2,3.047,6,34,1,,,매우혼잡,,,,,1.07,0,1,0,0,0,0,0,0,0,0,1,0,0,0,0,0,0,1
56,3,0,11,1.744,2,25,0,,,보통,,,,,2.69,0,1,0,0,0,0,0,0,0,0,1,0,1,1,0,1,0,0
19,12,0,4,3.414,19,58,0,,,매우혼잡,,,,,1.8,0,0,0,0,0,0,0,0,0,0,1,0,0,0,0,0,0,0
41,3,0,22,0.917,10,16,0,2,0,여유,0,3,3,2,2.84,1,1,0,0,0,0,0,0,1,1,0,0,0,0,0,1,0,1
42,3,0,8,1.942,4,25,0,2,0,보통,0,3,2,3,2.3,1,0,1,0,0,1,0,0,0,0,0,0,0,1,0,1,0,0
15,3,1,49,0.314,5,20,0,,,보통,,,,,2.2,0,1,0,0,0,0,0,0,0,0,0,0,1,0,0,1,0,0
33,3,0,4,2.875,8,44,0,3,0,여유,0,3,3,4,1.53,1,1,0,0,0,1,0,0,0,1,0,0,0,0,0,0,0,1
47,6,0,21,0.792,7,29,0,,,여유,,,,,2.37,0,0,1,0,1,0,0,1,0,0,0,1,0,0,0,0,0,1
32,12,1,1,4.573,36,51,1,3,0,보통,0,3,3,4,0.8,1,0,0,0,0,0,0,0,0,0,0,0,0,0,0,0,0,0
47,3,0,2,4.367,0,65,0,,,보통,,,,,0.96,0,0,0,0,0,0,0,0,1,0,0,0,1,0,0,0,0,0
55,6,1,60,1.062,9,21,0,,,매우혼잡,,,,,9.04,0,1,0,0,1,0,0,0,0,0,0,1,1,0,1,0,0,0
39,12,0,18,1.075,14,32,1,1,1,매우혼잡,0,2,3,2,2.7,1,1,0,0,0,0,0,0,1,0,1,1,0,1,1,1,1,1
28,1,0,60,0.0,2,5,0,2,0,보통,0,2,2,3,2.96,1,1,0,0,0,0,1,0,1,0,0,0,1,0,0,0,0,0
39,12,0,33,1.911,9,36,0,2,0,매우혼잡,1,3,3,1,8.9,1,1,0,0,0,0,0,1,0,0,1,1,1,1,0,0,0,0
17,3,0,9,1.36,8,32,0,2,0,보통,0,4,3,3,1.72,1,0,0,0,0,0,0,0,0,0,1,0,0,0,0,0,0,0
32,3,0,4,2.268,3,33,0,3,0,매우혼잡,0,3,2,2,1.2,1,1,0,0,0,0,0,1,0,0,0,1,0,1,0,1,0,0
40,6,0,7,1.698,9,35,0,3,0,보통,0,3,2,3,1.61,1,0,0,1,0,0,0,0,0,0,0,0,0,0,0,0,0,0
24,12,0,53,0.149,21,16,0,2,1,매우혼잡,0,4,3,3,2.28,1,0,0,0,0,0,0,0,0,0,1,0,1,0,1,0,0,1
26,12,0,55,0.0,11,0,1,2,1,여유,1,3,4,1,2.37,1,1,0,0,0,0,0,0,0,0,0,1,0,0,0,0,0,1
27,6,0,6,1.964,6,22,0,4,0,여유,0,3,4,4,1.76,1,0,0,0,0,0,0,0,0,1,0,1,0,0,0,0,0,0
22,6,0,8,1.583,19,30,0,3,0,여유,0,3,4,3,1.71,1,0,0,0,0,0,0,1,1,0,0,0,0,0,0,0,1,0
36,6,0,4,2.797,12,36,1,4,0,보통,0,4,4,3,1.73,1,0,0,0,0,0,0,0,0,0,1,0,0,0,0,0,0,1
36,12,1,2,3.707,16,46,1,3,0,보통,0,3,3,3,1.23,1,0,0,0,0,0,0,0,0,0,1,0,0,0,0,1,0,0
43,6,0,7,1.9,24,15,0,3,0,보통,0,3,3,3,2.01,1,0,0,1,0,0,0,0,0,0,1,1,0,0,0,0,0,0
40,6,1,4,4.876,24,44,0,,,혼잡,,,,,2.99,0,1,0,0,0,0,0,0,0,0,0,0,0,0,0,0,0,0
44,12,0,3,3.013,12,48,0,3,0,매우혼잡,0,2,3,2,1.21,1,0,0,0,0,0,0,1,0,0,1,0,1,0,0,0,0,0
29,1,0,3,2.715,6,30,1,,,여유,,,,,1.0,0,1,0,0,0,0,0,1,0,0,0,0,0,0,0,0,0,1
23,6,1,4,3.359,3,29,0,,,혼잡,,,,,1.77,0,0,0,0,0,0,0,0,0,0,1,0,1,1,0,0,0,0
24,6,0,10,1.283,8,36,0,4,0,보통,0,3,3,3,1.84,1,1,0,0,0,0,0,0,0,0,0,0,1,0,0,0,0,0
46,3,0,2,3.912,9,52,0,3,0,보통,0,4,4,4,1.28,1,0,0,0,0,0,0,0,0,0,0,0,0,0,0,0,0,0
32,3,1,9,1.946,1,30,0,4,0,보통,0,4,3,3,2.37,1,0,0,0,0,0,0,0,0,1,1,0,1,0,0,0,0,0
15,12,1,3,3.201,26,49,0,3,0,혼잡,0,4,4,3,1.26,1,0,0,0,0,0,0,0,0,0,0,0,0,0,0,0,0,0
18,12,0,1,4.125,9,42,1,4,0,혼잡,0,3,5,3,0.88,1,0,0,0,0,0,0,0,0,0,1,0,0,0,0,0,0,0
36,6,0,2,3.885,8,46,0,4,0,보통,0,4,3,4,1.07,1,0,0,0,0,0,0,0,0,0,0,0,0,0,0,0,0,1
61,3,0,9,1.929,6,19,1,,,여유,,,,,2.59,0,0,1,0,0,0,0,1,0,0,0,0,0,1,0,0,0,0
29,12,1,3,3.175,2,35,0,3,0,보통,0,3,4,3,1.52,1,0,1,0,0,0,0,0,0,0,0,0,0,0,0,1,0,0
50,12,0,41,1.807,12,17,0,,,보통,,,,,10.6,0,1,0,0,1,0,1,1,0,0,0,1,0,0,0,0,0,0
41,6,1,31,2.297,4,27,0,,,여유,,,,,10.07,0,1,0,0,0,0,0,0,0,0,0,0,0,1,1,0,0,0
15,12,0,6,2.039,11,33,1,,,보통,,,,,1.89,0,1,0,0,0,0,0,0,0,0,0,0,0,1,0,0,0,1
26,6,0,4,2.858,36,28,1,4,0,보통,0,3,4,3,1.75,1,0,0,0,0,0,0,0,0,0,0,0,0,0,0,0,0,0
35,6,0,15,0.994,6,25,0,3,0,보통,0,3,2,1,2.08,1,1,0,0,0,0,0,0,0,0,0,1,0,0,0,0,0,0
54,12,1,3,3.738,19,43,0,,,혼잡,,,,,1.42,0,0,0,1,0,0,0,0,0,0,0,0,1,0,0,0,0,0
37,6,0,30,0.635,6,0,0,,,매우혼잡,,,,,2.74,0,1,0,0,0,0,0,1,0,0,1,0,1,0,0,1,0,0
22,1,1,1,5.142,3,57,0,5,0,보통,0,3,3,4,0.87,1,0,0,0,0,0,0,1,0,1,0,0,0,0,0,0,0,0
15,12,1,15,1.147,14,35,0,,,보통,,,,,2.48,0,1,1,0,0,0,0,0,0,0,0,1,0,0,0,0,0,0
37,6,1,1,4.621,13,60,0,,,여유,,,,,0.86,0,0,0,0,0,0,0,0,0,0,0,0,0,0,0,0,0,0
35,1,0,19,1.014,2,14,0,,,여유,,,,,2.79,0,1,0,0,0,0,0,0,0,1,0,1,0,0,0,0,0,0
42,1,0,3,2.642,2,43,0,,,혼잡,,,,,1.15,0,0,0,0,1,0,1,1,0,0,0,1,0,0,0,1,0,1
21,1,0,4,2.856,1,31,0,3,0,여유,0,3,4,4,1.73,1,1,0,0,0,0,0,0,1,0,0,0,0,0,1,1,0,0
39,12,0,4,2.88,20,30,0,3,0,혼잡,0,4,3,2,1.45,1,0,0,0,0,0,0,0,0,0,1,0,0,1,0,1,0,0
53,6,0,3,2.361,2,38,0,3,0,보통,1,3,3,2,1.02,1,0,0,0,0,0,0,1,0,0,1,0,1,0,0,0,0,1
30,6,0,2,4.465,19,56,1,4,0,보통,0,5,4,4,0.98,1,0,0,0,0,0,0,0,0,0,0,0,0,0,0,0,0,0
51,3,0,26,0.561,3,12,0,,,보통,,,,,2.1,0,1,0,0,0,0,0,0,0,0,0,1,0,0,0,0,0,0
30,12,0,31,0.716,8,11,0,3,0,여유,0,3,4,3,3.16,1,0,1,0,0,0,1,0,0,0,0,0,0,0,0,0,0,0
40,12,1,1,5.97,7,44,1,,,보통,,,,,0.94,0,0,0,0,0,0,0,0,0,0,1,0,0,0,0,0,0,0
56,1,0,4,2.212,6,33,0,,,보통,,,,,1.38,0,0,0,1,1,0,0,0,0,0,1,1,0,0,0,1,0,0
15,3,1,1,5.636,4,51,0,,,혼잡,,,,,1.06,0,0,1,0,0,1,0,0,1,0,0,0,0,0,0,0,0,0
44,3,1,2,2.916,1,49,1,,,보통,,,,,1.03,0,0,0,0,0,0,0,0,0,0,0,0,0,0,1,0,0,0
51,12,0,4,2.288,22,40,0,3,0,여유,0,3,4,3,1.35,1,0,0,0,0,0,0,0,0,1,0,0,0,0,0,0,0,0
45,3,1,3,2.099,6,43,0,2,0,보통,0,3,3,2,1.04,1,0,0,0,0,0,0,0,0,0,0,0,0,0,0,0,0,0
28,12,1,1,5.436,10,61,1,5,0,혼잡,0,3,4,4,0.99,1,0,0,0,0,0,0,0,0,0,0,0,0,0,0,0,0,0
45,12,0,2,4.454,5,67,0,4,0,여유,0,5,4,4,1.03,1,0,0,0,0,0,0,0,0,0,0,0,0,0,0,0,0,0
15,6,0,18,1.207,4,23,0,3,0,보통,1,2,3,1,3.14,1,1,1,0,0,0,1,1,0,0,1,1,1,1,0,0,0,0
31,3,1,3,3.505,11,49,1,,,여유,,,,,1.34,0,0,0,0,0,0,0,0,0,1,0,0,0,0,1,0,0,0
32,12,0,24,2.235,14,44,0,,,혼잡,,,,,7.67,0,1,1,0,0,0,0,0,0,0,1,1,0,0,0,0,0,0
49,6,0,11,1.615,4,28,1,2,1,혼잡,0,4,5,2,2.53,1,0,0,0,0,0,1,1,0,0,1,1,1,0,0,1,1,0
30,3,0,60,0.924,2,23,0,1,0,혼잡,0,1,2,2,11.3,1,1,0,0,0,0,1,1,0,0,0,1,1,0,0,1,1,1
45,6,0,20,1.122,13,22,0,,,보통,,,,,3.24,0,1,0,0,0,0,0,0,0,0,0,0,0,0,0,0,0,0
57,6,0,1,4.722,12,62,1,,,보통,,,,,0.89,0,0,0,0,0,0,1,0,0,0,1,0,0,0,0,0,1,0
53,6,0,17,0.985,5,26,0,,,보통,,,,,2.36,0,0,1,0,0,0,0,0,0,0,1,0,0,0,0,0,0,0
28,12,1,2,3.342,24,43,0,,,보통,,,,,1.06,0,0,0,0,0,1,0,0,0,0,0,0,0,1,0,0,0,0
20,6,0,4,2.999,1,25,0,3,0,매우혼잡,0,3,3,3,1.57,1,1,0,0,0,0,0,0,0,0,1,0,1,0,0,0,0,0
29,6,1,10,1.97,3,33,0,,,보통,,,,,2.86,0,1,1,0,1,0,0,0,0,0,0,0,0,0,1,0,0,0
47,12,0,1,5.528,5,49,1,4,0,여유,0,5,5,5,0.87,1,0,0,0,0,0,0,0,0,0,0,0,0,0,0,0,0,0
40,12,1,1,5.54,5,72,1,4,0,보통,0,5,5,3,0.85,1,0,0,0,0,0,0,0,0,0,0,0,0,0,0,0,0,0
36,6,1,1,5.235,13,50,1,,,보통,,,,,1.07,0,0,0,0,0,0,0,0,1,0,0,0,0,0,0,0,0,0
33,1,0,16,1.089,6,23,0,2,0,혼잡,0,2,3,2,2.53,1,1,1,0,0,0,1,0,0,0,1,1,0,0,0,1,0,0
40,6,0,4,3.201,9,38,1,3,0,혼잡,0,3,3,3,1.79,1,0,0,0,0,1,0,0,0,0,0,0,1,0,0,0,0,0
55,6,1,3,2.54,2,36,1,4,0,혼잡,0,3,4,2,1.22,1,0,0,0,0,0,0,0,0,0,1,0,0,1,0,0,0,0
43,3,0,13,1.156,7,25,0,,,혼잡,,,,,2.13,0,0,1,1,0,0,0,1,1,0,1,1,1,0,1,0,0,1
52,6,0,3,3.213,14,31,0,,,보통,,,,,1.55,0,0,0,0,0,0,0,0,0,0,0,0,0,0,0,0,0,0
19,12,0,53,1.335,15,30,1,2,0,여유,0,3,4,2,10.04,1,1,0,0,0,0,1,1,0,0,0,0,0,0,1,0,0,0
29,1,0,47,1.934,1,18,0,4,0,보통,1,3,3,2,12.97,1,1,0,0,0,0,0,0,0,1,1,0,0,0,0,0,0,0
26,12,0,3,3.2,9,40,0,3,0,여유,0,3,4,3,1.35,1,0,0,0,1,0,0,0,0,0,0,0,0,0,1,0,0,0
37,3,0,25,0.66,3,11,0,,,매우혼잡,,,,,2.33,0,0,1,0,0,1,0,1,0,0,1,1,1,0,0,1,1,0
49,12,0,4,2.363,8,29,0,,,여유,,,,,1.34,0,0,1,1,0,0,0,0,0,1,0,0,0,0,0,1,0,0
30,3,0,4,2.705,4,50,0,3,0,보통,0,3,3,3,1.73,1,0,0,0,0,0,0,0,0,0,1,0,0,0,1,0,0,0
38,12,1,1,5.283,28,61,1,4,0,보통,1,4,5,3,0.9,1,0,0,0,0,0,0,0,0,0,0,0,1,0,0,0,0,0
22,6,0,3,3.277,3,39,1,3,0,여유,0,4,3,4,1.29,1,0,0,0,0,0,0,0,0,0,0,0,0,0,0,1,0,0
34,3,0,32,1.152,5,37,0,,,보통,,,,,5.2,0,1,0,0,0,0,0,1,0,0,0,1,0,0,0,0,1,0
25,1,0,12,1.536,1,36,0,2,0,여유,0,2,3,3,2.74,1,0,0,0,0,0,1,1,0,1,0,0,0,0,1,1,1,0
26,3,0,26,0.702,1,19,0,3,0,여유,0,5,4,4,2.64,1,0,0,0,0,0,0,0,0,0,0,0,0,0,0,0,0,0
36,12,0,1,5.215,35,60,1,4,0,보통,0,4,5,4,0.96,1,0,0,0,0,0,0,0,0,0,1,0,0,0,0,0,0,0
33,12,0,60,0.324,6,12,1,,,혼잡,,,,,8.4,0,1,1,0,0,0,0,0,0,0,0,1,0,1,0,1,0,1
41,3,0,14,1.418,0,5,0,3,0,여유,0,2,3,2,2.78,1,0,0,1,1,0,1,0,0,0,0,0,0,0,0,0,0,0
47,12,1,2,4.265,25,55,0,5,0,여유,0,4,4,5,0.99,1,0,0,0,0,0,0,0,0,0,0,0,0,0,0,0,0,0
33,1,1,10,1.603,6,21,0,,,여유,,,,,2.22,0,0,0,0,0,1,0,0,0,0,0,0,0,0,0,0,0,0
58,3,0,2,4.556,0,52,1,4,0,보통,0,5,4,4,1.05,1,1,0,0,0,0,0,0,0,0,0,0,0,0,0,0,0,0
31,3,0,17,0.97,0,29,0,2,0,혼잡,0,3,3,2,2.42,1,0,0,0,0,0,1,0,0,0,1,0,0,0,0,0,0,0
20,3,0,16,1.406,2,45,0,2,0,여유,0,1,2,3,3.18,1,1,1,1,0,1,1,0,0,0,0,0,0,0,0,0,0,0
38,3,0,35,0.598,1,25,0,,,여유,,,,,2.98,0,1,0,0,0,0,0,1,0,0,0,0,0,0,0,0,0,0
39,12,0,17,2.643,34,15,1,,,여유,,,,,6.44,0,0,0,0,0,0,0,0,1,0,0,1,0,0,0,0,0,0
24,6,0,4,2.499,10,27,0,,,매우혼잡,,,,,1.35,0,1,0,0,1,1,0,0,0,0,1,1,1,0,0,0,1,0
35,3,0,10,1.799,1,24,0,3,0,여유,0,3,3,3,2.63,1,0,0,0,0,0,0,1,0,0,0,0,0,0,0,0,0,0
48,12,1,1,4.203,19,49,0,5,0,혼잡,0,5,4,4,0.88,1,0,0,0,0,0,0,0,0,0,1,1,1,0,0,0,0,0
38,12,0,1,4.896,36,48,1,5,0,여유,0,5,5,4,0.82,1,0,0,0,0,0,0,0,0,0,0,0,0,0,0,0,0,0
23,6,1,6,4.606,5,74,1,,,보통,,,,,3.78,0,0,0,0,0,0,0,0,0,0,0,0,0,0,0,1,0,0
28,6,0,4,2.344,4,36,0,,,혼잡,,,,,1.44,0,1,0,0,1,0,0,0,0,0,0,0,1,0,0,1,0,0
40,6,0,12,1.547,11,21,0,,,혼잡,,,,,2.74,0,0,0,0,0,0,0,0,0,0,0,0,0,0,0,0,0,0
31,12,0,1,5.147,5,63,1,,,혼잡,,,,,1.02,0,0,0,0,0,0,0,0,0,0,1,1,1,0,0,0,0,1
31,6,0,22,0.809,9,12,0,,,보통,,,,,2.51,0,0,0,1,0,0,0,1,1,0,0,1,0,0,0,0,0,0
52,3,0,32,0.562,3,27,0,,,여유,,,,,2.54,0,0,1,0,1,0,0,0,0,0,0,0,0,0,0,0,0,0
55,1,0,60,0.253,2,13,0,,,보통,,,,,3.16,0,1,0,1,1,0,0,1,1,1,1,1,0,1,1,0,0,0
43,6,1,4,3.055,5,33,0,2,0,보통,0,4,3,4,1.76,1,0,0,1,1,0,0,0,0,0,0,0,0,0,0,0,1,0
43,12,1,4,2.869,29,34,1,,,매우혼잡,,,,,1.53,0,0,0,0,0,0,0,0,0,1,1,1,0,1,0,0,0,0
22,3,0,6,1.82,7,30,0,3,0,여유,0,3,4,4,1.55,1,0,0,0,0,0,0,1,0,0,0,0,0,0,0,0,0,0
51,6,1,3,2.842,3,49,0,3,0,여유,0,5,4,3,1.11,1,0,0,0,0,0,0,0,0,0,0,0,0,0,0,0,0,0
18,12,0,2,4.73,27,72,1,4,0,보통,0,4,4,4,1.05,1,0,0,0,0,0,0,0,0,0,1,0,0,0,0,0,0,0
45,12,0,5,2.162,5,29,0,3,0,보통,1,3,4,1,1.61,1,0,0,0,0,0,0,0,0,1,1,1,0,0,0,0,0,0
19,12,1,2,3.575,14,47,1,,,보통,,,,,1.11,0,1,0,0,0,0,0,0,0,0,0,0,0,0,0,0,0,0
30,12,0,56,0.27,2,12,0,2,0,보통,0,2,2,3,2.4,1,0,0,0,0,0,1,1,0,0,0,0,0,0,0,0,0,0
44,3,1,55,0.197,1,9,0,,,여유,,,,,2.35,0,0,0,0,1,0,1,1,0,1,0,0,1,0,0,0,0,0
31,12,0,4,2.657,12,29,0,3,0,여유,0,3,4,4,1.58,1,0,0,0,0,0,0,0,1,0,0,0,0,0,0,0,0,0
26,3,0,5,4.229,2,49,0,3,0,여유,1,4,4,4,3.25,1,0,0,0,0,0,0,1,0,0,0,0,0,0,1,1,0,0
33,12,1,3,2.712,24,41,0,,,여유,,,,,1.26,0,0,0,0,0,0,0,0,0,0,0,1,0,0,0,0,1,0
30,3,0,4,2.275,12,22,1,2,0,혼잡,0,2,3,2,1.28,1,0,0,0,0,0,1,0,1,1,0,1,0,1,1,0,1,0
33,12,0,3,3.707,24,47,1,3,0,혼잡,0,4,5,4,1.46,1,0,0,0,0,0,1,0,0,0,1,0,0,0,1,0,0,0
49,1,0,17,1.303,2,21,0,,,보통,,,,,3.17,0,0,0,0,0,0,0,0,0,1,0,0,0,0,0,0,0,0
36,3,1,4,2.209,4,33,0,,,여유,,,,,1.14,0,0,0,0,0,0,0,0,0,0,0,0,0,1,0,0,0,0
35,12,0,2,3.248,10,29,1,4,0,여유,0,4,4,5,1.07,1,0,0,0,0,0,0,0,0,0,0,0,0,1,0,0,0,0
28,12,0,3,3.475,17,49,0,,,여유,,,,,1.43,0,0,0,0,0,0,1,0,0,0,0,0,0,0,0,0,0,0
25,12,1,4,2.539,9,39,0,2,0,보통,0,3,3,4,1.39,1,0,0,0,0,0,0,0,0,0,0,0,0,0,0,0,1,0
40,12,0,3,3.65,27,48,1,4,0,여유,0,4,5,5,1.31,1,0,0,0,0,0,0,0,0,0,0,0,0,0,0,0,0,0
35,12,1,2,4.308,0,58,1,4,0,여유,0,4,5,5,0.94,1,0,0,0,0,0,0,0,0,0,0,0,0,0,0,0,0,0
30,6,0,4,2.857,12,38,0,,,보통,,,,,1.63,0,0,0,0,0,0,0,0,0,0,0,0,0,0,0,0,0,0
35,3,0,3,3.216,8,24,0,,,보통,,,,,1.15,0,0,0,0,0,0,0,0,0,0,0,0,1,0,1,0,0,0
27,12,1,2,4.459,36,57,0,4,0,여유,0,4,3,3,1.06,1,0,0,0,0,0,0,0,0,0,0,0,0,0,0,0,0,0
29,12,0,3,3.218,36,30,1,3,0,혼잡,0,3,4,3,1.57,1,0,0,0,0,0,0,0,0,1,0,0,0,0,0,1,0,0
29,6,1,26,0.805,1,18,0,,,혼잡,,,,,2.97,0,0,0,0,0,0,0,0,1,0,0,0,0,0,1,0,0,0
16,6,0,33,0.42,14,17,0,3,0,보통,0,2,2,3,2.0,1,0,0,0,0,0,0,1,0,0,0,0,0,0,0,1,0,0
41,12,1,1,5.041,11,53,0,4,0,혼잡,1,4,4,2,0.96,1,0,0,0,0,1,0,0,0,0,1,0,0,0,0,0,0,0
30,3,0,19,0.98,4,16,0,2,0,보통,0,3,3,2,2.71,1,0,1,0,0,0,0,0,0,0,1,0,0,0,0,0,0,0
32,12,0,1,4.669,10,67,1,4,0,혼잡,0,4,5,3,0.93,1,0,0,0,0,0,0,0,0,0,0,0,0,0,0,0,0,0
42,6,0,3,2.415,4,32,0,3,0,여유,0,3,4,2,1.13,1,1,0,0,0,0,0,0,0,0,0,1,0,1,0,0,0,0
43,12,1,4,3.328,6,49,0,3,0,매우혼잡,0,3,2,3,1.71,1,0,1,0,1,1,0,0,0,0,1,1,0,0,0,0,1,0
30,6,0,26,0.68,7,0,1,1,1,보통,0,3,3,3,2.5,1,1,0,0,0,0,0,0,0,0,0,0,0,0,1,0,1,1
39,3,0,22,0.671,3,17,0,,,매우혼잡,,,,,2.08,0,0,1,1,0,1,0,0,1,0,1,0,1,1,0,0,0,0
47,12,0,1,4.511,22,55,0,,,혼잡,,,,,0.86,0,0,0,0,0,0,0,0,0,0,0,1,0,0,0,0,0,0
32,3,0,17,0.97,1,10,0,2,0,보통,0,2,3,2,2.29,1,1,0,0,0,0,1,0,1,0,0,0,0,0,0,0,0,0
39,12,0,6,1.978,7,30,0,,,보통,,,,,1.79,0,0,0,1,0,0,1,0,0,0,1,1,0,0,0,1,0,0
17,12,0,28,0.494,15,19,0,,,보통,,,,,2.01,0,0,0,1,0,0,0,0,0,0,1,0,0,1,0,1,0,0
23,3,0,9,1.722,9,33,0,,,보통,,,,,2.26,0,0,1,0,0,0,1,0,0,0,1,0,0,0,0,0,0,0
26,12,0,1,5.331,9,64,1,4,0,보통,0,3,5,5,1.05,1,0,0,0,0,0,0,0,0,1,0,0,0,0,0,0,0,0
25,12,0,3,2.593,14,36,1,,,혼잡,,,,,1.28,0,0,0,0,1,0,0,0,0,0,1,0,0,0,0,1,0,0
22,3,0,16,1.105,1,29,0,3,0,여유,0,2,3,3,2.51,1,0,0,0,0,0,0,0,0,0,0,1,0,0,0,0,0,0
15,1,1,10,1.467,0,25,0,3,0,보통,0,2,2,2,2.04,1,1,0,0,0,0,1,0,0,1,1,0,0,0,0,0,0,0
38,6,0,4,3.105,4,46,1,3,0,혼잡,0,2,4,3,1.59,1,0,0,0,0,0,1,0,0,0,1,0,1,0,0,0,0,0
38,3,0,9,1.5,3,33,0,4,0,여유,0,3,3,4,1.94,1,0,0,0,0,0,0,0,0,0,0,0,0,0,1,0,0,0
33,6,0,60,0.0,4,10,0,,,보통,,,,,2.55,0,1,0,0,0,0,0,0,0,0,1,1,1,1,1,1,0,0
20,12,0,5,2.313,31,30,1,,,혼잡,,,,,1.61,0,0,0,1,0,0,0,0,0,0,0,1,1,0,0,0,0,0
25,12,0,4,2.128,27,37,1,3,0,보통,0,3,4,3,1.35,1,0,0,0,0,0,0,0,0,0,0,0,0,0,0,0,0,0
37,1,0,3,3.703,0,42,0,,,보통,,,,,1.78,0,0,0,0,1,0,0,0,0,0,0,0,0,0,0,0,0,0
41,6,0,3,2.946,4,44,1,2,0,매우혼잡,0,2,3,2,1.17,1,1,0,0,0,0,0,1,1,0,1,1,1,0,0,0,0,0
28,12,0,17,1.086,19,21,1,1,1,보통,0,3,3,4,2.62,1,0,0,0,0,0,0,1,0,0,0,0,0,0,0,1,0,1
36,3,0,9,1.365,4,35,0,,,보통,,,,,1.82,0,0,1,0,0,0,0,0,0,0,1,0,0,0,0,0,0,0
30,12,0,15,0.981,5,11,0,,,보통,,,,,2.16,0,1,1,0,1,0,0,0,0,0,0,0,0,0,0,0,0,0
35,12,1,2,4.626,29,63,1,3,0,혼잡,0,3,4,4,1.0,1,0,0,0,0,0,0,0,1,0,0,0,0,0,1,0,0,0
52,6,1,1,5.128,17,51,1,,,보통,,,,,0.91,0,0,0,0,0,0,0,1,0,0,0,1,0,1,0,0,0,0
31,12,1,1,4.561,17,30,1,3,0,혼잡,0,3,3,2,0.81,1,0,0,0,0,0,0,0,0,0,1,0,0,0,0,0,0,0
25,1,0,2,4.266,0,49,0,5,0,보통,0,4,4,4,1.06,1,0,0,0,0,0,0,0,0,0,0,0,0,0,0,0,0,0
15,12,0,1,5.594,15,63,1,4,0,혼잡,0,4,4,3,0.94,1,0,0,0,0,0,0,0,0,0,0,0,0,0,0,0,0,0
39,12,1,1,4.558,9,43,1,,,보통,,,,,0.97,0,0,0,0,0,0,1,0,0,1,0,0,1,0,0,0,1,0
47,12,1,2,4.193,8,43,0,4,0,혼잡,0,3,5,4,0.98,1,0,0,0,0,0,1,1,0,0,0,0,1,0,0,0,0,0
36,6,1,2,4.908,5,64,1,,,여유,,,,,1.09,0,0,0,0,0,0,0,0,0,0,0,1,0,0,0,0,0,0
32,6,0,49,0.0,17,14,0,,,여유,,,,,2.11,0,1,1,0,0,0,0,0,1,0,1,0,0,0,1,0,1,0
15,12,1,3,3.705,11,48,1,2,0,혼잡,0,3,4,3,1.78,1,1,0,0,0,0,1,0,0,1,1,1,0,0,0,1,0,0
34,3,1,23,2.229,12,29,0,2,0,여유,0,4,5,3,7.32,1,1,0,0,0,0,0,0,0,0,0,0,0,0,0,0,0,0
56,12,0,4,2.72,16,32,0,3,0,매우혼잡,1,3,3,1,1.39,1,1,1,0,0,0,1,0,0,0,1,1,1,1,0,0,0,0
30,3,1,12,1.461,7,27,0,4,0,여유,0,2,3,2,2.58,1,1,0,0,0,0,1,1,0,0,0,0,0,0,0,0,0,0
27,12,1,4,2.16,19,10,1,3,0,보통,0,3,4,3,1.31,1,0,0,0,0,0,0,1,0,0,0,1,1,0,0,0,0,0
31,6,1,1,4.4,13,41,1,3,0,매우혼잡,0,3,4,3,0.91,1,0,0,0,0,0,0,0,0,0,1,1,0,0,0,0,0,0
50,3,1,20,2.548,14,43,0,,,보통,,,,,7.27,0,1,0,1,0,1,0,0,0,0,0,0,0,0,0,0,0,1
34,12,1,4,3.1,11,37,1,,,여유,,,,,1.64,0,0,1,0,0,0,0,1,0,0,0,0,0,0,0,0,0,0
22,12,1,4,2.624,16,38,1,,,매우혼잡,,,,,1.46,0,0,0,0,0,0,0,0,0,0,0,0,1,0,1,0,1,0
48,1,0,10,1.671,6,42,0,,,여유,,,,,2.39,0,0,0,0,0,0,1,0,0,0,0,0,0,0,0,0,0,0
25,1,0,2,4.32,1,52,0,5,0,여유,0,4,5,4,0.93,1,0,0,0,0,0,0,0,0,0,0,0,0,1,0,0,0,0
24,3,0,32,0.607,2,9,0,3,0,보통,0,3,2,3,2.79,1,1,0,0,0,1,0,0,0,0,0,0,0,0,0,0,0,1
15,6,0,4,2.945,7,32,0,,,여유,,,,,1.49,0,0,0,0,0,0,0,0,0,0,0,0,0,0,0,0,0,0
20,3,0,4,2.689,2,48,0,5,0,여유,0,5,4,5,1.55,1,0,0,0,0,0,0,0,0,0,0,0,0,0,0,0,0,0
30,1,0,29,0.605,2,40,0,,,보통,,,,,2.51,0,0,1,0,0,0,1,1,0,1,0,0,1,0,0,0,0,0
37,12,0,52,0.034,1,9,0,,,혼잡,,,,,2.24,0,1,0,0,0,0,0,1,1,0,0,0,1,1,0,1,0,0
33,12,1,2,4.639,20,71,0,4,0,여유,1,4,4,3,1.06,1,0,0,0,0,0,0,0,0,0,0,0,0,0,0,0,0,0
38,6,0,2,4.076,36,45,1,5,0,보통,1,4,4,3,0.99,1,0,0,0,0,0,0,0,0,0,0,0,0,0,0,0,0,0
15,1,0,3,2.794,1,51,0,,,보통,,,,,1.32,0,0,0,0,0,0,1,0,0,0,1,1,1,1,0,0,0,0
20,3,1,1,4.804,24,67,0,4,0,혼잡,0,4,3,4,0.83,1,0,0,1,0,0,0,0,0,0,1,1,0,0,0,0,0,1
16,12,0,4,2.522,10,38,0,,,혼잡,,,,,1.35,0,1,1,0,0,0,0,0,0,0,1,0,0,1,0,1,0,1
44,12,0,1,4.738,4,45,1,4,0,여유,0,5,5,4,0.81,1,0,0,0,0,0,0,0,0,0,0,0,0,0,0,0,0,0
25,12,0,2,3.759,28,32,1,,,보통,,,,,1.04,0,0,0,0,0,0,0,0,0,0,0,1,0,0,0,0,0,0
26,12,1,3,3.003,7,25,0,3,0,보통,1,3,4,2,1.29,1,0,0,0,0,0,0,0,0,0,0,0,0,0,0,0,0,0
36,6,1,4,3.539,11,49,0,3,0,여유,0,4,4,4,1.78,1,0,0,0,0,0,0,0,0,1,0,0,0,0,0,0,0,0
28,6,0,1,4.799,7,34,1,4,0,여유,0,4,5,4,0.99,1,0,0,0,0,0,0,0,0,0,0,0,0,0,0,0,0,0
30,6,0,5,2.621,4,24,0,,,보통,,,,,1.74,0,0,1,0,0,0,1,0,0,0,0,0,0,0,0,0,0,0
19,12,0,3,3.683,29,45,1,3,0,보통,0,3,4,3,1.58,1,0,0,0,1,0,0,0,0,0,1,0,0,0,0,0,0,0
16,6,0,5,2.392,1,21,0,4,0,여유,0,4,3,3,1.73,1,0,0,1,0,0,0,0,0,0,0,0,0,0,0,1,0,0
21,12,0,21,1.116,17,18,0,,,여유,,,,,3.27,0,1,1,1,0,0,0,0,0,0,0,0,0,0,0,0,0,0
37,12,0,17,1.042,0,3,0,2,0,보통,0,4,3,3,2.58,1,1,0,0,0,0,0,0,0,0,0,0,0,1,1,1,0,0
49,12,1,60,1.066,15,12,0,1,0,혼잡,0,3,2,3,14.27,1,1,0,0,1,0,1,0,0,0,0,1,0,0,1,1,1,1
28,12,0,4,3.177,13,24,1,3,0,매우혼잡,0,2,4,3,1.64,1,0,0,0,0,0,0,0,0,1,1,0,1,1,1,0,1,1
48,3,1,5,2.383,4,31,0,,,여유,,,,,1.75,0,0,0,0,0,0,0,0,0,0,0,0,0,0,0,0,0,0
39,3,1,2,3.366,2,36,0,3,0,여유,0,3,4,4,1.19,1,0,0,0,0,0,0,0,1,0,0,0,0,0,0,0,0,0
46,12,1,3,2.312,19,27,0,3,0,매우혼잡,0,3,3,2,1.0,1,0,0,0,0,0,0,0,0,0,1,0,0,1,0,1,1,0
18,3,1,2,4.674,1,41,1,5,0,여유,0,4,4,5,1.1,1,0,0,0,0,0,0,0,0,0,0,0,0,0,0,0,0,0
42,3,1,17,1.248,6,11,0,,,여유,,,,,3.09,0,0,0,1,0,0,0,0,0,0,1,0,0,0,0,0,0,0
38,12,0,12,1.925,12,24,1,,,보통,,,,,3.23,0,0,0,0,0,0,0,0,0,0,0,0,0,0,0,1,0,0
57,12,0,14,1.544,4,11,1,2,0,매우혼잡,0,2,2,2,3.16,1,1,0,1,0,0,0,1,0,0,1,1,0,1,0,0,0,0
42,12,0,2,3.802,12,56,0,3,0,여유,0,4,3,3,1.35,1,0,0,0,0,0,0,0,0,0,0,0,0,0,1,0,0,0
25,6,0,14,1.129,5,27,1,,,매우혼잡,,,,,2.21,0,1,0,0,0,0,0,0,0,1,1,1,1,0,1,1,0,1
27,12,0,19,0.799,4,10,0,,,혼잡,,,,,2.16,0,1,0,0,0,0,0,0,0,0,0,0,1,0,0,0,1,0
21,12,0,2,3.062,5,32,0,,,매우혼잡,,,,,1.05,0,0,0,0,0,0,0,0,0,0,1,0,1,0,0,1,0,0
33,12,0,16,0.908,28,34,0,,,여유,,,,,2.1,0,0,0,0,0,0,0,0,0,0,0,0,0,0,0,0,0,0
31,3,0,9,1.732,15,40,0,,,보통,,,,,2.21,0,1,1,1,0,0,0,0,0,0,0,0,0,0,0,0,0,1
41,12,1,1,4.29,3,35,1,4,0,보통,0,4,4,3,0.86,1,0,0,1,0,0,0,0,0,0,0,0,0,0,0,0,0,0
48,3,0,1,4.741,5,35,0,5,0,여유,0,4,5,5,0.89,1,0,0,0,0,0,0,0,0,0,0,0,0,0,0,0,0,0
26,6,0,60,0.975,5,14,0,,,여유,,,,,15.37,0,1,0,0,0,0,1,1,0,0,0,0,0,0,0,0,0,0
44,12,0,12,1.753,2,29,1,,,보통,,,,,3.04,0,1,0,0,0,0,1,1,1,0,1,0,0,0,1,0,0,0
24,6,0,7,2.296,2,4,0,,,매우혼잡,,,,,2.26,0,0,0,0,0,1,0,0,0,0,1,1,0,0,0,0,1,0
37,12,0,8,1.424,8,34,0,3,0,보통,0,2,3,3,1.7,1,0,0,1,0,1,0,1,0,0,0,0,0,0,0,0,0,0
29,1,0,4,2.169,1,20,0,,,보통,,,,,1.25,0,0,0,0,0,0,0,0,0,0,1,0,0,1,0,0,0,0
26,1,1,20,0.804,8,27,0,4,0,보통,0,3,3,3,2.27,1,0,0,0,0,1,0,0,0,0,0,1,0,1,0,0,0,0
35,12,0,2,4.016,36,63,0,4,0,여유,0,3,5,5,1.01,1,1,0,0,0,0,0,1,0,0,0,0,0,0,0,0,0,0
50,3,0,56,0.0,1,20,0,,,보통,,,,,2.4,0,1,0,0,0,0,0,1,0,0,0,0,0,0,0,1,0,0
40,1,0,18,0.828,2,22,0,,,보통,,,,,2.14,0,1,0,0,0,0,0,0,0,0,0,0,1,0,0,0,1,1
41,6,0,4,2.412,3,48,0,2,0,보통,0,4,4,3,1.37,1,1,0,0,0,0,0,0,0,0,0,0,0,0,0,0,0,1
16,12,1,2,3.192,17,35,1,3,0,보통,0,3,3,4,1.14,1,0,0,0,0,0,0,1,0,0,0,0,0,0,0,0,0,0
31,6,0,1,5.186,13,53,1,,,보통,,,,,0.88,0,0,0,0,0,0,0,0,0,0,0,0,0,0,0,0,0,0
30,12,1,1,5.118,34,78,0,4,0,혼잡,0,5,4,3,0.96,1,0,0,0,0,0,0,0,0,0,1,0,0,0,0,0,0,0
31,12,0,4,3.359,1,44,0,,,보통,,,,,1.79,0,0,0,0,0,0,0,0,0,0,0,0,0,0,0,0,0,0
39,6,0,8,1.655,22,37,0,4,0,혼잡,1,3,3,2,1.78,1,0,1,0,0,0,1,0,0,0,0,0,0,0,0,0,0,0
37,6,0,4,2.366,10,39,0,,,여유,,,,,1.31,0,0,0,0,0,0,0,0,0,0,0,0,0,0,0,0,0,0
41,1,1,29,0.711,1,19,0,,,여유,,,,,2.96,0,0,0,0,0,0,0,1,0,0,1,0,0,0,0,0,1,0
38,12,0,1,5.181,7,79,1,4,0,혼잡,0,4,4,4,0.97,1,0,0,0,1,0,0,0,0,0,0,0,1,0,0,0,0,0
36,6,0,2,4.027,9,37,1,4,0,보통,0,4,4,4,0.9,1,0,0,0,0,1,0,0,0,0,0,0,0,0,1,1,0,0
39,3,1,4,2.858,5,27,0,3,1,보통,0,5,4,3,1.49,1,0,0,0,0,0,0,0,0,0,0,0,1,0,0,0,0,1
21,12,0,3,3.605,22,42,0,4,0,매우혼잡,1,5,4,2,1.67,1,0,0,0,0,0,0,0,0,0,1,1,1,0,0,0,1,0
15,12,0,1,6.167,0,65,1,5,0,여유,0,4,5,5,0.98,1,0,0,0,0,0,0,0,1,0,0,0,0,0,0,0,0,0
18,12,0,3,3.63,19,44,1,3,0,여유,0,3,3,3,1.34,1,0,1,0,0,0,0,0,0,0,0,0,0,0,0,0,0,0
35,12,1,4,2.221,36,40,0,3,0,보통,0,3,2,2,1.16,1,0,0,0,0,0,0,0,0,0,0,0,1,0,0,0,0,0
34,6,0,1,5.456,6,71,1,,,보통,,,,,0.8,0,0,0,0,0,0,0,0,0,0,0,0,0,1,0,0,1,0
43,6,1,8,1.769,11,28,1,3,0,여유,0,3,4,3,2.03,1,0,0,0,0,0,0,0,0,0,0,0,1,0,0,0,0,1
27,12,1,3,3.776,6,52,0,5,0,여유,0,5,5,4,1.52,1,0,0,0,0,0,0,0,0,0,0,0,0,0,0,0,0,0
37,12,0,3,3.274,36,34,0,2,0,혼잡,0,4,3,3,1.38,1,0,0,0,0,0,0,0,0,0,0,0,0,0,1,1,0,1
31,12,0,1,4.827,13,41,1,4,0,매우혼잡,0,4,5,3,0.96,1,0,1,0,0,0,0,0,0,0,1,1,0,1,0,0,0,0
17,12,0,1,4.543,7,63,0,4,0,여유,0,3,4,5,0.93,1,0,0,0,0,0,0,0,0,0,0,0,0,0,0,0,0,0
35,6,0,60,0.182,3,14,0,,,보통,,,,,7.37,0,1,1,1,0,0,0,1,0,1,1,0,1,0,0,0,0,0
25,6,0,8,1.765,34,26,0,3,0,보통,1,3,4,2,2.02,1,0,0,0,0,0,0,0,0,0,1,0,0,0,1,1,0,0
43,6,0,4,2.316,22,26,0,3,0,혼잡,0,4,3,3,1.33,1,0,0,0,0,0,0,0,0,0,1,0,0,0,0,1,0,0
32,12,0,14,1.179,3,23,0,,,혼잡,,,,,2.37,0,1,0,0,0,0,0,0,0,1,1,0,0,0,0,1,0,0
30,6,0,3,3.749,20,59,0,5,0,보통,0,4,4,4,1.53,1,0,0,0,0,0,0,0,0,0,0,0,0,0,0,0,0,0
15,6,0,2,3.99,4,43,0,,,여유,,,,,1.17,0,0,0,0,1,0,0,0,0,0,0,0,0,0,0,0,0,0
53,6,0,3,2.638,11,41,0,,,여유,,,,,1.07,0,0,0,0,0,0,0,0,0,0,1,0,0,0,1,0,0,0
36,6,0,3,3.416,9,46,0,4,0,혼잡,0,4,4,4,1.66,1,0,0,0,0,0,0,1,0,0,0,0,0,1,0,0,0,0
21,3,1,19,1.149,5,24,0,,,혼잡,,,,,3.11,0,1,1,0,0,0,0,1,0,0,1,0,1,0,1,1,0,1
33,3,0,60,1.554,4,32,0,,,보통,,,,,15.64,0,1,0,1,0,1,1,0,0,0,0,0,0,0,0,0,0,0
39,6,0,46,0.341,10,21,0,2,0,매우혼잡,1,2,2,1,2.24,1,1,0,0,1,1,0,0,1,0,1,0,1,0,1,0,1,0
24,12,0,2,3.583,7,54,0,,,보통,,,,,1.1,0,0,0,0,0,0,0,0,0,0,0,0,1,0,0,0,0,0
26,6,0,4,2.35,1,30,1,,,보통,,,,,1.51,0,0,0,0,0,0,0,0,0,0,1,0,0,1,1,0,0,0
27,6,0,5,2.555,4,40,0,5,0,여유,0,4,4,5,1.7,1,0,0,0,0,0,1,0,0,0,0,0,0,0,0,0,0,0
37,1,1,2,3.671,0,43,0,4,0,보통,0,3,3,4,1.01,1,0,0,0,0,0,0,0,0,0,0,0,0,0,0,1,0,0
31,12,0,1,4.728,9,60,0,,,혼잡,,,,,1.0,0,0,0,0,0,0,0,0,0,0,0,1,0,0,0,0,0,0
21,6,0,5,2.489,10,49,0,3,0,보통,0,3,4,3,1.75,1,1,0,0,0,1,0,0,0,0,0,0,0,0,0,0,0,0
15,1,0,16,0.723,6,30,0,3,0,여유,0,3,3,3,1.68,1,0,0,0,0,0,0,1,0,0,0,0,0,0,0,0,0,0
48,12,0,3,3.617,9,58,1,,,보통,,,,,1.35,0,0,0,0,1,0,0,0,0,0,0,1,0,0,0,0,0,0
30,12,1,3,2.963,12,52,0,3,0,보통,0,3,3,4,1.06,1,0,0,0,0,0,1,0,0,1,0,0,1,0,0,0,0,0
44,1,1,4,2.658,2,37,0,2,0,보통,0,3,3,2,1.57,1,1,0,0,0,0,0,0,0,0,1,0,1,0,1,0,1,0
27,12,1,5,2.19,8,41,0,3,0,혼잡,1,2,3,2,1.63,1,1,0,0,0,0,1,0,0,0,1,1,0,1,1,0,1,0
15,6,1,1,5.822,12,59,1,,,여유,,,,,0.92,0,0,0,0,0,0,0,0,0,0,0,0,0,0,0,1,0,0
26,12,1,1,5.138,7,68,1,,,보통,,,,,0.95,0,0,0,0,0,0,0,0,0,0,0,0,0,1,0,0,0,0
28,3,0,60,0.0,4,10,0,,,혼잡,,,,,2.85,0,0,0,0,0,0,0,0,0,0,0,0,0,0,0,0,0,0
25,3,0,10,1.511,2,44,0,,,여유,,,,,2.14,0,0,0,0,0,1,0,0,0,0,1,0,0,1,0,0,0,0
37,12,0,2,4.094,33,52,0,4,0,보통,0,3,4,3,0.89,1,0,0,0,0,0,0,1,0,0,0,0,0,0,0,0,0,0
36,3,0,14,1.223,11,13,0,3,0,혼잡,0,3,2,3,2.43,1,0,1,1,0,0,0,0,0,0,0,0,0,0,0,1,0,0
52,12,0,12,1.5,18,34,0,2,0,보통,0,3,3,3,2.47,1,0,0,0,0,1,0,0,0,0,1,0,0,0,0,0,0,0
24,12,0,1,4.211,25,53,0,4,0,보통,0,4,4,4,0.85,1,0,0,0,0,0,0,0,0,0,0,0,0,0,0,0,0,1
37,12,1,2,4.037,36,39,1,4,0,보통,0,3,3,4,0.87,1,0,1,0,0,0,0,0,0,0,0,0,0,0,1,0,0,0
24,3,1,5,2.232,1,36,0,,,여유,,,,,1.5,0,0,0,0,0,1,0,0,0,0,0,0,1,0,0,0,1,0
42,12,1,1,5.789,26,70,1,5,0,여유,0,5,4,5,0.9,1,0,0,0,0,0,0,0,0,0,0,0,0,0,0,0,0,0
39,6,1,3,3.275,9,54,0,,,혼잡,,,,,1.33,0,0,0,0,0,0,0,0,0,0,0,1,0,0,0,0,0,0
27,1,0,14,1.42,4,37,0,,,보통,,,,,2.8,0,0,0,0,0,0,0,0,0,0,0,0,0,0,0,0,0,0
32,12,0,1,5.991,7,64,1,,,여유,,,,,0.93,0,0,0,0,0,0,0,0,0,0,0,0,0,0,0,0,0,0
31,1,0,3,2.522,2,25,0,4,0,보통,0,3,3,2,1.02,1,0,0,0,0,0,0,1,0,1,1,0,0,0,0,0,0,0
24,3,0,47,0.0,1,26,0,2,0,여유,0,2,3,3,2.01,1,0,0,0,0,0,0,0,0,0,0,0,0,1,0,0,0,1
37,12,0,23,0.774,8,22,0,,,보통,,,,,2.57,0,1,0,0,0,0,1,0,0,0,1,0,0,0,0,1,0,0
30,12,0,2,4.3,20,51,0,,,여유,,,,,0.94,0,0,0,0,0,0,0,0,0,0,0,0,0,0,0,0,0,0
30,12,0,11,1.696,6,31,0,3,0,매우혼잡,1,3,3,1,2.58,1,0,1,0,0,0,0,0,0,0,1,1,1,0,0,0,0,0
31,6,1,1,5.786,22,47,1,,,여유,,,,,0.8,0,0,0,0,0,0,0,1,0,0,0,0,0,0,0,0,0,0
26,1,0,3,2.276,2,46,0,3,0,여유,0,3,4,3,1.09,1,0,0,0,0,0,1,0,0,0,0,0,0,0,0,1,0,0
24,1,1,9,1.986,6,25,0,2,0,보통,0,3,3,3,2.58,1,0,0,0,0,0,1,1,0,0,0,0,0,1,0,0,1,0
28,12,1,1,4.957,34,51,0,4,0,보통,0,4,4,4,0.86,1,0,0,0,0,0,0,0,0,0,0,0,1,0,0,0,0,0
34,6,1,4,2.624,3,31,0,4,0,보통,0,3,4,3,1.52,1,0,0,0,0,0,0,0,1,0,0,0,0,0,1,0,0,0
35,12,0,3,2.625,2,36,1,,,혼잡,,,,,1.07,0,1,0,0,0,0,0,0,1,0,1,1,0,0,0,0,0,0
34,12,0,2,4.479,9,34,0,,,여유,,,,,0.99,0,0,0,0,0,0,0,0,0,0,0,0,0,0,0,0,0,0
25,12,0,4,2.769,3,31,0,3,0,혼잡,0,2,3,3,1.49,1,1,0,0,0,0,0,0,0,0,1,0,0,0,0,0,0,0
42,3,1,5,2.213,4,36,0,3,0,혼잡,1,4,2,1,1.47,1,0,0,0,0,0,0,0,0,1,1,1,1,1,1,0,0,0
47,12,1,1,4.795,17,35,1,4,0,보통,0,4,4,3,1.02,1,0,0,0,0,0,0,0,0,0,0,0,0,0,0,0,0,0
27,12,0,1,4.434,5,63,1,4,0,매우혼잡,0,4,4,4,0.82,1,0,0,0,0,0,0,0,0,1,0,0,1,0,0,0,0,0
38,3,0,10,2.814,3,28,0,4,0,보통,0,3,3,3,4.03,1,1,0,0,1,0,1,0,0,0,0,0,0,0,0,1,0,0
26,3,1,2,3.313,10,39,1,3,0,보통,0,4,3,3,1.01,1,0,0,1,0,0,0,0,0,0,0,0,0,0,0,0,0,0
32,12,1,7,5.541,5,78,1,4,0,매우혼잡,0,4,5,3,5.39,1,0,0,0,0,0,0,0,0,0,0,0,0,0,0,1,0,0
26,12,0,5,2.18,2,52,0,3,1,보통,0,4,4,3,1.45,1,0,0,0,0,0,0,0,0,0,0,0,0,1,0,1,0,0
60,1,0,7,1.578,2,30,0,,,보통,,,,,1.55,0,1,0,0,0,0,1,0,0,0,1,0,0,0,0,0,0,0
20,6,1,21,2.031,6,33,0,3,0,여유,0,4,3,3,6.2,1,1,0,0,1,0,0,0,0,0,0,0,0,0,0,0,0,0
47,12,0,1,4.684,36,49,1,4,0,보통,0,4,5,3,0.96,1,0,0,0,0,0,0,0,0,1,1,1,0,1,0,0,0,0
31,6,0,12,1.337,17,36,0,,,여유,,,,,2.37,0,0,0,0,0,0,0,0,0,0,0,0,1,1,0,0,0,0
39,6,0,3,2.494,2,49,1,2,0,혼잡,0,4,4,3,1.1,1,0,0,0,0,0,0,0,0,0,1,1,0,1,0,0,0,0
52,1,0,5,2.332,0,57,0,3,0,보통,0,3,4,2,1.7,1,0,0,0,0,1,0,0,0,0,1,0,0,0,1,0,0,0
51,12,1,3,2.581,4,31,1,2,1,여유,0,3,4,3,1.25,1,0,0,0,0,0,0,0,0,0,0,0,0,0,1,0,0,0
29,12,0,4,2.502,6,17,0,,,매우혼잡,,,,,1.55,0,0,0,0,0,0,0,0,0,0,1,0,0,0,0,1,0,1
34,1,0,14,1.569,3,35,0,2,0,보통,0,3,2,3,3.11,1,1,0,1,0,1,1,0,0,0,1,0,0,0,0,0,0,0
38,6,0,60,0.0,3,5,0,,,여유,,,,,8.31,0,1,0,0,1,0,0,0,1,0,0,0,0,0,0,1,0,0
15,12,0,1,5.554,14,59,1,4,0,보통,0,4,5,4,0.97,1,0,0,0,1,0,0,0,0,0,0,0,0,0,0,0,0,0
60,6,0,3,3.207,1,44,0,4,0,보통,0,4,3,3,1.56,1,0,0,0,0,0,0,0,0,0,0,0,0,0,0,1,0,0
31,6,0,31,0.48,11,0,0,3,0,보통,0,2,2,2,2.1,1,0,0,0,0,0,0,0,0,0,0,0,0,0,0,0,0,1
40,1,0,2,3.919,7,48,0,,,보통,,,,,1.15,0,0,0,0,0,0,0,0,0,0,1,0,0,0,0,0,0,0
29,3,0,3,2.961,7,35,0,3,0,혼잡,0,3,2,3,1.46,1,0,0,0,0,0,0,0,1,0,0,0,1,0,0,0,0,0
22,12,1,1,5.308,12,58,0,3,0,매우혼잡,0,5,4,3,0.85,1,0,0,0,0,0,0,0,0,0,1,0,0,0,0,0,0,0
28,1,0,37,0.459,1,17,0,,,혼잡,,,,,2.43,0,0,0,1,0,0,1,0,0,1,0,0,0,1,0,0,0,0
42,3,1,15,3.454,9,38,0,5,0,보통,0,4,4,4,7.26,1,1,0,0,0,0,0,0,0,0,0,0,0,0,0,0,0,0
50,12,0,10,1.434,35,36,0,3,0,보통,0,4,3,2,1.95,1,0,0,0,0,0,0,0,0,0,0,0,1,0,0,0,0,0
45,6,0,3,3.139,5,31,1,,,여유,,,,,1.54,0,0,0,0,0,0,0,0,0,0,0,0,0,0,1,1,0,0
20,12,0,4,2.553,6,30,0,3,0,보통,0,4,4,2,1.56,1,1,0,0,0,0,0,0,0,0,0,0,0,0,0,0,1,0
37,6,0,3,2.877,7,38,0,,,혼잡,,,,,1.15,0,1,0,0,0,0,0,0,0,0,0,0,0,0,0,0,0,0
47,12,0,4,2.649,9,26,0,3,0,혼잡,0,2,2,3,1.48,1,0,0,0,0,0,0,0,0,0,0,0,1,1,0,0,0,0
32,6,1,13,1.553,5,26,0,,,혼잡,,,,,2.96,0,1,0,0,0,0,0,0,0,0,1,0,1,1,0,0,0,1
38,12,0,3,3.073,2,43,0,4,0,보통,0,3,4,3,1.5,1,0,0,0,0,0,1,0,0,1,0,0,0,1,0,0,0,0
27,12,0,2,3.666,15,40,1,,,여유,,,,,1.22,0,0,0,0,0,0,0,0,0,0,0,0,0,0,0,0,0,0
24,12,1,3,3.06,8,40,1,,,혼잡,,,,,1.11,0,0,0,0,1,0,0,0,0,0,0,0,1,0,0,1,0,0
33,12,1,2,4.213,24,63,0,3,0,매우혼잡,0,4,5,4,0.94,1,0,0,0,0,0,0,0,0,0,0,0,0,0,0,0,0,1
42,12,1,2,3.335,2,41,0,3,0,혼잡,0,2,2,2,1.04,1,0,1,0,0,0,0,0,0,0,1,0,0,1,0,1,0,0
41,12,1,7,1.652,4,17,1,2,1,보통,0,2,3,3,1.7,1,0,0,1,0,0,1,0,1,0,0,1,1,1,1,1,1,0
55,1,0,7,1.832,1,37,0,,,혼잡,,,,,1.74,0,1,0,0,0,1,0,0,0,1,1,0,0,1,1,1,0,0
47,3,0,1,5.543,3,74,0,,,매우혼잡,,,,,1.03,0,0,0,0,0,0,0,0,0,0,0,0,0,0,0,0,0,1
33,3,1,1,5.116,2,58,0,,,보통,,,,,0.92,0,0,0,0,0,0,0,0,0,0,1,0,1,0,0,0,0,0
19,12,0,3,3.556,9,61,1,4,0,보통,0,4,4,4,1.64,1,0,0,0,0,0,0,0,0,0,0,0,0,0,0,0,0,0
31,1,0,3,3.949,4,57,0,,,여유,,,,,1.77,0,0,0,0,0,0,0,1,0,1,0,0,0,0,0,0,0,0
36,6,0,2,3.531,3,53,1,3,0,여유,0,4,4,4,1.21,1,0,0,0,0,0,0,0,0,0,0,0,0,0,0,0,0,0
32,12,0,1,4.063,17,37,0,3,0,보통,0,4,3,4,0.84,1,0,0,0,0,0,0,0,0,0,0,0,0,0,0,0,0,0
30,12,0,9,1.891,8,40,1,,,보통,,,,,2.44,0,0,0,0,0,0,0,0,0,0,0,0,0,0,0,0,0,0
28,6,1,4,2.088,9,23,0,3,0,보통,0,4,4,3,1.08,1,0,0,0,0,0,0,0,0,1,0,0,0,0,0,0,0,0
43,6,1,10,2.354,8,22,1,4,0,보통,0,3,5,3,3.51,1,0,0,0,0,0,1,0,0,0,0,1,1,0,0,0,0,0
48,3,0,1,4.498,8,50,0,4,0,보통,0,4,5,3,0.91,1,1,0,0,0,0,0,0,0,0,0,1,0,0,0,0,0,0
15,3,0,4,3.0,9,23,0,3,0,보통,0,3,3,3,1.76,1,1,0,0,0,0,0,0,1,0,0,0,0,0,1,0,0,0
15,12,0,53,0.0,2,17,0,,,혼잡,,,,,2.29,0,1,0,0,0,0,0,0,0,0,0,1,0,0,1,1,1,0
51,12,0,19,0.966,6,34,0,2,0,매우혼잡,0,2,2,2,2.67,1,1,1,0,0,0,0,0,0,0,1,1,1,1,0,1,0,0
37,12,0,2,3.476,7,51,0,,,혼잡,,,,,1.02,0,1,0,0,0,0,0,1,0,0,1,0,0,1,0,1,1,1
36,3,0,4,2.783,14,46,0,,,보통,,,,,1.57,0,0,0,0,0,0,0,1,0,0,0,0,0,0,0,0,0,0
39,6,0,4,2.221,12,26,0,,,혼잡,,,,,1.36,0,0,0,1,0,0,0,1,0,0,0,1,0,0,0,1,1,0
41,12,1,1,5.764,9,70,1,,,혼잡,,,,,0.9,0,0,0,0,1,0,0,0,0,0,1,1,1,1,0,0,0,0
42,12,0,3,2.816,5,33,1,4,0,여유,0,4,3,3,1.05,1,0,0,0,1,0,0,0,0,0,0,0,0,0,0,0,0,0
29,3,1,3,3.949,7,46,0,3,0,보통,0,3,2,3,1.64,1,0,0,0,0,0,0,0,0,0,1,0,1,0,0,0,1,0
24,6,0,3,3.777,4,34,1,,,여유,,,,,1.72,0,0,0,0,0,0,0,0,0,0,0,0,1,0,0,1,0,0
30,6,0,14,1.327,4,13,0,,,보통,,,,,2.62,0,1,1,0,0,0,0,1,0,0,0,0,0,0,0,0,0,0
43,12,1,21,1.087,7,22,0,1,0,혼잡,0,2,2,2,3.19,1,0,0,0,0,0,1,0,0,0,0,0,0,0,0,0,0,1
36,12,1,1,5.404,11,69,0,4,0,보통,0,5,3,4,1.08,1,0,0,0,0,0,0,0,0,0,0,0,0,0,0,0,0,0
37,3,0,4,2.045,1,19,0,,,혼잡,,,,,1.25,0,0,0,0,0,0,0,0,0,0,0,0,0,0,0,0,0,0
23,12,1,18,0.849,2,17,0,,,여유,,,,,2.16,0,1,0,0,0,1,1,0,0,0,0,0,0,0,0,0,0,1
20,3,1,17,1.22,7,35,0,,,혼잡,,,,,2.99,0,1,0,0,0,0,0,0,0,1,0,0,0,0,0,1,0,1
24,1,0,21,0.762,1,2,0,2,0,보통,0,2,3,2,2.25,1,0,0,0,0,0,1,1,0,0,1,1,1,0,0,0,1,1
24,12,0,5,2.633,18,36,1,,,혼잡,,,,,1.77,0,1,0,0,1,0,1,0,0,0,0,1,1,1,0,0,0,1
56,1,1,2,3.658,1,38,0,3,0,혼잡,0,3,2,3,1.11,1,0,0,1,0,1,0,0,0,0,1,0,0,0,0,0,0,1
40,6,0,8,1.968,7,15,1,3,0,보통,0,2,4,3,2.15,1,1,0,0,0,0,1,1,0,0,0,0,0,0,0,0,0,0
37,1,0,19,0.815,6,28,0,,,보통,,,,,2.23,0,0,0,0,0,0,0,0,0,0,1,0,1,1,0,1,0,0
24,6,0,4,2.629,12,23,0,,,여유,,,,,1.33,0,0,0,0,0,0,0,0,1,0,0,0,0,0,0,0,0,0
25,3,0,4,3.056,3,43,0,3,0,혼잡,0,3,3,3,1.67,1,0,1,0,0,0,0,0,0,0,1,0,0,0,0,1,0,0
40,12,0,3,2.936,15,37,1,4,0,여유,0,3,5,4,1.42,1,0,0,0,0,0,0,1,0,0,0,0,0,0,0,0,0,0
23,6,1,1,5.303,17,59,0,,,보통,,,,,1.09,0,0,0,0,0,0,0,0,0,0,0,0,0,0,0,0,0,0
43,12,0,3,3.139,5,24,0,,,보통,,,,,1.36,0,1,0,0,0,0,0,0,0,0,0,0,0,0,0,0,0,0
26,12,0,19,0.835,12,26,1,2,0,매우혼잡,0,2,3,2,2.27,1,0,0,0,1,0,0,1,0,1,1,1,0,1,0,1,0,0
27,6,0,3,3.177,1,38,0,3,0,여유,0,3,3,4,1.45,1,0,1,0,0,0,1,1,0,0,0,0,0,0,0,0,0,0
24,12,0,29,0.697,6,22,0,2,0,혼잡,0,2,3,3,2.86,1,1,1,0,0,1,0,0,0,1,0,0,0,0,0,0,0,0
39,6,0,22,0.893,9,16,0,3,0,보통,0,3,3,3,2.75,1,0,0,1,0,0,0,0,0,0,0,1,0,0,0,0,0,0
33,12,0,5,2.253,26,31,1,,,혼잡,,,,,1.72,0,1,1,0,0,1,0,0,0,0,1,0,0,0,0,1,0,0
42,6,0,1,4.774,9,57,1,5,0,매우혼잡,0,3,5,3,0.98,1,0,0,0,0,0,0,0,0,0,0,1,0,1,0,0,0,0
18,12,0,18,2.727,6,28,1,4,0,보통,0,3,4,3,7.18,1,1,0,0,0,0,1,0,0,0,0,1,0,0,0,0,0,0
28,6,0,5,2.072,4,17,0,3,0,매우혼잡,0,3,3,3,1.61,1,0,0,0,0,0,0,0,0,1,1,0,0,1,0,0,1,0
30,6,0,23,0.933,11,5,0,4,0,여유,0,3,2,3,3.1,1,0,0,1,1,0,0,0,0,0,0,0,0,0,0,0,0,0
40,12,0,1,4.802,18,42,1,4,0,여유,0,4,5,4,0.87,1,0,0,0,0,0,0,0,0,0,0,0,0,0,0,0,0,0
15,6,1,10,1.694,3,12,0,2,1,보통,0,3,3,3,2.36,1,1,0,0,0,0,0,0,0,0,0,0,0,0,0,0,1,1
31,6,1,10,3.881,31,69,1,4,0,혼잡,0,5,4,3,5.31,1,0,0,0,0,0,0,0,0,0,0,0,0,0,0,0,0,0
33,6,0,3,2.09,26,42,0,2,0,보통,0,3,3,4,1.01,1,0,0,0,0,0,0,0,0,0,0,0,0,0,0,0,0,0
23,12,1,1,5.428,9,60,0,,,보통,,,,,0.87,0,0,0,0,0,0,0,0,0,0,0,0,0,0,0,0,0,0
31,6,0,21,2.448,3,19,0,3,0,혼잡,0,3,2,3,7.23,1,1,1,0,0,0,0,0,0,0,1,0,0,0,1,0,1,0
15,12,0,4,2.611,10,34,0,,,보통,,,,,1.62,0,0,0,0,0,0,0,0,0,0,0,1,0,0,0,0,0,1
41,3,1,39,0.463,5,10,0,,,여유,,,,,2.55,0,1,0,0,0,1,0,0,0,0,0,0,1,0,0,1,0,0
31,1,1,11,1.62,4,18,0,3,0,보통,0,2,2,1,2.53,1,1,1,0,1,0,0,0,1,0,1,0,1,0,0,0,0,0
29,3,0,10,1.421,2,15,0,3,0,여유,0,3,4,4,1.95,1,0,0,0,1,0,0,1,0,0,0,0,1,0,0,1,0,0
26,12,0,13,1.387,2,19,0,,,보통,,,,,2.51,0,1,0,0,0,0,0,0,0,1,1,0,0,0,1,1,0,0
28,3,0,4,2.982,7,39,0,,,여유,,,,,1.66,0,0,0,0,0,0,0,0,0,0,0,0,0,0,0,0,0,0
33,12,1,12,1.2,25,19,0,,,혼잡,,,,,2.01,0,1,0,0,0,0,0,0,0,1,1,1,1,1,0,1,0,0
22,12,0,3,2.502,9,35,0,3,0,혼잡,0,3,3,3,1.24,1,1,0,0,0,0,0,0,0,0,1,0,0,0,0,0,1,0
40,12,1,2,3.874,1,43,1,,,보통,,,,,1.34,0,0,0,0,0,0,0,0,0,0,1,0,0,0,0,0,0,0
50,3,0,60,0.305,0,12,0,2,1,보통,0,3,3,3,2.67,1,1,0,0,0,0,0,0,0,0,1,0,0,0,1,1,1,0
47,3,0,60,0.281,3,0,0,,,보통,,,,,2.75,0,0,0,0,0,1,0,0,0,0,0,1,0,0,1,0,1,0
17,3,1,1,4.209,4,65,0,,,보통,,,,,0.81,0,0,0,0,0,0,0,0,0,0,0,0,0,0,0,1,0,0
40,3,1,13,3.314,5,42,1,,,여유,,,,,6.36,0,1,0,0,0,0,0,0,0,0,0,0,0,0,0,0,1,0
36,3,1,3,3.141,5,51,1,,,보통,,,,,1.41,0,0,0,0,0,0,0,0,0,0,0,1,0,1,0,0,0,0
27,6,0,7,1.78,3,26,0,,,매우혼잡,,,,,1.73,0,1,0,0,0,0,0,0,0,0,1,0,0,1,0,1,0,0
35,6,0,27,0.608,4,15,0,,,매우혼잡,,,,,2.38,0,1,1,1,0,0,0,1,0,0,1,1,1,0,0,1,1,0
35,6,0,11,1.455,26,35,0,3,0,여유,0,3,3,3,2.28,1,0,0,0,0,0,0,1,0,0,0,0,0,0,0,0,0,0
26,6,0,3,3.492,1,46,0,4,0,보통,0,4,4,3,1.57,1,1,0,0,1,0,0,0,0,0,1,0,0,0,0,0,0,0
30,12,0,3,2.794,35,39,0,,,매우혼잡,,,,,1.18,0,1,0,0,0,1,0,1,0,0,1,0,1,0,0,0,0,0
30,3,0,60,0.245,2,19,0,,,보통,,,,,2.68,0,1,0,0,0,0,0,0,0,0,0,1,0,0,0,0,1,0
22,12,0,4,2.891,7,40,1,3,0,매우혼잡,0,3,2,2,1.48,1,1,0,0,0,0,0,0,0,1,1,0,0,1,0,0,0,1
23,12,1,3,2.282,10,44,0,,,혼잡,,,,,1.05,0,1,0,0,0,0,0,0,0,0,0,1,0,0,0,0,1,1
22,12,0,5,2.054,3,37,0,,,여유,,,,,1.37,0,1,0,0,0,0,0,0,0,0,0,0,0,0,0,0,0,0
35,6,0,1,5.383,2,69,0,,,보통,,,,,0.95,0,0,0,0,0,0,0,0,0,0,0,0,0,0,0,0,0,0
47,3,0,5,2.343,10,28,0,3,0,혼잡,0,3,4,3,1.79,1,0,0,0,0,0,0,1,0,0,0,0,0,0,0,0,0,0
28,6,0,4,2.298,4,19,0,,,매우혼잡,,,,,1.18,0,0,0,0,0,0,0,1,0,0,0,1,0,0,0,0,0,0
29,6,1,4,2.865,9,34,1,,,혼잡,,,,,1.52,0,0,0,0,0,0,0,0,0,0,1,0,1,1,0,0,1,1
27,6,0,1,4.606,3,55,0,4,0,혼잡,0,4,4,3,0.83,1,0,0,0,1,0,0,0,0,0,0,0,0,0,0,1,0,0
50,12,1,3,2.671,5,25,1,,,보통,,,,,1.33,0,0,0,1,1,0,0,0,0,0,0,0,0,0,0,0,0,0
45,6,1,4,3.004,1,38,0,,,보통,,,,,1.7,0,0,0,0,0,0,0,0,0,0,0,0,1,0,0,0,0,0
40,12,1,1,5.268,6,79,0,5,0,여유,0,4,5,4,0.88,1,0,0,0,0,0,0,0,0,0,0,0,0,0,0,0,0,0
25,12,0,14,3.637,1,72,1,3,0,혼잡,0,3,4,3,7.51,1,0,0,0,0,0,0,0,0,0,1,0,0,0,0,1,0,0
40,1,1,8,1.906,1,28,0,,,보통,,,,,2.19,0,0,0,0,1,0,0,0,0,0,0,0,0,0,0,0,0,0
66,6,1,3,3.109,5,32,0,3,0,보통,0,3,4,3,1.42,1,0,0,0,0,0,0,0,1,0,0,0,0,0,0,0,0,0
43,1,0,6,1.877,1,8,0,3,0,혼잡,0,3,2,2,1.58,1,0,0,0,1,1,0,0,1,0,1,0,1,0,0,0,0,0
21,1,0,3,3.597,1,44,1,3,0,혼잡,1,3,4,2,1.55,1,0,0,0,0,0,1,0,1,0,1,0,0,1,0,0,0,0
31,3,0,3,3.262,10,48,0,3,0,여유,0,4,4,3,1.43,1,0,0,0,1,0,0,0,0,0,0,0,0,0,0,0,0,0
43,3,0,14,1.47,1,34,0,2,0,여유,0,3,3,2,3.01,1,1,0,0,0,0,0,0,0,0,0,0,0,0,0,0,0,1
23,12,1,21,1.073,14,3,0,,,혼잡,,,,,3.16,0,0,0,0,0,0,1,0,0,0,0,1,1,1,0,0,0,1
39,3,1,12,1.319,1,27,0,2,0,보통,0,3,3,3,2.18,1,0,0,1,0,0,0,0,0,0,0,0,0,0,0,1,0,0
20,6,1,4,2.609,3,52,0,,,보통,,,,,1.46,0,0,0,0,1,0,0,0,0,0,1,0,0,1,0,0,0,0
39,6,0,13,1.327,14,19,0,,,보통,,,,,2.4,0,1,0,0,0,0,0,0,0,0,0,0,0,1,0,0,1,1
42,1,0,2,4.606,4,47,1,4,0,여유,0,4,5,4,1.01,1,0,0,0,0,0,0,0,0,0,0,0,0,0,0,1,0,0
34,1,1,11,1.447,2,28,0,3,0,혼잡,0,3,3,2,2.34,1,0,0,0,0,0,0,0,0,1,0,1,0,1,0,0,0,0
38,3,1,4,2.801,1,32,0,3,0,여유,0,3,4,3,1.73,1,1,0,0,0,0,1,0,0,0,0,0,0,0,0,0,0,0
32,12,0,10,1.667,6,10,0,4,0,여유,0,2,3,2,2.35,1,0,0,0,0,0,1,0,0,0,0,0,1,0,0,0,0,0
34,12,0,3,2.525,20,32,1,3,0,여유,1,3,5,2,1.07,1,1,0,0,0,0,0,0,0,0,0,0,0,1,0,0,0,0
33,12,1,1,5.393,29,73,0,,,보통,,,,,0.86,0,0,0,0,0,0,0,1,0,0,0,0,0,0,0,0,0,0
28,3,0,3,2.8,5,50,0,3,0,보통,0,3,3,5,1.2,1,0,0,0,0,0,0,0,0,0,0,0,0,0,0,0,0,0
46,1,0,4,2.459,1,28,0,4,0,혼잡,0,3,3,3,1.23,1,0,1,0,0,0,0,1,0,1,1,1,0,0,0,1,0,0
35,12,0,5,2.241,9,34,0,,,여유,,,,,1.68,0,0,0,0,0,0,0,0,0,0,0,0,0,0,0,0,0,0
32,12,0,4,3.297,7,55,0,4,0,보통,0,3,3,3,1.74,1,0,0,0,0,0,0,0,0,1,1,0,0,0,0,0,0,0
40,12,0,9,1.32,11,34,0,3,0,혼잡,0,3,3,3,1.77,1,0,0,1,0,0,0,0,0,1,0,0,0,0,0,1,0,0
33,6,0,4,3.009,12,42,0,,,보통,,,,,1.75,0,0,0,0,0,0,0,0,0,0,0,0,0,0,0,1,0,1
15,3,0,12,1.145,9,39,0,3,0,보통,0,3,3,3,2.0,1,1,0,0,0,0,0,0,0,0,0,0,1,0,0,0,0,0
34,12,1,4,2.352,8,21,0,3,0,혼잡,0,3,3,2,1.37,1,0,0,0,0,1,0,0,1,1,1,0,0,1,0,1,0,1
40,3,0,10,1.772,5,13,0,3,0,보통,0,3,3,3,2.52,1,0,1,0,0,0,0,0,0,0,0,1,1,0,0,0,0,1
29,12,1,3,3.512,12,38,1,,,보통,,,,,1.66,0,0,0,0,0,0,0,0,1,1,0,1,0,0,0,0,0,0
29,3,1,16,1.045,5,11,1,,,매우혼잡,,,,,2.39,0,1,0,1,0,1,0,0,0,1,1,1,0,0,1,1,1,0
19,1,0,3,3.25,1,42,0,3,0,여유,0,4,3,3,1.4,1,1,0,0,0,0,0,0,0,0,0,1,0,0,0,0,0,0
35,12,0,1,5.398,19,62,1,,,여유,,,,,0.82,0,0,0,0,0,0,0,0,0,0,0,0,0,0,0,0,0,0
56,12,0,3,2.607,11,45,0,3,0,여유,0,3,3,3,1.1,1,0,0,0,0,0,0,0,0,1,1,0,0,0,0,1,0,0
23,6,0,10,1.763,1,32,0,,,혼잡,,,,,2.48,0,0,0,0,0,0,0,1,0,1,0,0,0,0,1,1,0,1
31,12,0,7,1.699,15,14,1,2,0,매우혼잡,0,2,4,3,1.65,1,0,0,0,1,0,0,1,0,0,0,0,0,0,1,0,1,0
26,12,1,3,3.949,36,51,1,2,0,보통,0,2,4,3,1.45,1,0,0,0,0,0,0,0,0,0,0,0,0,1,0,0,0,0
41,3,1,1,5.059,7,36,0,4,0,혼잡,0,4,4,4,0.98,1,0,0,1,0,1,0,0,0,0,0,1,0,0,0,0,0,1
36,3,1,1,4.224,2,45,0,,,보통,,,,,0.88,0,0,0,0,0,0,0,0,0,0,0,0,0,0,0,0,1,0
57,12,0,4,2.709,29,35,1,3,0,보통,0,4,4,3,1.71,1,0,0,0,0,0,0,0,0,0,0,1,0,0,0,0,1,0
44,12,0,1,4.873,5,45,1,4,0,혼잡,0,4,4,3,1.03,1,0,0,0,0,0,0,0,0,0,1,0,0,0,0,0,0,0
18,3,0,5,2.153,5,35,0,,,매우혼잡,,,,,1.46,0,1,0,0,1,0,0,0,0,0,1,1,0,1,0,1,0,0
38,3,0,60,1.078,5,12,1,,,보통,,,,,14.72,0,1,0,0,0,0,1,1,0,0,1,0,0,0,0,0,1,0
32,12,1,32,2.142,7,40,1,,,매우혼잡,,,,,9.77,0,1,0,0,0,1,0,0,1,0,1,1,1,1,1,0,1,1
15,3,0,60,1.186,3,16,0,,,보통,,,,,12.73,0,1,0,0,0,1,0,0,0,0,0,0,0,0,1,0,0,0
28,1,0,58,0.387,0,21,0,,,보통,,,,,3.22,0,1,0,0,0,0,1,1,1,1,0,0,0,0,0,0,0,0
40,12,0,48,0.0,9,9,0,,,여유,,,,,2.07,0,0,0,0,0,0,0,1,0,0,0,1,1,1,0,0,0,0
41,3,0,9,1.998,1,37,0,4,0,여유,0,4,4,4,2.7,1,1,0,0,0,0,0,0,0,0,0,0,0,0,0,0,1,0
29,6,1,2,3.532,11,34,0,,,혼잡,,,,,1.15,0,0,0,0,0,0,0,0,0,0,1,0,1,1,0,0,0,0
63,12,1,1,5.179,36,51,1,,,혼잡,,,,,0.96,0,0,0,0,0,0,0,0,0,0,1,1,1,0,0,0,1,1
25,6,1,3,3.091,15,31,0,3,0,여유,0,3,3,3,1.24,1,0,0,0,0,1,1,0,0,0,0,0,0,0,0,1,0,0
31,3,1,1,4.897,2,72,1,5,0,보통,0,4,5,4,1.04,1,0,0,0,0,0,0,0,0,0,0,0,0,0,0,0,0,0
42,3,0,2,4.423,2,48,1,4,0,매우혼잡,0,4,4,3,1.08,1,0,0,0,1,0,0,0,0,0,1,0,0,0,0,0,0,0
28,3,0,36,0.572,2,0,0,3,0,여유,0,2,2,3,2.95,1,0,0,0,0,0,0,1,0,1,0,0,0,0,0,0,0,0
38,1,0,4,2.448,3,52,1,,,보통,,,,,1.49,0,0,0,0,0,0,0,0,0,0,0,1,0,0,0,0,0,0
27,6,0,14,1.301,3,17,0,3,0,여유,0,3,3,2,2.58,1,1,1,0,0,0,0,0,0,0,0,1,0,1,0,0,1,0
32,3,0,3,2.55,4,30,1,3,0,여유,0,4,5,3,1.17,1,0,0,0,0,0,0,0,0,0,0,0,0,0,0,1,0,0
30,6,1,4,2.772,3,35,0,3,0,보통,0,3,4,2,1.42,1,0,0,0,0,0,1,0,0,0,0,0,0,0,0,0,0,1
27,6,0,4,2.732,15,39,0,,,보통,,,,,1.66,0,0,0,0,0,0,0,1,0,0,0,0,0,0,0,0,0,1
42,3,0,41,0.547,5,20,0,2,0,혼잡,0,2,2,1,3.19,1,0,0,0,1,1,0,0,0,0,1,0,0,1,0,0,1,1
45,12,1,3,3.019,1,30,0,,,혼잡,,,,,1.29,0,0,0,1,0,0,0,0,0,0,0,0,1,0,1,1,0,0
15,12,0,16,2.176,32,46,0,,,혼잡,,,,,4.99,0,1,0,0,0,0,0,0,0,0,1,1,0,0,1,0,0,0
18,12,0,3,2.719,4,42,1,,,여유,,,,,1.09,0,1,0,0,0,0,0,0,0,0,1,0,0,0,1,0,0,1
37,12,0,7,1.731,16,32,0,,,여유,,,,,1.84,0,0,0,0,0,0,0,0,0,0,0,0,0,0,0,0,0,0
15,6,0,2,3.446,6,40,0,3,0,매우혼잡,0,3,3,3,1.21,1,1,0,0,0,0,0,0,0,0,1,1,0,0,0,0,0,0
44,12,1,2,4.181,15,49,0,,,혼잡,,,,,1.09,0,0,0,0,0,0,0,0,0,1,0,0,0,0,1,0,0,0
51,6,0,3,3.777,13,46,0,5,0,여유,0,4,5,5,1.65,1,0,0,0,0,0,0,0,0,1,0,0,0,0,0,0,0,0
16,12,1,2,4.299,20,65,1,,,여유,,,,,0.93,0,0,0,0,0,0,0,0,0,0,0,0,0,0,0,0,0,0
32,1,0,15,1.16,0,42,0,2,0,여유,0,3,2,3,2.51,1,1,0,0,0,0,1,0,0,0,0,0,0,0,0,0,0,0
34,12,0,1,4.721,9,50,1,4,0,혼잡,0,4,5,4,0.97,1,0,0,0,0,0,0,0,0,0,1,0,0,0,0,0,1,1
27,3,0,5,2.269,10,40,0,4,0,보통,0,3,3,4,1.65,1,0,0,0,0,0,0,1,0,0,0,0,0,0,0,0,0,0
20,3,0,4,2.732,5,26,0,,,혼잡,,,,,1.63,0,0,0,0,0,0,0,0,0,0,0,0,0,0,0,1,0,0
30,1,1,14,1.18,2,36,0,,,보통,,,,,2.43,0,1,0,0,0,0,0,0,1,0,0,0,1,0,1,0,0,0
70,12,0,3,3.204,5,48,1,3,0,혼잡,0,3,3,4,1.17,1,0,0,0,0,0,0,0,0,0,0,0,0,0,0,0,0,0
28,12,1,4,5.919,12,78,1,4,0,보통,0,4,5,4,3.03,1,0,0,0,0,0,0,0,0,0,1,0,0,0,0,1,0,0
30,6,0,1,4.398,4,52,0,4,0,매우혼잡,0,3,4,3,0.92,1,0,0,0,0,0,0,0,0,0,1,0,1,1,0,0,0,0
20,1,0,4,2.037,3,34,0,,,매우혼잡,,,,,1.15,0,0,0,0,0,0,0,0,1,0,1,1,0,0,1,0,0,0
32,1,0,60,0.916,4,27,1,,,매우혼잡,,,,,8.1,0,1,0,0,0,0,0,0,0,0,1,0,1,0,0,0,0,0
48,12,0,2,4.332,20,49,0,4,0,혼잡,0,4,4,4,1.1,1,0,0,0,0,0,0,0,0,0,0,0,0,0,0,1,0,0
22,12,0,4,3.52,8,24,0,3,0,보통,0,4,4,3,1.77,1,0,0,0,0,0,0,0,0,0,0,0,0,0,0,0,0,0
34,12,0,3,2.76,36,26,0,,,매우혼잡,,,,,1.28,0,0,0,0,0,0,0,0,0,0,0,0,0,0,0,1,0,0
20,12,1,1,4.875,27,62,1,,,여유,,,,,0.82,0,0,0,0,0,0,0,0,0,0,0,1,0,0,0,0,0,0
35,6,0,4,2.791,6,37,0,,,매우혼잡,,,,,1.66,0,0,0,0,0,1,0,0,0,0,1,0,1,1,0,1,0,0
37,3,0,20,0.938,1,0,0,,,혼잡,,,,,2.72,0,0,0,0,0,0,0,1,0,0,1,1,1,0,0,1,0,0
27,12,1,2,3.702,12,42,1,,,혼잡,,,,,1.04,0,0,0,0,0,0,1,0,0,0,1,1,0,1,0,0,0,0
50,6,0,60,0.255,7,39,0,,,여유,,,,,2.69,0,1,1,0,0,0,0,0,1,0,0,0,0,0,0,0,0,0
32,3,0,3,2.465,1,34,0,3,0,여유,0,3,3,3,1.14,1,1,0,0,1,0,1,0,0,0,0,0,0,0,1,0,0,0
48,12,1,4,3.056,8,31,1,2,0,보통,0,3,4,3,1.62,1,0,0,0,0,0,1,1,1,0,0,0,1,0,0,0,1,0
35,12,0,13,1.693,11,27,1,3,0,보통,0,3,3,2,3.07,1,1,0,0,0,0,0,0,0,0,0,0,0,0,0,0,0,0
22,1,0,60,0.145,1,0,0,3,0,매우혼잡,1,2,3,1,3.16,1,1,0,1,0,0,0,0,0,0,0,1,1,1,0,1,0,0
34,12,0,2,3.891,20,47,0,3,0,보통,0,4,4,3,1.2,1,0,1,0,0,0,0,0,0,0,0,0,0,0,0,0,0,0
23,6,0,5,2.25,0,29,1,,,보통,,,,,1.58,0,1,0,0,0,0,0,0,0,0,0,1,1,1,0,0,0,0
32,12,1,3,2.921,15,28,0,3,0,보통,0,4,3,4,1.23,1,0,0,0,0,0,0,0,0,0,0,0,0,0,0,0,0,0
36,6,0,9,1.809,15,26,0,,,여유,,,,,2.32,0,1,0,0,0,0,0,0,0,0,0,0,0,0,0,0,0,0
29,1,0,3,2.686,1,29,0,3,0,혼잡,0,2,3,3,1.11,1,0,0,0,0,0,0,0,1,1,0,0,1,0,1,0,0,0
54,12,1,3,3.857,7,39,0,4,0,보통,0,4,4,4,1.4,1,0,0,0,0,0,0,0,0,0,1,0,0,0,0,0,0,0
37,3,1,1,4.995,8,58,1,4,0,혼잡,0,4,5,3,0.83,1,0,0,0,0,0,0,0,0,0,1,1,0,0,0,1,0,0
49,12,0,4,2.772,10,46,0,,,여유,,,,,1.5,0,0,0,0,1,0,1,0,0,0,0,0,0,0,0,0,0,0
32,6,0,9,1.994,4,17,0,2,0,보통,0,2,3,2,2.46,1,1,0,1,0,0,0,1,1,1,0,0,0,0,0,0,0,0
37,6,0,13,1.469,8,47,0,3,0,여유,0,3,4,4,2.7,1,0,0,1,0,0,0,0,1,1,1,0,0,0,0,0,0,0
15,6,1,10,3.744,8,35,0,,,여유,,,,,5.35,0,1,0,0,0,0,0,1,1,0,0,0,0,0,0,0,0,0
58,1,1,6,2.007,1,33,0,,,여유,,,,,1.73,0,0,0,0,0,0,0,0,0,0,0,0,0,0,0,0,0,0
28,12,0,4,2.164,5,41,1,3,0,혼잡,1,4,4,1,1.35,1,0,0,0,0,0,0,0,0,0,1,1,1,1,0,1,0,0
28,3,1,2,3.102,2,58,0,,,혼잡,,,,,1.03,0,0,0,0,0,0,0,0,0,0,0,0,0,0,0,0,0,0
37,12,0,6,4.058,17,29,0,5,0,여유,1,5,5,3,3.64,1,0,0,0,0,0,0,0,0,0,0,1,1,0,0,0,1,0
32,12,0,5,2.07,11,40,0,3,0,보통,0,3,3,4,1.58,1,0,0,0,0,0,0,0,0,0,0,0,0,0,0,0,0,0
35,6,1,5,2.668,3,63,0,3,0,보통,0,4,2,3,1.73,1,0,0,0,0,0,0,0,0,0,0,0,0,0,0,0,0,0
17,6,0,1,4.365,6,71,1,4,0,혼잡,0,4,5,3,0.81,1,0,0,0,0,0,0,0,0,0,0,1,0,0,0,0,0,0
24,6,0,3,2.814,3,23,0,3,0,보통,0,4,4,3,1.21,1,1,0,0,0,0,1,0,0,0,0,0,0,0,0,0,0,0
25,12,1,49,1.896,11,16,1,3,0,여유,0,3,3,4,13.2,1,1,0,0,1,0,0,0,0,0,0,0,0,0,0,0,0,0
53,12,0,4,2.856,27,41,0,4,0,여유,0,4,4,3,1.59,1,0,1,0,0,0,0,0,0,0,0,0,0,0,0,0,0,0
30,6,1,4,2.861,15,25,0,4,0,보통,0,3,4,4,1.5,1,0,0,0,0,0,0,1,0,0,0,0,0,0,0,0,1,1
16,6,0,6,2.194,3,43,0,,,보통,,,,,1.78,0,1,0,0,0,0,0,0,1,0,0,0,0,0,0,0,0,0
33,12,0,12,3.008,8,58,0,,,혼잡,,,,,5.37,0,0,0,0,0,0,0,0,0,0,1,1,0,0,0,0,0,0
15,6,0,4,2.371,2,44,0,2,0,보통,0,3,2,2,1.51,1,1,0,0,0,0,0,0,0,0,0,0,1,0,0,0,0,0
31,3,0,7,2.121,6,25,1,3,0,여유,0,2,3,3,2.17,1,0,0,0,0,1,0,0,1,0,0,0,0,0,0,0,0,0
43,3,1,5,2.28,2,56,1,,,보통,,,,,1.54,0,0,0,0,0,0,0,0,0,0,1,1,0,0,0,0,0,0
33,3,1,2,4.566,3,44,0,,,보통,,,,,0.98,0,0,0,0,0,0,0,0,0,0,0,0,0,0,0,0,0,0
55,12,1,1,6.676,16,84,0,4,0,보통,0,5,4,4,0.95,1,0,0,0,0,0,0,0,0,0,0,0,0,0,0,0,0,0
30,3,0,5,2.533,3,36,0,,,보통,,,,,1.72,0,0,1,0,0,0,0,0,0,0,0,1,1,1,0,0,1,0
35,3,0,8,1.729,1,20,1,3,0,혼잡,0,2,2,3,2.06,1,0,0,0,1,1,0,0,0,0,1,0,0,1,1,0,0,0
37,3,0,4,2.527,11,32,0,,,혼잡,,,,,1.6,0,0,0,0,0,0,0,0,0,0,1,0,0,0,0,0,0,0
39,6,0,1,4.768,14,50,1,4,0,보통,0,4,4,4,0.92,1,0,0,0,0,0,0,0,0,0,0,0,0,0,0,1,0,0
51,12,0,2,3.249,4,39,0,,,보통,,,,,1.04,0,0,0,0,0,0,0,0,0,0,0,0,0,0,0,0,1,0
45,3,0,5,2.11,5,30,0,3,0,여유,0,3,3,4,1.48,1,0,1,0,0,0,0,0,0,0,0,0,0,0,0,0,0,0
23,6,0,38,0.598,28,7,0,,,여유,,,,,3.26,0,1,0,0,0,0,0,0,0,0,0,0,0,0,0,0,1,1
24,3,0,4,2.426,8,28,1,,,여유,,,,,1.47,0,0,0,0,0,0,0,0,0,0,1,0,0,0,0,0,0,0
37,12,0,4,2.784,14,40,0,,,여유,,,,,1.64,0,0,1,0,0,0,1,0,0,1,0,1,0,0,0,0,0,0
60,6,0,36,0.397,3,16,0,2,0,보통,0,3,2,2,2.07,1,1,0,0,1,0,0,0,0,0,0,0,0,0,0,0,0,0
30,3,0,11,1.791,4,28,1,2,0,혼잡,0,1,2,3,2.69,1,0,0,0,0,0,1,1,0,0,0,0,1,0,1,0,0,0
24,12,1,4,2.549,6,24,0,2,0,혼잡,0,3,4,2,1.61,1,0,0,0,0,0,0,0,0,0,0,1,1,0,0,0,0,0
21,3,0,4,2.397,0,34,0,,,혼잡,,,,,1.46,0,0,0,0,0,0,0,0,0,0,1,0,0,0,0,0,0,0
21,6,0,4,3.378,5,36,1,,,매우혼잡,,,,,1.74,0,0,0,0,0,0,0,1,0,1,1,1,0,0,0,0,1,0
31,6,0,17,0.845,1,12,0,3,0,여유,0,4,3,3,2.06,1,1,0,0,1,0,0,1,0,0,0,0,0,0,0,0,0,0
34,3,0,2,4.247,5,54,1,4,0,매우혼잡,0,3,4,4,0.94,1,0,0,0,0,0,0,0,0,1,0,0,0,0,0,1,0,0
47,12,1,1,4.798,3,47,0,,,보통,,,,,0.99,0,0,0,0,0,0,0,1,0,0,0,0,0,0,0,0,0,0
51,12,1,3,3.552,14,57,1,,,보통,,,,,1.32,0,0,0,0,0,0,0,1,0,0,0,0,0,0,0,0,0,0
51,3,0,3,2.951,0,27,0,4,0,혼잡,0,3,2,3,1.32,1,0,1,1,0,0,0,1,0,0,0,0,0,0,0,0,0,0
28,6,0,15,1.32,4,16,0,,,보통,,,,,2.9,0,1,0,0,0,0,0,1,0,1,1,0,0,0,1,0,1,0
39,1,1,2,3.449,1,54,1,3,0,혼잡,0,3,3,3,1.13,1,0,0,0,0,0,0,0,0,0,0,0,0,0,1,0,0,0
57,6,0,5,2.445,25,44,0,,,보통,,,,,1.8,0,0,0,1,0,0,0,1,0,0,0,0,0,0,0,0,0,0
58,12,0,2,4.869,11,62,0,4,0,혼잡,0,4,4,3,1.07,1,0,0,0,0,0,0,0,0,0,0,0,0,0,0,0,0,0
38,6,0,3,3.821,24,29,1,,,여유,,,,,1.55,0,0,0,0,0,0,0,0,0,0,1,1,0,0,0,1,1,0
27,12,0,33,0.591,7,27,0,,,여유,,,,,2.75,0,0,0,0,0,0,0,0,0,0,0,0,1,0,0,0,0,0
44,6,1,4,2.011,10,23,0,2,0,혼잡,0,3,3,3,1.28,1,1,0,0,0,0,0,0,0,0,0,1,0,0,1,1,1,0
40,1,0,44,0.321,2,13,0,3,0,여유,0,2,3,3,2.04,1,1,0,0,0,0,0,1,1,1,0,0,0,0,0,1,0,0
29,12,1,3,3.054,32,27,1,3,0,보통,0,2,4,3,1.25,1,0,0,0,0,0,1,1,0,0,0,1,0,0,0,0,0,1
46,6,0,3,3.009,7,22,0,3,0,보통,0,3,3,4,1.42,1,0,0,0,0,0,0,0,0,0,0,0,0,1,0,0,0,0
24,3,0,41,0.499,2,5,0,2,0,여유,0,2,2,2,2.94,1,1,0,0,0,0,0,0,0,1,1,0,0,0,0,0,0,1
41,6,1,3,2.75,7,35,0,3,0,여유,0,3,3,3,1.22,1,0,0,0,0,0,1,0,0,0,0,0,0,0,0,0,0,0
39,1,0,9,1.826,2,28,0,,,혼잡,,,,,2.47,0,1,0,0,0,0,0,0,1,1,0,0,0,0,0,0,0,0
26,6,0,22,0.667,7,9,0,,,보통,,,,,2.08,0,0,0,0,0,0,0,0,0,0,0,0,0,1,0,0,0,0
30,3,1,1,5.513,11,63,1,5,0,여유,0,4,5,5,0.84,1,0,0,0,0,0,0,0,0,0,0,0,0,0,0,0,0,0
38,1,0,24,0.916,4,11,0,3,0,여유,0,3,2,3,3.1,1,0,1,1,0,1,0,0,0,0,0,0,0,0,0,0,0,0
25,3,1,3,3.589,15,51,0,3,0,보통,0,3,3,5,1.7,1,0,0,0,1,1,0,0,0,0,0,0,0,0,0,0,0,0
26,12,0,4,2.987,6,43,1,3,0,보통,0,4,4,3,1.67,1,0,0,0,0,0,0,0,0,0,0,0,1,0,0,0,1,0
63,12,0,2,4.285,36,59,0,4,0,여유,0,4,4,4,0.93,1,0,0,1,0,1,0,0,0,0,0,0,0,1,0,0,0,0
29,3,0,5,2.364,3,18,0,,,여유,,,,,1.76,0,1,1,0,0,0,0,0,0,1,0,1,0,0,0,0,0,0
39,12,1,3,3.645,19,35,0,3,0,매우혼잡,0,2,3,2,1.52,1,0,0,0,0,0,1,0,0,1,0,0,1,0,1,0,0,0
37,3,1,1,4.431,2,61,1,5,0,여유,0,5,5,4,0.93,1,0,0,0,0,0,0,0,0,0,0,0,0,0,0,0,0,0
34,6,0,4,2.366,3,42,0,4,0,여유,0,3,3,3,1.24,1,0,1,0,0,0,0,0,0,0,0,0,0,0,0,0,0,0
38,12,0,12,1.645,1,16,1,3,0,보통,1,2,2,2,2.81,1,1,0,0,0,0,1,0,0,0,1,1,0,0,1,0,0,0
54,6,0,9,1.264,5,18,1,3,0,보통,0,5,3,3,1.6,1,0,0,0,0,0,0,0,0,0,0,0,0,0,0,0,1,0
41,12,0,3,3.391,3,20,1,,,매우혼잡,,,,,1.24,0,1,0,0,0,0,0,0,0,0,1,1,0,1,0,0,0,1
29,3,0,60,1.334,0,18,0,,,보통,,,,,11.44,0,1,0,0,0,0,0,0,0,0,0,0,0,0,1,0,0,0
42,6,0,60,0.242,1,5,1,2,0,매우혼잡,1,1,1,1,11.55,1,1,0,1,1,0,1,0,0,1,1,1,0,1,0,0,0,1
36,3,1,39,0.456,1,12,0,2,1,보통,0,4,3,4,2.56,1,1,0,0,0,0,0,0,0,0,0,0,0,0,0,0,0,1
33,3,0,4,2.63,2,8,0,,,혼잡,,,,,1.43,0,0,0,0,0,0,0,0,0,0,1,0,0,0,0,0,0,0
37,12,0,4,2.719,11,51,0,3,0,혼잡,0,5,3,3,1.38,1,0,0,0,0,1,0,0,0,0,1,1,0,1,0,1,1,1
42,12,0,6,2.168,7,44,0,4,0,보통,0,3,3,4,1.74,1,0,0,0,0,0,1,1,0,0,1,0,0,0,0,0,0,0
42,1,0,52,0.0,2,0,0,,,여유,,,,,2.24,0,1,0,0,0,0,0,0,0,0,1,0,0,0,1,0,1,1
35,3,0,32,0.716,7,14,1,,,혼잡,,,,,3.27,0,1,0,0,1,0,0,0,0,1,1,1,1,1,0,0,0,0
40,6,0,3,2.91,3,25,0,,,혼잡,,,,,1.08,0,0,0,1,0,0,0,0,0,0,1,0,1,0,0,0,0,0
50,6,0,1,4.303,16,48,0,4,0,보통,0,4,4,4,0.85,1,0,0,0,1,0,0,0,0,0,0,0,1,0,0,0,1,0
22,3,0,2,4.849,4,65,0,4,0,여유,0,4,4,4,1.09,1,0,0,0,0,0,0,0,0,0,0,0,0,0,0,0,0,0
25,6,0,3,2.403,4,53,1,,,혼잡,,,,,1.08,0,0,0,0,0,0,0,0,0,0,1,1,1,1,0,0,0,0
58,6,1,3,3.877,10,46,0,,,매우혼잡,,,,,1.45,0,0,0,0,0,0,0,0,0,0,1,1,1,0,0,0,0,0
26,1,1,6,1.987,1,41,0,2,0,혼잡,0,3,3,3,1.77,1,0,0,0,0,0,0,0,1,0,0,0,1,0,1,0,0,0
29,6,0,11,1.51,7,19,0,4,0,보통,0,3,3,3,2.33,1,1,0,0,0,0,0,0,0,0,0,1,1,0,0,0,0,0
34,12,0,1,5.741,9,66,1,3,0,매우혼잡,0,4,4,5,0.97,1,0,0,1,0,0,0,0,0,0,0,1,0,0,0,0,1,0
25,12,0,60,0.19,15,18,0,3,0,여유,0,3,2,2,2.69,1,1,0,1,0,0,0,0,0,0,0,0,0,1,0,0,0,0
40,6,0,3,2.662,30,51,0,4,0,매우혼잡,0,3,3,3,1.08,1,0,0,0,0,0,0,0,0,0,0,1,1,1,0,1,0,0
59,3,1,1,4.658,10,45,0,,,보통,,,,,0.98,0,0,0,0,0,0,0,0,0,0,1,0,0,1,0,0,1,0
55,6,0,55,0.0,11,8,0,2,0,혼잡,0,1,2,1,2.34,1,1,1,0,0,1,0,0,1,0,0,0,0,1,0,1,1,0
34,12,1,3,3.007,4,43,0,,,혼잡,,,,,1.39,0,0,0,0,0,0,0,0,0,0,1,1,0,0,0,0,0,1
23,6,1,1,4.339,35,41,0,,,혼잡,,,,,0.88,0,0,0,0,0,0,0,0,0,0,0,0,0,0,0,0,0,0
15,12,0,1,5.225,23,69,1,3,0,혼잡,0,4,5,3,0.92,1,0,0,0,0,0,0,0,0,0,1,0,0,0,0,0,0,0
40,3,0,1,4.728,3,63,0,5,0,여유,0,4,4,5,0.8,1,0,0,0,0,0,0,0,0,0,0,0,0,0,0,0,0,0
28,6,1,1,4.38,5,54,0,4,0,혼잡,0,4,5,4,0.91,1,0,0,0,0,0,0,0,0,0,1,0,0,0,0,0,0,0
15,6,0,16,3.346,2,17,1,,,혼잡,,,,,7.57,0,0,0,0,0,0,0,0,1,0,1,0,0,0,1,1,0,0
22,12,0,6,1.71,2,28,0,3,0,여유,0,3,3,4,1.56,1,1,0,0,0,0,0,0,0,0,0,0,0,0,0,0,0,0
19,6,1,1,5.057,7,75,1,,,보통,,,,,1.01,0,0,0,0,0,0,0,0,0,0,0,0,1,0,0,0,0,0
49,6,0,2,3.742,1,57,0,4,0,보통,0,4,3,4,1.0,1,0,0,0,0,0,0,0,0,0,0,0,1,0,0,0,0,0
21,12,1,5,2.2,1,35,0,,,여유,,,,,1.57,0,0,0,0,0,0,0,0,0,1,0,0,0,0,1,0,0,0
44,6,0,2,4.126,16,50,0,,,혼잡,,,,,0.93,0,0,0,0,0,1,0,0,0,0,0,0,0,0,0,0,0,0
36,3,0,8,1.856,2,20,0,3,0,보통,0,4,4,3,2.04,1,1,0,0,0,0,0,0,0,0,0,0,0,0,1,0,0,0
29,12,0,60,0.082,14,0,0,,,보통,,,,,15.1,0,1,0,0,0,0,0,0,0,0,0,0,0,0,0,0,0,1
57,1,1,30,0.729,1,35,0,2,0,혼잡,1,2,2,1,3.13,1,1,0,0,0,1,1,1,1,0,1,1,1,1,0,0,0,1
15,6,1,3,3.378,2,26,0,3,0,혼잡,0,3,2,2,1.28,1,1,0,0,0,0,0,0,0,0,1,0,1,1,0,0,0,0
51,12,0,8,1.977,3,34,0,,,혼잡,,,,,2.27,0,1,0,0,0,0,0,1,1,0,1,0,0,0,0,0,0,0
15,12,0,35,0.402,4,24,0,,,보통,,,,,2.01,0,1,0,0,0,0,0,0,0,0,0,0,0,0,0,0,0,0
18,3,0,4,2.603,3,44,0,,,혼잡,,,,,1.64,0,0,0,0,0,0,0,0,0,1,1,1,1,0,0,0,0,0
37,12,1,18,0.878,3,26,0,,,보통,,,,,2.32,0,0,1,0,0,0,0,0,1,0,1,0,1,1,0,0,0,0
18,6,1,9,2.676,17,38,1,,,여유,,,,,3.44,0,0,0,0,0,0,0,0,0,0,1,0,0,0,0,0,0,0
26,3,0,1,4.144,4,63,1,4,0,매우혼잡,0,3,4,3,0.84,1,0,0,0,0,0,0,0,1,0,1,0,0,0,1,0,0,1
63,6,1,3,3.677,11,53,1,,,보통,,,,,1.36,0,0,0,0,0,0,0,0,0,0,0,1,0,0,0,1,0,0
31,6,0,2,4.548,26,68,1,,,보통,,,,,1.05,0,0,0,0,1,0,0,0,0,1,0,0,0,0,0,0,0,1
45,6,1,1,5.516,4,64,1,4,0,보통,1,4,5,3,0.92,1,0,0,0,0,0,0,0,0,0,0,0,1,0,0,0,0,0
35,1,0,17,0.986,0,24,0,3,0,보통,0,2,2,2,2.34,1,0,1,0,0,1,0,1,0,1,1,1,0,0,0,0,0,0
33,1,0,8,3.566,1,60,0,4,0,보통,0,4,5,4,3.87,1,0,0,0,0,0,0,0,0,0,0,0,0,0,0,0,0,0
26,6,0,18,1.082,6,11,0,3,0,혼잡,0,2,2,2,2.73,1,0,0,0,0,0,0,0,0,0,1,1,1,0,0,0,0,0
23,3,0,3,3.168,3,44,0,,,매우혼잡,,,,,1.3,0,0,0,0,0,0,0,0,0,0,1,0,0,0,0,0,0,1
26,6,0,16,1.243,7,6,0,3,0,보통,0,2,3,2,2.9,1,0,1,0,0,0,0,0,1,0,0,0,0,0,0,0,0,1
15,6,0,7,1.853,4,27,0,4,0,보통,1,2,3,2,1.96,1,1,0,1,0,0,1,1,0,0,0,0,1,0,0,0,0,0
45,6,1,4,2.607,1,47,0,,,혼잡,,,,,1.39,0,0,0,0,0,0,0,0,0,0,0,0,0,1,0,1,0,0
27,6,0,12,1.231,20,49,0,3,0,보통,0,3,3,4,2.19,1,0,0,0,0,0,0,0,0,0,0,0,0,0,0,0,0,0
20,12,0,3,2.919,7,51,0,,,여유,,,,,1.16,0,1,0,0,0,0,0,0,0,0,0,0,0,0,0,0,0,0
20,12,0,11,1.775,36,12,0,,,보통,,,,,2.74,0,0,1,1,0,0,0,1,0,0,0,0,1,0,0,0,0,0
25,3,0,2,3.2,3,27,1,,,보통,,,,,1.14,0,0,0,0,0,0,0,0,0,0,0,0,0,0,0,0,0,0
22,6,0,3,3.7,3,66,0,4,0,보통,0,4,3,3,1.58,1,0,0,1,1,0,0,0,0,0,0,0,0,0,0,1,0,0
62,12,1,2,4.34,18,51,1,,,혼잡,,,,,0.93,0,0,0,0,0,0,0,0,0,0,0,0,1,0,0,0,0,0
38,3,0,60,0.498,4,25,0,2,1,보통,0,3,2,3,6.74,1,1,0,0,0,0,0,0,0,0,0,0,0,0,1,1,1,1
43,12,1,13,1.553,17,15,0,3,0,혼잡,0,2,2,2,2.97,1,0,0,1,1,0,0,1,0,0,1,0,0,0,1,0,0,0
36,6,1,3,3.152,4,40,1,,,보통,,,,,1.27,0,0,0,1,0,0,0,0,0,0,0,0,0,0,0,0,1,0
27,6,0,25,0.639,11,9,0,3,0,여유,0,3,3,3,2.27,1,0,0,0,0,0,0,0,0,0,1,0,0,1,0,0,0,0
24,12,1,4,2.659,18,48,0,3,0,매우혼잡,0,3,2,3,1.54,1,0,0,0,0,0,0,0,0,1,0,1,0,0,1,0,1,0
30,6,1,1,5.561,19,66,1,4,0,보통,0,4,5,4,0.84,1,0,0,0,0,0,0,0,0,0,0,0,0,0,0,0,0,0
28,12,0,5,2.434,32,31,0,3,0,보통,0,3,4,4,1.68,1,0,0,0,0,0,0,0,0,0,0,0,0,0,1,1,1,0
18,1,0,50,0.402,3,24,0,2,0,혼잡,0,2,2,3,2.85,1,1,0,0,0,0,0,1,0,0,1,0,0,0,1,0,0,0
38,6,0,37,0.484,2,4,0,1,0,보통,0,2,2,1,2.53,1,1,0,1,0,0,1,1,1,0,0,1,0,0,0,1,0,0
52,12,0,2,3.771,4,41,1,,,보통,,,,,1.12,0,0,0,0,0,0,0,0,0,1,0,0,0,0,0,0,0,0
33,12,1,4,2.851,21,35,0,3,0,혼잡,0,3,3,3,1.62,1,0,0,0,0,0,0,0,0,0,0,0,1,0,0,1,0,0
21,6,0,12,1.571,9,25,1,,,혼잡,,,,,2.79,0,1,0,0,0,0,0,0,0,1,0,0,1,0,0,1,0,0
15,1,1,7,1.704,4,37,0,,,여유,,,,,1.68,0,1,0,0,0,0,0,0,0,0,0,1,0,1,1,0,1,0
28,12,0,38,0.468,18,16,0,,,보통,,,,,2.51,0,1,1,0,0,0,0,0,0,1,0,0,0,0,1,0,0,0
20,6,0,3,2.326,9,25,0,,,혼잡,,,,,1.07,0,0,0,0,0,1,0,0,0,0,1,0,0,0,0,1,0,0
41,6,0,60,0.979,13,9,0,3,0,매우혼잡,1,2,3,1,9.7,1,1,0,1,0,0,1,0,0,0,1,1,0,0,0,0,0,1
15,6,1,1,5.028,9,45,1,3,0,혼잡,0,4,5,3,0.87,1,0,1,0,0,0,0,0,0,0,0,0,0,0,0,0,0,0
37,12,1,4,3.213,11,33,0,,,혼잡,,,,,1.63,0,0,0,0,0,0,0,1,0,0,0,0,0,0,0,0,1,0
48,1,0,23,0.717,1,17,0,3,0,보통,0,2,3,2,2.39,1,0,1,0,0,0,1,1,0,1,1,0,0,0,0,0,0,0
59,1,0,3,3.619,3,38,0,,,여유,,,,,1.66,0,0,0,0,0,0,0,0,0,0,1,0,0,0,1,1,0,1
41,3,0,14,1.267,7,37,1,3,0,보통,0,2,3,2,2.61,1,0,0,1,0,0,0,0,0,0,0,0,0,0,0,0,0,0
36,6,1,5,2.012,10,30,0,3,0,보통,0,3,4,2,1.45,1,1,0,0,0,0,0,0,0,1,1,0,0,0,0,0,0,0
36,6,0,4,2.276,6,24,0,4,0,혼잡,0,2,4,4,1.42,1,0,0,0,0,0,1,0,0,0,1,0,0,1,0,0,1,0
50,6,0,13,1.739,2,28,0,2,0,보통,0,2,2,3,3.15,1,1,0,1,0,0,1,0,0,0,1,1,0,0,0,0,0,0
31,12,0,4,2.905,16,53,1,,,보통,,,,,1.65,0,0,1,0,0,0,0,1,0,0,0,0,0,0,0,1,0,0
15,6,1,4,3.264,8,30,0,,,여유,,,,,1.77,0,0,0,0,0,0,0,0,0,0,0,0,0,0,0,0,0,0
49,6,0,3,3.925,7,60,0,4,0,보통,0,4,4,4,1.74,1,0,0,0,0,0,0,0,0,0,0,0,0,0,0,0,0,0
15,12,1,3,3.995,8,35,1,3,0,보통,0,3,4,2,1.64,1,0,0,0,0,0,0,0,0,0,1,0,0,0,0,0,0,0
40,12,0,4,2.798,29,50,1,5,0,여유,0,3,4,4,1.48,1,0,0,0,0,0,1,0,0,0,0,0,0,0,0,0,0,0
28,6,1,1,5.932,5,76,1,3,0,여유,0,4,4,4,0.81,1,0,0,0,0,0,0,0,0,0,0,0,0,0,1,0,0,0
33,6,0,1,4.508,7,63,0,,,보통,,,,,0.94,0,0,0,0,0,0,0,1,0,0,0,1,0,0,0,0,0,0
24,6,1,6,2.035,5,37,1,,,여유,,,,,1.73,0,0,0,1,0,0,0,0,0,0,0,0,0,0,0,0,0,1
20,12,0,1,5.294,8,61,1,,,혼잡,,,,,0.82,0,0,0,0,0,0,0,0,0,0,0,0,0,0,0,0,0,0
40,6,0,27,0.739,17,18,1,3,0,여유,0,2,2,2,2.87,1,1,0,1,0,0,0,0,0,0,0,0,0,1,0,0,0,0
37,3,0,1,5.76,3,83,1,,,매우혼잡,,,,,0.95,0,0,0,0,0,0,0,0,0,0,0,1,0,1,0,0,0,0
41,12,1,7,5.186,16,70,1,4,0,여유,0,4,5,4,5.44,1,0,0,0,0,0,0,0,0,0,0,0,0,0,0,0,0,0
15,6,0,60,0.876,2,14,0,3,0,보통,0,3,2,2,8.07,1,1,1,0,0,1,0,0,0,0,0,1,0,1,0,0,0,0
37,6,1,3,2.538,3,31,0,3,0,보통,0,4,3,3,1.11,1,0,0,0,0,0,0,0,0,0,0,1,0,0,0,1,1,0
28,6,0,4,2.624,5,10,1,3,0,혼잡,0,3,3,2,1.66,1,0,0,0,1,0,0,0,0,0,1,0,0,0,1,1,0,0
37,1,0,8,1.498,6,41,0,2,0,혼잡,0,1,2,2,1.73,1,1,0,0,0,0,1,1,1,1,0,0,0,0,0,1,0,0
45,12,0,5,2.091,18,15,0,3,0,혼잡,0,4,2,3,1.43,1,0,0,0,0,0,0,0,0,0,1,0,0,1,0,0,0,1
32,12,0,22,0.863,10,17,0,2,0,보통,1,2,2,2,2.73,1,1,1,0,1,1,0,0,0,0,1,0,0,0,1,0,0,0
38,3,1,2,3.155,2,43,1,,,혼잡,,,,,1.05,0,0,0,0,0,0,0,0,0,0,1,0,1,0,0,0,0,1
29,6,0,14,1.166,4,18,0,2,0,보통,0,3,2,3,2.25,1,1,0,1,0,1,0,0,0,1,0,0,1,1,0,0,0,1
22,1,0,41,0.511,1,16,0,2,0,보통,0,2,3,2,2.99,1,1,0,0,0,0,1,0,0,1,1,0,0,0,0,0,0,1
28,12,0,2,4.715,33,67,1,,,여유,,,,,1.08,0,0,0,0,0,0,0,0,0,0,0,0,0,0,0,0,0,0
23,12,0,18,1.128,10,13,0,,,보통,,,,,2.96,0,1,0,1,0,0,0,0,0,1,0,0,0,0,0,0,0,0
43,12,1,2,4.011,36,74,0,,,매우혼잡,,,,,0.88,0,0,0,0,0,0,0,0,0,0,1,0,1,0,0,0,0,0
33,12,1,1,5.717,6,47,1,3,0,보통,0,4,4,4,1.01,1,0,0,0,0,0,0,0,0,0,0,0,0,0,0,0,0,0
15,12,1,5,4.486,21,57,1,,,매우혼잡,,,,,3.15,0,0,0,0,0,0,0,0,0,0,1,1,0,1,0,0,1,0
42,12,0,3,2.206,14,29,0,2,1,보통,0,3,3,3,1.01,1,1,0,0,0,1,0,0,0,0,0,0,0,0,0,0,0,0
20,6,0,15,1.483,6,14,1,,,보통,,,,,3.16,0,0,0,1,0,0,0,0,0,0,0,0,0,0,0,0,0,0
42,3,1,4,2.646,1,41,1,,,여유,,,,,1.53,0,0,0,0,0,0,0,0,0,0,0,0,1,0,0,0,0,1
21,6,0,11,1.057,11,28,1,4,0,매우혼잡,0,4,4,3,1.69,1,0,0,0,0,0,0,0,0,0,1,1,0,0,1,1,0,0
33,12,0,2,4.218,12,63,0,4,0,혼잡,0,4,4,3,1.03,1,0,0,0,0,0,0,0,0,0,1,0,0,0,0,0,0,0
54,3,0,3,3.286,6,50,0,,,혼잡,,,,,1.53,0,0,0,0,0,0,0,1,0,0,1,1,0,0,0,0,0,0
46,12,1,2,4.772,22,66,0,,,보통,,,,,1.06,0,0,0,0,0,0,0,0,0,0,0,0,0,1,0,0,0,0
34,12,0,4,2.918,18,41,0,3,0,보통,0,4,3,3,1.73,1,0,0,0,0,0,0,0,0,0,0,0,0,0,0,0,0,0
38,12,0,36,1.525,7,27,0,,,혼잡,,,,,7.75,0,0,0,1,0,0,0,0,0,0,0,1,1,0,0,0,0,1
28,3,1,5,2.331,1,42,0,4,0,여유,0,4,3,3,1.58,1,0,0,0,0,0,0,0,0,0,0,0,0,0,0,0,0,0
28,6,1,18,0.843,15,27,0,2,0,여유,0,3,3,3,2.11,1,0,0,0,0,0,0,0,0,0,0,0,0,0,0,0,1,0
23,6,1,1,5.413,2,74,1,3,0,매우혼잡,0,4,4,3,1.05,1,0,0,0,0,0,0,0,0,0,0,1,0,1,0,1,0,0
34,12,0,2,4.119,12,77,0,4,0,여유,0,5,5,4,1.01,1,0,0,0,0,0,0,0,0,0,0,0,0,1,0,0,0,0
24,12,0,27,0.554,7,8,0,3,0,여유,0,2,3,3,2.11,1,0,0,1,0,0,0,0,0,0,0,1,0,0,0,0,0,0
41,1,0,17,0.855,3,5,0,2,0,보통,0,2,3,2,2.12,1,1,0,0,0,0,1,1,0,0,0,1,0,0,0,0,0,0
19,3,0,21,0.774,8,23,0,3,1,여유,0,3,3,3,2.35,1,1,0,0,0,0,0,0,0,0,0,0,0,0,0,0,0,1
23,12,1,1,4.595,13,65,1,,,혼잡,,,,,0.93,0,0,0,0,0,0,0,1,0,0,0,1,1,1,0,0,0,0
19,12,1,2,3.949,12,52,1,2,0,매우혼잡,0,2,4,3,1.39,1,0,0,0,0,0,0,0,0,1,1,0,0,1,0,1,0,0
22,6,0,4,3.308,2,52,0,,,혼잡,,,,,1.7,0,1,0,0,0,0,0,0,0,0,0,1,0,0,0,1,0,0
40,6,1,4,3.146,18,46,0,3,0,매우혼잡,0,2,1,2,1.78,1,0,0,0,1,0,0,0,0,0,1,0,0,1,0,0,1,1
44,12,0,3,2.122,35,18,0,4,0,보통,0,4,3,4,1.04,1,0,0,0,0,1,0,0,0,0,0,0,0,0,0,0,0,0
28,12,1,2,3.8,19,72,0,4,0,혼잡,0,4,4,4,1.15,1,0,0,0,0,0,0,0,0,0,0,0,1,0,0,0,0,0
33,12,0,40,0.394,4,21,0,,,여유,,,,,2.27,0,1,0,1,0,0,0,1,0,0,1,0,0,1,0,0,0,0
19,12,0,48,0.0,8,4,0,,,혼잡,,,,,2.05,0,1,0,0,0,0,0,0,0,1,1,1,1,0,1,0,0,0
30,3,0,19,1.008,10,4,0,3,0,여유,0,2,3,3,2.77,1,1,0,0,0,1,1,0,0,0,0,0,0,0,0,0,0,0
29,6,1,11,3.256,1,33,0,3,0,혼잡,0,3,2,3,4.9,1,1,0,1,0,0,0,0,0,0,1,0,0,0,0,0,0,0
30,12,0,17,0.917,4,29,0,,,여유,,,,,2.17,0,0,0,0,0,0,0,0,0,0,1,0,0,0,1,0,1,1
36,3,1,4,2.906,1,28,0,,,보통,,,,,1.6,0,0,0,0,0,0,1,0,1,0,1,0,0,0,0,0,0,0
34,12,1,3,3.766,19,36,1,,,매우혼잡,,,,,1.75,0,0,0,0,0,0,0,0,0,0,0,0,1,0,0,0,0,0
26,3,0,42,0.407,6,10,0,2,0,혼잡,0,2,3,2,2.42,1,0,0,0,0,0,0,0,1,0,1,1,0,0,0,0,1,0
29,6,0,4,3.405,5,40,0,4,0,매우혼잡,0,5,3,4,1.76,1,0,0,0,0,1,0,0,0,0,1,0,0,0,0,0,0,0
15,12,0,5,2.063,2,19,0,3,0,여유,0,2,4,4,1.56,1,1,0,0,0,0,1,0,0,0,0,0,0,0,0,0,0,0
61,12,0,11,1.661,4,9,0,2,0,보통,0,3,3,2,2.67,1,1,0,1,0,0,0,0,0,0,0,1,0,0,1,0,1,1
55,6,0,20,0.81,3,12,0,,,보통,,,,,2.33,0,1,0,0,0,0,0,0,0,0,0,1,0,0,0,0,0,0
24,3,1,12,0.945,4,17,0,3,0,보통,0,4,4,3,1.58,1,1,0,0,0,0,0,0,0,0,0,0,0,0,0,0,0,0
40,12,0,1,4.73,6,70,1,,,혼잡,,,,,0.88,0,0,0,0,0,0,0,0,0,0,0,0,0,0,0,0,0,0
43,12,0,7,1.93,23,21,0,3,0,여유,0,3,3,3,1.83,1,0,0,0,0,0,0,0,0,0,0,0,0,0,0,1,0,1
17,1,1,1,5.748,1,66,0,4,0,혼잡,0,4,5,4,0.97,1,0,0,0,0,0,0,0,0,0,1,0,0,0,0,0,0,0
40,12,1,5,2.074,23,34,0,4,0,혼잡,0,4,2,4,1.59,1,0,1,0,0,0,0,0,0,0,0,0,0,0,0,0,0,0
49,1,0,4,2.913,6,44,0,5,0,여유,0,3,5,4,1.74,1,0,0,0,0,0,0,0,0,0,0,0,0,0,0,0,0,0
43,3,0,9,1.604,2,43,0,3,0,보통,0,4,3,3,2.11,1,0,0,0,0,0,0,0,0,0,0,1,0,0,0,0,1,0
29,12,1,2,3.279,5,30,0,3,0,보통,0,2,3,2,1.12,1,0,0,0,0,0,0,0,0,0,1,0,0,0,0,0,0,0
36,1,0,40,0.464,2,24,0,,,혼잡,,,,,2.63,0,1,0,0,1,0,0,0,1,0,1,0,0,0,0,0,0,0
35,3,0,3,2.557,11,57,1,,,혼잡,,,,,1.01,0,0,0,0,0,0,0,0,0,0,0,0,0,0,1,0,0,0
49,6,0,5,2.51,9,37,0,5,0,여유,0,4,4,5,1.75,1,1,0,0,0,0,0,0,0,0,0,0,0,0,0,0,0,0
26,3,0,22,1.016,2,22,0,,,보통,,,,,3.25,0,0,0,0,1,0,0,1,0,0,0,1,0,0,1,0,1,0
26,3,0,3,3.665,20,49,0,4,0,보통,0,4,4,4,1.44,1,0,0,1,0,0,0,0,0,0,0,0,0,0,0,0,0,0
43,3,1,6,1.947,3,24,0,3,0,보통,0,3,4,3,1.76,1,0,0,0,0,0,0,0,0,0,0,0,0,0,0,0,1,0
22,6,1,4,2.9,10,34,0,,,보통,,,,,1.49,0,0,0,0,0,0,0,0,0,0,0,0,0,0,0,0,0,0
30,6,0,2,4.025,24,52,1,4,0,보통,0,4,5,4,0.89,1,0,0,0,0,0,0,0,0,0,0,0,0,0,0,1,0,0
40,12,0,3,3.116,23,59,0,,,보통,,,,,1.39,0,0,0,0,0,0,1,0,0,0,0,0,1,0,0,0,0,1
30,3,0,2,4.149,9,51,0,4,0,보통,0,5,4,4,1.06,1,0,0,0,0,0,0,0,0,0,0,0,0,0,0,0,0,0
23,6,0,4,2.601,6,36,0,,,매우혼잡,,,,,1.48,0,1,0,0,0,0,0,0,0,0,1,1,1,1,0,0,0,0
27,6,0,25,0.873,12,6,0,2,0,혼잡,0,3,3,1,3.08,1,1,0,0,0,0,0,0,0,0,1,1,0,1,1,0,0,0
34,1,0,4,2.486,2,23,0,2,0,매우혼잡,0,3,3,3,1.46,1,1,0,0,0,0,0,0,1,1,1,0,1,0,1,0,0,0
29,12,1,1,5.323,10,56,0,,,보통,,,,,0.91,0,0,0,0,0,0,0,0,0,0,0,0,0,0,0,0,0,0
50,1,0,60,0.317,0,18,0,,,혼잡,,,,,2.93,0,1,0,0,0,0,1,1,0,0,1,0,0,0,1,0,0,1
39,1,1,10,1.922,3,30,0,,,매우혼잡,,,,,2.78,0,0,0,0,1,0,0,1,0,0,0,0,0,0,1,0,0,0
15,12,0,1,5.64,15,57,1,3,0,보통,0,4,5,3,1.08,1,0,0,0,0,0,0,0,1,0,0,0,0,0,0,0,0,0
37,12,1,11,2.929,31,48,0,4,0,혼잡,0,3,3,4,4.76,1,1,0,0,0,0,0,0,0,0,1,0,0,0,1,0,0,0
37,6,1,14,3.88,4,41,1,4,0,여유,0,3,3,4,7.49,1,0,0,0,0,0,1,0,0,0,0,0,0,0,0,0,0,0
40,12,1,3,3.957,20,64,1,,,혼잡,,,,,1.66,0,0,1,0,0,0,0,0,0,0,0,0,0,0,0,1,0,0
30,12,1,2,4.095,16,32,1,4,0,보통,0,3,3,3,1.02,1,0,0,0,1,0,0,0,0,0,0,0,0,0,0,1,0,0
29,12,0,4,2.883,1,47,0,3,0,여유,0,3,3,4,1.68,1,0,0,0,0,0,0,0,0,0,0,0,0,0,0,0,0,0
18,12,0,4,3.078,3,26,0,4,0,보통,0,3,2,3,1.69,1,0,0,0,0,0,0,0,0,0,1,0,0,0,0,0,0,0
15,3,1,10,1.592,3,22,0,,,보통,,,,,2.19,0,0,0,1,1,0,0,0,0,0,0,0,0,0,0,0,0,1
38,6,1,3,2.482,10,28,0,,,혼잡,,,,,1.08,0,0,0,0,0,0,0,0,0,0,1,1,0,0,0,1,1,0
36,12,0,13,1.505,17,14,0,,,매우혼잡,,,,,2.78,0,1,0,0,0,0,0,0,1,0,1,1,1,1,0,1,0,0
24,12,1,3,2.915,19,36,1,,,여유,,,,,1.31,0,0,0,0,0,0,0,0,0,0,0,0,0,0,1,0,0,0
28,6,0,57,0.21,2,1,0,,,혼잡,,,,,2.43,0,1,0,0,0,1,1,0,0,0,0,1,0,1,0,1,0,0
17,1,1,50,0.084,0,18,0,,,여유,,,,,2.14,0,1,0,0,0,0,0,0,0,1,0,0,0,0,1,1,0,0
47,6,1,5,2.594,14,54,0,2,0,매우혼잡,0,2,3,2,1.75,1,0,0,0,0,0,0,0,0,0,1,0,0,1,0,1,0,1
41,12,1,1,5.673,11,36,1,4,0,보통,0,4,5,4,0.86,1,0,0,0,0,0,0,0,1,0,0,1,0,0,0,0,0,1
17,6,0,5,2.412,6,38,0,3,0,보통,0,3,3,2,1.72,1,1,0,0,0,0,0,1,0,0,0,0,0,0,0,0,0,0
32,12,0,4,2.766,32,42,1,,,여유,,,,,1.45,0,0,0,0,0,0,0,0,0,0,0,0,0,0,0,0,0,0
39,3,0,1,5.505,4,60,1,4,0,여유,0,4,4,4,0.93,1,0,0,0,0,0,0,0,0,0,0,0,0,0,0,0,1,0
43,3,0,3,2.988,2,34,1,3,0,보통,0,3,4,3,1.31,1,0,0,0,0,0,0,0,0,0,1,0,0,1,0,0,0,0
40,3,0,14,1.556,6,28,0,2,0,혼잡,0,3,2,2,3.05,1,1,0,0,0,0,0,0,0,0,1,0,1,1,0,1,1,0
40,1,0,1,4.247,16,46,0,4,0,혼잡,0,4,3,5,0.8,1,0,0,0,0,0,0,1,0,0,0,0,1,0,0,0,0,0
39,6,1,1,4.641,23,50,1,4,0,보통,0,4,5,4,0.89,1,0,0,0,0,0,0,0,0,0,0,0,0,0,0,0,0,0
28,6,0,60,0.0,4,3,0,,,매우혼잡,,,,,3.01,0,1,1,1,1,1,0,0,0,0,0,1,0,1,0,1,1,0
20,3,0,54,0.0,2,13,0,2,0,보통,0,2,3,2,2.33,1,1,0,0,0,0,0,1,1,0,1,0,0,0,0,0,0,0
38,12,1,3,2.546,36,38,1,,,보통,,,,,1.07,0,0,0,0,0,0,0,0,1,0,0,0,0,0,0,0,0,0
50,3,0,60,0.669,19,17,0,,,매우혼잡,,,,,11.75,0,1,0,0,0,0,0,0,0,0,1,1,0,0,1,1,1,0
33,6,0,3,3.257,11,29,0,4,0,보통,0,3,3,3,1.34,1,0,0,0,1,0,0,0,0,0,0,0,0,0,0,1,0,0
34,12,0,1,4.183,27,20,1,2,0,혼잡,0,3,5,3,0.89,1,0,0,0,0,0,0,0,0,0,1,1,0,0,1,0,0,0
48,3,1,1,5.371,1,58,0,,,혼잡,,,,,1.07,0,0,0,0,0,0,0,0,0,0,0,1,0,1,0,0,0,0
22,6,0,12,1.37,6,20,0,,,보통,,,,,2.39,0,0,0,0,0,1,0,0,0,0,0,0,0,0,0,1,1,0
34,6,0,7,1.967,2,35,0,,,보통,,,,,1.85,0,0,0,0,0,0,0,0,0,0,0,0,0,0,0,0,0,0
25,12,0,5,2.57,1,52,1,,,매우혼잡,,,,,1.71,0,1,0,0,0,0,0,0,0,1,1,0,0,0,1,0,0,0
26,6,0,8,1.946,2,26,0,3,0,혼잡,0,3,3,2,2.16,1,0,0,0,0,0,0,0,0,0,0,1,1,0,0,1,0,0
38,3,0,2,4.111,2,63,0,4,0,보통,0,4,4,4,1.08,1,0,0,0,0,0,0,0,0,0,0,0,0,0,0,0,0,0
37,12,0,13,1.185,10,14,0,,,보통,,,,,2.28,0,1,0,0,1,0,0,0,0,0,0,1,0,1,0,1,0,0
23,3,0,2,3.433,1,49,1,,,보통,,,,,1.07,0,0,0,0,0,0,0,0,0,0,0,0,0,0,0,0,0,0
23,12,0,4,2.672,10,45,1,4,0,혼잡,0,4,4,4,1.58,1,0,0,0,0,0,1,0,0,0,0,0,0,1,0,1,0,0
36,12,0,3,2.532,3,41,1,,,매우혼잡,,,,,1.22,0,0,0,0,0,0,0,0,0,0,1,0,0,1,0,1,1,1
27,6,0,12,1.319,6,0,0,2,0,여유,0,2,2,5,2.18,1,0,1,0,0,1,0,0,1,0,0,0,0,0,0,1,0,1
41,12,1,1,5.918,11,74,1,4,0,보통,0,4,5,5,1.1,1,0,0,0,0,0,1,0,0,0,0,0,0,0,0,0,0,0
23,6,0,6,2.403,13,34,1,,,여유,,,,,1.97,0,0,0,0,0,0,1,0,0,0,0,0,0,0,0,0,0,0
19,6,0,3,2.585,20,43,0,3,0,매우혼잡,1,4,2,2,1.08,1,1,0,0,0,1,0,0,0,0,1,0,0,0,0,0,0,0
32,12,1,1,5.347,10,64,1,5,0,보통,0,5,4,4,0.92,1,0,0,0,0,0,0,0,0,0,0,0,0,0,0,0,0,1
32,6,1,3,3.175,5,48,0,4,0,보통,0,5,5,4,1.18,1,0,0,0,0,0,0,0,0,0,0,0,0,0,0,0,0,0
36,1,0,4,2.074,1,42,0,,,보통,,,,,1.04,0,0,0,0,0,0,1,0,1,0,0,0,0,1,0,0,1,0
25,3,0,4,2.43,2,36,1,4,0,여유,0,4,3,4,1.31,1,0,0,0,0,1,0,0,0,0,0,0,0,0,0,0,0,0
30,3,1,1,5.835,0,53,1,4,0,보통,0,5,5,4,0.89,1,0,0,0,0,0,0,0,0,0,0,0,0,0,0,0,0,0
33,6,0,1,4.754,4,69,1,,,혼잡,,,,,0.89,0,0,0,0,0,0,0,0,0,0,1,1,1,0,1,0,1,0
24,1,1,9,1.93,2,22,0,3,0,보통,0,3,3,3,2.41,1,0,1,1,0,0,1,0,0,1,0,0,0,0,0,0,0,0
23,6,0,50,1.032,8,16,0,3,0,혼잡,1,3,4,1,7.34,1,1,0,0,0,0,0,0,0,0,1,1,0,1,0,0,0,0
36,12,0,5,2.292,3,28,0,,,보통,,,,,1.55,0,0,0,0,0,0,0,0,0,0,0,0,1,0,0,1,0,0
38,12,0,2,3.254,16,39,0,,,혼잡,,,,,1.09,0,0,0,0,0,0,1,1,0,0,0,1,0,0,0,0,0,0
15,3,0,58,1.221,5,23,0,,,보통,,,,,10.18,0,1,0,0,1,0,0,1,1,1,1,0,0,0,0,0,0,0
44,1,1,1,4.928,2,54,1,,,보통,,,,,0.86,0,0,0,0,0,0,0,1,0,0,1,0,0,0,0,0,0,0
32,12,0,41,1.646,8,8,1,3,0,보통,0,2,3,2,9.66,1,1,1,0,0,1,0,0,0,0,0,0,1,0,0,0,0,1
50,3,1,4,2.486,5,43,0,,,보통,,,,,1.59,0,0,0,0,0,0,0,0,0,0,0,0,0,0,0,0,0,0
32,12,0,4,5.115,20,51,1,4,0,보통,0,4,5,4,3.09,1,0,0,0,0,0,0,0,0,0,0,0,0,0,0,0,0,0
29,3,0,4,2.132,4,6,0,3,0,혼잡,0,3,2,2,1.24,1,0,0,1,0,0,0,0,1,1,1,1,0,1,0,0,0,0
27,1,0,19,1.106,10,25,0,2,0,혼잡,0,1,2,2,2.99,1,0,0,0,0,0,1,0,0,0,1,1,1,1,0,0,0,0
25,3,0,60,0.0,4,11,0,2,0,혼잡,1,2,2,1,3.1,1,1,0,0,0,0,0,0,0,0,1,1,1,1,0,0,0,0
30,12,1,3,3.445,1,36,0,,,보통,,,,,1.47,0,0,0,0,0,0,0,0,0,0,0,0,0,1,0,0,0,0
38,6,1,2,4.794,5,52,1,5,0,여유,0,5,4,4,1.09,1,0,1,0,0,0,0,0,0,0,0,0,0,0,0,0,0,0
36,3,1,1,5.031,20,56,1,,,보통,,,,,1.0,0,0,0,0,0,0,0,0,0,0,0,0,0,0,0,0,0,0
21,6,0,21,0.987,17,4,0,2,0,매우혼잡,0,2,1,1,2.98,1,1,0,0,0,1,0,0,0,1,1,1,0,1,0,1,1,0
38,3,0,22,0.968,7,26,0,2,0,보통,0,2,3,3,3.02,1,0,0,0,1,0,0,0,1,0,0,1,0,0,0,0,0,0
31,6,0,17,1.297,1,12,0,3,0,여유,1,1,2,2,3.19,1,1,0,0,0,1,1,0,1,0,0,0,0,0,0,0,0,0
24,6,0,5,2.089,6,32,0,3,0,여유,0,3,4,4,1.6,1,0,0,0,0,0,0,0,0,0,0,0,0,0,0,1,0,0
19,12,0,7,3.762,14,37,1,2,1,보통,0,3,5,5,3.66,1,1,0,0,0,0,0,0,0,0,0,0,0,0,0,0,0,0
28,6,0,5,2.277,12,35,0,,,보통,,,,,1.51,0,0,0,0,0,0,0,0,0,0,0,0,1,0,0,0,0,0
15,1,0,4,2.376,3,43,0,4,0,보통,0,3,3,2,1.49,1,0,0,0,0,0,0,0,0,0,0,1,0,0,0,0,0,0
36,3,1,60,0.173,3,26,0,,,혼잡,,,,,3.03,0,1,0,0,0,0,0,0,0,1,0,0,1,0,0,1,1,0
27,6,0,3,3.29,3,37,1,3,0,보통,0,4,4,3,1.59,1,0,0,0,0,0,0,0,0,0,0,0,0,0,1,0,0,0
36,3,1,2,4.093,13,38,0,3,0,혼잡,0,4,5,3,0.9,1,0,0,0,0,0,0,0,0,0,0,1,1,0,0,1,1,0
33,6,1,10,1.494,8,34,0,4,0,혼잡,0,3,3,3,2.09,1,0,0,0,0,0,0,1,0,1,0,1,0,0,0,0,0,0
39,6,1,1,5.759,12,59,1,5,0,여유,0,4,5,4,1.03,1,0,0,0,0,0,0,0,0,0,0,0,0,0,0,0,1,0
39,12,1,1,4.487,34,45,0,3,0,매우혼잡,0,4,3,4,0.91,1,1,0,0,0,1,0,0,0,0,0,0,1,0,0,0,0,0
31,3,0,3,3.962,3,38,1,3,0,혼잡,0,3,4,3,1.74,1,0,0,0,0,1,0,0,0,0,0,0,0,0,0,0,0,0
45,6,1,1,4.963,7,59,1,4,0,보통,0,4,5,4,1.05,1,0,0,0,0,0,0,0,0,0,0,0,0,0,0,0,0,0
22,6,0,31,0.533,4,20,0,,,여유,,,,,2.39,0,1,0,0,1,0,0,0,0,0,0,0,0,0,1,1,0,0
31,1,0,3,2.16,3,32,0,,,혼잡,,,,,1.03,0,0,0,0,0,0,0,0,0,0,0,0,0,1,0,0,0,0
51,12,0,5,2.006,27,37,0,,,보통,,,,,1.54,0,0,0,0,0,0,0,0,0,0,0,1,0,0,0,1,0,0
17,6,1,2,3.327,11,22,1,2,0,보통,0,2,4,3,1.05,1,0,0,0,0,0,0,1,1,0,1,0,0,0,1,0,0,0
47,3,1,54,0.0,3,18,0,3,0,보통,0,2,3,2,2.31,1,1,0,0,0,0,0,0,0,0,1,0,0,0,0,0,1,0
20,12,1,2,3.729,3,48,0,4,0,매우혼잡,1,3,4,3,1.2,1,0,0,0,0,0,0,0,0,0,1,0,1,1,1,0,1,0
24,1,0,3,2.505,3,22,0,,,보통,,,,,1.2,0,0,1,0,0,1,0,0,0,0,0,0,0,1,0,0,0,0
15,3,0,53,1.66,1,34,0,3,0,여유,0,3,3,3,12.68,1,1,0,0,0,0,0,0,0,0,0,0,0,0,0,0,0,1
33,3,0,2,4.006,4,39,1,,,여유,,,,,0.95,0,0,1,0,0,0,0,0,0,0,0,0,0,0,1,0,0,0
36,12,1,1,5.883,7,44,1,3,0,보통,0,4,5,4,0.86,1,0,0,0,0,0,0,0,0,0,0,0,0,0,0,1,0,0
29,6,1,1,5.702,5,74,1,,,보통,,,,,1.0,0,0,0,0,0,0,0,0,0,0,0,0,0,1,0,1,0,0
43,12,0,4,3.139,20,24,0,,,여유,,,,,1.79,0,0,0,0,0,0,0,0,0,0,0,0,0,0,0,0,0,0
21,1,1,5,2.254,6,31,0,3,0,여유,0,3,4,3,1.51,1,0,0,0,0,0,0,0,0,0,0,1,0,0,0,0,0,0
43,3,0,15,1.031,5,19,0,,,매우혼잡,,,,,2.23,0,1,0,1,1,1,0,1,0,0,0,0,0,1,1,1,1,0
44,3,1,4,2.894,8,23,1,3,0,혼잡,0,3,3,3,1.67,1,0,0,0,0,0,0,0,0,0,0,0,0,0,1,0,0,0
43,6,0,42,0.536,5,32,0,2,0,보통,1,2,2,2,3.24,1,1,0,0,0,0,0,1,0,1,0,0,1,0,0,0,0,1
31,6,0,60,0.283,0,2,0,,,여유,,,,,2.6,0,0,0,0,0,1,0,0,0,0,0,0,0,0,0,0,1,1
39,3,1,12,1.278,4,5,0,1,0,매우혼잡,0,2,2,2,2.23,1,1,0,0,0,0,1,0,0,1,1,0,0,1,1,1,1,0
33,3,0,3,3.661,6,70,0,5,0,보통,0,4,3,5,1.31,1,0,0,0,0,0,0,0,0,0,0,0,0,0,0,0,0,0
27,12,0,2,3.085,11,39,0,3,0,혼잡,0,4,3,2,1.05,1,1,0,1,0,0,0,0,1,0,0,1,1,0,0,1,0,0
31,3,1,10,1.545,7,14,0,2,0,보통,0,2,3,2,2.13,1,0,0,0,0,0,0,0,1,0,0,0,0,0,0,1,1,0
25,6,0,15,1.088,3,20,0,,,보통,,,,,2.33,0,1,0,0,0,0,0,0,1,0,1,0,1,0,0,0,0,0
27,12,1,1,5.391,22,59,1,4,0,보통,0,4,5,4,1.0,1,0,0,0,0,0,0,0,0,0,0,0,0,0,0,0,0,0
24,6,1,14,0.953,4,30,1,1,1,보통,1,4,3,1,1.86,1,0,0,0,0,0,0,0,0,0,1,1,1,1,1,1,0,1
43,12,0,5,2.431,1,35,0,,,여유,,,,,1.78,0,0,0,0,0,0,0,0,0,0,1,0,0,0,0,0,0,0
17,12,0,3,3.807,20,64,1,,,보통,,,,,1.44,0,0,0,0,0,0,0,0,0,0,1,0,0,1,0,1,0,0
38,3,1,11,1.519,12,4,0,,,여유,,,,,2.37,0,0,1,0,0,0,0,0,0,1,0,0,0,1,0,0,1,0
29,3,0,1,5.044,4,71,1,4,0,보통,0,5,5,4,1.07,1,0,0,0,0,0,0,0,0,0,0,0,0,0,0,0,0,0
31,12,0,3,2.762,15,29,1,,,보통,,,,,1.26,0,0,0,0,0,1,0,0,0,0,0,0,0,0,0,0,0,0
15,6,0,38,0.486,4,15,0,3,0,혼잡,0,2,3,2,2.62,1,1,0,0,0,0,0,0,0,0,1,1,0,0,0,0,0,0
28,12,0,2,3.443,19,58,0,3,0,보통,0,3,2,3,1.11,1,0,1,1,1,0,0,0,0,0,0,0,1,0,0,0,0,1
27,6,0,4,2.813,7,43,0,3,0,혼잡,0,3,3,3,1.67,1,1,0,0,0,0,0,0,0,0,0,0,0,1,0,0,0,0
30,12,0,14,1.215,4,16,1,,,여유,,,,,2.41,0,0,0,0,1,0,1,0,0,0,0,0,0,0,0,0,0,0
47,3,0,8,2.098,2,15,0,,,보통,,,,,2.27,0,0,0,0,1,0,0,0,0,0,0,0,0,0,0,0,0,0
15,1,0,35,0.549,3,7,0,3,0,보통,0,2,2,3,2.73,1,1,0,0,0,0,0,0,1,0,0,0,0,0,0,0,0,0
34,12,1,4,2.737,11,51,0,,,여유,,,,,1.54,0,0,0,0,0,0,1,0,0,0,0,0,0,0,0,0,0,0
40,6,0,17,0.864,12,19,0,,,혼잡,,,,,2.14,0,1,0,1,0,1,1,1,0,0,1,1,1,1,1,0,0,1
34,6,0,1,4.999,8,44,0,3,0,혼잡,0,4,4,3,0.94,1,0,0,0,0,0,0,0,0,0,0,0,1,0,0,1,0,0
39,6,0,4,2.233,4,37,0,3,0,매우혼잡,0,3,3,2,1.35,1,1,0,0,0,0,1,0,0,0,0,1,0,1,0,0,1,0
39,12,1,15,1.419,7,19,0,3,0,보통,0,3,2,2,3.11,1,0,0,0,0,0,0,0,0,0,0,0,0,1,0,0,0,0
29,6,1,33,2.16,4,38,0,2,0,보통,0,3,2,3,10.31,1,1,0,1,0,1,0,0,0,0,0,0,0,0,1,0,0,1
45,6,1,1,4.759,7,61,1,,,보통,,,,,0.94,0,0,0,0,0,0,0,0,0,0,0,0,0,0,0,0,0,0
43,12,1,11,1.514,21,17,1,2,1,여유,0,2,3,4,2.37,1,0,0,0,0,0,0,0,0,1,0,0,0,0,0,1,1,1
31,6,0,16,0.994,4,18,0,,,보통,,,,,2.24,0,0,0,0,0,0,0,0,0,0,1,1,0,0,0,0,0,0
18,3,0,40,0.558,3,37,0,,,여유,,,,,3.22,0,1,0,0,0,0,1,0,0,0,0,0,0,0,0,0,0,1
27,12,0,5,2.383,11,43,1,4,0,보통,0,3,4,3,1.64,1,0,0,0,0,0,0,0,0,0,0,0,0,0,0,0,0,0
33,6,0,13,3.104,6,40,0,3,0,매우혼잡,1,4,4,2,5.56,1,1,0,0,0,0,0,0,0,0,1,1,0,1,0,1,0,0
23,3,0,4,2.499,2,32,0,,,여유,,,,,1.58,0,0,0,1,0,0,0,0,0,0,0,0,0,0,0,0,0,0
29,12,0,6,5.122,36,75,1,,,보통,,,,,4.68,0,0,0,0,0,0,0,0,0,0,0,0,0,0,0,0,0,0
43,3,0,4,3.154,18,32,0,,,보통,,,,,1.65,0,0,0,0,0,0,0,0,0,1,0,0,0,0,1,0,0,0
33,3,1,1,4.789,3,61,0,4,0,보통,0,4,5,4,0.97,1,0,0,0,0,0,0,0,0,0,0,0,0,0,0,0,0,1
15,3,0,9,1.861,11,27,0,3,0,보통,0,3,3,3,2.46,1,1,0,0,0,0,0,0,0,0,0,0,0,0,0,0,0,0
16,6,1,50,0.0,5,1,0,,,보통,,,,,2.15,0,0,0,0,0,0,0,0,0,0,1,0,0,0,0,0,1,0
24,3,0,2,4.312,3,38,1,,,보통,,,,,0.96,0,1,0,0,0,0,0,0,0,0,0,0,0,0,0,0,0,0
29,12,0,5,2.007,0,34,0,,,여유,,,,,1.49,0,1,0,0,0,0,0,0,0,1,0,0,0,0,0,0,0,0
32,12,0,3,3.017,3,35,0,3,0,여유,0,3,2,4,1.1,1,1,0,0,0,0,0,1,0,0,1,0,0,0,0,0,0,0
42,12,0,3,2.61,27,57,0,3,0,보통,0,3,3,3,1.04,1,1,0,0,0,0,0,0,0,1,1,0,0,0,0,0,0,0
41,3,0,27,0.792,7,13,0,,,혼잡,,,,,3.09,0,1,1,1,1,1,0,1,0,0,1,1,0,0,0,0,0,0
31,3,0,4,2.289,3,22,1,3,0,보통,0,4,4,4,1.29,1,0,0,0,0,0,0,0,0,0,0,0,0,0,0,0,0,0
27,12,1,1,4.132,30,57,0,,,여유,,,,,0.85,0,0,0,1,0,0,1,0,0,0,0,0,0,0,0,0,0,0
34,3,0,20,1.037,0,24,0,,,보통,,,,,3.02,0,1,1,0,1,0,0,0,0,0,0,1,0,0,0,1,1,0
48,6,0,4,3.323,20,49,0,,,여유,,,,,1.78,0,0,1,0,0,0,0,0,0,0,0,0,0,0,0,0,0,0
32,12,0,2,4.545,23,47,1,4,0,여유,0,4,5,4,1.02,1,0,0,0,0,0,0,0,1,0,0,0,0,0,0,0,0,0
35,3,0,5,2.017,6,36,0,,,보통,,,,,1.3,0,0,1,1,1,1,0,0,0,0,0,0,0,0,0,0,0,0
29,3,0,60,0.0,7,0,0,,,보통,,,,,2.68,0,1,0,0,0,1,0,0,0,0,0,0,0,0,1,1,1,0
27,12,1,2,4.561,15,75,1,3,0,혼잡,0,3,4,3,1.0,1,0,0,0,0,0,0,0,0,0,1,1,1,0,0,0,1,0
44,6,1,1,4.822,0,61,0,4,0,혼잡,0,4,4,3,1.0,1,0,0,0,0,0,0,0,0,0,0,0,0,0,0,0,0,0
47,3,1,4,2.458,2,22,0,,,보통,,,,,1.5,0,0,0,0,1,0,0,0,0,0,1,0,0,0,0,0,0,0
35,3,0,14,1.404,2,15,0,,,보통,,,,,2.87,0,0,0,0,0,0,0,1,1,0,1,0,0,0,0,1,0,0
23,6,0,56,0.098,2,17,0,,,매우혼잡,,,,,2.42,0,1,0,0,1,0,1,0,0,1,1,1,1,0,1,1,1,0
19,3,0,60,0.0,2,12,0,4,0,보통,0,2,2,3,2.85,1,1,0,0,1,1,1,0,0,0,1,0,0,0,0,0,0,0
40,12,0,4,2.178,14,34,1,,,보통,,,,,1.28,0,0,0,0,0,0,0,0,0,0,0,1,0,0,0,1,0,0
30,12,0,4,2.395,2,51,0,2,0,혼잡,0,3,3,2,1.46,1,0,1,0,0,0,1,1,0,0,0,0,1,1,0,0,0,0
19,12,1,2,4.292,30,47,0,4,0,여유,0,4,4,3,1.05,1,0,0,0,0,0,0,0,0,0,0,0,0,0,0,0,0,0
40,3,0,3,3.153,0,36,0,3,0,보통,0,3,3,3,1.32,1,0,1,0,0,0,0,1,0,0,0,0,1,0,0,0,0,0
42,6,1,1,5.373,17,67,1,3,0,보통,0,5,4,4,0.91,1,0,0,0,0,0,0,0,0,0,0,0,0,0,1,0,0,0
52,12,0,5,2.049,2,21,0,,,여유,,,,,1.55,0,1,0,0,0,0,0,0,0,0,0,1,0,0,0,0,0,0
19,12,0,4,3.299,32,27,0,3,0,보통,0,3,4,4,1.8,1,0,0,0,0,0,0,0,0,0,0,0,0,0,0,1,1,0
20,6,0,3,2.968,8,31,0,3,0,보통,0,4,4,3,1.38,1,0,0,0,0,0,0,0,0,0,0,0,0,0,0,0,1,0
18,12,0,2,4.457,7,53,1,,,여유,,,,,1.0,0,0,0,0,0,0,0,0,0,0,0,0,0,0,0,0,0,0
41,12,0,49,1.462,15,17,0,,,혼잡,,,,,10.25,0,1,0,0,0,0,0,1,0,0,0,0,1,0,0,1,1,0
39,12,0,4,2.778,9,36,0,,,혼잡,,,,,1.44,0,0,0,0,0,0,1,0,0,0,0,0,0,0,0,0,0,0
37,1,0,58,0.0,3,5,0,2,0,보통,0,2,3,2,2.49,1,1,0,0,0,0,0,0,0,0,0,0,0,0,0,1,0,0
56,6,0,4,2.747,9,25,0,,,혼잡,,,,,1.67,0,0,0,0,0,0,0,0,0,0,0,0,0,0,1,0,0,0
59,1,0,3,3.842,2,45,0,4,0,보통,0,2,3,3,1.58,1,0,0,0,0,0,0,1,1,1,0,0,0,0,0,0,0,0
47,3,0,60,0.319,7,26,0,2,0,보통,0,3,3,3,10.05,1,1,0,0,0,0,1,0,0,0,1,0,0,0,1,0,0,0
47,12,0,1,4.497,9,46,0,4,0,보통,0,4,4,4,0.9,1,0,0,0,0,0,0,0,0,0,0,0,0,0,0,0,0,0
22,1,0,9,1.94,10,34,0,,,여유,,,,,2.43,0,0,0,0,1,0,0,0,0,0,0,0,1,0,0,0,1,0
36,3,0,3,2.817,7,47,0,3,0,보통,0,4,3,3,1.39,1,0,0,0,0,1,0,0,0,0,0,0,0,0,0,0,0,0
31,12,0,4,2.513,17,43,0,4,0,보통,0,3,3,3,1.48,1,0,0,0,0,0,0,0,1,0,0,0,0,0,0,0,0,0
51,3,0,7,1.818,2,39,0,,,보통,,,,,1.75,0,1,1,0,0,0,0,0,0,1,1,0,0,0,0,0,0,0
58,12,1,1,4.986,10,41,0,,,보통,,,,,0.89,0,0,0,1,0,0,0,0,0,0,0,0,1,0,0,0,0,0
49,3,1,1,5.159,4,38,0,4,0,보통,0,4,4,4,1.02,1,0,0,0,0,0,0,1,0,0,1,0,0,0,0,0,0,0
42,6,1,1,5.661,24,79,1,3,0,혼잡,0,4,4,3,0.81,1,0,0,0,0,0,0,0,0,0,0,1,0,0,0,1,1,0
35,12,0,1,5.036,12,54,1,5,0,보통,0,3,5,3,1.02,1,0,0,0,1,0,0,0,0,0,0,0,0,0,0,0,0,0
41,1,0,24,2.423,2,46,0,4,0,여유,0,3,3,3,8.31,1,0,0,0,0,0,0,0,0,0,0,0,0,0,0,0,0,0
25,3,0,17,1.312,4,17,0,3,0,혼잡,0,3,3,2,3.16,1,0,0,0,0,0,0,0,0,0,1,0,0,0,0,0,0,1
28,12,0,2,3.246,36,45,1,,,매우혼잡,,,,,1.13,0,0,0,0,0,0,0,1,1,0,0,0,1,0,0,0,0,0
35,6,0,5,2.174,7,36,0,,,보통,,,,,1.51,0,0,0,0,0,0,0,0,0,0,0,1,0,0,0,0,0,0
15,1,0,42,0.339,3,13,0,2,0,혼잡,0,2,2,3,2.03,1,1,1,0,0,1,1,0,1,0,1,0,0,0,1,1,0,0
15,3,1,21,0.932,7,37,0,2,0,혼잡,1,3,3,1,2.78,1,1,0,0,1,0,0,0,0,0,1,1,1,1,0,1,0,1
26,1,1,32,0.715,6,13,0,3,0,보통,1,2,3,2,3.23,1,0,0,0,1,0,0,1,0,0,0,1,1,1,0,0,0,0
31,6,0,23,1.005,3,13,0,2,0,보통,0,3,2,2,3.27,1,1,0,0,0,0,0,0,0,0,0,0,0,0,1,0,0,0
29,12,0,15,1.176,21,22,0,3,0,보통,0,3,2,3,2.55,1,0,0,0,0,0,0,0,0,0,0,0,0,0,0,0,0,0
26,1,1,3,3.247,3,42,1,3,0,혼잡,0,3,4,3,1.4,1,0,0,0,0,0,0,0,0,0,0,1,1,0,0,0,0,0
27,12,0,4,2.554,18,37,0,4,0,여유,0,4,2,3,1.5,1,0,0,0,0,1,0,0,0,0,0,0,0,0,0,0,1,0
23,3,0,3,2.564,7,31,0,2,0,보통,0,3,3,3,1.16,1,1,0,0,0,0,0,0,0,0,0,0,0,0,0,1,1,0
60,12,0,8,1.724,3,17,1,,,매우혼잡,,,,,2.03,0,1,0,0,0,0,0,0,0,0,1,0,1,1,0,0,0,1
32,1,0,6,1.872,5,23,0,,,보통,,,,,1.53,0,1,0,0,0,0,0,0,0,0,0,0,0,1,0,0,0,0
27,3,0,3,3.824,11,35,1,4,0,보통,0,3,4,3,1.49,1,0,0,1,0,0,0,1,0,1,0,0,0,0,0,0,0,0
38,12,1,3,3.742,5,37,1,4,0,혼잡,0,3,3,4,1.52,1,0,0,0,0,0,0,0,0,0,0,0,0,0,0,0,1,0
27,12,0,10,3.786,3,33,1,,,여유,,,,,5.32,0,1,0,0,0,0,0,0,0,0,0,1,0,0,0,0,0,0
42,3,1,1,5.672,6,51,1,4,0,여유,0,4,5,4,0.89,1,0,0,0,0,0,0,0,0,0,0,0,0,0,0,0,0,0
44,6,0,53,0.41,8,27,0,2,0,보통,0,3,3,2,3.1,1,1,0,0,0,0,0,0,0,0,0,0,0,0,1,0,0,0
23,12,0,4,2.332,4,33,0,4,0,여유,0,3,2,3,1.27,1,0,1,1,0,0,0,0,0,0,0,0,0,0,0,0,0,0
41,3,0,2,3.223,1,51,0,2,0,혼잡,1,3,3,1,1.07,1,1,0,0,0,0,0,1,0,0,1,1,1,1,1,1,0,0
30,1,1,4,2.406,3,38,0,2,0,보통,0,3,3,3,1.22,1,1,0,0,0,0,1,0,0,0,0,0,1,0,1,0,0,0
23,1,0,2,4.813,0,30,0,5,0,여유,0,5,4,3,1.09,1,0,0,1,0,0,0,0,0,0,0,0,0,0,0,0,0,0
28,12,1,30,0.654,17,28,0,3,0,혼잡,1,2,3,1,2.81,1,1,0,0,0,0,0,0,1,0,1,1,1,1,0,1,0,0
25,12,0,14,1.237,0,18,1,,,보통,,,,,2.46,0,0,1,0,0,0,0,0,1,0,0,0,0,0,0,0,0,1
31,12,0,16,1.012,30,14,1,,,혼잡,,,,,2.37,0,1,0,0,0,1,0,0,0,0,1,0,0,0,1,0,1,0
18,12,1,1,5.483,35,64,1,3,0,혼잡,0,4,5,4,0.82,1,0,0,0,0,0,0,0,0,0,0,0,0,0,1,1,0,0
34,6,0,3,2.832,4,38,0,4,0,보통,0,3,3,3,1.19,1,0,0,0,0,0,0,0,0,0,0,0,0,0,0,0,0,0
32,1,0,8,1.885,5,14,0,,,보통,,,,,2.03,0,0,0,1,0,1,0,0,1,1,0,0,0,0,0,0,0,0
16,3,0,8,1.631,8,16,0,,,보통,,,,,1.87,0,1,0,0,0,0,0,0,0,0,1,1,0,0,0,0,0,0
54,1,0,8,1.866,5,15,0,4,0,보통,1,3,3,3,2.23,1,0,0,0,0,0,1,0,0,1,1,0,0,0,0,0,0,0
15,3,0,3,3.013,2,46,1,,,매우혼잡,,,,,1.22,0,0,0,0,0,0,0,0,0,0,1,1,1,0,0,1,0,0
15,12,1,3,3.378,6,16,1,,,여유,,,,,1.39,0,0,0,0,0,0,0,0,0,0,0,0,0,0,0,0,0,0
31,12,1,1,5.289,36,45,0,,,여유,,,,,0.89,0,0,0,0,0,0,0,0,0,0,0,0,1,0,0,0,0,0
19,12,0,1,5.643,14,60,1,,,혼잡,,,,,0.98,0,0,0,0,0,0,0,0,0,0,0,0,0,1,0,0,0,0
43,6,0,27,0.685,9,21,0,,,여유,,,,,2.69,0,1,0,0,0,0,0,0,0,0,0,0,0,0,0,0,0,0
38,3,0,14,0.969,3,12,0,2,1,보통,0,3,3,2,1.93,1,0,0,0,0,0,0,0,0,0,0,0,0,1,1,1,0,0
30,12,0,3,3.265,21,33,0,,,보통,,,,,1.54,0,0,0,0,0,0,0,0,0,0,0,1,0,0,0,0,0,0
29,3,1,60,0.729,7,31,0,2,0,혼잡,1,2,2,1,9.94,1,1,1,0,0,0,1,0,0,0,1,1,0,1,0,0,0,0
35,12,1,48,0.474,12,33,0,,,보통,,,,,3.23,0,0,0,0,0,0,1,0,0,0,1,0,0,0,0,0,0,0
15,3,0,4,2.099,4,37,0,3,0,여유,0,2,3,3,1.31,1,1,0,0,1,0,1,0,1,0,0,0,0,0,0,0,0,0
41,12,1,1,4.812,22,64,0,5,0,보통,0,4,4,4,0.91,1,0,0,0,0,0,0,0,0,0,0,0,0,0,0,0,0,0
38,6,0,1,5.845,8,46,1,,,보통,,,,,1.05,0,0,0,0,0,0,0,0,0,0,0,0,0,0,0,0,0,0
34,12,0,5,2.071,13,14,1,2,0,보통,0,2,4,2,1.53,1,0,0,0,0,0,0,0,0,0,1,0,0,0,0,0,0,0
46,3,1,4,2.909,4,27,0,,,매우혼잡,,,,,1.48,0,0,1,0,0,0,0,0,0,0,1,0,0,0,1,0,0,0
30,6,1,4,2.213,5,28,0,4,0,혼잡,0,3,3,3,1.22,1,0,0,0,0,0,0,0,0,0,0,0,0,0,0,0,0,0
27,12,1,1,4.957,10,43,0,4,0,혼잡,0,4,4,4,1.02,1,0,0,0,0,0,0,0,0,0,1,0,0,0,0,0,0,0
22,6,0,13,1.427,5,24,0,3,0,보통,0,3,3,4,2.67,1,0,0,0,0,0,0,0,0,0,0,0,0,0,1,0,0,0
30,6,0,12,1.181,3,32,0,3,0,보통,0,3,3,2,2.1,1,1,0,0,1,0,0,0,1,0,0,0,0,0,0,0,0,0
39,1,1,3,2.917,3,35,0,3,0,보통,0,3,4,3,1.21,1,0,0,0,0,0,0,0,0,0,0,0,0,0,0,1,0,0
24,12,0,18,2.039,5,46,0,,,여유,,,,,5.3,0,0,0,1,0,0,0,0,0,0,0,0,0,1,0,0,0,0
46,6,0,32,0.692,6,17,0,,,여유,,,,,3.21,0,1,0,0,0,0,0,0,0,0,0,0,0,0,0,1,0,0
49,12,0,16,1.374,2,22,0,,,혼잡,,,,,3.12,0,1,0,1,0,0,1,0,1,0,1,1,1,1,0,1,1,0
36,3,0,3,3.924,11,21,1,,,보통,,,,,1.48,0,0,0,0,0,0,0,0,0,0,0,0,0,0,0,0,0,0
49,12,1,2,4.215,12,49,1,4,0,보통,0,3,5,3,1.03,1,0,0,0,0,0,0,0,0,0,0,0,0,0,0,0,0,0
40,12,0,15,1.298,7,12,1,2,0,보통,0,3,3,3,2.82,1,1,0,0,0,1,0,0,0,1,0,0,0,0,0,0,0,0
32,6,1,11,1.735,1,48,0,4,0,혼잡,1,3,3,2,2.72,1,0,0,0,0,1,0,0,0,0,0,1,0,1,0,0,0,0
31,6,0,3,2.504,7,42,0,,,혼잡,,,,,1.16,0,0,0,1,0,0,0,0,0,0,0,0,0,0,0,0,0,0
15,12,0,4,3.154,36,49,1,,,혼잡,,,,,1.74,0,0,0,0,0,0,0,0,0,0,0,0,0,1,0,0,0,0
33,3,0,21,0.744,2,19,0,,,여유,,,,,2.21,0,0,0,0,0,0,0,0,1,1,0,0,0,0,0,0,0,0
37,12,0,3,2.652,30,39,0,,,여유,,,,,1.15,0,1,1,0,0,0,0,0,0,0,0,0,0,0,0,0,0,0
29,12,0,3,3.821,5,49,0,,,보통,,,,,1.64,0,0,0,0,0,0,0,1,0,1,0,0,0,0,0,1,0,0
23,12,1,18,1.231,1,20,0,,,보통,,,,,3.08,0,1,0,0,0,0,0,0,1,1,0,0,0,0,1,0,0,0
30,12,0,15,2.128,2,40,1,3,0,혼잡,0,3,3,3,4.52,1,0,0,0,0,0,0,1,0,1,0,0,0,0,1,1,0,0
18,3,0,9,1.452,6,19,0,4,0,혼잡,0,3,2,3,1.95,1,0,1,0,0,0,0,0,1,1,1,0,0,0,0,0,0,0
29,6,0,50,1.493,6,25,1,,,보통,,,,,10.56,0,1,0,0,0,0,0,0,0,0,1,1,1,1,0,0,0,0
30,1,0,5,2.358,2,26,0,,,보통,,,,,1.53,0,0,1,0,0,0,0,0,0,0,0,0,0,0,0,0,0,0
40,6,0,7,1.631,15,30,0,,,보통,,,,,1.58,0,0,0,0,0,0,0,0,0,0,0,0,0,0,0,0,0,0
26,3,0,9,1.994,1,16,0,2,0,보통,0,3,2,2,2.58,1,1,0,0,0,1,0,0,0,0,1,0,1,0,0,0,0,0
40,3,1,4,3.331,6,21,0,3,0,여유,0,3,3,4,1.69,1,0,0,0,0,0,0,0,0,0,0,0,0,0,0,0,0,0
41,6,1,2,3.805,6,61,0,4,0,혼잡,0,4,4,4,1.24,1,0,0,0,1,0,0,0,0,0,0,0,0,0,0,0,0,0
53,1,0,25,0.809,0,26,1,,,보통,,,,,2.86,0,1,0,0,1,0,1,0,0,0,0,0,0,1,0,0,0,0
36,12,0,8,1.747,28,38,0,3,0,혼잡,1,2,2,2,1.97,1,0,0,1,0,0,0,0,0,1,1,1,1,1,0,0,0,0
30,12,1,2,4.364,19,67,0,,,여유,,,,,1.02,0,0,0,0,0,0,0,0,0,0,0,0,0,0,0,0,0,0
26,3,1,30,1.808,7,26,1,,,보통,,,,,7.69,0,1,0,0,0,0,0,0,0,0,0,1,1,0,0,0,0,0
47,3,0,60,0.0,11,19,0,,,혼잡,,,,,3.01,0,1,0,0,0,0,0,0,0,0,1,1,1,0,0,0,0,0
37,1,1,1,4.884,0,64,1,4,0,여유,0,5,5,5,0.98,1,0,0,0,0,0,0,0,0,0,0,0,0,0,0,0,0,0
53,3,0,11,1.606,2,38,1,3,0,보통,0,3,3,3,2.53,1,0,0,0,0,0,0,0,0,0,0,0,0,0,0,0,0,0
26,3,0,60,0.0,0,0,0,2,0,보통,1,2,3,1,3.1,1,1,0,0,0,1,0,0,0,1,1,0,0,1,0,1,0,0
21,1,0,27,0.562,10,10,0,,,여유,,,,,2.17,0,1,1,0,0,0,0,0,0,0,0,0,0,0,0,0,0,0
49,12,1,3,3.955,15,52,0,4,0,매우혼잡,0,4,3,4,1.79,1,0,0,0,0,1,0,0,0,0,1,0,1,0,0,0,0,0
15,6,1,3,2.666,3,43,1,3,0,보통,0,4,4,3,1.12,1,0,0,0,0,0,0,0,0,0,0,0,0,0,0,0,1,0
40,1,1,3,3.794,1,52,1,,,매우혼잡,,,,,1.67,0,0,1,0,0,0,0,1,1,1,1,1,1,1,0,0,0,0
42,12,0,2,4.57,19,64,1,,,혼잡,,,,,1.02,0,0,0,0,0,0,0,0,0,0,0,0,0,1,0,0,0,0
45,6,0,19,1.095,7,41,0,,,혼잡,,,,,2.92,0,1,0,0,1,0,0,0,0,0,1,0,0,0,0,0,0,0
32,12,0,2,3.476,19,39,1,4,0,매우혼잡,0,3,3,3,1.07,1,0,0,0,0,0,0,0,0,0,1,0,0,0,1,1,0,0
37,6,1,2,4.14,20,76,1,,,매우혼잡,,,,,1.0,0,0,0,0,1,0,0,0,0,0,1,1,1,0,0,0,0,0
35,1,0,4,2.607,1,36,0,,,보통,,,,,1.49,0,0,0,0,0,0,1,0,0,1,0,0,0,0,0,0,0,0
33,1,0,41,0.494,2,7,0,1,0,보통,0,2,2,2,2.91,1,1,0,1,0,0,1,0,0,1,1,0,1,0,1,1,0,0
42,1,0,3,3.009,5,53,1,3,0,보통,0,4,4,3,1.46,1,0,0,0,0,0,0,0,0,0,0,0,1,0,0,0,0,0
15,3,0,15,0.895,2,2,0,2,1,여유,0,3,4,4,1.91,1,0,0,0,0,0,0,0,0,0,0,0,1,0,1,1,0,0
36,1,0,7,1.999,5,28,0,4,0,여유,0,3,3,3,1.98,1,0,0,0,0,0,0,0,0,0,0,0,0,0,0,0,0,0
35,1,0,16,1.094,3,25,0,,,보통,,,,,2.55,0,1,1,0,0,0,0,0,0,0,1,0,0,1,0,0,0,0
25,1,0,60,0.203,1,12,0,,,혼잡,,,,,2.89,0,1,0,0,0,0,1,0,0,1,1,0,0,0,0,0,0,0
38,6,1,4,2.549,17,19,0,3,0,혼잡,0,3,3,2,1.32,1,0,0,0,0,0,0,0,0,0,1,1,0,0,0,0,0,0
28,3,0,56,0.258,2,23,0,,,보통,,,,,2.4,0,1,0,0,0,1,1,1,0,1,0,0,0,0,1,0,0,0
24,1,1,4,3.279,1,34,1,3,0,혼잡,1,3,5,2,1.66,1,0,0,0,0,0,0,0,0,0,1,0,0,1,0,0,0,0
26,12,0,17,1.015,5,16,0,2,0,혼잡,0,3,3,3,2.4,1,1,0,1,0,0,0,0,0,0,0,0,0,0,0,0,0,0
32,3,1,35,1.853,1,14,0,,,여유,,,,,9.23,0,1,0,0,0,0,0,0,0,0,0,0,0,0,0,0,0,0
15,12,0,4,2.984,10,30,1,3,0,여유,0,3,5,3,1.71,1,1,0,0,0,0,0,0,0,0,0,0,1,0,0,0,1,0
22,6,0,5,2.454,12,32,0,2,1,보통,0,4,4,4,1.75,1,0,0,0,0,0,0,0,0,0,0,0,0,0,0,0,0,1
48,12,0,1,4.984,30,55,0,3,0,여유,0,5,4,4,0.94,1,0,0,1,0,0,0,0,0,0,0,0,0,0,0,0,0,0
34,6,0,3,2.808,13,25,0,,,여유,,,,,1.25,0,1,0,0,0,0,0,0,0,0,0,0,0,0,0,0,0,1
35,3,0,6,1.749,3,38,0,,,여유,,,,,1.54,0,0,0,0,0,1,0,1,0,1,0,0,0,0,0,0,0,0
15,12,1,1,6.006,5,71,1,4,0,혼잡,0,4,4,4,0.9,1,0,0,0,0,0,0,0,0,0,0,1,0,0,0,0,0,0
25,6,0,11,1.807,13,21,0,,,보통,,,,,2.76,0,0,0,0,0,0,0,0,0,0,0,0,0,1,0,0,1,0
41,12,0,3,2.61,27,25,1,,,보통,,,,,1.21,0,0,0,0,0,0,0,0,0,0,1,0,0,0,0,0,0,0
21,3,1,2,4.415,4,67,1,5,0,보통,0,5,5,5,0.95,1,0,0,0,0,0,0,0,0,0,0,0,0,0,0,0,0,0
25,3,0,13,1.414,1,17,0,3,0,보통,0,3,3,4,2.58,1,0,0,0,0,0,0,0,0,0,0,0,0,0,0,0,0,0
33,6,0,4,2.338,6,30,0,3,0,보통,0,4,2,3,1.4,1,0,0,0,0,0,0,0,0,0,0,0,0,0,0,0,0,0
48,12,0,19,0.772,26,16,1,1,1,보통,0,2,3,2,2.06,1,0,0,0,0,0,0,0,0,0,0,0,1,0,0,0,1,1
29,3,0,3,2.41,6,35,0,,,여유,,,,,1.15,0,0,0,0,0,0,0,0,0,0,0,0,0,0,0,0,0,0
21,12,0,3,2.769,12,30,1,,,여유,,,,,1.14,0,0,0,0,0,0,0,0,0,0,0,0,0,0,0,0,0,0
36,3,0,2,4.26,7,52,1,5,0,보통,0,5,4,3,1.07,1,0,1,0,0,0,0,0,0,0,1,0,0,0,0,0,0,0
23,6,1,1,5.003,18,51,1,4,0,혼잡,0,4,5,4,1.05,1,0,0,1,0,0,0,0,0,0,0,0,1,0,0,0,0,0
16,12,1,1,4.848,9,57,1,4,0,보통,0,4,5,4,0.84,1,0,0,0,0,0,0,0,0,0,0,0,0,0,0,0,0,0
38,12,0,1,4.772,30,45,1,4,0,여유,1,5,4,3,0.8,1,0,0,0,0,0,0,0,0,0,0,0,0,0,0,0,0,0
48,12,0,3,2.891,1,38,1,,,보통,,,,,1.25,0,0,0,0,0,0,0,0,1,0,0,0,0,0,0,0,0,0
34,3,0,5,2.236,5,51,0,3,0,여유,0,4,4,3,1.46,1,0,0,0,0,0,0,0,0,0,1,0,0,0,0,1,0,0
48,12,0,4,2.615,1,39,0,,,혼잡,,,,,1.61,0,0,0,0,0,0,1,0,0,1,0,1,0,0,1,0,0,0
38,6,0,18,1.256,2,22,0,,,여유,,,,,3.2,0,1,0,0,0,0,0,0,0,0,0,0,0,0,0,1,0,0
50,12,0,3,2.911,15,36,0,2,0,보통,0,5,4,4,1.25,1,0,0,0,0,0,0,0,0,0,0,0,0,0,0,0,0,0
31,3,0,12,1.487,1,14,1,2,0,보통,0,2,3,3,2.53,1,0,0,0,0,0,0,0,0,0,0,0,0,0,1,0,0,0
20,3,0,3,3.81,2,31,1,,,혼잡,,,,,1.45,0,0,0,0,0,0,0,0,0,0,1,0,1,0,0,1,0,0
24,1,1,2,4.237,3,47,0,5,0,보통,0,4,4,4,0.97,1,0,0,0,0,0,0,0,0,0,0,0,0,0,0,0,0,0
39,6,1,2,4.576,15,49,0,,,보통,,,,,1.1,0,0,1,0,0,0,0,0,0,0,0,0,0,0,0,0,0,0
35,3,0,40,1.632,3,22,0,4,0,여유,0,4,3,3,9.23,1,1,0,0,0,0,0,0,0,0,0,0,0,0,0,0,0,0
30,1,1,13,2.88,1,39,0,,,매우혼잡,,,,,5.5,0,1,0,0,0,1,1,0,0,1,1,0,1,0,0,1,1,1
25,3,1,8,4.492,1,51,1,4,0,보통,0,5,4,4,4.98,1,0,0,0,0,0,0,0,0,0,0,1,0,1,0,0,1,0
38,12,1,22,0.827,6,24,0,3,0,여유,0,2,4,3,2.59,1,0,0,0,0,0,0,0,0,1,0,0,0,0,1,0,0,0
45,3,0,4,2.305,3,36,1,,,혼잡,,,,,1.21,0,0,0,0,0,0,0,0,0,0,1,0,0,0,0,1,0,0
39,6,0,2,4.267,13,66,0,3,0,보통,0,4,4,5,0.95,1,0,0,0,0,0,1,0,0,0,0,0,0,0,0,0,0,0
20,1,1,4,2.758,1,32,0,,,보통,,,,,1.44,0,0,0,0,0,0,0,0,0,0,0,1,0,0,0,0,0,0
26,12,0,17,0.841,4,7,0,,,보통,,,,,2.03,0,0,0,0,1,0,0,0,0,0,0,1,0,0,0,0,0,1
26,3,1,3,2.819,10,43,0,3,0,여유,0,3,4,3,1.36,1,0,0,0,0,0,0,0,0,0,0,0,0,0,0,0,0,0
33,3,0,5,2.177,2,33,1,3,0,매우혼잡,0,4,2,2,1.46,1,0,0,0,0,0,0,1,0,0,1,0,0,1,0,0,0,0
38,6,1,2,4.438,10,49,0,,,보통,,,,,1.0,0,0,0,0,0,0,0,0,0,0,0,1,0,0,0,0,0,0
22,12,0,6,2.331,31,26,1,,,혼잡,,,,,2.07,0,1,0,0,0,0,1,0,0,0,0,1,0,0,1,0,0,0
19,12,1,2,4.24,9,61,0,,,혼잡,,,,,1.04,0,0,0,0,0,0,0,0,0,0,0,0,0,0,0,0,0,0
40,3,0,15,1.14,9,17,0,,,보통,,,,,2.42,0,1,0,0,0,0,0,0,0,0,1,0,0,0,0,0,0,0
44,6,0,14,1.36,1,20,1,2,1,보통,0,4,5,3,2.64,1,0,0,0,0,0,0,0,0,0,0,0,0,1,1,0,1,0
20,3,0,9,1.995,4,28,0,3,0,여유,0,3,3,3,2.47,1,0,0,0,0,1,0,0,0,0,1,0,0,0,0,0,0,0
34,12,1,9,1.643,5,13,0,,,보통,,,,,2.02,0,0,0,0,0,0,1,0,0,0,0,1,0,0,1,0,0,0
26,1,1,20,2.36,3,43,0,3,0,혼잡,1,3,3,1,6.85,1,1,0,0,0,0,1,0,0,0,0,1,1,1,0,0,0,0
24,12,0,38,1.919,12,33,0,,,혼잡,,,,,10.45,0,0,0,0,0,0,0,0,1,0,0,1,0,1,0,0,0,0
39,1,0,6,1.963,2,32,1,2,1,매우혼잡,0,3,4,3,1.75,1,0,0,0,0,0,1,0,1,1,1,0,0,1,0,1,1,1
46,6,0,3,2.779,19,38,0,3,0,혼잡,0,4,4,3,1.01,1,0,0,0,0,0,0,0,0,0,0,1,0,0,1,1,0,0
20,12,0,7,1.903,3,45,0,,,혼잡,,,,,1.91,0,1,1,0,0,0,1,1,0,0,0,0,1,0,0,0,1,0
22,12,0,2,3.931,36,38,0,4,0,보통,0,4,4,4,1.0,1,0,0,0,0,0,0,0,0,0,0,0,0,0,0,0,0,0
29,12,0,1,5.088,8,55,0,4,0,매우혼잡,0,4,4,3,0.93,1,1,0,0,0,0,0,0,0,0,1,0,1,0,0,0,0,0
30,6,0,1,5.193,2,64,1,3,0,매우혼잡,0,3,4,4,0.89,1,0,0,0,0,0,0,0,0,0,0,0,0,0,1,0,0,0
21,6,1,1,4.98,9,57,1,3,0,매우혼잡,0,4,5,3,1.06,1,0,0,0,0,0,0,0,0,0,1,0,1,0,0,1,0,0
26,6,0,18,0.929,11,30,0,,,보통,,,,,2.4,0,0,1,0,0,0,0,1,0,0,1,0,0,0,0,0,0,0
45,6,0,10,3.141,17,32,1,4,0,여유,0,5,4,3,4.52,1,0,0,0,0,0,0,0,0,0,0,0,0,1,0,0,0,0
37,6,1,6,4.666,9,57,1,4,0,보통,0,5,5,3,4.19,1,0,0,0,0,0,0,0,0,0,0,0,0,0,1,0,0,0
21,6,1,4,3.052,9,18,0,3,0,여유,0,4,3,4,1.55,1,1,0,0,0,0,0,0,0,0,0,1,0,0,0,0,0,0
21,1,0,9,1.633,4,30,0,3,0,혼잡,0,3,4,3,2.06,1,0,0,0,0,0,1,1,0,0,1,0,0,0,0,0,1,0
24,12,0,9,1.774,8,25,0,,,여유,,,,,2.31,0,0,0,0,0,0,0,0,0,0,0,0,0,0,0,0,0,0
18,12,0,14,1.118,13,23,0,,,매우혼잡,,,,,2.24,0,1,1,1,0,0,0,0,0,1,1,1,1,1,0,1,1,1
20,3,1,3,2.585,0,26,0,,,보통,,,,,1.25,0,0,1,0,0,0,0,0,0,0,0,1,0,1,0,0,0,0
50,6,0,6,1.908,11,17,1,,,보통,,,,,1.63,0,0,0,0,0,0,0,0,1,0,1,0,0,0,0,0,0,0
30,3,0,23,0.795,3,14,0,,,혼잡,,,,,2.58,0,0,0,0,0,0,0,0,0,0,1,0,1,0,0,1,0,0
24,12,0,2,3.237,20,50,1,,,보통,,,,,1.01,0,1,0,0,0,0,0,0,0,0,0,0,0,0,0,0,0,0
34,12,0,60,0.0,14,13,0,,,보통,,,,,2.64,0,1,0,0,0,0,0,0,0,1,0,0,0,0,0,0,0,0
65,6,1,2,4.392,7,58,0,,,혼잡,,,,,1.08,0,0,1,0,0,0,0,0,0,0,0,0,0,0,0,0,0,0
30,1,1,1,4.399,3,45,0,4,0,여유,0,4,4,5,0.82,1,0,0,0,0,0,0,0,0,0,0,0,0,0,0,0,1,1
53,1,0,3,3.473,2,49,1,4,0,여유,0,4,4,4,1.66,1,0,0,0,0,0,0,0,0,0,0,0,0,0,0,0,0,0
37,3,0,17,0.953,4,8,0,3,0,여유,0,3,3,2,2.36,1,0,0,0,0,1,0,0,0,0,0,0,0,0,0,0,0,0
15,6,0,13,1.465,11,43,0,2,1,여유,0,4,2,4,2.72,1,1,0,0,1,0,0,0,0,0,0,0,0,0,1,0,1,1
28,6,0,5,2.235,6,25,0,3,0,보통,0,4,4,2,1.7,1,1,0,0,0,0,0,0,0,0,1,1,0,0,0,1,0,0
28,6,0,1,5.141,0,66,1,,,여유,,,,,0.91,0,0,0,0,0,0,0,0,0,0,0,0,0,0,0,0,0,0
41,6,0,1,4.057,31,42,0,3,1,보통,0,4,4,4,0.83,1,0,0,0,0,0,0,0,0,0,0,0,1,0,0,1,0,1
29,12,0,5,2.458,21,13,1,3,0,혼잡,0,3,4,4,1.71,1,0,0,0,0,1,1,0,0,0,0,0,0,0,0,0,0,0
39,12,1,2,3.731,36,47,1,,,혼잡,,,,,1.05,0,0,0,0,1,0,1,0,0,0,0,1,0,1,0,0,0,0
58,3,0,4,2.501,9,35,0,,,보통,,,,,1.39,0,0,0,0,0,0,0,0,0,0,0,0,0,0,0,0,1,0
54,12,1,3,3.089,17,55,0,3,0,보통,0,4,4,3,1.49,1,0,1,0,0,0,0,0,0,1,0,0,0,0,0,1,0,1
36,12,0,3,3.354,10,41,0,,,보통,,,,,1.29,0,0,0,0,0,0,0,1,0,0,1,0,0,0,0,0,0,0
43,12,1,4,2.808,17,44,1,2,0,여유,0,4,4,3,1.61,1,0,0,1,0,0,0,0,0,0,1,0,0,0,0,0,0,1
25,3,0,45,0.471,9,20,0,,,여유,,,,,3.06,0,1,0,0,0,0,0,0,1,0,0,0,0,1,0,0,0,0
34,6,0,12,1.58,1,24,1,,,보통,,,,,2.77,0,1,0,1,0,0,0,0,0,0,0,0,0,0,1,0,0,0
15,12,0,2,3.4,8,30,1,3,0,여유,0,3,5,3,1.16,1,0,0,0,0,0,0,0,0,0,0,0,0,0,0,0,0,0
28,12,1,1,6.336,2,93,1,5,0,여유,0,4,5,4,0.88,1,0,0,0,0,0,0,0,0,1,0,0,0,0,0,0,0,0
30,3,1,1,5.28,6,53,1,3,0,혼잡,0,5,4,4,1.04,1,0,0,0,0,0,0,0,0,0,1,0,1,0,0,0,0,0
43,12,1,1,5.469,31,59,1,4,0,여유,0,4,5,3,0.82,1,0,0,0,0,0,0,0,0,0,0,0,0,0,0,0,0,0
18,3,0,3,3.602,12,52,0,5,0,보통,0,4,4,4,1.69,1,0,0,0,0,0,0,0,0,0,0,0,0,1,0,0,0,0
44,6,0,2,3.163,9,37,0,4,0,여유,0,4,3,4,1.08,1,0,0,0,1,0,0,0,0,0,0,1,0,0,0,0,0,0
48,3,0,2,4.061,5,56,1,4,0,보통,0,5,4,5,0.95,1,0,0,0,0,0,0,0,0,0,0,0,0,0,1,0,0,0
42,6,1,4,2.249,11,26,0,3,0,매우혼잡,0,3,3,3,1.4,1,0,0,0,0,0,0,0,0,0,1,0,0,0,0,0,0,0
15,1,0,14,3.927,3,51,0,4,0,혼잡,0,4,4,3,7.92,1,1,0,0,0,0,0,1,0,0,0,0,1,0,0,0,0,0
50,6,0,3,2.822,28,28,1,,,혼잡,,,,,1.29,0,0,0,0,0,0,0,0,0,0,0,0,1,0,0,1,0,0
23,12,1,3,2.637,18,40,1,,,보통,,,,,1.21,0,1,0,0,0,0,0,0,0,0,0,0,0,0,0,0,0,0
35,12,0,2,4.191,19,46,1,5,0,여유,0,4,4,4,0.9,1,0,0,0,0,0,0,0,0,0,0,0,0,0,0,0,0,0
51,12,0,1,4.416,13,60,1,,,여유,,,,,0.91,0,0,0,0,0,0,0,0,0,0,0,0,0,0,0,0,0,0
38,12,1,1,4.564,36,49,1,,,혼잡,,,,,0.87,0,0,0,0,0,0,0,0,0,0,1,0,0,0,0,0,0,0
36,3,0,4,3.01,2,40,0,,,보통,,,,,1.76,0,0,0,0,0,0,0,0,0,0,0,0,1,0,0,1,0,0
36,1,0,4,2.137,11,41,0,3,0,보통,0,3,3,3,1.16,1,0,0,0,0,0,0,0,0,0,0,0,0,0,0,0,0,0
32,6,0,3,3.314,5,53,0,3,0,여유,0,3,4,3,1.24,1,0,0,0,0,0,0,1,0,0,0,0,0,0,0,0,0,0
39,12,0,3,2.653,26,50,1,,,혼잡,,,,,1.13,0,0,0,0,0,0,0,0,0,0,0,0,1,0,1,0,0,0
48,12,1,1,4.63,36,68,0,,,매우혼잡,,,,,0.92,0,0,0,0,0,0,0,0,0,0,1,1,1,0,0,0,0,0
25,1,0,56,0.0,1,18,0,,,보통,,,,,2.41,0,1,0,0,0,0,1,0,0,0,0,0,0,0,0,0,1,1
34,12,0,4,2.635,15,39,0,3,0,혼잡,0,3,3,2,1.58,1,0,1,0,0,1,0,0,0,0,0,0,0,1,1,0,0,0
54,12,0,4,2.639,11,46,0,,,보통,,,,,1.35,0,0,0,0,0,0,0,0,0,0,1,0,0,0,0,1,0,1
25,12,0,55,0.394,17,13,0,3,0,여유,0,1,2,2,3.08,1,0,0,0,0,0,1,0,0,0,0,0,0,1,0,0,0,0
45,12,1,12,1.318,27,24,0,3,0,혼잡,0,3,2,2,2.21,1,1,1,0,1,0,0,0,0,0,1,1,0,1,0,0,0,0
21,3,0,2,4.681,2,69,0,4,0,매우혼잡,1,3,4,2,1.07,1,0,0,0,0,0,0,0,0,0,1,1,1,0,1,0,0,0
47,12,0,2,4.431,8,58,1,4,0,혼잡,0,5,5,4,1.03,1,0,0,0,0,0,0,0,0,0,0,0,0,0,0,0,0,0
39,1,0,10,3.868,3,54,0,4,0,매우혼잡,0,3,5,4,5.76,1,0,0,0,0,0,0,0,0,0,1,0,0,0,0,0,0,0
18,6,1,13,1.239,14,10,0,3,0,매우혼잡,0,3,2,1,2.27,1,1,0,0,0,0,0,0,0,0,1,1,1,1,0,1,0,0
38,12,0,22,0.828,16,18,0,,,보통,,,,,2.64,0,1,0,0,0,0,1,0,0,1,1,0,0,0,0,0,0,0
36,3,0,60,0.0,5,19,0,2,0,여유,1,3,4,1,3.13,1,1,0,0,0,0,0,0,0,0,1,0,0,1,0,0,0,0
59,6,0,23,0.9,0,23,0,,,보통,,,,,2.97,0,0,1,0,0,0,0,0,1,0,0,0,0,0,0,0,0,1
33,6,0,2,3.694,20,35,1,3,0,보통,0,3,4,4,1.14,1,0,0,0,0,0,0,0,0,0,0,0,0,0,0,0,0,1
35,6,0,11,1.399,10,39,0,3,0,보통,0,4,4,4,2.16,1,0,0,0,0,0,0,0,0,0,0,0,0,0,0,1,0,0
28,12,0,13,1.038,2,18,0,3,0,보통,0,3,3,3,1.94,1,0,0,0,0,0,0,0,0,0,0,1,0,0,0,1,0,0
26,1,0,2,4.015,5,65,0,,,혼잡,,,,,0.98,0,0,0,1,0,0,0,0,0,0,0,1,0,0,0,0,0,0
15,6,1,3,2.446,18,34,0,2,0,혼잡,0,4,3,3,1.19,1,0,0,0,0,0,0,0,0,0,1,1,1,0,0,1,1,0
15,12,0,4,2.073,23,37,0,3,0,보통,0,3,3,3,1.32,1,0,0,0,0,0,0,0,0,0,1,0,1,0,0,0,0,0
35,3,0,3,3.033,3,44,0,4,0,보통,0,3,3,4,1.24,1,0,0,0,0,0,0,0,0,0,0,0,0,0,0,0,0,0
20,1,0,17,1.118,7,17,0,,,보통,,,,,2.71,0,0,0,0,0,0,1,0,0,0,0,0,0,0,0,0,0,0
19,6,1,2,4.123,8,51,0,,,여유,,,,,0.99,0,0,0,0,0,0,0,0,0,0,0,0,0,0,0,0,0,0
35,3,0,19,0.964,3,26,0,2,0,보통,0,3,2,2,2.62,1,1,1,1,0,0,0,1,0,0,1,1,0,1,0,1,0,0
41,1,1,11,1.814,1,5,0,,,보통,,,,,2.79,0,1,0,0,0,0,0,0,0,0,0,1,0,0,0,0,1,0
35,12,1,2,3.484,13,46,0,4,0,여유,0,3,4,4,1.09,1,0,0,0,0,0,0,0,0,0,0,0,0,0,0,0,0,0
37,12,1,1,6.294,7,70,1,,,여유,,,,,0.92,0,0,0,0,0,0,0,0,0,0,0,0,0,0,0,0,0,0
36,6,0,17,0.916,1,19,0,,,여유,,,,,2.25,0,1,0,0,0,0,0,0,0,1,0,0,1,0,0,0,0,0
48,12,0,11,1.975,4,21,1,3,0,여유,0,2,4,2,3.21,1,0,0,0,0,0,0,0,0,0,1,1,0,1,0,0,0,0
41,3,0,19,2.065,7,35,0,3,0,매우혼잡,0,3,2,2,5.49,1,0,0,0,0,0,1,0,0,0,1,0,0,0,0,0,0,0
35,6,0,4,3.05,21,32,1,3,0,여유,0,3,4,4,1.71,1,0,0,0,0,0,0,0,0,0,0,0,0,0,0,0,0,0
42,6,0,14,1.303,5,21,0,,,혼잡,,,,,2.52,0,1,1,1,0,0,0,0,0,0,1,1,0,0,0,1,0,0
63,6,0,4,2.449,11,39,0,,,매우혼잡,,,,,1.45,0,0,1,0,0,0,0,0,0,0,1,0,1,0,0,0,1,0
29,12,1,13,1.344,8,31,0,,,여유,,,,,2.49,0,0,0,0,0,0,0,0,0,0,0,0,0,0,0,0,0,0
33,1,0,2,4.89,0,40,0,3,0,여유,0,4,4,4,1.09,1,0,0,0,0,0,0,1,0,0,0,0,0,0,0,0,0,1
48,12,0,11,1.661,36,27,0,3,0,보통,0,3,3,3,2.55,1,0,0,0,0,0,0,0,0,0,0,0,0,0,0,0,0,0
38,6,0,5,2.07,8,35,0,3,0,보통,0,3,2,1,1.52,1,0,1,0,0,1,0,0,0,0,0,0,0,0,0,0,0,0
31,3,0,5,2.05,2,15,0,,,여유,,,,,1.54,0,0,0,0,0,0,0,0,1,0,0,0,0,0,0,0,0,0
43,12,1,1,5.929,4,65,0,3,0,매우혼잡,0,4,4,3,0.89,1,0,0,0,0,0,0,0,0,0,0,0,0,0,0,0,0,0
21,12,0,4,2.894,9,37,1,4,0,혼잡,0,2,3,3,1.62,1,0,0,0,0,0,1,0,1,0,1,0,0,0,0,0,0,0
47,6,0,4,2.332,5,19,1,,,여유,,,,,1.47,0,0,0,0,0,0,0,0,0,0,0,0,0,0,0,0,0,0
49,12,0,3,2.591,24,31,1,,,매우혼잡,,,,,1.21,0,0,0,0,0,0,0,0,0,0,1,1,0,0,0,1,0,1
18,3,1,3,3.835,6,50,0,,,보통,,,,,1.49,0,0,0,0,0,0,0,0,0,0,0,0,0,0,0,0,0,0
16,6,1,4,2.554,3,45,1,4,0,여유,1,3,4,2,1.63,1,0,0,0,0,0,0,0,1,0,0,1,1,0,0,0,1,1
24,12,1,2,3.724,16,48,1,,,보통,,,,,1.01,0,0,0,0,1,0,0,0,0,0,1,0,0,0,0,0,0,1
36,12,0,1,4.813,17,73,0,3,0,매우혼잡,1,4,3,3,0.96,1,0,0,0,0,0,0,0,0,0,1,0,1,0,0,1,0,1
44,12,1,18,0.876,24,26,0,2,1,보통,0,2,3,3,2.29,1,0,0,1,0,0,1,1,1,0,0,0,0,0,1,1,0,0
26,3,0,2,3.928,4,59,0,5,0,보통,0,4,5,3,1.07,1,0,0,0,0,0,0,0,0,0,0,0,1,0,0,0,0,0
47,3,1,3,3.747,4,77,0,,,혼잡,,,,,1.49,0,0,0,0,0,0,0,0,0,0,0,0,0,0,0,0,0,0
34,6,0,4,2.042,7,34,0,,,보통,,,,,1.03,0,0,0,0,0,0,1,0,0,0,0,0,0,0,1,0,0,0
45,3,0,1,5.591,4,84,1,4,0,보통,0,4,4,4,1.03,1,0,0,0,0,0,0,0,0,0,0,0,0,0,0,0,0,0
34,12,0,4,2.008,5,37,0,4,0,여유,0,3,3,4,1.14,1,0,0,1,0,0,0,0,0,0,0,0,0,0,0,0,0,0
34,6,0,3,3.199,16,40,0,3,0,보통,0,3,4,3,1.2,1,0,0,0,0,0,0,0,0,1,1,0,1,0,0,0,0,0
15,1,0,23,0.845,1,22,0,3,0,보통,0,3,3,4,2.72,1,1,0,0,0,0,0,0,0,1,1,0,0,0,0,0,0,0
29,1,0,10,1.706,4,28,1,3,1,보통,0,3,3,3,2.55,1,1,1,0,0,0,0,0,0,0,0,0,1,0,0,0,0,0
43,1,0,5,2.364,1,33,1,3,0,매우혼잡,0,3,4,3,1.59,1,0,0,0,0,0,0,0,0,0,1,0,0,1,0,0,0,0
33,1,0,9,1.685,2,44,0,,,여유,,,,,2.16,0,0,1,0,0,0,0,0,0,1,0,0,1,0,0,0,0,0
34,1,0,22,0.782,7,17,0,2,0,혼잡,0,1,2,2,2.48,1,1,0,1,0,1,1,1,0,0,1,0,0,1,0,1,0,0
42,12,1,3,3.935,1,52,1,4,0,매우혼잡,1,4,4,3,1.45,1,0,0,0,0,0,0,0,0,0,1,1,0,0,0,0,0,0
30,3,0,7,2.139,2,23,1,3,0,여유,0,3,3,4,2.07,1,0,0,0,0,0,0,1,0,0,0,0,0,0,0,0,0,0
40,6,1,1,5.066,21,64,0,3,0,보통,0,4,5,3,0.94,1,0,0,0,0,0,0,0,0,0,1,0,0,0,0,1,0,0
35,12,0,3,3.308,8,52,1,3,0,보통,0,4,4,3,1.6,1,0,1,0,0,0,0,0,0,0,1,1,0,0,0,0,0,0
41,6,0,9,1.373,1,19,0,,,보통,,,,,1.67,0,0,0,0,0,1,0,0,0,0,0,0,1,0,0,0,0,1
49,12,0,2,4.632,36,39,0,3,0,여유,0,3,4,5,1.04,1,0,0,0,0,0,1,0,0,0,0,0,0,0,0,0,0,0
38,3,1,7,1.966,3,29,0,3,0,여유,0,2,3,2,2.08,1,0,0,0,0,0,0,0,0,1,1,0,0,0,1,0,0,1
37,12,0,9,1.868,9,18,0,,,혼잡,,,,,2.52,0,0,0,0,0,0,0,0,0,0,0,1,0,1,0,1,1,0
29,3,1,3,2.943,2,47,0,,,혼잡,,,,,1.28,0,0,0,0,1,0,0,1,0,1,0,0,1,0,0,0,0,0
15,6,1,4,2.616,1,39,1,,,보통,,,,,1.36,0,0,0,1,0,0,1,0,0,1,0,0,0,1,0,0,0,0
35,1,0,60,0.162,2,0,0,,,보통,,,,,2.56,0,0,0,0,0,0,1,1,0,0,0,0,0,0,0,0,0,0
48,1,0,60,0.327,1,19,0,3,0,여유,1,3,3,2,2.94,1,1,1,0,0,0,1,1,0,1,1,0,0,1,0,0,1,0
27,12,1,22,3.25,23,40,1,3,0,보통,0,3,5,3,10.13,1,0,0,0,0,0,0,0,0,0,0,0,0,0,0,1,0,0
47,3,0,19,0.92,3,33,0,1,1,혼잡,0,2,3,3,2.5,1,0,0,0,0,0,0,0,1,0,0,0,0,0,0,1,1,0
20,3,0,60,0.173,1,18,0,2,0,혼잡,0,2,2,3,2.83,1,1,0,1,0,1,0,0,0,1,0,0,1,0,0,1,0,0
26,6,0,2,4.772,8,73,0,,,보통,,,,,1.06,0,0,0,0,0,0,0,0,0,0,0,0,0,1,0,0,0,0
40,6,0,4,3.331,16,24,0,3,0,보통,0,3,3,3,1.74,1,0,0,0,0,0,0,0,0,0,0,0,0,0,0,0,0,0
34,12,0,2,4.45,10,43,1,,,매우혼잡,,,,,1.04,0,0,0,0,0,0,0,0,0,0,0,0,0,0,0,1,0,0
42,12,0,4,2.464,2,42,0,,,보통,,,,,1.57,0,0,0,0,0,0,0,1,0,0,0,0,0,0,0,0,0,0
41,6,0,3,2.595,1,33,0,4,0,보통,0,3,3,4,1.26,1,0,0,0,0,0,0,1,0,0,0,0,0,0,0,0,1,0
51,12,0,1,4.714,12,61,0,,,보통,,,,,0.95,0,0,0,0,0,0,0,1,0,0,0,0,0,0,0,0,0,0
51,6,0,3,3.141,32,51,0,4,0,여유,0,4,5,5,1.38,1,1,0,0,0,1,0,0,0,1,0,0,0,0,0,0,0,0
42,6,0,5,2.479,11,47,0,3,0,여유,0,3,4,4,1.65,1,0,0,0,0,0,0,0,0,0,0,0,1,0,0,0,0,0
55,12,0,5,2.305,1,39,1,2,0,혼잡,0,3,3,2,1.81,1,0,1,0,0,0,0,1,1,0,1,0,0,0,0,1,0,0
38,12,0,32,0.536,28,0,0,2,0,보통,0,3,2,1,2.42,1,1,0,0,0,0,1,0,0,0,1,0,1,1,0,0,0,0
41,12,0,1,4.755,5,55,1,,,보통,,,,,0.88,0,0,0,0,0,0,0,0,0,0,0,1,0,0,0,0,0,0
15,12,0,2,4.549,10,53,1,4,0,보통,0,4,4,5,1.03,1,0,0,0,0,0,0,0,0,0,0,0,0,0,0,1,0,0
20,1,0,22,0.835,2,17,0,2,0,보통,0,2,3,2,2.59,1,1,0,1,0,0,0,0,0,0,0,0,0,0,0,0,1,0
58,12,1,10,4.118,11,43,1,,,여유,,,,,5.86,0,0,0,1,0,0,1,0,0,0,0,0,0,0,0,0,0,0
42,6,1,1,4.824,3,63,0,4,0,보통,0,5,3,4,0.94,1,0,0,1,0,0,0,0,0,0,0,0,0,0,0,0,0,0
39,6,0,6,2.021,21,27,0,4,0,혼잡,1,4,3,2,1.59,1,0,0,0,0,0,0,0,0,0,1,0,1,1,0,0,0,0
30,12,1,3,2.833,10,46,0,,,여유,,,,,1.23,0,0,1,0,0,1,0,0,0,0,0,0,0,0,0,0,0,0
32,1,0,5,2.136,4,39,0,3,0,보통,0,3,3,3,1.57,1,0,0,0,0,0,0,0,0,0,0,0,0,0,0,0,0,0
42,3,0,3,2.895,1,23,1,3,0,여유,0,3,4,4,1.35,1,0,0,0,0,0,1,0,0,0,0,1,0,0,0,0,1,0
42,3,1,3,3.182,1,28,0,4,0,여유,0,4,4,3,1.5,1,0,0,0,0,0,1,0,0,0,0,0,0,0,0,0,0,0
26,1,0,36,0.544,1,11,0,,,보통,,,,,2.83,0,1,1,0,0,0,0,1,0,0,1,0,0,0,0,1,0,0
40,6,0,3,2.992,3,42,1,4,0,보통,0,3,4,4,1.42,1,0,0,0,0,0,1,0,0,0,0,0,0,0,0,0,0,0
43,6,0,12,1.771,2,25,1,4,0,여유,0,3,4,3,2.91,1,0,0,0,0,0,1,1,0,0,0,0,0,0,0,0,0,0
27,12,1,21,0.994,7,23,0,3,0,보통,1,2,2,1,3.0,1,0,1,0,0,1,0,0,0,0,0,0,1,0,0,0,0,0
41,6,1,13,1.558,5,17,1,,,보통,,,,,2.91,0,1,0,0,0,0,0,0,0,0,0,0,0,1,0,0,0,1
43,1,0,6,1.865,2,27,0,,,여유,,,,,1.58,0,0,0,0,0,0,0,0,0,0,0,0,0,0,0,0,0,0
37,1,0,24,0.845,1,25,0,2,0,여유,0,2,2,3,2.84,1,1,0,0,1,0,1,1,1,0,0,0,0,0,0,1,1,0
15,6,0,4,2.044,36,30,1,4,0,보통,0,3,4,3,1.26,1,0,0,0,0,0,0,0,0,0,0,1,0,0,0,0,0,0
35,12,0,3,3.269,19,58,0,3,0,혼잡,0,3,3,2,1.22,1,1,0,0,0,0,0,0,0,0,0,0,0,1,0,0,0,1
22,1,1,2,4.268,3,51,0,5,0,보통,0,3,4,5,1.06,1,0,0,0,0,0,0,0,0,0,0,0,0,0,0,0,0,0
32,6,1,3,3.471,9,49,0,,,혼잡,,,,,1.39,0,0,0,0,0,0,0,0,0,0,0,0,0,0,0,0,0,0
52,12,0,18,1.181,14,20,1,2,0,보통,0,3,4,2,3.11,1,0,0,0,0,0,0,0,0,1,0,0,0,0,0,0,0,0
22,3,0,51,0.0,3,6,0,,,여유,,,,,2.17,0,1,0,0,0,0,0,0,0,1,0,0,0,0,1,1,1,0
31,12,1,1,5.508,5,54,1,4,0,매우혼잡,0,4,4,3,1.0,1,0,0,1,0,0,0,0,0,0,1,0,0,0,0,0,0,0
48,3,0,47,0.0,0,20,1,,,여유,,,,,2.01,0,0,0,0,0,0,0,0,0,0,0,0,0,0,0,0,0,0
40,6,0,12,1.508,3,23,0,,,혼잡,,,,,2.61,0,0,1,0,0,1,1,0,0,0,1,0,1,0,1,0,0,0
29,6,1,2,4.61,31,31,0,4,0,매우혼잡,0,3,4,3,1.01,1,0,0,0,0,0,0,0,0,0,0,0,0,0,0,0,0,0
38,6,0,12,1.233,4,23,0,3,0,여유,0,4,3,3,2.03,1,0,0,0,1,0,0,0,0,0,0,1,0,0,0,0,0,0
29,12,0,2,3.925,16,51,1,,,보통,,,,,1.28,0,0,0,0,0,0,0,0,0,0,0,0,0,0,0,0,0,0
46,12,0,12,1.347,25,21,0,,,여유,,,,,2.23,0,0,0,0,0,0,0,0,0,0,0,0,0,0,1,1,0,1
23,12,0,15,1.377,8,28,0,,,여유,,,,,2.97,0,1,0,1,0,0,0,0,0,0,0,1,0,0,0,0,0,0
45,12,1,3,3.274,12,21,1,4,0,여유,0,3,3,3,1.23,1,0,0,0,0,0,0,0,0,0,0,0,0,0,0,0,0,0
45,6,1,2,3.898,15,57,0,5,0,여유,0,5,5,4,1.02,1,0,0,0,0,0,0,0,0,0,0,0,0,0,0,0,0,0
27,3,0,4,2.519,19,38,0,4,0,여유,0,4,4,3,1.56,1,0,0,0,0,0,0,0,0,0,0,0,0,0,0,0,0,0
33,12,0,14,1.314,20,7,0,4,0,혼잡,0,4,4,3,2.57,1,0,0,0,0,0,0,0,0,0,1,0,0,0,0,0,0,0
54,12,0,3,3.378,4,46,1,,,보통,,,,,1.65,0,0,0,0,0,0,0,0,0,1,0,0,0,0,0,0,0,0
58,3,1,8,1.895,8,39,0,3,0,혼잡,1,3,3,1,2.11,1,0,0,0,0,0,0,0,0,0,1,0,1,1,0,0,0,0
32,12,1,3,3.014,24,29,0,3,0,보통,0,3,3,3,1.14,1,0,0,0,0,0,0,0,0,0,1,1,0,0,0,0,0,0
22,12,0,4,2.763,4,29,0,3,0,보통,0,2,2,3,1.57,1,0,0,0,0,0,1,1,0,0,0,0,0,1,0,0,0,0
33,1,0,4,3.106,6,35,0,4,0,보통,0,4,3,3,1.68,1,0,0,0,0,0,0,0,0,0,0,0,1,0,0,0,0,0
42,6,1,11,1.631,8,14,0,2,0,혼잡,0,2,3,3,2.66,1,0,1,1,0,0,1,0,0,0,0,0,0,1,1,1,0,1
54,1,0,21,0.935,1,25,0,3,0,여유,0,2,3,3,2.87,1,1,0,0,0,0,0,1,1,0,0,0,0,0,0,0,0,0
31,3,0,4,2.852,2,56,1,,,여유,,,,,1.5,0,0,0,0,1,0,1,0,0,0,0,0,0,0,0,1,0,0
31,1,0,2,3.877,16,25,0,3,0,보통,0,4,4,3,1.31,1,0,0,0,0,0,0,0,0,0,0,0,0,0,0,1,0,0
42,6,0,4,2.532,10,22,0,3,0,여유,0,3,3,4,1.51,1,1,0,0,0,0,0,0,0,0,0,0,1,0,0,1,0,0
27,1,1,5,2.273,7,43,0,3,0,혼잡,0,3,2,2,1.51,1,0,0,0,0,0,0,1,0,0,1,0,0,1,0,1,0,0
29,6,1,9,3.321,5,36,1,,,여유,,,,,4.34,0,1,0,1,0,0,0,0,0,0,0,0,0,0,0,0,0,1
15,6,1,4,2.883,18,36,1,2,0,혼잡,0,3,3,3,1.69,1,0,0,1,0,0,0,0,0,0,1,0,0,0,1,1,1,1
42,3,0,19,0.944,8,30,0,3,0,여유,0,3,3,5,2.61,1,0,0,0,0,1,0,0,0,0,0,0,0,0,0,0,0,1
32,3,1,1,4.339,2,58,1,4,0,매우혼잡,0,4,5,4,0.92,1,0,0,0,0,0,0,0,0,0,1,0,0,0,0,1,1,0
24,3,0,4,2.329,1,47,0,3,0,보통,0,3,4,3,1.48,1,0,0,0,0,0,0,0,0,0,0,0,0,0,0,0,0,0
23,1,0,1,4.665,3,67,0,4,0,보통,0,3,4,4,0.87,1,0,0,0,0,0,1,0,0,1,0,0,0,0,0,0,0,0
40,6,1,4,2.822,8,39,0,3,0,매우혼잡,0,3,2,3,1.8,1,1,0,0,0,0,0,0,0,0,1,0,1,1,0,0,0,0
34,3,0,2,4.49,5,60,1,4,0,혼잡,0,3,4,4,1.09,1,0,0,0,0,0,0,0,0,0,1,0,0,0,0,0,0,0
30,12,0,19,0.976,11,34,0,,,보통,,,,,2.71,0,1,0,1,1,0,0,0,0,0,0,0,0,0,0,0,0,0
31,6,1,2,3.669,10,32,0,4,0,여유,0,4,3,4,1.07,1,0,0,0,0,1,0,0,0,0,0,0,0,0,0,0,0,0
44,3,0,21,1.034,10,3,0,,,보통,,,,,3.09,0,1,1,0,0,0,0,0,1,1,0,0,0,1,0,1,0,1
49,12,1,5,2.457,2,30,0,2,0,매우혼잡,1,3,2,1,1.62,1,1,0,0,0,0,0,0,1,0,1,1,1,1,0,0,1,0
22,12,0,2,3.809,2,53,0,,,혼잡,,,,,1.09,0,1,0,1,0,0,0,1,0,0,0,0,1,1,0,0,0,0
29,12,0,3,3.429,13,36,1,3,0,혼잡,0,4,4,3,1.45,1,0,0,0,0,0,0,0,0,0,0,0,0,0,1,0,0,0
27,6,0,5,2.525,2,37,0,3,0,보통,0,4,2,3,1.65,1,0,1,0,1,0,0,0,0,0,1,0,0,0,0,0,0,0
41,3,0,3,3.563,7,45,0,4,0,보통,0,4,4,3,1.3,1,0,0,0,0,0,1,0,0,0,0,0,0,0,0,0,0,0
42,12,1,3,3.812,23,49,0,3,0,혼잡,0,4,3,3,1.42,1,0,0,0,1,0,0,0,0,0,0,0,0,0,0,0,0,0
29,12,0,15,1.228,2,9,0,3,0,보통,0,3,3,3,2.56,1,1,0,0,0,0,0,0,0,1,0,0,0,0,1,0,0,0
19,1,0,4,2.35,0,38,0,,,혼잡,,,,,1.41,0,1,0,0,0,0,0,0,1,0,0,0,0,0,1,1,0,0
33,6,1,5,2.565,5,43,0,,,보통,,,,,1.71,0,1,0,0,0,0,0,0,0,0,0,0,0,0,0,0,0,0
26,3,0,4,3.154,10,46,0,4,0,보통,0,4,4,4,1.79,1,0,0,0,0,0,0,0,0,0,0,0,0,0,0,0,0,0
24,1,0,5,2.288,1,27,0,3,0,혼잡,0,3,3,3,1.57,1,0,0,0,0,0,1,1,0,0,0,0,0,0,0,1,1,0
31,12,0,13,1.277,8,19,0,3,0,보통,0,2,3,3,2.29,1,0,0,0,0,0,0,0,0,1,1,0,0,0,0,0,0,0
22,3,0,8,1.828,1,33,0,2,0,여유,0,3,3,3,2.21,1,1,0,0,0,0,0,0,0,1,0,0,0,0,0,0,0,0
32,3,1,3,2.527,3,29,0,3,0,보통,0,3,4,3,1.1,1,0,0,0,0,1,0,0,1,0,0,0,0,0,0,0,0,0
28,12,1,3,2.678,12,32,1,3,1,보통,1,4,5,3,1.21,1,0,0,0,0,0,0,0,0,0,1,0,0,0,0,1,0,1
24,3,0,3,2.468,6,34,0,3,0,여유,0,4,4,4,1.07,1,0,0,0,0,0,0,0,0,0,0,0,0,0,0,0,0,0
32,3,0,20,2.723,5,33,1,,,보통,,,,,7.89,0,0,0,0,0,0,0,0,0,0,0,0,0,0,0,0,1,0
16,1,0,22,0.656,1,32,0,3,0,보통,0,2,3,2,2.02,1,0,0,0,0,0,0,0,1,0,0,0,0,0,0,0,0,0
29,6,1,21,2.507,21,49,0,3,0,혼잡,0,3,3,3,7.51,1,1,0,0,1,0,0,0,0,0,1,0,0,0,0,0,0,0
36,3,0,3,3.917,11,37,1,,,혼잡,,,,,1.72,0,0,0,0,1,0,0,0,0,0,0,0,0,0,0,0,0,0
28,1,0,3,3.42,3,47,1,3,0,혼잡,0,3,4,3,1.23,1,1,0,0,0,0,0,0,0,0,1,1,0,0,0,0,0,0
55,3,0,14,1.402,1,13,0,2,0,여유,0,2,2,3,2.85,1,1,1,0,0,1,0,0,0,0,0,0,0,0,1,0,0,0
31,12,0,9,1.444,20,40,0,,,여유,,,,,1.77,0,0,0,0,0,0,0,0,0,0,0,0,0,0,0,0,0,0
39,1,0,35,0.62,2,18,1,3,0,보통,0,2,3,3,3.12,1,1,0,0,0,0,0,0,0,1,0,0,0,0,0,0,0,0
31,3,0,6,2.132,1,21,0,4,0,보통,0,3,3,3,1.79,1,0,0,1,0,0,0,0,0,0,0,0,0,0,0,0,0,0
38,12,0,1,4.607,13,55,0,4,0,혼잡,0,4,3,3,0.89,1,0,0,0,0,0,0,1,0,0,1,0,0,0,0,0,0,0
42,3,0,10,1.602,9,23,1,,,보통,,,,,2.29,0,0,0,1,1,0,0,0,0,0,0,0,0,0,0,0,0,0
39,3,0,15,1.288,10,25,0,3,0,보통,0,2,3,3,2.78,1,0,0,0,0,0,0,0,0,0,1,0,0,0,0,1,0,0
19,6,1,13,1.187,5,7,0,2,1,보통,0,3,3,2,2.19,1,1,0,0,0,0,0,0,0,0,1,1,1,0,1,0,0,1
44,6,1,2,3.512,7,40,0,3,0,보통,0,4,5,4,1.12,1,0,0,0,0,0,0,0,0,0,0,1,0,0,0,0,0,0
38,6,1,2,3.53,1,29,1,,,혼잡,,,,,1.18,0,0,1,0,0,0,0,0,0,0,0,0,0,0,0,0,0,0
26,12,0,1,5.176,28,57,1,4,0,혼잡,0,4,4,4,0.84,1,0,0,1,0,0,0,0,0,0,0,0,0,0,0,1,0,0
32,1,0,3,2.17,2,22,1,3,0,매우혼잡,0,2,3,2,1.06,1,0,0,0,0,0,1,1,0,1,0,0,0,0,0,0,0,0
37,1,0,5,2.441,2,22,0,4,0,보통,0,3,4,4,1.79,1,0,0,0,0,0,0,0,0,0,0,0,0,0,0,0,0,0
41,3,1,3,3.444,7,25,0,3,0,매우혼잡,0,3,3,3,1.54,1,0,0,0,0,0,0,1,0,0,1,1,1,0,0,1,0,1
15,12,0,1,5.01,11,68,1,4,0,여유,0,3,4,3,1.03,1,0,0,0,0,0,0,1,0,0,0,0,0,0,0,0,0,0
24,1,0,2,3.489,6,47,0,3,0,여유,0,2,2,3,1.24,1,0,0,0,0,1,1,0,1,0,0,0,0,0,0,0,0,0
27,6,0,60,0.956,4,17,0,3,0,보통,0,2,2,3,16.84,1,1,0,0,1,0,0,1,0,0,1,0,0,0,0,0,0,0
54,12,1,2,3.93,1,45,1,4,0,보통,0,4,3,3,1.36,1,0,0,0,1,0,0,0,0,1,0,0,0,0,0,0,0,1
28,12,0,3,3.036,4,24,0,,,보통,,,,,1.26,0,0,1,0,0,0,0,0,0,0,0,0,0,0,0,0,1,0
45,6,0,4,2.713,5,48,0,4,0,여유,0,3,3,2,1.45,1,0,0,0,0,0,0,0,0,0,0,0,0,0,0,0,0,0
34,3,0,4,2.81,1,33,0,,,보통,,,,,1.55,0,0,0,0,0,0,0,0,0,0,0,1,1,0,0,0,1,0
43,12,0,9,1.853,23,4,0,,,혼잡,,,,,2.48,0,0,0,0,0,0,0,0,0,0,0,0,0,0,0,0,0,0
24,1,0,23,0.642,7,49,0,2,0,보통,0,3,3,3,2.14,1,0,0,0,0,0,0,0,0,1,0,0,0,0,0,0,0,0
25,12,0,21,1.003,7,28,0,,,여유,,,,,2.99,0,0,1,0,0,0,0,0,0,0,1,0,0,0,0,0,0,0
38,6,0,29,0.746,2,17,0,,,여유,,,,,3.13,0,1,0,0,0,0,1,1,0,1,0,1,0,0,0,0,0,0
36,12,0,8,1.586,13,31,1,3,0,매우혼잡,0,3,4,2,1.74,1,0,0,0,0,0,1,0,0,1,0,1,0,0,0,1,1,1
31,6,0,60,0.216,8,5,0,,,여유,,,,,2.56,0,0,1,0,0,1,0,1,0,0,0,0,1,0,1,0,0,1
42,12,1,1,4.477,12,65,1,3,0,보통,0,3,5,3,0.9,1,0,0,0,0,0,0,0,0,0,0,0,0,0,0,0,0,0
43,6,0,5,4.902,5,62,1,4,0,여유,0,3,5,3,3.71,1,0,0,0,1,0,0,0,0,0,0,0,0,0,0,0,0,0
23,12,0,8,1.912,21,23,0,,,보통,,,,,2.18,0,0,0,0,0,0,0,0,0,0,0,0,0,0,0,0,0,0
53,6,0,16,1.085,7,8,0,,,여유,,,,,2.5,0,0,1,0,1,0,0,1,0,0,0,0,1,0,0,0,1,1
48,12,0,5,2.035,5,39,0,3,0,여유,1,3,3,2,1.49,1,0,0,0,1,0,0,0,1,0,0,0,0,0,0,0,0,0
25,6,0,1,5.569,5,61,1,4,0,혼잡,0,4,5,3,0.93,1,0,0,0,0,0,0,0,0,0,1,0,0,1,0,0,0,0
32,6,1,2,3.283,7,35,0,3,1,매우혼잡,0,4,3,4,1.14,1,0,0,0,0,0,0,0,0,0,1,0,0,0,1,1,0,0
43,3,1,16,1.303,2,24,0,2,0,혼잡,1,3,3,1,2.89,1,1,0,0,0,0,1,0,0,0,0,1,1,1,1,1,0,1
15,3,0,18,1.053,4,24,1,,,보통,,,,,2.76,0,1,0,0,0,0,0,0,1,0,0,0,0,0,0,0,0,0
36,3,0,2,3.47,3,44,0,3,0,보통,0,3,4,3,1.23,1,1,0,0,0,0,0,0,0,0,1,0,0,1,0,0,1,0
29,3,0,38,1.731,3,40,0,,,여유,,,,,9.44,0,1,0,0,0,0,1,1,0,0,0,0,0,0,0,0,0,0
33,12,0,20,0.905,8,20,0,2,0,여유,0,2,2,3,2.65,1,1,1,0,0,0,0,1,1,0,0,0,0,0,0,0,0,0
46,12,0,8,1.731,14,15,0,2,0,혼잡,0,2,3,2,1.9,1,1,0,0,0,0,1,0,1,1,0,0,1,1,0,0,0,0
20,1,0,2,4.426,6,50,0,4,0,혼잡,0,4,4,4,0.96,1,0,0,0,0,0,0,0,0,0,0,1,0,0,0,1,0,0
26,3,1,5,2.608,4,22,0,,,보통,,,,,1.72,0,0,0,0,0,0,0,0,0,0,0,0,0,0,0,0,0,1
23,6,1,53,0.0,1,8,0,1,1,보통,0,4,2,3,2.25,1,1,1,0,0,0,1,0,0,0,0,0,1,0,1,1,1,1
27,1,0,20,1.044,2,15,0,,,보통,,,,,2.93,0,1,0,0,0,0,0,0,0,1,0,0,0,0,0,0,0,0
46,12,1,11,1.509,10,35,0,3,0,혼잡,0,3,2,3,2.4,1,1,1,1,0,0,0,0,0,0,1,1,1,0,0,0,0,0
36,3,0,51,1.106,0,0,0,4,0,보통,0,1,3,2,8.01,1,1,0,0,0,0,1,1,1,1,0,0,0,1,0,0,0,0
41,12,0,46,0.446,18,16,0,,,매우혼잡,,,,,2.95,0,1,1,1,0,0,0,0,0,0,1,1,1,1,1,1,0,0
25,3,0,3,3.568,5,55,0,,,보통,,,,,1.28,0,0,0,0,0,0,0,0,0,0,0,0,0,0,0,0,0,0
42,3,0,9,1.986,4,15,0,3,0,매우혼잡,0,3,3,3,2.48,1,0,0,0,0,1,0,0,0,0,0,1,0,0,0,0,0,0
43,12,0,13,3.415,12,29,1,,,혼잡,,,,,6.1,0,1,0,0,1,1,0,0,0,0,1,0,0,0,0,0,1,1
34,12,0,5,2.414,20,45,1,3,0,여유,0,4,4,4,1.57,1,0,0,0,0,0,0,0,0,0,0,0,0,0,1,0,0,1
47,6,0,5,2.389,4,33,0,4,0,혼잡,0,3,4,2,1.71,1,1,0,0,0,0,0,0,0,0,1,1,0,0,0,0,0,0
44,12,0,5,2.079,4,39,0,3,0,매우혼잡,0,2,2,2,1.36,1,0,0,0,0,0,0,0,0,0,1,1,0,0,0,1,0,0
21,6,1,3,3.526,1,55,1,,,여유,,,,,1.51,0,0,0,0,0,0,0,0,0,0,0,0,0,0,0,0,0,0
34,12,0,14,3.257,24,28,1,3,0,보통,0,3,5,3,6.53,1,0,0,0,0,0,1,0,0,0,1,0,0,1,0,0,0,1
22,12,0,33,0.615,14,9,0,2,0,혼잡,0,2,1,3,2.94,1,1,0,0,0,0,1,0,1,0,0,0,0,0,1,0,0,0
17,6,0,10,1.713,2,37,0,,,보통,,,,,2.48,0,1,1,0,0,0,0,0,0,0,0,0,0,0,0,0,0,0
25,12,0,4,2.698,5,38,0,3,0,보통,0,4,3,4,1.61,1,0,0,0,0,0,0,0,0,0,0,0,0,0,0,0,0,0
33,12,0,13,1.531,21,31,0,3,0,혼잡,0,2,2,3,2.74,1,0,1,0,0,0,0,0,0,0,0,0,0,0,0,0,1,1
52,12,1,1,6.048,24,83,1,4,0,매우혼잡,0,3,4,3,0.82,1,0,0,0,0,0,0,0,0,0,1,1,0,1,0,0,0,1
34,6,0,5,5.627,20,81,1,,,보통,,,,,4.36,0,0,0,0,0,0,0,0,0,0,0,0,0,0,0,0,0,0
27,3,0,4,2.359,2,43,0,3,0,매우혼잡,1,3,2,2,1.37,1,1,0,0,1,0,0,1,0,0,1,1,1,1,0,0,0,1
37,3,0,13,1.6,5,29,0,,,혼잡,,,,,2.9,0,1,1,1,0,0,1,0,0,0,1,0,0,0,1,0,0,0
35,6,1,3,2.794,2,28,0,,,보통,,,,,1.08,0,0,0,0,0,0,0,0,0,0,1,1,0,1,1,0,0,0
28,12,0,4,2.433,30,45,0,3,0,여유,1,4,3,2,1.41,1,1,0,0,0,0,0,0,0,0,0,0,1,1,0,0,0,1
31,3,0,13,1.425,2,16,1,3,0,보통,0,3,4,2,2.55,1,1,0,0,0,0,0,0,1,0,0,0,1,0,0,0,1,0
33,3,0,4,2.797,3,29,0,3,0,여유,0,4,2,4,1.43,1,0,0,0,0,0,0,0,0,0,0,0,0,0,0,0,0,0
37,6,0,6,2.065,14,21,0,3,0,보통,0,2,2,2,1.64,1,0,0,1,0,0,0,1,0,0,0,0,0,1,0,0,0,0
49,12,0,7,5.185,15,68,0,,,여유,,,,,5.41,0,0,0,0,0,0,0,1,0,0,0,0,0,0,0,0,0,0
37,12,0,1,5.756,17,66,1,4,0,보통,0,3,5,4,1.06,1,0,0,0,0,0,0,0,0,0,0,0,0,0,0,0,0,0
41,3,1,4,4.837,12,56,1,,,보통,,,,,2.79,0,0,0,0,0,0,0,0,0,0,0,0,0,0,1,0,0,0
33,3,0,15,1.508,5,36,0,2,0,보통,0,2,3,3,3.23,1,1,0,1,0,0,0,0,0,1,0,0,0,0,0,1,0,0
15,6,1,4,2.215,3,19,0,3,0,보통,0,3,2,3,1.12,1,0,0,0,0,1,0,1,1,0,0,1,0,0,0,0,0,0
23,12,1,11,1.416,4,29,0,,,매우혼잡,,,,,2.32,0,1,0,0,0,0,0,1,0,0,0,1,0,0,0,1,1,1
28,12,0,6,1.813,3,23,0,,,보통,,,,,1.56,0,0,0,0,0,0,0,0,0,0,0,0,0,0,1,0,1,0
23,1,0,2,4.57,3,66,0,,,매우혼잡,,,,,1.04,0,0,0,0,0,0,1,0,0,0,0,0,0,0,0,0,0,0
39,3,0,4,2.83,8,59,1,3,0,혼잡,0,3,3,3,1.72,1,0,0,0,0,0,0,1,0,0,0,0,0,0,0,0,0,0
18,3,0,5,2.145,0,29,0,3,0,혼잡,0,3,3,2,1.6,1,0,0,0,0,0,0,0,0,0,1,1,1,1,0,1,0,0
20,1,0,5,2.168,2,34,0,,,매우혼잡,,,,,1.59,0,0,0,0,0,0,1,1,1,0,0,0,1,0,0,1,0,0
36,12,0,3,2.939,9,32,0,4,0,여유,0,3,3,2,1.45,1,0,0,0,0,0,0,0,0,0,0,0,0,0,0,0,0,0
41,3,0,4,2.709,2,49,0,,,혼잡,,,,,1.65,0,0,0,1,0,0,0,0,0,1,1,1,1,1,0,0,1,1
38,3,1,14,1.095,10,19,0,2,1,보통,0,4,3,3,2.2,1,1,0,0,0,0,1,0,0,0,0,0,0,0,1,0,0,0
29,3,0,33,0.635,6,21,0,,,보통,,,,,3.01,0,1,0,0,0,0,0,0,1,0,1,0,0,0,0,0,0,1
31,1,1,5,2.153,11,38,0,4,0,여유,0,4,3,4,1.53,1,0,0,0,0,0,0,0,0,0,0,0,0,0,0,0,0,0
18,12,0,11,1.563,4,40,0,2,0,혼잡,1,3,3,1,2.55,1,1,1,0,0,0,0,0,0,0,1,1,1,1,0,0,0,0
20,12,1,3,3.461,13,35,0,5,0,여유,0,4,4,3,1.44,1,0,0,0,0,0,0,0,0,0,1,0,0,0,0,0,0,0
46,1,1,2,3.902,1,32,0,4,0,여유,0,5,4,5,1.26,1,0,0,0,0,0,0,0,0,1,0,0,0,0,0,0,0,0
58,6,0,55,0.376,3,6,0,2,0,보통,0,3,3,2,2.97,1,0,0,0,0,0,0,0,0,0,1,0,0,0,0,0,0,0
38,6,0,3,3.119,2,52,0,4,0,여유,0,4,5,4,1.43,1,0,0,0,0,0,0,0,0,0,0,0,0,0,0,0,0,0
31,12,0,11,3.778,3,28,1,3,0,여유,0,3,4,3,6.15,1,1,0,0,0,0,0,0,0,0,0,0,1,0,0,0,0,0
23,12,1,3,2.859,16,29,1,3,0,보통,0,4,3,3,1.26,1,0,0,1,0,1,0,0,0,0,0,0,0,0,0,0,0,0
16,6,1,3,2.842,6,50,1,3,0,보통,0,4,4,3,1.27,1,0,0,0,0,0,0,0,0,0,0,0,0,0,0,0,0,0
26,12,0,3,3.717,8,29,0,,,여유,,,,,1.68,0,0,0,0,0,0,0,0,0,0,0,0,0,0,0,0,0,0
32,12,1,1,4.832,36,47,0,4,0,보통,0,4,4,3,0.82,1,0,0,0,0,0,1,0,0,0,0,0,1,0,0,1,0,0
31,6,0,7,1.574,9,39,0,3,0,보통,0,3,3,3,1.59,1,1,0,1,0,0,0,0,0,0,0,0,0,0,0,0,0,0
29,12,0,15,2.532,26,34,1,3,0,보통,0,3,4,3,5.47,1,1,0,0,0,0,0,0,0,0,0,0,0,0,0,0,0,0
39,12,0,5,2.473,2,26,1,,,보통,,,,,1.72,0,0,1,0,0,0,0,0,0,0,1,0,0,0,0,1,0,1
26,12,1,3,3.518,12,29,1,,,혼잡,,,,,1.74,0,0,0,0,0,0,0,0,0,0,0,0,0,1,0,0,0,0
39,1,1,15,1.03,2,16,0,,,혼잡,,,,,2.17,0,0,0,0,1,0,1,0,0,0,0,1,1,0,0,0,0,0
25,12,0,60,0.0,8,11,0,,,보통,,,,,2.65,0,0,0,0,0,0,0,0,0,0,0,0,0,1,0,1,0,0
51,12,1,3,3.556,36,27,0,3,0,보통,0,3,3,3,1.53,1,0,1,0,1,0,0,0,0,1,0,1,1,0,1,0,0,0
30,12,0,1,4.832,36,48,1,4,0,보통,0,3,5,5,0.83,1,0,0,0,0,0,1,0,0,0,0,0,0,0,0,0,0,0
27,3,0,4,2.345,1,37,0,,,보통,,,,,1.47,0,0,0,0,0,0,0,0,0,1,1,0,0,0,0,0,1,0
33,3,1,13,2.907,3,34,0,3,0,매우혼잡,0,3,2,3,5.31,1,0,0,0,0,0,1,0,1,0,1,1,0,0,0,0,1,0
46,3,1,4,2.625,5,45,0,,,여유,,,,,1.38,0,0,0,0,0,0,0,0,1,0,0,0,0,0,0,0,0,0
27,3,0,1,5.161,1,65,1,4,0,여유,0,4,4,4,0.86,1,0,0,0,0,0,0,0,0,0,0,0,0,0,0,0,0,0
41,1,1,10,1.459,1,46,0,,,매우혼잡,,,,,2.16,0,0,0,0,0,0,0,0,0,0,1,0,0,1,0,0,0,0
30,12,0,2,3.213,20,44,1,,,혼잡,,,,,1.12,0,0,0,1,0,0,0,0,0,0,0,0,0,0,0,0,0,1
36,12,1,2,4.313,17,61,0,4,0,보통,0,2,2,4,1.02,1,0,0,0,1,0,0,0,0,1,1,0,0,0,0,0,0,0
44,6,1,1,6.212,4,65,1,,,여유,,,,,0.82,0,0,0,0,0,0,0,0,0,0,0,0,0,0,0,0,0,0
30,3,0,29,0.553,9,15,0,,,보통,,,,,2.31,0,0,0,0,0,0,0,1,0,0,1,0,1,1,0,0,0,1
31,12,1,4,2.45,8,29,0,3,0,매우혼잡,1,3,3,2,1.45,1,0,0,0,0,0,0,0,0,0,1,1,1,1,0,0,0,0
20,12,0,3,3.557,6,31,0,,,보통,,,,,1.46,0,0,0,0,0,0,0,0,0,0,0,0,0,0,0,0,1,0
37,3,0,60,0.301,2,16,0,,,보통,,,,,2.58,0,1,0,0,1,0,0,0,0,0,0,0,1,1,0,0,0,1
37,12,0,4,2.313,31,32,0,,,보통,,,,,1.46,0,1,0,0,0,0,0,0,0,0,1,0,0,0,1,1,1,0
51,6,1,4,2.301,3,38,0,3,0,보통,0,4,3,3,1.45,1,0,0,0,0,0,0,0,0,0,0,0,1,0,0,0,0,0
29,6,1,2,4.082,9,49,1,3,0,여유,0,4,5,3,0.96,1,0,0,0,0,0,0,0,0,0,0,0,0,0,0,0,0,0
47,6,0,54,0.0,3,20,0,,,혼잡,,,,,2.33,0,1,0,0,0,0,0,0,1,1,1,0,0,0,0,0,0,0
29,3,1,3,2.763,1,41,0,3,1,보통,0,4,5,4,1.09,1,0,0,0,0,0,0,1,0,0,0,0,0,0,0,0,0,0
15,3,0,4,3.15,12,53,0,4,0,여유,0,4,5,5,1.64,1,0,0,0,0,1,0,1,0,0,0,0,0,0,0,0,0,0
20,12,0,2,3.365,4,32,0,2,0,보통,0,3,3,3,1.14,1,0,0,1,0,0,1,0,0,1,0,0,0,0,0,1,0,0
46,6,0,50,0.275,5,8,1,2,0,보통,0,3,3,3,2.16,1,0,0,0,0,0,0,0,0,0,0,0,0,0,0,0,0,0
17,12,0,13,1.53,3,18,0,2,1,보통,0,3,4,4,2.75,1,1,0,0,0,0,0,1,0,0,0,0,0,0,0,1,0,0
19,1,1,1,4.966,1,56,1,4,0,여유,0,4,5,4,0.99,1,0,0,0,0,0,0,0,1,0,0,0,0,0,0,0,0,0
32,3,0,5,2.371,5,37,0,4,0,보통,0,3,4,3,1.66,1,0,0,0,0,0,0,0,0,0,0,0,0,0,0,0,0,0
34,12,0,1,5.551,12,58,1,4,0,혼잡,0,4,5,3,1.06,1,0,0,0,0,0,1,0,0,0,1,0,0,0,0,0,0,0
44,12,1,60,1.188,9,18,0,2,0,보통,0,2,3,3,11.32,1,1,0,0,0,0,0,0,0,0,0,0,0,0,1,0,0,0
39,1,0,3,3.29,1,50,0,,,혼잡,,,,,1.19,0,0,0,1,0,0,1,0,1,0,0,0,1,0,0,1,0,0
21,6,0,5,2.113,7,27,0,,,혼잡,,,,,1.6,0,0,0,0,0,0,0,0,0,0,1,1,0,0,0,0,0,0
53,6,1,5,2.619,10,48,0,,,매우혼잡,,,,,1.75,0,1,0,0,0,0,0,0,0,0,1,0,0,0,1,1,0,0
33,1,0,23,2.288,14,29,0,3,0,보통,1,4,3,2,7.42,1,1,1,0,0,0,1,0,0,0,1,0,0,1,0,0,0,0
34,6,0,5,2.321,11,32,1,,,보통,,,,,1.7,0,0,1,0,0,0,0,1,0,0,0,0,0,0,0,1,0,0
31,1,0,11,1.982,2,33,1,2,0,혼잡,0,2,2,2,3.06,1,0,1,0,0,0,1,0,0,0,0,0,1,0,0,0,1,0
44,12,0,3,3.5,6,39,0,4,0,여유,0,3,3,3,1.52,1,0,0,0,0,0,0,0,0,0,0,0,1,0,0,0,0,1
47,3,0,1,4.443,25,68,0,,,보통,,,,,0.89,0,0,0,0,0,0,0,0,0,0,0,0,0,0,0,0,0,0
27,6,0,3,2.964,17,43,1,3,0,보통,0,3,5,3,1.14,1,0,0,0,0,0,0,0,0,0,1,0,0,0,0,0,0,0
42,6,1,2,4.289,8,46,1,,,매우혼잡,,,,,0.94,0,0,0,0,0,0,0,1,0,1,0,0,1,0,0,0,0,1
50,6,0,14,1.062,8,13,0,,,혼잡,,,,,2.15,0,1,0,1,1,0,1,1,0,0,0,0,0,1,0,0,1,0
24,6,0,6,2.1,6,18,1,,,여유,,,,,1.67,0,1,1,0,0,0,0,1,0,1,0,0,0,0,1,0,1,0
35,6,1,5,2.411,2,27,0,3,0,여유,0,4,3,3,1.72,1,0,0,0,1,0,0,0,0,0,0,0,0,0,0,0,0,0
59,1,0,3,2.577,2,48,1,,,보통,,,,,1.08,0,0,0,0,0,0,0,0,0,0,0,0,0,0,0,0,0,0
23,12,0,3,2.609,7,50,0,,,혼잡,,,,,1.22,0,0,0,0,1,0,0,0,1,0,0,0,0,0,0,0,0,0
34,12,1,11,1.343,13,39,0,4,0,보통,0,3,3,4,2.07,1,0,0,0,0,0,0,0,1,0,0,0,0,0,1,0,0,0
34,12,1,2,4.359,19,52,1,3,0,보통,0,4,4,4,1.04,1,0,0,0,0,0,0,0,0,0,0,0,1,0,0,0,0,1
25,3,0,51,0.885,9,26,0,2,0,혼잡,1,2,2,1,6.48,1,1,0,0,0,0,0,1,0,0,0,1,1,1,0,1,0,0
50,12,0,5,2.385,36,16,0,3,0,혼잡,0,3,3,3,1.78,1,0,1,0,0,0,0,0,0,1,0,0,0,0,0,0,0,0
32,12,0,3,3.141,12,43,1,3,0,보통,0,4,5,3,1.13,1,0,0,0,0,0,0,0,0,0,0,0,0,0,0,1,0,0
39,12,0,12,1.71,4,15,0,,,보통,,,,,3.04,0,1,1,0,0,0,0,0,0,1,0,0,0,0,0,0,0,0
24,12,0,10,1.477,14,15,0,2,0,보통,0,1,2,3,2.13,1,1,0,1,0,0,0,0,1,1,0,0,0,1,0,0,0,0
37,12,0,5,2.469,16,45,0,3,0,보통,0,3,3,3,1.68,1,0,0,0,0,0,0,0,0,0,0,0,0,0,0,0,0,0
41,1,0,5,2.415,2,45,0,,,혼잡,,,,,1.65,0,0,0,0,0,1,1,0,0,0,0,1,0,0,0,1,0,0
15,12,0,10,1.941,6,8,1,,,혼잡,,,,,2.79,0,1,0,0,0,0,0,0,0,0,1,0,0,1,0,1,1,0
27,12,1,1,6.202,12,70,1,,,보통,,,,,0.82,0,0,0,0,0,0,0,0,0,0,0,0,0,0,0,0,0,0
44,1,0,20,0.844,2,15,0,3,0,여유,0,3,3,3,2.44,1,1,0,0,1,0,0,0,0,1,0,0,0,0,0,0,1,0
56,6,1,10,1.837,1,22,1,3,0,보통,0,3,3,2,2.53,1,0,1,0,0,0,0,0,0,1,0,0,0,0,0,0,0,1
52,12,0,45,0.404,4,40,0,,,보통,,,,,2.59,0,1,0,1,0,0,1,0,0,0,0,0,0,0,0,1,1,0
31,12,0,4,2.407,10,41,0,,,보통,,,,,1.3,0,0,0,0,0,0,0,0,0,0,1,0,0,1,0,1,0,0
51,3,1,11,1.292,3,14,0,,,보통,,,,,2.12,0,1,0,0,0,0,0,1,0,0,0,0,0,0,1,0,0,0
25,6,0,12,2.887,1,36,1,,,매우혼잡,,,,,4.76,0,1,0,0,0,0,0,1,0,0,1,1,1,1,0,1,0,0
42,1,0,4,3.277,1,46,0,3,0,혼잡,0,3,3,2,1.67,1,1,0,0,0,0,0,0,0,0,0,1,0,0,1,0,0,0
51,6,1,4,2.423,5,35,0,3,0,여유,0,3,4,4,1.22,1,0,0,0,0,0,1,0,1,0,0,0,0,0,0,0,0,0
33,6,0,4,2.54,10,35,0,3,0,보통,0,3,4,3,1.38,1,1,0,0,0,0,0,0,0,0,0,0,0,0,0,0,0,0
48,6,1,3,3.931,18,35,0,4,0,보통,0,3,4,3,1.66,1,0,0,0,0,0,0,0,0,0,0,0,0,0,0,0,0,0
36,12,0,13,1.386,6,39,0,4,0,보통,0,4,2,4,2.56,1,0,0,0,0,0,0,0,0,0,0,0,0,0,0,0,0,0
27,12,0,5,2.257,20,28,0,,,보통,,,,,1.48,0,1,0,0,0,0,0,1,0,0,0,0,0,0,0,0,0,0
37,12,0,4,2.691,3,43,0,,,여유,,,,,1.54,0,0,0,1,0,0,0,0,0,0,0,0,0,0,0,0,1,0
29,12,0,3,2.442,32,19,0,4,0,여유,0,4,5,4,1.18,1,0,0,0,0,0,0,0,0,0,0,0,0,0,0,0,0,0
23,3,0,6,2.344,1,23,0,1,0,매우혼잡,0,2,1,3,1.97,1,0,1,1,0,0,0,1,0,1,0,0,0,0,1,0,1,0
15,6,1,5,2.157,7,24,0,,,매우혼잡,,,,,1.42,0,0,0,0,0,0,0,0,0,0,1,0,0,1,0,1,0,0
30,1,0,5,2.75,3,39,1,3,0,혼잡,0,3,4,3,1.77,1,0,0,0,0,0,0,0,0,0,0,1,1,0,0,1,0,1
30,12,1,2,4.474,6,50,0,3,0,보통,0,5,4,3,0.96,1,0,0,0,0,0,0,0,0,0,0,0,0,0,0,0,0,0
20,12,1,1,5.97,25,69,1,4,0,보통,0,4,5,4,0.9,1,0,0,0,0,0,0,0,0,0,0,0,0,0,1,0,0,0
30,3,0,9,1.548,3,7,1,,,보통,,,,,2.06,0,1,0,0,0,0,0,0,0,0,1,1,0,1,0,0,0,0
41,3,0,3,2.766,2,31,0,,,보통,,,,,1.28,0,1,0,0,1,0,0,0,0,0,0,1,0,0,0,0,0,0
40,12,1,3,2.895,24,26,0,3,0,여유,0,4,3,3,1.31,1,0,0,0,0,0,0,0,1,0,0,0,0,0,0,0,0,0
20,12,1,1,5.182,21,62,1,3,0,혼잡,0,5,3,3,0.93,1,0,0,0,0,0,0,0,0,0,0,0,0,0,1,0,0,0
52,6,0,2,4.14,13,51,0,,,매우혼잡,,,,,1.06,0,0,0,0,0,0,0,0,0,0,1,0,1,1,0,0,0,1
19,12,1,4,5.9,9,66,1,3,0,혼잡,0,3,4,5,3.34,1,0,0,0,0,0,0,0,0,1,0,0,0,0,0,1,0,0
27,6,1,3,2.647,6,27,1,3,0,보통,1,4,4,1,1.32,1,1,0,0,0,0,0,0,0,0,1,0,1,1,0,0,0,0
39,3,0,16,1.287,7,21,1,,,여유,,,,,2.91,0,1,0,0,0,0,0,0,0,0,0,0,0,0,0,0,0,0
24,3,0,10,1.882,1,35,0,3,0,매우혼잡,1,3,2,2,2.75,1,1,0,0,0,0,0,0,0,1,1,1,1,1,0,1,0,0
40,6,0,3,2.316,7,21,0,4,0,여유,0,3,3,3,1.14,1,0,0,0,1,0,0,0,0,0,1,0,0,0,0,0,0,0
40,3,0,3,2.776,9,35,0,,,혼잡,,,,,1.0,0,1,0,0,0,0,0,0,0,0,0,0,0,0,0,0,0,0
35,1,0,53,0.0,5,0,0,,,매우혼잡,,,,,2.27,0,1,0,0,0,1,0,0,0,1,1,1,1,1,1,1,0,1
24,3,0,53,0.069,4,20,0,,,여유,,,,,2.25,0,1,0,0,0,0,0,0,0,0,0,0,0,0,0,1,1,1
15,12,1,1,5.02,15,43,0,4,0,보통,0,4,5,4,0.85,1,0,0,0,0,0,0,0,0,0,0,0,0,0,0,0,0,0
22,3,1,3,2.893,2,37,0,3,0,여유,0,3,4,3,1.36,1,0,0,0,0,0,0,0,0,0,0,1,0,0,0,1,0,0
19,12,0,2,3.982,33,46,0,3,0,여유,0,3,3,3,1.31,1,0,0,0,1,0,0,0,0,0,0,0,0,0,0,0,0,0
36,12,1,1,5.322,15,45,0,,,보통,,,,,1.06,0,0,0,0,0,0,0,0,0,1,0,1,0,0,0,0,0,0
61,6,0,5,2.223,5,20,0,,,보통,,,,,1.65,0,0,0,0,0,0,0,0,0,0,0,1,0,0,0,0,0,0
44,1,1,13,1.125,2,13,0,3,0,여유,0,3,2,3,2.07,1,1,1,0,0,0,0,0,0,0,0,0,0,0,0,0,0,0
47,6,1,1,5.021,13,49,1,3,0,보통,0,4,5,4,0.82,1,0,0,0,0,0,0,0,0,0,0,0,1,0,0,0,0,0
33,3,1,3,3.22,8,32,1,,,혼잡,,,,,1.34,0,0,0,0,0,0,0,0,1,0,0,1,1,1,0,0,0,0
44,3,1,3,3.344,1,36,1,4,0,보통,0,3,4,3,1.28,1,0,0,0,0,0,0,0,0,0,0,0,0,0,0,0,0,0
37,6,1,2,3.511,7,63,0,,,보통,,,,,1.11,0,0,0,0,0,0,0,0,0,0,0,0,0,0,0,0,0,0
29,12,1,3,3.996,10,64,0,3,0,보통,0,3,3,3,1.63,1,0,0,0,1,0,1,0,0,0,0,0,0,0,0,1,0,0
41,12,1,16,1.332,29,4,1,2,0,매우혼잡,0,2,3,2,3.07,1,0,0,0,0,0,1,0,0,0,1,0,0,1,0,1,0,1
28,6,1,4,2.962,6,34,1,2,0,보통,0,2,3,3,1.64,1,0,0,0,0,0,0,0,0,1,0,0,0,0,0,0,0,0
26,1,0,5,2.323,4,20,0,,,매우혼잡,,,,,1.7,0,0,0,0,0,0,1,0,0,1,0,0,0,1,0,0,0,0
46,12,1,15,3.655,3,44,1,,,여유,,,,,8.03,0,0,0,0,0,0,0,1,0,0,0,0,0,0,0,1,0,0
31,6,0,19,0.917,17,9,0,,,여유,,,,,2.53,0,0,1,0,0,0,0,0,0,0,0,0,0,0,1,1,1,1
16,12,1,12,1.509,13,33,0,2,0,보통,0,4,3,3,2.68,1,1,1,1,1,0,0,0,0,0,1,1,0,0,0,0,0,1
21,6,1,3,3.043,1,39,0,3,0,혼잡,0,4,3,3,1.29,1,0,0,0,0,0,0,0,0,0,1,1,0,0,0,1,0,0
38,6,1,3,3.157,15,34,0,,,혼잡,,,,,1.48,0,0,1,0,0,0,0,0,0,1,0,0,0,1,0,0,0,0
15,3,0,2,3.679,8,62,0,3,0,보통,0,5,2,5,1.11,1,0,1,0,0,1,0,0,0,0,0,0,0,1,0,0,0,0
29,6,0,48,0.403,3,19,0,,,보통,,,,,2.77,0,1,0,0,0,1,0,1,0,0,1,0,0,0,0,0,0,0
23,3,1,2,3.977,7,51,1,5,0,여유,0,5,5,5,1.05,1,0,0,0,0,0,0,0,0,0,0,0,0,0,0,0,0,0
34,12,0,3,3.47,2,33,0,3,0,보통,0,3,2,4,1.34,1,0,0,0,0,1,1,0,0,0,0,0,0,0,0,0,0,0
31,12,0,11,1.582,25,36,1,,,여유,,,,,2.55,0,0,0,0,0,0,0,0,0,0,0,0,0,0,0,0,0,0
17,12,0,7,1.962,14,20,1,,,보통,,,,,2.06,0,0,0,0,0,0,1,0,0,1,0,1,0,0,0,1,0,0
41,3,1,2,3.219,2,25,0,,,여유,,,,,1.13,0,0,0,1,0,0,0,0,0,0,0,0,0,0,0,0,0,0
44,3,0,5,2.02,8,33,0,,,보통,,,,,1.38,0,0,0,0,0,0,0,0,0,0,0,0,0,0,0,0,0,0
29,12,1,1,5.074,9,68,0,4,0,보통,0,4,4,4,1.0,1,0,0,0,0,0,0,0,0,0,1,0,0,0,0,0,0,0
37,1,1,10,1.553,1,5,0,2,0,여유,0,3,3,3,2.31,1,0,0,0,0,0,0,0,0,0,0,0,0,0,0,0,0,1
34,3,0,39,0.589,6,7,0,3,0,보통,0,2,3,3,3.25,1,1,0,0,0,0,1,0,0,1,0,0,0,1,1,1,0,0
15,6,1,16,0.763,17,20,0,3,1,보통,1,3,3,2,1.69,1,1,1,0,0,0,0,0,0,0,1,1,1,1,0,1,0,1
30,6,0,3,3.226,25,38,1,3,0,보통,0,3,3,3,1.54,1,0,0,0,0,0,0,0,1,0,1,1,0,0,0,0,0,1
15,6,0,3,2.307,9,30,1,,,혼잡,,,,,1.12,0,1,0,0,0,0,0,0,0,0,0,0,0,1,0,1,0,0
46,12,1,1,6.221,19,73,1,4,0,혼잡,0,4,4,4,1.07,1,0,0,1,0,0,1,0,0,0,0,0,0,0,0,0,0,0
42,1,1,4,2.594,7,9,1,3,0,혼잡,0,3,4,3,1.33,1,1,0,0,0,0,1,0,0,0,1,1,0,1,0,0,0,0
56,3,0,3,3.214,2,52,1,3,0,혼잡,0,3,3,4,1.35,1,0,0,0,0,0,0,0,0,0,0,0,0,0,0,1,0,0
28,12,0,1,4.771,5,44,1,,,혼잡,,,,,0.94,0,0,0,0,0,0,0,0,0,0,0,0,0,0,0,0,0,0
35,3,1,3,2.755,1,24,0,,,혼잡,,,,,1.1,0,0,0,0,0,0,0,1,0,0,1,0,0,0,0,0,0,0
35,6,0,4,2.485,6,44,1,3,0,보통,0,4,3,2,1.26,1,1,0,0,0,0,0,0,0,0,0,1,1,0,0,0,0,0
39,12,0,4,2.267,1,33,0,3,0,매우혼잡,0,4,3,2,1.25,1,1,0,0,0,0,0,0,0,1,0,0,0,1,0,0,0,0
19,6,0,3,2.366,3,39,1,3,0,혼잡,0,3,3,3,1.0,1,0,0,0,0,0,0,0,0,0,0,0,0,0,0,0,0,1
38,3,0,16,1.141,0,7,1,1,1,보통,0,2,3,3,2.66,1,0,0,0,0,0,0,0,0,0,0,0,0,1,1,1,1,1
37,3,0,3,2.789,8,51,0,,,혼잡,,,,,1.36,0,1,0,0,0,0,1,0,1,0,0,0,0,0,0,0,0,0
29,6,0,3,3.38,14,48,0,3,0,보통,0,3,3,4,1.33,1,0,0,0,1,0,0,0,0,0,0,1,0,0,0,0,0,0
23,6,1,2,4.217,13,55,0,4,0,보통,0,4,3,4,0.97,1,0,0,1,0,0,0,0,0,0,0,1,1,0,0,0,0,0
15,12,0,11,1.602,25,20,1,,,혼잡,,,,,2.44,0,0,0,0,0,0,0,0,0,0,1,1,0,0,0,0,1,0
37,12,1,3,3.899,13,45,1,2,0,보통,0,4,3,2,1.76,1,0,0,0,0,0,0,0,0,0,1,1,1,0,0,0,0,0
55,12,0,55,0.0,13,14,0,3,0,여유,0,2,2,2,2.37,1,0,0,0,0,1,0,0,0,0,0,1,0,0,0,0,0,0
15,3,1,16,1.109,13,0,0,2,1,보통,0,3,3,3,2.47,1,1,0,0,0,0,0,0,0,1,1,0,0,0,0,1,0,1
22,12,0,4,2.615,5,47,1,,,보통,,,,,1.66,0,0,0,0,0,0,0,0,0,0,0,0,1,0,0,0,0,0
36,12,0,3,2.865,8,18,0,3,0,보통,0,3,3,3,1.23,1,0,0,0,0,0,0,0,0,0,0,0,0,0,0,0,0,0
35,12,0,3,2.709,7,33,1,,,보통,,,,,1.29,0,0,0,0,0,0,0,0,0,0,0,0,0,0,0,0,0,0
15,3,0,10,1.761,3,37,0,2,0,혼잡,0,3,3,3,2.51,1,1,0,0,0,0,0,0,0,0,0,1,0,0,0,1,0,0
33,6,1,3,3.819,22,34,0,3,0,보통,0,3,3,4,1.65,1,1,0,0,0,0,0,0,0,0,0,0,0,0,0,0,1,0
27,12,0,1,5.049,14,63,1,4,0,보통,0,3,5,4,0.82,1,0,0,0,0,0,0,0,0,0,0,0,0,0,0,0,0,0
23,3,1,3,2.67,5,37,0,3,0,보통,0,4,3,3,1.09,1,0,0,0,0,0,0,0,0,0,0,0,0,0,0,0,0,0
17,1,0,8,1.729,9,32,0,4,0,보통,0,3,3,4,2.01,1,0,1,0,0,0,0,0,0,0,0,0,0,0,0,0,0,0
30,6,0,12,1.425,10,30,0,3,0,보통,0,2,3,2,2.4,1,0,0,0,0,0,0,1,0,0,0,0,1,0,0,0,0,1
25,12,0,6,2.18,13,50,0,3,0,보통,0,2,3,4,1.78,1,0,0,0,0,0,0,0,1,0,0,0,0,1,0,0,0,0
43,6,0,4,2.152,16,25,0,3,0,보통,0,3,3,3,1.14,1,0,0,0,0,0,1,0,0,0,0,0,0,0,0,0,0,1
37,3,1,2,3.883,3,50,1,4,0,매우혼잡,1,3,4,2,1.14,1,0,0,0,0,0,0,1,0,0,1,1,0,1,1,0,1,0
39,12,1,3,3.152,22,40,0,,,혼잡,,,,,1.48,0,0,0,1,0,0,0,1,0,0,0,0,0,0,0,1,0,0
28,12,0,6,1.889,15,40,0,,,보통,,,,,1.53,0,0,0,0,0,0,0,0,0,0,1,1,0,0,0,0,0,0
41,3,0,6,1.862,1,34,0,3,0,보통,0,4,4,4,1.65,1,0,0,0,0,0,0,0,0,0,0,0,0,0,0,0,0,0
38,12,0,2,3.477,22,38,0,2,0,보통,0,4,4,4,1.02,1,0,0,1,0,0,0,0,0,0,0,0,0,0,0,0,1,0
21,12,0,14,0.919,2,12,0,2,1,보통,0,3,3,3,1.84,1,1,0,0,0,0,1,0,0,0,1,1,0,0,1,1,0,1
32,1,1,3,3.982,1,44,1,4,0,보통,0,3,4,4,1.44,1,1,0,0,0,0,0,0,1,1,0,0,0,0,0,0,0,0
19,12,0,3,2.228,4,27,1,3,0,보통,0,4,4,3,1.05,1,0,0,0,0,0,0,0,0,0,0,0,1,0,0,0,0,0
38,6,0,6,1.73,9,42,0,,,보통,,,,,1.54,0,0,0,0,0,0,0,0,0,0,0,0,0,0,0,0,0,0
61,12,1,1,4.806,12,85,0,,,매우혼잡,,,,,0.98,0,0,0,0,0,0,0,0,0,0,1,0,1,1,0,0,0,0
49,6,0,2,4.185,12,61,0,4,0,여유,0,5,5,4,0.94,1,0,0,0,0,0,0,0,0,0,0,0,0,0,0,0,0,0
35,6,0,2,3.68,21,32,0,,,보통,,,,,1.22,0,0,0,0,0,0,0,0,0,0,1,0,0,0,0,0,0,0
36,6,0,11,1.53,11,36,1,3,0,보통,0,1,4,2,2.35,1,0,0,0,0,0,1,0,0,0,0,0,0,0,0,0,0,0
29,12,0,2,3.718,8,45,1,3,0,여유,0,3,4,3,1.12,1,0,0,0,0,0,0,0,0,0,0,0,0,0,0,0,0,0
38,3,0,6,1.82,3,37,0,,,보통,,,,,1.58,0,1,0,0,0,0,0,0,0,0,0,0,0,0,0,0,0,0
25,3,0,57,0.313,2,8,0,3,0,여유,0,2,2,3,2.55,1,0,0,1,0,1,0,0,0,0,0,0,0,0,0,0,0,0
37,6,0,2,4.33,9,64,0,4,0,여유,0,4,4,4,0.94,1,0,0,0,0,0,0,0,0,0,0,0,0,0,0,0,0,0
34,6,1,1,4.44,4,78,0,,,여유,,,,,0.82,0,0,0,0,0,1,0,0,0,0,1,0,0,0,0,0,0,0
15,6,0,3,3.398,7,37,1,,,보통,,,,,1.45,0,0,0,0,0,0,0,0,0,0,1,0,0,0,0,1,0,0
18,6,0,12,1.36,13,22,0,3,0,보통,0,3,3,3,2.38,1,0,0,1,0,0,0,0,0,0,0,0,1,0,0,0,0,0
37,6,0,16,1.282,12,18,1,,,보통,,,,,2.94,0,0,0,0,0,0,0,1,0,0,0,0,1,0,0,0,0,0
34,1,1,3,2.914,1,38,0,,,여유,,,,,1.32,0,0,0,0,0,0,0,0,0,0,0,0,0,0,0,0,0,0
28,3,0,1,5.167,15,65,1,,,보통,,,,,0.84,0,0,0,0,0,0,1,1,0,0,0,0,0,0,0,0,0,0
15,3,0,3,2.942,2,38,0,4,0,여유,0,2,4,3,1.37,1,0,0,0,0,0,1,0,1,0,0,1,0,0,1,0,0,0
45,3,0,11,1.003,7,27,0,1,1,혼잡,0,2,3,2,1.51,1,0,0,0,0,0,1,0,0,0,1,0,0,0,0,0,0,1
38,12,0,4,2.121,14,46,0,,,보통,,,,,1.12,0,0,1,0,0,0,0,0,0,0,1,0,0,0,0,1,0,0
18,3,0,10,1.54,2,22,0,3,0,보통,0,2,3,1,2.2,1,1,1,0,0,0,0,0,1,0,0,0,1,0,0,0,0,0
15,1,0,11,1.899,3,28,0,2,0,여유,0,3,3,2,2.95,1,1,0,0,0,0,0,0,0,0,0,0,0,1,0,0,1,0
21,12,1,4,2.21,5,23,0,,,혼잡,,,,,1.18,0,1,0,0,0,0,0,0,0,0,1,0,0,1,0,0,1,0
20,3,1,60,1.189,11,34,0,,,혼잡,,,,,11.92,0,1,0,0,0,0,0,0,1,1,1,0,0,0,0,0,0,0
16,3,1,2,3.922,3,48,1,4,0,혼잡,0,3,5,3,1.39,1,0,0,0,0,0,0,0,0,0,0,0,0,0,0,0,0,0
23,3,0,10,1.507,4,48,0,3,0,혼잡,0,3,3,2,2.13,1,1,0,0,0,0,0,0,0,0,0,0,1,1,0,0,0,0
29,6,1,3,3.345,9,55,0,4,0,보통,0,4,4,4,1.26,1,0,0,0,0,0,0,0,0,0,0,0,0,0,0,0,0,0
22,12,0,4,2.428,36,36,0,3,0,혼잡,1,3,3,1,1.55,1,0,0,0,1,0,0,0,0,0,1,0,0,1,0,1,0,0
24,12,1,2,3.774,36,49,0,,,매우혼잡,,,,,1.19,0,0,0,0,0,0,0,0,0,0,1,1,1,1,0,1,1,0
24,6,1,1,5.532,15,66,1,4,0,보통,0,4,5,5,0.96,1,0,0,0,0,0,0,0,0,0,0,0,0,0,0,0,0,0
40,3,0,19,0.909,6,17,1,,,혼잡,,,,,2.48,0,0,0,0,0,0,0,0,1,0,0,0,0,1,0,1,0,1
32,12,0,1,4.595,15,68,0,4,0,혼잡,0,4,3,3,0.94,1,0,0,0,0,0,0,0,0,0,1,1,0,0,0,0,0,0
16,12,0,7,1.574,12,38,1,,,혼잡,,,,,1.65,0,0,0,0,0,0,1,0,0,0,0,0,1,0,0,0,0,0
28,6,0,2,4.033,6,56,0,,,혼잡,,,,,0.89,0,0,0,0,0,0,0,0,0,0,1,0,0,0,0,0,0,0
35,3,0,5,2.3,2,33,0,3,0,보통,0,3,3,4,1.58,1,0,0,0,0,0,1,0,0,0,0,0,0,0,0,0,0,0
46,1,0,60,0.613,2,21,0,,,여유,,,,,7.33,0,1,0,1,0,1,0,0,0,0,0,0,0,0,0,0,1,0
38,12,0,9,1.266,19,27,0,,,보통,,,,,1.61,0,0,0,0,0,0,0,0,0,0,0,0,0,0,0,0,0,0
36,6,1,2,4.86,29,53,0,5,0,여유,0,5,4,4,1.05,1,0,0,0,0,0,0,0,1,0,0,0,0,0,0,0,0,0
31,12,0,24,0.679,23,26,0,,,보통,,,,,2.35,0,0,1,0,0,0,0,0,0,0,1,0,0,1,0,0,0,0
49,1,0,19,0.81,1,26,0,,,혼잡,,,,,2.18,0,1,1,0,1,0,0,0,0,0,0,1,1,1,0,1,0,0
22,3,0,3,2.409,8,52,0,3,0,여유,0,3,3,4,1.09,1,1,0,0,0,0,0,0,1,0,0,0,0,0,0,0,0,0
35,12,0,40,1.413,22,0,1,2,1,여유,0,2,4,3,8.0,1,1,0,1,0,0,0,0,0,1,0,0,0,0,0,0,0,0
38,6,0,2,3.062,8,51,0,,,보통,,,,,1.02,0,0,0,0,0,0,0,0,1,0,0,0,0,0,0,0,0,0
19,12,0,3,3.117,4,31,1,,,여유,,,,,1.37,0,0,0,0,0,0,0,0,0,0,0,0,1,0,0,0,0,0
31,12,0,2,2.98,11,42,1,3,0,여유,0,3,4,3,1.03,1,0,0,0,0,0,0,1,0,0,1,0,0,0,0,1,0,0
47,1,0,23,0.701,3,0,0,,,보통,,,,,2.28,0,0,0,0,0,0,0,0,0,0,0,0,1,0,1,1,1,0
27,12,1,3,2.913,9,31,0,3,0,보통,0,3,3,4,1.26,1,0,1,0,0,1,0,0,0,0,0,0,0,0,0,0,0,0
25,12,0,2,3.502,8,31,1,4,0,여유,0,3,4,4,1.18,1,0,0,0,0,0,0,1,0,0,0,0,0,0,0,0,0,0
26,12,0,4,2.876,34,31,1,,,혼잡,,,,,1.68,0,0,0,0,0,0,0,0,0,0,1,0,0,0,0,0,0,0
50,12,1,8,1.536,15,12,0,2,1,여유,0,3,3,3,1.8,1,0,0,0,1,0,0,0,0,0,0,0,0,0,0,0,0,0
39,12,0,2,3.147,6,42,1,3,0,보통,0,3,4,4,1.09,1,0,0,0,0,0,0,0,0,0,0,0,0,0,0,0,0,1
40,6,0,7,3.732,14,45,0,,,보통,,,,,3.84,0,0,0,1,0,0,0,0,0,0,0,0,1,0,1,0,0,0
23,6,0,9,1.796,10,31,0,,,보통,,,,,2.28,0,1,0,0,1,0,0,0,0,0,0,0,0,0,0,0,0,0
29,12,1,12,1.355,9,21,0,,,여유,,,,,2.41,0,0,1,0,0,0,1,0,0,0,0,0,0,0,0,1,0,0
29,6,0,8,1.941,7,50,0,2,0,보통,0,3,4,3,2.17,1,0,0,0,0,0,0,0,0,0,0,0,0,0,0,0,0,1
32,12,1,2,4.31,1,49,1,,,보통,,,,,1.09,0,0,0,0,0,0,0,0,0,0,0,0,0,1,0,0,0,0
57,3,0,12,1.237,6,23,0,,,보통,,,,,2.08,0,1,0,0,0,0,1,0,0,0,0,0,0,0,0,0,0,0
36,3,0,13,3.092,7,33,0,3,0,매우혼잡,0,3,3,3,5.64,1,0,0,0,0,0,0,0,0,0,1,1,0,1,0,1,0,0
25,12,0,5,2.496,12,38,1,,,보통,,,,,1.74,0,0,0,0,0,0,0,0,0,0,0,0,0,0,0,0,0,0
31,6,0,9,1.439,14,26,0,3,0,여유,0,3,3,4,1.88,1,0,0,0,0,0,0,1,1,0,0,0,0,0,0,0,0,1
43,12,0,3,2.925,12,41,0,2,0,보통,0,3,3,3,1.42,1,0,1,0,0,0,1,0,0,0,0,0,0,1,0,0,1,0
33,12,0,4,2.076,20,21,0,,,보통,,,,,1.22,0,0,0,1,0,0,0,0,0,0,0,0,0,0,0,0,0,1
33,12,0,5,2.164,22,38,0,4,0,여유,0,3,2,3,1.61,1,0,0,0,0,0,0,0,0,0,0,0,0,0,0,0,0,0
36,1,0,6,1.914,3,15,0,,,보통,,,,,1.69,0,0,0,0,0,0,0,0,0,0,0,0,0,0,0,0,0,0
37,6,0,3,3.2,5,45,1,,,혼잡,,,,,1.35,0,0,0,0,0,0,0,0,1,1,0,0,0,0,0,0,0,0
24,3,0,16,0.898,0,24,0,,,보통,,,,,2.09,0,0,0,0,0,0,0,0,0,0,1,1,1,0,0,0,0,0
36,12,0,2,4.549,9,30,1,,,매우혼잡,,,,,1.1,0,0,0,0,0,1,0,0,0,0,0,0,0,1,0,1,0,0
38,12,0,8,1.624,12,6,0,,,매우혼잡,,,,,1.93,0,0,0,0,0,0,0,0,0,0,1,1,0,1,0,0,1,0
37,3,0,1,5.112,3,48,1,,,보통,,,,,0.91,0,0,0,0,0,0,0,0,0,0,1,0,1,1,0,0,0,0
46,12,1,2,4.027,33,44,1,,,보통,,,,,1.04,0,0,0,0,0,0,0,0,0,0,0,0,0,1,0,0,0,0
39,6,0,3,3.185,18,51,0,,,보통,,,,,1.38,0,0,0,0,0,0,0,0,0,0,0,0,0,1,0,0,0,0
31,6,1,15,1.129,20,15,0,,,혼잡,,,,,2.44,0,0,1,0,0,0,0,1,1,1,1,0,1,1,0,0,0,0
24,6,0,14,1.21,7,31,0,3,0,보통,0,4,3,3,2.41,1,0,0,0,0,0,0,0,0,0,0,0,0,0,0,1,0,0
38,3,0,9,1.245,4,11,1,3,1,여유,0,3,4,4,1.54,1,1,0,1,0,0,0,0,0,1,1,0,0,0,1,1,0,0
33,3,1,1,4.192,5,64,0,4,0,보통,0,4,4,3,0.86,1,0,0,0,0,0,0,0,0,0,0,0,0,0,0,0,1,0
20,3,1,12,1.733,6,0,0,,,혼잡,,,,,2.88,0,0,0,1,0,1,0,1,1,1,0,0,1,0,0,0,0,0
41,12,0,5,2.503,9,32,0,3,0,혼잡,0,3,2,2,1.66,1,1,0,1,0,0,0,0,0,1,1,0,0,1,0,0,0,0
18,6,0,1,5.455,5,73,1,4,0,보통,0,4,5,3,1.01,1,0,0,0,0,0,0,0,0,0,0,1,0,0,0,0,0,0
23,6,0,60,0.0,4,6,0,3,0,여유,0,3,3,3,2.57,1,0,0,0,0,0,0,0,0,0,0,0,0,0,0,0,0,0
31,6,0,3,2.767,16,35,0,4,0,여유,0,3,3,3,1.19,1,0,0,0,0,0,0,0,0,1,0,1,0,0,0,0,0,0
23,12,0,3,2.916,36,56,0,3,0,보통,0,3,4,3,1.14,1,0,0,0,0,0,0,0,0,0,0,1,0,1,0,0,0,0
18,12,1,4,2.95,14,29,1,,,혼잡,,,,,1.75,0,1,0,1,0,0,0,0,0,0,1,0,0,0,0,1,0,0
37,6,1,2,4.435,4,25,0,4,0,보통,0,5,4,3,1.01,1,0,1,0,0,0,0,0,0,0,1,1,0,0,0,0,0,1
41,1,1,15,1.33,0,23,1,,,보통,,,,,2.79,0,1,1,0,0,0,0,1,0,0,0,0,0,0,0,0,0,0
58,6,1,3,2.65,11,29,0,,,보통,,,,,1.14,0,0,0,0,0,0,0,0,0,1,0,1,0,0,1,1,0,1
28,12,0,3,3.054,5,46,0,4,0,보통,0,4,3,3,1.37,1,0,0,0,0,0,0,0,0,0,0,0,1,0,0,0,0,0
40,6,0,9,1.806,20,20,0,4,0,보통,0,4,3,3,2.21,1,0,0,0,0,0,0,0,0,0,0,0,0,0,0,0,0,0
34,12,0,10,1.537,12,15,1,,,혼잡,,,,,2.18,0,1,0,1,0,0,0,0,0,0,0,1,0,1,0,0,0,0
31,12,1,1,6.175,2,75,1,4,0,보통,0,5,5,5,0.8,1,0,0,0,0,0,0,0,0,0,1,0,0,0,0,0,0,0
47,1,0,19,1.131,3,16,0,2,0,보통,0,2,3,3,3.04,1,1,1,0,0,1,0,1,1,0,0,0,0,0,1,1,0,0
21,1,0,1,4.142,5,59,0,4,0,보통,0,3,4,3,0.84,1,0,0,0,0,0,0,1,0,0,1,1,0,1,0,0,0,0
15,1,0,17,1.078,3,41,0,,,보통,,,,,2.67,0,0,0,0,0,0,0,1,0,0,0,0,0,0,0,1,0,0
47,6,0,3,3.121,2,35,0,3,0,보통,0,3,3,3,1.55,1,1,0,0,0,0,1,0,0,0,0,0,0,0,0,1,0,0
18,12,0,4,2.928,9,46,0,3,0,보통,0,3,2,2,1.5,1,0,0,0,0,0,0,0,0,0,1,0,0,0,0,0,0,0
15,3,0,22,0.921,7,24,0,,,혼잡,,,,,2.88,0,1,0,0,0,0,0,0,0,0,0,0,0,0,1,1,1,1
48,6,0,17,0.896,6,7,0,2,0,보통,0,3,3,1,2.16,1,0,0,1,0,0,1,0,0,0,1,0,1,0,0,1,1,1
46,1,0,5,2.071,2,33,0,,,보통,,,,,1.37,0,1,0,0,1,1,0,1,1,0,0,0,0,0,0,0,0,0
22,6,1,3,2.58,22,13,0,4,0,보통,0,4,4,3,1.07,1,0,0,0,0,0,0,0,0,0,0,0,0,0,0,0,1,0
30,3,0,51,0.225,7,5,0,,,혼잡,,,,,2.18,0,0,0,0,0,0,0,0,0,0,0,0,0,0,0,0,0,0
35,6,1,18,2.432,12,23,0,,,여유,,,,,6.15,0,1,1,1,0,0,0,0,1,0,0,0,0,0,0,0,0,0
37,3,1,2,2.989,10,42,0,,,보통,,,,,1.01,0,0,0,1,0,1,0,0,0,0,0,0,0,1,0,0,0,1
43,3,0,9,1.693,2,39,0,,,여유,,,,,2.27,0,0,0,0,0,0,0,0,0,0,0,0,0,0,0,0,0,0
35,3,0,9,1.137,6,30,0,2,1,매우혼잡,0,4,4,4,1.52,1,1,0,0,0,0,0,0,0,0,1,0,0,0,1,0,1,0
33,6,1,1,4.674,36,74,1,5,0,여유,0,4,5,5,0.8,1,0,0,0,0,0,0,1,0,0,0,0,0,0,0,1,0,0
34,12,1,1,4.659,6,61,0,3,0,매우혼잡,0,4,3,3,0.91,1,0,0,1,0,0,0,0,0,0,0,0,0,0,0,0,0,0
39,1,0,14,1.296,1,4,0,4,0,보통,0,3,3,3,2.62,1,0,0,0,0,0,0,1,0,0,0,1,0,0,0,0,0,0
15,3,0,6,1.959,7,35,0,,,매우혼잡,,,,,1.61,0,1,0,0,0,0,0,0,0,0,1,1,1,0,0,0,0,1
16,6,0,1,5.148,12,48,0,,,혼잡,,,,,0.88,0,1,0,0,0,0,0,0,0,0,0,0,0,0,1,0,0,0
30,3,0,14,1.427,0,23,0,,,여유,,,,,2.89,0,1,0,0,0,0,1,0,0,0,0,0,0,0,0,0,1,0
25,12,0,22,0.679,4,20,1,,,여유,,,,,2.15,0,0,0,0,0,0,0,0,0,0,0,1,1,1,0,1,0,0
31,3,1,5,2.04,11,47,0,,,매우혼잡,,,,,1.55,0,1,0,1,0,0,0,0,0,0,0,1,1,0,0,1,0,0
18,3,0,3,2.935,14,35,1,3,0,여유,0,4,4,4,1.31,1,1,0,0,0,0,1,0,0,0,0,0,0,0,0,1,0,0
33,12,0,4,2.901,8,45,0,3,0,여유,0,4,3,3,1.59,1,0,0,1,1,0,0,0,0,0,0,0,0,0,0,0,0,1
20,1,0,4,2.527,1,18,0,,,여유,,,,,1.53,0,0,0,0,0,0,0,0,1,0,0,0,0,0,0,0,0,0
38,1,0,10,1.616,3,26,0,,,보통,,,,,2.21,0,0,0,0,0,0,0,0,0,0,1,1,0,0,0,0,1,0
40,12,0,7,1.956,17,47,0,3,0,여유,0,3,3,3,2.07,1,1,1,0,0,1,0,0,0,0,0,0,0,0,1,0,0,0
26,12,0,4,2.361,11,50,0,4,0,보통,0,3,4,3,1.34,1,1,0,0,0,0,0,0,0,1,0,0,1,0,0,0,0,0
31,1,0,26,0.809,7,22,0,,,보통,,,,,2.98,0,0,0,1,0,0,0,0,1,0,0,0,0,0,0,0,0,0
36,6,1,3,3.845,1,47,1,4,0,보통,1,4,5,3,1.39,1,0,0,0,0,0,0,0,0,0,1,0,0,0,0,0,0,0
36,12,1,1,5.508,2,55,0,4,0,혼잡,0,4,4,4,1.08,1,0,0,0,0,0,0,1,0,0,0,0,0,1,0,0,0,0
42,3,0,5,2.322,8,52,0,3,0,여유,0,4,3,3,1.77,1,0,0,0,0,0,0,0,0,0,0,0,0,0,0,0,0,0
27,3,1,3,2.543,7,22,0,,,여유,,,,,1.02,0,1,0,0,0,0,0,0,0,0,0,0,0,0,0,0,0,0
43,12,1,3,2.832,11,29,1,,,보통,,,,,1.28,0,0,0,0,1,0,0,0,0,0,1,1,0,0,0,0,0,0
34,12,0,15,1.032,21,27,0,3,0,매우혼잡,0,2,1,2,2.22,1,1,1,1,0,0,0,1,0,0,1,0,1,1,0,1,1,0
44,12,1,2,4.068,2,32,1,,,여유,,,,,1.09,0,0,0,0,0,0,1,0,0,0,0,0,0,1,0,0,0,0
28,3,0,2,4.538,2,43,0,,,혼잡,,,,,0.98,0,0,0,0,0,0,0,0,0,0,0,1,0,0,0,0,0,0
40,1,1,19,2.501,1,35,0,4,0,보통,0,4,3,3,6.88,1,0,0,0,0,0,0,0,0,0,0,0,0,0,0,1,0,0
30,1,1,8,1.721,2,46,0,3,0,여유,0,3,4,4,1.95,1,0,0,1,0,0,1,1,0,0,0,0,0,0,0,1,0,0
26,12,1,3,2.808,13,24,0,,,매우혼잡,,,,,1.1,0,0,0,0,0,0,1,0,0,0,1,1,0,1,0,1,0,1
27,3,0,12,0.963,7,0,1,2,1,혼잡,0,3,3,3,1.64,1,0,0,0,0,0,0,0,0,0,1,0,0,0,0,1,0,1
42,6,1,5,2.254,4,25,1,4,0,여유,0,3,5,3,1.62,1,0,0,0,1,0,0,0,0,0,0,1,1,0,0,0,0,0
33,1,0,2,3.533,3,35,0,3,0,혼잡,0,3,3,4,1.26,1,0,0,0,0,0,0,1,0,1,0,0,0,0,0,1,0,0
53,6,0,13,2.377,18,31,0,,,보통,,,,,4.56,0,1,0,0,0,0,0,0,0,0,0,0,1,0,0,1,0,0
41,12,0,4,2.172,21,31,0,3,0,보통,0,4,4,2,1.33,1,0,0,0,0,0,0,0,0,0,0,0,1,0,0,0,0,0
32,6,0,60,0.18,17,4,0,2,1,보통,0,3,3,2,2.62,1,1,0,1,0,0,0,0,0,0,1,0,0,0,0,0,0,1
17,1,0,3,3.007,1,34,0,2,0,혼잡,0,4,3,2,1.41,1,1,0,0,0,0,0,0,0,0,1,1,0,1,0,1,0,1
46,1,0,60,0.349,3,19,0,3,0,보통,0,2,3,2,3.2,1,0,0,0,0,0,1,0,0,1,0,0,0,0,0,0,0,0
28,12,1,3,2.409,17,21,0,2,0,여유,0,3,4,3,1.01,1,1,0,0,0,0,0,0,0,0,0,0,0,0,0,0,0,1
24,6,0,5,2.493,2,24,1,,,여유,,,,,1.72,0,0,0,0,0,1,0,0,0,0,0,0,0,0,0,0,1,0
51,6,0,4,3.001,1,31,1,3,0,여유,0,2,4,3,1.69,1,0,0,0,0,0,0,1,1,1,1,0,0,0,0,0,0,0
36,12,0,3,2.456,1,30,0,,,혼잡,,,,,1.08,0,0,0,0,1,0,0,0,0,0,1,1,1,0,0,0,0,0
57,12,0,3,3.35,16,23,0,4,0,보통,0,4,3,3,1.64,1,0,1,0,0,0,0,0,0,0,1,1,0,0,0,0,0,0
34,12,1,4,2.436,21,60,0,3,0,여유,0,4,3,2,1.37,1,1,0,0,0,0,0,0,0,0,0,0,1,0,0,0,0,0
20,12,0,4,2.678,2,2,0,4,0,보통,0,3,3,4,1.37,1,0,0,0,0,0,0,0,0,0,0,0,0,0,0,0,0,0
29,3,1,5,2.128,4,42,0,1,1,혼잡,0,3,3,3,1.63,1,1,0,1,0,0,0,0,0,0,0,1,0,0,1,1,0,1
34,12,0,1,4.948,15,67,0,4,0,혼잡,0,3,4,3,0.89,1,0,0,0,0,0,0,0,0,0,0,0,0,0,0,0,0,0
30,3,0,4,2.77,1,44,1,3,0,혼잡,0,3,3,3,1.66,1,0,0,0,0,0,0,0,1,0,1,0,1,1,1,0,0,1
45,12,0,12,3.238,15,54,0,3,0,매우혼잡,0,3,3,3,5.55,1,0,0,0,0,1,0,1,0,0,1,1,1,1,1,0,0,0
20,6,1,1,4.721,9,48,0,,,여유,,,,,0.94,0,0,0,0,0,0,0,1,0,0,1,0,0,0,0,0,0,0
30,6,1,1,5.794,3,54,1,,,혼잡,,,,,0.82,0,0,0,0,0,0,1,1,0,0,0,0,0,0,0,0,0,0
43,6,1,5,2.046,3,35,0,,,매우혼잡,,,,,1.43,0,0,0,0,0,0,0,0,0,0,0,0,0,0,0,0,0,0
37,6,1,3,3.649,6,33,1,,,혼잡,,,,,1.42,0,0,0,0,0,0,1,0,0,0,0,0,0,0,0,0,0,0
56,12,0,1,5.086,15,70,1,4,0,매우혼잡,0,3,5,4,0.95,1,0,0,0,0,0,0,0,0,1,1,0,0,1,0,0,0,0
26,3,1,7,5.639,9,65,1,4,0,보통,0,4,5,5,5.87,1,0,0,0,0,0,0,0,0,0,0,0,0,0,0,0,0,0
61,3,0,7,1.609,8,55,0,3,0,혼잡,0,3,2,3,1.68,1,0,0,0,1,1,0,0,0,0,1,0,0,0,0,1,0,0
43,6,1,18,1.191,13,24,0,,,매우혼잡,,,,,3.06,0,0,0,0,1,0,0,0,0,0,1,0,0,0,0,0,0,0
18,6,1,1,4.518,3,74,0,3,0,여유,0,4,5,4,0.92,1,0,0,0,0,0,0,0,0,0,0,0,0,0,0,1,0,0
50,3,1,5,2.069,2,28,1,,,여유,,,,,1.61,0,0,1,0,0,0,0,0,0,0,0,0,1,1,0,0,0,0
38,6,1,4,2.777,14,37,0,3,0,보통,0,3,3,3,1.47,1,0,0,0,0,1,0,0,0,1,0,0,0,1,0,0,1,0
39,6,0,3,2.51,9,46,0,3,0,여유,0,4,3,3,1.06,1,0,0,0,0,0,0,0,0,0,1,0,0,0,0,0,0,0
23,3,0,6,1.882,3,37,0,3,0,보통,0,3,3,3,1.53,1,0,0,0,0,0,0,0,0,0,0,1,0,0,0,0,0,0
30,6,1,4,2.287,16,35,0,,,보통,,,,,1.19,0,0,0,0,0,0,0,1,0,1,0,0,0,0,0,0,0,0
25,12,0,46,0.49,6,36,0,2,0,매우혼잡,0,2,2,1,3.2,1,1,0,0,1,1,0,0,0,0,0,0,1,1,1,0,1,1
37,6,1,5,2.146,6,32,0,,,보통,,,,,1.38,0,1,0,0,0,0,1,0,0,0,1,0,0,0,0,0,0,0
46,1,0,4,2.235,2,50,0,3,0,혼잡,0,3,3,3,1.4,1,0,0,0,0,1,0,0,0,0,0,1,0,0,0,0,0,0
15,6,0,5,2.329,18,38,0,,,보통,,,,,1.52,0,1,0,0,0,0,0,0,0,0,0,0,0,0,0,0,0,0
34,6,0,20,0.732,4,21,0,,,보통,,,,,2.08,0,1,0,0,0,0,0,0,0,0,0,0,0,0,1,0,1,1
15,6,1,3,3.395,4,27,0,,,혼잡,,,,,1.42,0,1,0,0,0,0,0,0,0,0,1,0,0,1,0,0,0,0
50,6,0,4,2.778,21,24,1,,,혼잡,,,,,1.76,0,0,0,0,0,0,0,0,1,0,0,0,1,0,0,0,0,0
36,1,0,54,0.225,1,13,0,,,혼잡,,,,,2.32,0,1,0,1,0,0,0,1,0,1,1,0,1,0,1,0,0,0
42,12,1,3,3.456,9,38,1,,,보통,,,,,1.38,0,0,0,0,0,0,0,0,0,0,0,0,0,0,0,0,1,0
42,12,1,1,4.414,5,66,0,4,0,보통,0,3,4,3,0.85,1,1,0,0,0,1,0,0,1,0,0,1,0,0,0,0,0,0
33,12,1,5,2.384,8,54,0,4,0,여유,0,4,3,4,1.73,1,0,0,0,0,0,0,0,0,0,0,0,0,0,0,0,0,0
33,12,1,6,2.22,1,25,1,,,혼잡,,,,,1.84,0,0,1,0,0,0,1,0,0,0,0,0,1,1,0,0,0,0
15,12,0,1,5.766,5,79,1,3,0,혼잡,0,4,4,3,0.88,1,0,0,0,0,0,0,0,0,0,1,0,1,0,0,0,0,0
24,12,1,2,3.584,6,51,0,,,여유,,,,,1.25,0,0,0,1,0,0,0,0,0,0,0,0,1,0,0,0,0,0
33,12,0,3,2.283,11,45,0,3,0,혼잡,0,3,3,3,1.04,1,1,0,0,0,0,0,1,0,1,1,0,0,1,0,0,0,0
49,1,0,2,4.191,11,35,0,5,0,보통,0,4,5,5,0.95,1,0,1,0,0,0,1,0,0,0,0,0,1,0,0,1,0,0
21,3,0,9,1.827,6,39,0,3,0,여유,0,3,3,3,2.35,1,0,0,0,0,0,0,0,0,0,0,0,0,0,0,0,0,0
36,12,0,4,2.359,7,42,1,4,0,혼잡,0,3,3,3,1.19,1,0,0,0,0,0,0,0,0,0,1,0,0,0,1,0,0,0
42,3,1,7,1.715,1,36,0,,,여유,,,,,1.82,0,0,0,0,0,1,0,0,0,1,0,0,1,0,0,0,1,0
18,6,1,13,1.426,1,18,1,,,혼잡,,,,,2.6,0,1,0,0,0,0,0,0,0,0,1,0,0,0,0,1,0,0
49,12,1,1,5.127,26,70,1,5,0,보통,0,4,4,4,0.88,1,0,0,0,0,0,0,0,0,0,0,0,0,0,0,0,0,0
49,1,1,1,4.289,6,48,0,,,보통,,,,,0.91,0,0,0,0,0,0,1,1,0,0,1,0,1,0,0,0,0,0
31,3,0,52,0.143,1,11,0,2,0,보통,0,3,2,2,2.21,1,1,1,0,0,0,0,0,0,0,1,0,0,0,0,0,0,0
44,1,1,3,3.067,4,40,0,,,혼잡,,,,,1.37,0,0,0,0,0,0,0,0,0,0,0,0,0,0,0,1,0,0
26,12,0,21,0.719,18,0,0,,,혼잡,,,,,2.11,0,1,0,0,0,0,1,0,0,1,0,0,0,1,0,1,0,0
39,12,1,3,3.538,28,45,0,,,여유,,,,,1.63,0,0,0,0,0,0,0,0,0,0,0,0,0,0,0,0,0,0
28,3,0,3,3.156,5,51,0,,,혼잡,,,,,1.25,0,0,0,0,0,0,0,1,0,0,1,1,1,0,0,0,0,0
27,6,1,3,2.958,17,39,0,,,혼잡,,,,,1.3,0,0,1,0,1,0,0,0,0,0,1,0,0,1,0,0,0,1
54,12,0,2,4.265,9,59,0,4,0,여유,0,4,4,5,0.96,1,0,0,0,0,0,0,0,0,0,0,0,0,0,0,0,0,0
47,3,0,12,1.135,10,19,0,4,0,여유,0,3,3,4,1.94,1,0,0,0,0,0,0,0,0,0,0,0,0,0,0,0,0,0
44,1,0,53,0.278,4,17,0,,,혼잡,,,,,2.29,0,1,0,1,0,0,0,1,0,0,0,0,1,1,1,0,0,0
32,3,0,11,1.654,3,29,0,5,0,여유,0,3,2,4,2.66,1,0,0,0,0,0,1,0,1,0,0,0,0,1,0,0,0,0
28,6,1,2,4.697,5,59,0,5,0,여유,1,4,3,3,1.09,1,0,0,0,0,0,0,0,0,0,0,1,1,0,0,0,0,0
40,3,1,9,1.755,1,45,0,3,0,혼잡,1,3,3,1,2.18,1,0,0,1,0,0,0,0,0,0,1,1,1,1,0,0,0,0
35,6,0,9,2.514,2,45,0,3,0,혼잡,0,3,2,3,3.21,1,0,0,0,0,0,0,0,0,0,1,0,0,0,1,0,0,0
34,6,0,24,0.952,10,12,0,3,0,여유,0,4,3,3,3.27,1,0,0,0,0,0,0,0,0,0,0,0,0,0,0,0,0,0
25,6,1,3,3.266,24,59,0,4,0,보통,0,3,3,3,1.19,1,1,0,0,0,0,0,0,0,0,0,0,0,0,0,1,0,0
36,3,1,4,2.121,2,38,0,3,0,보통,0,3,3,3,1.1,1,0,1,0,1,0,0,0,0,0,0,0,1,0,1,1,0,0
46,1,0,32,2.057,5,43,0,3,0,여유,0,4,3,3,9.31,1,1,0,0,0,0,0,0,1,0,1,0,1,0,0,0,0,0
32,12,0,22,0.808,7,8,0,,,보통,,,,,2.53,0,0,0,0,0,0,0,0,0,0,0,1,0,0,1,1,0,0
53,3,0,4,3.095,7,26,0,,,보통,,,,,1.64,0,0,0,0,0,0,0,0,1,1,0,0,0,0,0,0,0,0
16,12,0,3,2.57,29,32,0,,,보통,,,,,1.25,0,0,0,0,0,0,0,0,0,0,0,0,0,0,0,0,0,0
42,1,0,40,0.554,1,21,0,2,0,보통,0,3,3,2,3.19,1,1,0,0,0,0,0,0,0,0,1,0,0,0,1,0,0,1
43,1,0,3,2.682,5,34,0,3,0,매우혼잡,0,3,3,2,1.22,1,0,0,0,0,0,0,1,0,0,1,0,1,1,1,1,0,1
41,12,1,5,2.627,18,41,1,,,보통,,,,,1.71,0,0,0,0,0,0,0,1,0,0,1,0,0,0,0,1,0,1
24,12,0,13,1.417,24,27,0,2,0,혼잡,0,3,2,2,2.6,1,1,0,1,0,0,0,0,0,0,1,0,1,0,1,1,0,1
45,3,0,60,0.108,4,20,0,,,보통,,,,,15.25,0,1,0,1,0,0,0,1,0,0,1,1,1,0,0,0,0,1
51,12,0,2,3.635,36,38,1,4,0,여유,0,3,4,2,1.14,1,0,0,0,0,0,0,0,0,0,0,0,0,0,0,0,0,0
21,3,1,1,6.01,12,71,1,4,0,보통,0,4,5,4,0.83,1,0,0,0,0,0,0,0,0,0,1,0,0,0,0,0,0,0
41,12,0,2,4.031,10,60,0,,,여유,,,,,0.99,0,0,0,0,0,0,0,0,0,0,1,0,0,0,0,0,0,0
20,6,0,2,3.581,17,61,1,4,0,보통,0,4,5,4,1.19,1,0,0,0,0,0,0,0,0,0,0,0,0,0,0,0,0,0
30,3,0,1,4.932,4,56,1,4,0,여유,0,5,5,4,0.95,1,0,0,0,0,0,0,0,0,0,0,0,0,0,1,0,0,0
35,1,1,29,1.65,1,28,0,2,0,혼잡,0,2,1,1,6.72,1,1,1,0,1,1,1,1,0,1,0,1,0,0,0,1,1,0
45,12,0,60,0.243,12,1,0,3,0,보통,0,3,2,2,3.22,1,0,0,0,0,0,0,0,1,0,0,0,1,0,0,0,0,0
34,12,1,1,5.269,15,74,1,,,매우혼잡,,,,,1.07,0,0,0,0,0,0,0,0,0,0,1,0,0,1,0,0,0,0
39,12,1,3,3.707,16,56,0,3,0,보통,0,4,3,3,1.63,1,0,0,0,0,1,0,0,0,0,0,0,1,0,0,1,0,0
47,1,1,3,2.401,5,25,0,3,0,여유,0,4,3,5,1.03,1,0,0,0,1,0,0,0,0,0,0,0,0,0,0,0,0,0
35,6,0,3,2.835,8,22,0,3,0,여유,0,3,3,3,1.15,1,0,0,0,0,0,0,0,0,0,0,0,0,1,0,0,0,0
38,6,1,1,5.949,16,53,1,3,0,보통,0,4,5,3,0.84,1,0,0,0,0,0,0,0,0,0,1,0,0,0,0,0,0,1
27,6,1,60,0.0,1,12,0,,,혼잡,,,,,2.93,0,1,1,0,0,0,0,0,0,0,1,0,1,1,0,0,1,0
35,6,1,1,5.341,5,51,1,4,0,여유,0,4,5,4,0.91,1,0,0,0,0,0,0,0,0,0,0,0,0,0,0,0,1,0
47,12,1,1,4.89,9,58,1,,,보통,,,,,0.99,0,0,0,0,0,0,0,0,0,0,0,0,0,0,0,0,1,0
30,3,0,5,2.109,5,23,0,4,0,보통,0,4,3,3,1.56,1,0,0,0,0,0,0,0,0,0,0,0,0,0,0,1,0,0
19,6,1,12,1.598,19,16,0,3,0,여유,0,4,3,3,2.71,1,0,0,1,0,0,0,0,0,0,0,0,0,0,0,0,0,0
40,3,0,5,2.35,7,50,0,3,0,매우혼잡,0,3,2,3,1.79,1,0,0,0,0,0,0,0,0,1,1,0,0,0,0,0,0,0
35,1,1,4,2.369,4,34,0,5,0,여유,1,3,4,1,1.23,1,1,0,0,0,0,0,0,0,0,0,0,0,1,0,0,0,0
26,1,1,1,5.625,4,51,1,4,0,여유,0,3,5,5,1.08,1,0,0,0,0,0,0,1,0,0,0,0,0,0,0,0,0,0
34,3,0,2,3.861,6,48,0,4,0,여유,0,4,5,4,1.35,1,0,0,0,0,0,0,1,0,0,0,0,0,0,0,0,0,0
28,6,1,3,3.171,20,46,0,,,여유,,,,,1.15,0,0,0,0,0,0,0,0,0,0,0,0,0,0,0,0,0,0
30,6,0,10,1.439,30,33,0,4,0,혼잡,0,3,3,3,2.09,1,0,0,0,0,0,0,1,0,0,0,0,0,0,0,0,0,0
43,12,1,2,4.13,12,27,0,,,혼잡,,,,,0.89,0,0,0,0,0,0,0,0,0,0,0,0,0,0,0,0,0,0
21,3,1,1,4.817,10,70,1,4,0,보통,0,4,4,4,0.8,1,0,0,0,0,0,0,0,0,0,0,0,0,0,1,0,0,0
23,3,0,60,0.0,3,0,0,,,보통,,,,,2.6,0,1,0,0,0,0,0,0,0,0,1,0,0,0,0,0,1,0
44,3,0,49,0.042,3,31,0,,,보통,,,,,2.12,0,1,0,0,0,0,1,1,1,0,1,1,0,0,0,1,0,0
47,3,0,3,3.06,7,45,1,3,0,여유,0,3,4,3,1.44,1,0,0,0,0,0,0,0,0,0,1,0,0,0,0,1,1,0
24,1,0,4,2.713,5,47,0,,,혼잡,,,,,1.47,0,0,0,0,0,0,0,0,0,0,0,0,0,0,0,0,0,0
17,12,0,3,3.603,18,34,1,3,0,보통,0,3,4,3,1.79,1,0,0,0,0,0,0,0,0,0,0,0,0,0,0,0,0,1
38,1,0,33,0.425,11,18,0,2,0,보통,0,2,2,2,2.03,1,0,0,0,0,1,0,0,0,1,0,0,1,1,0,0,1,0
30,1,0,4,2.291,2,43,0,,,여유,,,,,1.29,0,0,0,0,0,0,0,0,0,0,1,0,1,1,0,0,0,0
38,6,1,1,5.647,2,83,0,,,매우혼잡,,,,,0.86,0,0,0,0,0,0,0,0,0,0,0,0,0,1,0,1,0,0
23,6,0,4,2.707,6,42,1,,,매우혼잡,,,,,1.64,0,0,0,0,0,0,0,0,0,1,1,0,0,1,0,1,1,0
26,3,0,36,0.629,3,17,0,,,혼잡,,,,,3.26,0,1,0,0,0,0,0,0,0,0,1,0,0,0,0,1,0,0
30,6,0,10,1.79,6,26,0,4,0,여유,0,3,4,3,2.64,1,1,0,0,0,0,0,0,0,0,0,0,0,0,0,0,0,0
47,3,1,60,0.284,5,31,0,2,0,보통,0,3,1,1,3.09,1,0,0,0,0,0,0,0,0,0,0,0,0,1,0,0,0,0
36,12,1,3,2.244,23,26,0,,,보통,,,,,1.11,0,0,0,0,0,0,0,0,0,0,0,0,0,0,0,0,0,0
18,1,0,12,1.507,6,23,0,,,보통,,,,,2.64,0,0,0,0,0,0,0,0,0,0,0,0,0,0,0,1,0,0
44,12,0,11,1.497,5,46,1,,,여유,,,,,2.33,0,0,0,0,0,0,0,0,0,0,0,0,1,0,0,0,0,0
15,12,1,2,4.182,36,46,1,3,0,보통,0,3,3,3,0.93,1,0,0,0,0,0,0,0,0,0,1,0,0,0,0,0,0,0
47,6,0,4,2.717,10,37,1,,,혼잡,,,,,1.5,0,0,0,0,0,0,0,1,0,0,0,0,0,1,0,0,0,1
35,12,1,1,5.107,17,67,0,,,보통,,,,,0.96,0,0,0,0,0,0,0,0,0,0,0,0,0,0,0,0,0,1
36,6,1,3,3.969,10,35,1,,,보통,,,,,1.52,0,0,0,0,0,0,0,0,1,0,1,0,0,1,1,1,0,0
21,1,0,60,0.283,4,18,0,3,0,보통,0,2,3,2,2.87,1,1,0,0,0,0,1,1,0,0,1,0,0,0,0,0,0,0
38,3,1,13,1.417,8,13,0,1,1,혼잡,0,3,2,2,2.58,1,0,0,0,0,0,0,0,0,0,0,1,0,0,1,1,1,0
42,6,1,2,4.489,6,57,0,,,보통,,,,,0.98,0,0,0,0,0,0,0,0,0,0,0,0,0,0,0,1,0,0
30,6,0,7,3.424,15,40,1,4,0,여유,0,3,4,4,3.46,1,0,0,0,0,0,0,0,0,0,0,0,0,0,0,0,0,0
40,12,0,36,1.671,21,19,1,2,1,여유,0,3,4,3,8.67,1,1,0,0,0,0,0,0,0,0,0,0,0,0,1,1,1,0
28,3,0,33,0.496,1,15,0,3,0,보통,0,2,3,3,2.32,1,1,0,0,0,1,1,0,0,1,0,0,0,0,0,0,0,0
27,6,0,40,0.574,3,13,0,,,보통,,,,,3.24,0,1,0,0,1,0,0,0,0,0,0,1,0,0,0,1,0,0
32,6,0,3,3.78,8,57,0,4,0,보통,0,4,3,4,1.63,1,0,0,0,0,1,0,0,0,0,0,0,0,0,0,0,0,0
48,1,0,13,1.28,1,20,0,2,0,여유,0,3,3,3,2.45,1,0,0,0,0,0,0,1,1,0,0,0,0,0,0,0,0,0
33,3,0,10,1.818,4,34,1,,,보통,,,,,2.61,0,0,1,0,0,0,0,0,0,0,1,0,1,1,1,0,1,0
37,3,1,2,4.062,4,51,0,4,0,혼잡,1,5,4,3,1.08,1,0,0,0,0,0,0,0,0,0,1,0,1,1,0,0,0,0
48,1,0,5,2.182,3,23,0,,,혼잡,,,,,1.41,0,0,0,1,0,0,0,0,0,0,0,0,0,0,0,0,0,0
30,3,0,4,2.766,5,29,0,,,혼잡,,,,,1.4,0,0,0,0,0,0,0,0,0,0,0,0,0,0,0,0,0,0
30,12,0,12,1.643,5,17,0,3,0,보통,0,3,3,3,2.73,1,0,0,0,0,0,0,0,0,0,0,0,0,0,0,0,0,0
15,6,0,16,2.306,10,30,0,3,0,여유,0,3,4,4,5.11,1,1,0,0,0,0,0,0,0,0,0,0,0,0,0,0,0,0
21,1,0,60,0.249,1,36,0,,,혼잡,,,,,3.27,0,1,1,1,0,0,0,0,1,0,1,0,0,1,0,0,0,0
57,12,0,2,4.457,4,50,1,3,0,보통,0,5,4,3,1.06,1,0,0,0,0,0,0,0,0,0,0,0,1,0,0,0,0,0
15,12,0,7,2.222,22,25,1,,,혼잡,,,,,2.08,0,0,0,0,0,0,0,0,0,1,1,1,0,0,1,0,0,0
17,12,1,2,3.713,11,25,1,,,보통,,,,,1.06,0,0,1,0,0,0,0,0,0,1,0,1,1,0,0,0,0,0
34,3,0,22,0.79,4,40,0,2,0,매우혼잡,0,1,2,2,2.53,1,1,0,0,0,0,0,1,0,1,1,1,1,1,0,0,0,0
33,6,1,18,1.094,3,27,0,2,0,보통,0,2,2,3,2.8,1,1,0,0,0,0,0,0,0,0,1,0,0,0,0,0,1,0
22,12,0,2,4.873,28,60,1,,,보통,,,,,1.07,0,0,0,0,0,0,0,1,0,0,0,0,0,0,0,0,0,0
41,12,0,3,3.575,9,37,0,3,0,여유,0,4,4,3,1.34,1,0,0,0,0,0,0,0,0,0,0,0,1,0,0,0,0,0
34,6,1,2,2.972,5,46,1,3,0,보통,0,3,5,3,1.03,1,0,0,0,0,0,0,0,0,0,1,0,1,1,0,1,0,0
46,1,0,3,3.756,6,43,0,,,혼잡,,,,,1.37,0,0,0,0,0,0,0,0,0,0,1,0,0,0,0,0,0,0
28,12,0,3,3.135,14,38,1,,,보통,,,,,1.34,0,0,0,0,0,0,0,0,0,0,0,0,0,0,0,1,0,0
15,3,0,12,1.468,5,24,0,,,보통,,,,,2.47,0,1,0,1,1,1,0,1,0,0,0,0,0,1,0,0,1,0
32,1,0,48,0.471,0,0,0,2,0,여유,0,2,3,2,3.26,1,1,0,0,0,0,1,1,0,0,0,0,0,0,0,0,1,0
34,12,0,4,3.327,13,38,0,,,혼잡,,,,,1.76,0,0,0,0,0,0,0,0,0,0,0,1,0,1,0,1,0,0
35,3,0,60,0.095,1,16,0,2,0,보통,0,2,3,3,2.83,1,1,0,0,0,0,0,1,0,0,0,1,0,0,0,0,0,0
27,6,0,4,2.974,22,32,0,3,0,보통,0,4,3,3,1.77,1,1,0,0,0,0,0,0,0,0,0,0,0,0,0,0,0,0
43,12,0,15,1.474,17,17,1,2,0,매우혼잡,0,2,4,1,3.07,1,1,0,0,0,0,0,0,0,0,1,1,1,1,0,0,1,1
37,12,1,2,4.959,5,55,0,,,매우혼잡,,,,,1.09,0,0,0,0,0,0,0,0,0,0,0,0,1,0,0,0,0,0
37,6,0,6,2.076,8,31,0,,,여유,,,,,1.68,0,0,0,0,0,1,0,0,0,0,0,1,0,0,0,0,0,0
39,3,0,24,0.763,3,0,1,3,0,매우혼잡,0,2,2,2,2.58,1,0,0,0,0,0,1,0,0,0,0,1,0,0,0,0,0,0
58,12,1,1,4.74,16,56,1,4,0,혼잡,0,3,4,3,0.85,1,0,0,0,0,0,0,0,0,1,1,1,0,0,0,0,0,0
54,6,0,26,0.553,9,6,0,,,보통,,,,,2.05,0,0,1,0,1,0,0,0,0,1,0,0,1,1,0,1,0,0
30,12,0,3,3.219,18,40,1,,,여유,,,,,1.26,0,0,0,0,0,0,1,0,0,0,0,0,0,0,0,1,0,0
35,6,1,2,4.455,10,49,0,,,보통,,,,,1.05,0,0,0,0,0,0,0,0,0,0,0,0,0,0,0,0,0,0
29,3,0,2,3.11,0,52,1,,,혼잡,,,,,1.0,0,0,0,0,1,0,0,0,0,0,0,0,1,0,0,0,0,1
44,12,0,10,1.598,8,14,1,,,여유,,,,,2.26,0,0,0,0,1,0,0,0,0,1,0,0,0,0,0,0,0,0
37,3,0,18,1.02,2,22,0,,,여유,,,,,2.61,0,1,1,0,0,0,0,0,0,0,0,0,0,0,0,0,0,0
20,3,1,2,4.146,9,55,0,,,매우혼잡,,,,,0.99,0,0,0,0,0,0,0,0,0,0,1,0,1,0,0,0,0,0
28,6,1,5,2.329,7,42,0,,,보통,,,,,1.75,0,0,0,0,0,0,0,0,0,0,0,0,0,0,0,0,0,1
45,3,0,1,4.186,5,44,0,4,0,보통,0,5,4,3,0.89,1,0,0,0,0,0,0,0,0,0,0,1,0,0,0,0,0,0
38,3,0,21,0.673,3,25,0,,,여유,,,,,2.02,0,1,0,0,0,0,0,0,0,0,0,0,1,0,0,0,0,0
34,6,0,9,1.841,10,48,0,,,보통,,,,,2.25,0,0,0,0,0,0,0,0,0,0,1,0,0,1,0,0,0,0
46,6,0,59,0.234,11,6,0,,,보통,,,,,2.53,0,0,0,1,0,1,0,1,0,0,0,0,0,0,0,0,0,0
21,12,1,1,5.432,27,52,0,3,0,보통,0,4,4,4,1.05,1,0,0,0,0,0,0,0,0,1,0,1,0,0,0,0,0,0
29,12,1,4,3.029,19,46,0,2,0,여유,0,3,3,3,1.78,1,0,0,0,0,1,0,0,0,0,0,0,0,0,0,0,0,1
39,12,0,4,2.712,1,39,0,,,보통,,,,,1.74,0,1,0,0,0,0,0,0,0,0,0,0,0,0,0,1,0,1
28,12,0,5,2.199,3,21,0,3,0,보통,0,2,3,3,1.56,1,0,0,0,0,0,1,0,0,0,0,0,0,1,0,0,0,0
25,3,0,3,3.822,7,39,0,,,혼잡,,,,,1.77,0,0,0,0,0,0,0,0,0,0,0,0,0,1,0,0,0,1
35,6,1,1,5.589,13,62,0,4,0,여유,0,4,4,4,0.83,1,0,0,0,0,0,0,0,0,0,0,0,0,1,0,0,0,0
45,6,0,10,1.666,5,35,0,,,보통,,,,,2.49,0,1,0,0,0,0,0,0,0,1,0,1,0,0,0,0,0,1
40,6,0,5,2.457,7,33,1,,,혼잡,,,,,1.77,0,1,0,0,0,0,0,0,0,0,1,1,1,0,0,0,0,1
25,6,0,8,1.643,3,32,0,,,보통,,,,,1.87,0,0,0,0,0,0,0,0,0,0,0,0,0,0,0,0,0,1
15,3,0,4,2.247,5,44,1,,,보통,,,,,1.31,0,0,0,0,0,0,0,0,0,0,0,0,0,0,0,0,0,0
37,6,0,9,4.368,9,55,0,4,0,여유,0,5,4,3,5.38,1,0,0,0,0,0,0,0,0,0,0,0,0,0,0,0,0,0
39,6,0,9,1.393,12,24,0,3,0,보통,0,2,3,3,1.84,1,0,0,0,0,0,1,0,0,0,0,0,1,0,0,0,0,0
28,6,1,2,3.112,10,28,1,3,0,여유,0,3,4,3,1.07,1,0,0,0,0,0,0,0,0,0,0,0,0,0,0,0,1,1
31,6,0,5,2.131,19,31,0,,,보통,,,,,1.66,0,0,0,0,0,0,0,0,0,0,0,0,0,1,0,0,0,0
34,12,1,1,4.774,12,47,0,,,여유,,,,,0.95,0,0,0,0,0,0,0,0,0,0,0,0,0,0,0,0,0,0
53,3,0,33,0.549,4,26,0,1,0,혼잡,1,2,3,1,2.55,1,1,0,1,0,0,0,1,0,0,1,1,0,1,1,0,1,0
15,6,0,3,2.426,16,20,1,4,0,보통,0,3,4,3,1.15,1,0,1,0,0,0,0,0,0,0,0,1,1,0,0,0,0,1
33,3,1,1,4.662,3,43,0,3,0,보통,0,3,3,4,0.94,1,0,0,0,0,0,0,0,1,0,0,0,0,0,0,0,0,0
50,6,0,13,1.446,4,26,0,,,보통,,,,,2.62,0,1,1,1,0,0,0,1,0,0,0,1,0,0,1,0,0,0
39,12,0,38,0.585,8,18,0,3,0,보통,0,2,4,2,3.19,1,1,0,0,0,1,0,0,1,1,1,0,0,0,1,0,0,0
41,6,1,4,2.184,8,27,0,3,0,보통,0,3,2,3,1.21,1,0,0,0,0,0,0,0,0,0,0,0,0,0,0,0,0,0
32,12,1,3,2.798,6,38,0,,,보통,,,,,1.18,0,0,1,0,0,0,1,0,0,0,0,0,0,0,0,0,0,0
15,12,0,3,2.704,2,35,0,3,0,혼잡,0,3,3,3,1.07,1,0,0,0,0,0,0,0,0,0,1,0,0,0,0,1,0,0
31,12,0,10,1.074,7,30,0,4,0,보통,0,4,4,3,1.56,1,0,0,0,0,0,0,0,0,0,0,1,0,0,0,0,0,0
31,12,0,3,2.85,20,44,1,3,0,보통,0,4,5,3,1.22,1,0,0,0,0,0,0,0,0,0,0,0,0,0,0,0,0,0
44,3,0,11,1.989,3,23,0,,,여유,,,,,3.16,0,0,1,0,0,0,0,0,0,0,1,0,0,0,0,0,0,0
30,12,0,3,2.584,5,40,1,4,0,여유,0,5,3,3,1.06,1,0,0,0,0,0,0,0,0,0,0,0,0,0,0,0,0,0
29,6,0,5,2.516,6,41,0,3,0,보통,0,3,4,3,1.76,1,0,0,0,0,0,0,0,0,0,0,0,0,0,0,0,0,0
20,6,1,45,0.511,3,20,0,,,여유,,,,,3.25,0,1,0,0,0,0,0,0,1,0,0,0,0,0,0,0,0,0
33,12,0,1,4.886,24,51,0,4,0,여유,0,4,4,4,0.86,1,0,0,1,1,0,0,0,0,0,0,0,0,0,0,0,0,0
28,12,1,21,0.825,21,12,1,1,1,여유,0,4,4,3,2.5,1,0,0,0,0,0,0,0,0,0,1,0,0,0,1,0,1,1
35,3,0,58,0.208,3,0,0,,,보통,,,,,2.5,0,1,0,0,0,0,0,0,0,0,0,0,0,0,1,0,1,0
15,3,0,46,0.36,3,20,0,,,매우혼잡,,,,,2.37,0,1,0,0,0,0,0,0,0,0,0,0,1,0,0,0,0,0
38,6,1,7,3.908,5,62,1,3,0,여유,0,3,5,4,3.86,1,0,0,0,0,0,0,0,0,0,1,0,0,0,0,0,0,0
30,12,1,3,2.833,10,40,0,3,0,여유,0,3,4,3,1.05,1,0,0,0,0,0,0,0,0,0,0,0,0,0,0,0,0,0
37,3,0,26,0.737,1,39,0,,,보통,,,,,2.69,0,1,0,0,0,1,0,0,1,0,0,0,0,0,0,0,1,0
33,6,1,3,2.685,9,30,0,3,0,혼잡,0,3,2,2,1.02,1,0,0,0,0,0,0,0,0,0,0,0,0,0,0,0,0,0
34,12,1,17,1.328,9,21,0,3,0,보통,0,2,3,2,3.15,1,0,0,0,0,0,0,1,1,0,0,0,0,0,0,0,0,0
33,12,1,3,3.899,8,39,1,4,0,여유,0,4,3,3,1.74,1,0,0,0,0,0,0,0,0,0,0,0,0,0,0,0,0,0
36,12,0,4,2.432,17,43,0,4,0,보통,0,4,3,2,1.34,1,0,0,0,0,0,0,0,0,0,1,0,1,0,0,0,0,0
38,12,1,4,2.335,4,17,0,2,1,혼잡,0,3,2,3,1.37,1,0,0,0,0,1,0,0,0,0,0,0,1,0,0,1,0,0
38,6,1,3,3.055,8,39,0,,,혼잡,,,,,1.5,0,0,0,0,0,0,0,0,0,0,1,0,0,1,0,1,0,0
30,3,0,2,3.593,0,50,0,,,혼잡,,,,,1.15,0,0,0,0,0,0,0,0,0,0,0,0,0,1,0,0,0,0
42,1,0,17,0.887,3,23,0,,,여유,,,,,2.16,0,0,0,0,0,1,1,1,1,0,0,0,0,0,0,1,0,1
41,1,0,60,0.292,1,14,0,,,혼잡,,,,,2.8,0,1,1,1,1,0,0,1,1,1,1,1,1,1,0,0,0,0
29,6,0,9,1.632,5,28,0,,,매우혼잡,,,,,2.19,0,1,0,0,0,0,0,1,0,1,1,0,0,0,0,0,0,0
37,6,1,3,3.84,2,52,0,3,0,혼잡,0,4,4,3,1.44,1,0,0,0,0,0,0,0,0,0,0,0,0,0,0,0,0,0
34,12,0,3,3.559,6,65,0,,,보통,,,,,1.34,0,0,0,0,0,0,0,0,0,0,0,0,0,0,0,0,0,0
33,3,1,10,1.605,4,32,0,,,매우혼잡,,,,,2.19,0,1,0,1,0,0,0,0,1,0,1,0,1,1,0,1,0,0
41,6,0,6,1.904,5,41,1,3,0,보통,0,3,3,3,1.75,1,1,0,0,0,0,0,0,0,0,0,0,0,0,0,0,0,0
42,3,0,2,3.516,11,31,1,3,0,여유,0,3,4,4,1.19,1,0,0,0,0,0,0,0,0,0,0,0,0,0,0,0,0,0
39,3,1,1,5.389,5,63,0,3,0,보통,0,4,4,4,0.85,1,0,0,0,0,0,0,0,0,0,0,0,0,0,0,0,0,0
34,12,0,4,2.464,10,62,0,3,0,보통,0,4,4,4,1.41,1,0,0,0,0,0,0,0,0,0,0,0,0,0,1,0,0,0
32,6,0,60,0.162,3,12,0,,,보통,,,,,2.62,0,0,0,0,0,0,0,0,0,0,0,1,1,0,1,0,0,0
24,12,1,1,5.037,36,71,1,4,0,보통,0,5,5,4,1.05,1,0,0,0,0,0,0,0,0,0,1,0,0,0,0,1,0,0
29,6,1,4,2.323,16,39,0,,,혼잡,,,,,1.48,0,0,0,0,0,0,0,1,0,0,0,0,0,0,0,0,0,0
41,3,0,4,2.902,2,41,0,3,0,여유,0,4,3,3,1.47,1,0,0,1,0,0,0,0,0,1,0,0,0,0,0,0,0,0
41,12,0,5,2.106,3,43,0,1,0,매우혼잡,0,2,3,1,1.54,1,1,0,0,0,0,1,0,0,0,1,0,1,1,1,1,0,1
47,6,1,3,2.879,2,26,0,,,혼잡,,,,,1.21,0,0,0,0,0,0,0,0,0,0,1,1,0,1,0,0,0,0
27,3,0,15,1.107,6,26,0,,,여유,,,,,2.39,0,0,0,0,0,0,0,1,0,0,0,0,1,0,1,0,0,0
30,12,0,3,2.553,11,33,0,,,매우혼잡,,,,,1.19,0,0,0,0,0,0,0,0,1,0,0,1,1,1,0,1,0,1
29,12,0,10,1.98,12,39,0,,,보통,,,,,2.73,0,1,0,0,0,0,0,1,0,0,1,1,0,0,1,0,1,0
25,12,0,5,2.284,8,17,1,3,1,여유,0,3,4,4,1.54,1,0,0,0,0,0,0,0,0,1,0,0,0,0,0,1,0,0
15,1,0,8,1.732,3,48,0,3,0,여유,0,3,3,3,2.08,1,0,0,1,0,0,0,1,1,0,0,0,0,0,0,0,0,0
29,12,0,15,1.148,31,32,0,3,0,보통,0,2,3,4,2.53,1,0,0,0,0,0,0,1,0,0,0,0,0,0,0,0,0,0
42,12,0,3,3.695,2,49,1,,,혼잡,,,,,1.51,0,0,0,0,0,0,0,1,0,0,0,0,0,0,0,1,0,0
32,6,0,2,3.35,4,22,0,,,여유,,,,,1.11,0,0,0,0,0,0,0,0,0,0,0,0,0,1,0,0,0,0
35,1,0,60,0.349,2,13,1,,,여유,,,,,10.94,0,1,1,0,0,0,1,0,1,0,0,0,0,0,0,0,0,0
36,12,0,14,1.006,1,34,0,,,혼잡,,,,,2.03,0,1,0,0,0,0,1,0,0,0,0,1,1,0,0,1,0,1
43,12,0,5,2.257,20,40,0,,,여유,,,,,1.73,0,0,1,0,0,0,0,0,0,0,0,0,0,0,0,0,0,0
26,6,0,3,3.161,14,34,1,,,혼잡,,,,,1.29,0,0,0,0,0,0,0,0,0,0,1,1,0,0,1,0,0,1
43,12,0,1,4.956,3,70,0,,,혼잡,,,,,1.04,0,0,0,0,0,0,0,0,0,0,0,1,1,0,0,0,0,1
19,3,1,1,5.137,7,50,0,4,0,보통,0,4,4,4,0.81,1,0,0,0,0,0,0,0,0,0,0,0,0,0,0,1,0,0
18,1,1,5,2.394,1,38,0,,,여유,,,,,1.55,0,1,1,0,0,0,0,1,0,1,0,0,0,0,0,0,0,0
34,3,0,28,0.759,3,1,0,3,0,보통,0,3,3,2,3.03,1,0,0,0,0,0,0,0,0,0,0,0,0,0,0,0,0,0
39,1,0,25,0.759,3,0,0,,,여유,,,,,2.68,0,1,0,0,0,0,1,0,0,0,0,0,0,0,0,0,0,0
43,3,1,1,4.069,4,63,0,4,0,보통,0,4,3,4,0.84,1,0,0,0,0,0,0,0,0,1,0,0,0,0,0,0,0,0
40,12,0,16,2.844,36,44,0,,,보통,,,,,6.55,0,1,0,0,0,0,0,0,0,0,0,0,0,0,0,0,0,0
23,12,1,9,1.667,25,18,0,,,혼잡,,,,,2.03,0,1,0,0,0,0,0,0,0,0,0,0,0,0,1,0,1,1
34,3,0,5,2.182,3,20,0,3,0,여유,0,3,4,3,1.49,1,1,0,0,0,0,0,0,0,0,0,1,0,0,0,0,0,0
37,3,1,4,2.391,8,35,0,4,0,여유,0,4,3,4,1.22,1,0,0,0,0,0,0,1,0,0,0,0,0,0,0,0,0,0
42,6,0,3,2.72,6,36,0,3,0,보통,0,4,3,4,1.01,1,0,0,0,0,0,0,0,0,0,0,0,0,0,0,0,0,0
47,12,1,6,5.381,17,59,1,3,0,매우혼잡,0,4,3,4,4.36,1,0,0,0,0,0,0,0,0,0,1,1,0,0,0,0,0,0
46,12,0,5,2.164,12,35,0,2,0,혼잡,0,4,3,3,1.58,1,0,0,0,0,0,0,0,0,0,1,0,0,0,1,1,0,1
38,12,0,49,0.166,7,13,0,2,1,혼잡,0,4,3,3,2.1,1,1,0,0,0,0,0,0,0,0,1,0,0,0,0,1,0,0
45,3,1,2,4.09,11,45,1,,,여유,,,,,0.97,0,0,0,0,0,0,0,0,0,0,0,0,0,0,0,0,0,0
36,6,0,3,3.639,8,32,1,5,0,여유,1,4,5,3,1.67,1,0,0,0,1,0,0,0,0,1,0,0,1,0,0,0,0,0
47,12,0,4,2.251,13,37,0,,,혼잡,,,,,1.4,0,0,0,1,0,0,0,0,0,0,1,0,0,1,0,0,1,0
29,1,0,1,5.011,3,77,0,,,보통,,,,,0.85,0,0,0,0,0,0,0,1,0,0,1,0,0,0,0,0,0,0
39,6,0,22,0.778,9,41,0,,,혼잡,,,,,2.43,0,1,1,1,0,1,1,0,0,1,1,1,0,1,1,0,1,1
30,1,0,10,1.942,2,4,0,3,0,여유,0,2,2,3,2.9,1,0,1,0,0,0,1,0,0,0,0,0,0,0,0,0,0,0
37,6,0,1,4.283,27,38,0,,,혼잡,,,,,0.89,0,0,0,0,0,0,0,0,0,0,0,0,1,0,0,0,0,0
25,12,0,4,2.574,12,33,0,3,0,보통,0,3,3,5,1.35,1,0,0,0,1,0,0,0,0,1,0,0,0,0,0,0,0,0
24,12,0,1,5.125,36,57,0,4,0,혼잡,0,3,4,3,0.91,1,0,0,0,0,0,1,0,0,0,0,0,0,0,0,0,0,1
26,3,0,4,2.3,4,36,0,,,혼잡,,,,,1.36,0,0,0,0,0,0,0,0,0,0,0,0,0,0,0,0,0,0
37,12,0,2,3.551,20,39,1,4,0,혼잡,0,3,3,2,1.2,1,0,0,0,0,0,0,0,0,0,1,0,0,1,0,0,0,0
15,1,0,60,0.12,0,8,0,,,혼잡,,,,,2.72,0,1,0,1,0,0,0,1,0,0,0,0,0,0,0,1,0,0
44,12,0,3,3.558,8,50,0,,,매우혼잡,,,,,1.29,0,0,0,1,0,0,0,1,0,0,1,1,1,0,0,1,0,0
27,6,1,1,4.268,3,56,1,4,0,매우혼잡,0,3,4,3,0.82,1,0,0,0,0,0,0,0,0,0,1,0,0,0,0,1,0,0
32,12,0,2,4.789,26,69,0,,,혼잡,,,,,1.04,0,0,0,0,0,0,0,0,0,0,1,1,1,1,0,0,0,0
30,1,1,22,0.997,1,27,0,2,0,혼잡,0,3,3,3,3.07,1,1,0,0,0,0,1,0,0,0,1,1,1,0,0,0,0,1
32,12,0,3,3.237,16,26,0,3,0,보통,0,3,2,3,1.44,1,0,1,0,0,0,0,0,0,0,0,0,0,0,0,0,0,0
41,3,0,4,2.708,11,41,0,,,보통,,,,,1.51,0,1,0,0,0,0,0,0,0,0,0,0,0,0,0,0,0,0
58,1,0,5,2.682,1,25,0,3,0,보통,0,2,3,3,1.79,1,0,0,0,0,0,1,1,1,1,0,1,0,0,0,0,0,0
38,3,0,3,2.572,2,32,0,,,혼잡,,,,,1.12,0,0,0,0,0,0,0,0,0,1,0,0,0,0,1,0,0,0
22,6,0,3,2.391,8,25,0,3,0,매우혼잡,0,3,3,3,1.06,1,1,0,0,1,0,0,0,0,0,1,0,0,1,0,0,0,0
27,6,0,9,1.512,3,31,0,4,0,보통,0,3,3,3,1.94,1,0,0,1,0,1,0,0,1,0,0,1,0,0,0,0,0,0
29,1,1,12,0.981,5,26,0,1,1,보통,0,4,3,3,1.65,1,1,1,1,0,0,0,0,0,0,0,0,0,1,1,0,1,1
15,12,0,4,2.661,21,18,0,3,0,혼잡,0,4,4,3,1.53,1,0,0,0,0,0,0,0,0,0,0,1,0,0,0,0,0,0
39,3,0,4,2.104,3,36,0,3,0,여유,0,3,4,4,1.13,1,0,0,0,0,0,0,0,0,0,1,0,0,0,1,0,0,0
57,12,1,1,6.496,3,66,1,4,0,매우혼잡,0,4,5,3,1.01,1,0,0,0,0,0,0,0,0,0,0,0,1,0,0,0,0,0
15,1,0,22,0.724,0,0,0,,,보통,,,,,2.25,0,1,1,0,1,0,1,0,0,1,0,0,0,0,0,0,0,0
51,6,0,3,2.953,9,33,0,3,0,혼잡,0,3,3,2,1.34,1,0,0,0,0,0,1,0,0,0,0,0,1,0,0,0,0,0
32,6,1,1,4.702,8,43,1,,,보통,,,,,0.81,0,0,0,1,0,0,0,0,0,0,0,0,0,0,0,0,0,0
42,1,0,26,0.613,1,18,1,,,여유,,,,,2.25,0,0,0,0,0,0,0,1,0,1,0,0,0,0,1,0,0,1
31,3,1,60,0.324,14,0,0,,,혼잡,,,,,3.24,0,0,0,1,0,0,1,1,0,0,1,0,0,0,0,1,1,1
16,6,0,2,4.662,5,68,1,4,0,보통,0,4,5,4,1.0,1,0,0,0,0,0,0,0,0,0,1,0,0,0,0,0,0,0
38,12,0,13,1.618,4,17,1,3,0,보통,0,2,3,2,3.0,1,0,0,0,0,0,1,0,0,0,0,0,1,0,0,1,0,0
34,3,1,44,0.445,1,13,0,,,매우혼잡,,,,,2.81,0,0,1,0,0,0,0,0,0,1,1,1,0,1,0,0,0,0
15,3,1,9,1.641,7,22,0,,,여유,,,,,2.18,0,0,0,0,0,1,0,0,1,0,0,0,0,0,0,0,0,0
41,6,0,11,1.716,1,27,0,,,여유,,,,,2.7,0,1,0,0,0,0,0,0,0,0,0,0,0,0,0,0,0,0
25,3,0,18,2.786,1,46,0,,,매우혼잡,,,,,7.09,0,1,0,0,0,0,0,1,0,1,1,1,0,1,1,1,1,0
47,6,0,10,1.758,8,21,0,,,혼잡,,,,,2.41,0,1,0,1,0,0,1,0,0,0,1,1,0,0,0,0,1,0
25,6,1,3,2.667,4,22,0,3,1,혼잡,0,3,3,4,1.32,1,1,0,0,0,0,0,0,0,0,0,0,0,0,0,0,0,0
47,3,1,3,2.369,6,28,0,3,0,혼잡,0,3,3,2,1.04,1,0,0,0,0,0,0,0,0,0,0,0,0,0,0,0,0,0
41,1,1,12,1.388,0,10,0,2,0,보통,0,2,3,2,2.33,1,0,0,0,0,0,0,1,0,0,1,0,0,0,0,0,0,1
36,12,1,4,2.554,15,43,0,4,0,매우혼잡,0,3,3,3,1.39,1,0,0,1,0,0,0,0,0,0,1,1,0,0,0,1,0,0
37,6,0,3,3.465,6,42,0,4,0,여유,0,5,4,4,1.69,1,0,0,0,0,0,0,0,0,0,1,0,0,0,0,0,0,0
46,6,0,1,5.623,15,68,1,4,0,여유,0,4,5,4,0.85,1,0,0,0,0,0,0,0,0,0,0,0,0,0,0,0,0,0
24,3,0,52,0.414,0,11,0,,,혼잡,,,,,3.06,0,1,0,0,1,0,0,0,0,0,0,0,0,0,0,1,0,1
29,3,0,10,1.838,15,33,1,,,혼잡,,,,,2.5,0,0,0,0,0,0,0,0,0,0,1,0,0,0,0,1,0,0
43,3,0,7,1.559,2,29,0,,,보통,,,,,1.51,0,1,0,0,0,0,0,0,0,1,1,0,1,0,0,0,0,0
46,6,0,2,4.327,12,37,1,3,0,혼잡,0,4,4,4,1.09,1,0,0,0,0,0,0,0,0,0,0,0,0,0,1,0,0,0
43,6,0,1,4.274,18,73,1,,,여유,,,,,0.87,0,0,0,0,0,0,1,0,0,0,0,0,1,0,0,0,0,0
27,3,0,35,0.485,6,22,0,2,0,보통,0,3,3,3,2.44,1,1,0,0,0,0,0,0,0,0,0,0,1,0,0,0,0,0
18,12,0,2,4.438,16,67,0,,,매우혼잡,,,,,1.02,0,0,0,0,0,0,0,0,0,0,1,0,0,0,0,0,0,0
29,6,0,5,2.381,7,48,1,,,여유,,,,,1.75,0,0,0,0,0,0,0,0,0,0,0,0,0,0,0,1,0,0
45,6,1,5,2.174,9,16,0,2,0,여유,0,3,2,3,1.59,1,0,0,1,0,1,0,0,0,0,0,0,0,0,0,1,0,1
48,12,0,4,3.306,8,45,1,4,0,여유,0,2,4,3,1.76,1,0,0,0,0,0,0,0,1,0,0,0,0,0,0,0,0,0
31,1,0,4,2.066,3,28,0,,,혼잡,,,,,1.12,0,0,0,0,0,1,1,0,0,0,1,0,1,1,0,0,0,0
19,1,0,4,2.133,1,38,0,3,0,여유,0,4,3,4,1.19,1,0,0,0,0,0,0,1,0,0,0,0,0,0,0,0,0,0
54,3,1,1,4.01,5,42,0,4,0,보통,0,4,4,5,0.81,1,0,0,0,0,0,0,0,1,0,0,0,0,0,0,0,0,0
31,12,0,5,3.044,21,38,0,2,0,보통,0,3,2,3,2.08,1,1,0,0,0,0,0,1,0,0,0,0,0,1,1,0,0,0
29,12,0,9,1.993,16,29,0,3,0,보통,0,4,3,3,2.6,1,0,0,0,0,0,0,0,0,0,0,0,0,0,0,0,0,0
36,6,0,4,2.146,2,31,0,,,보통,,,,,1.2,0,1,0,0,0,0,0,0,0,0,0,0,0,1,0,0,0,0
43,12,0,6,4.73,14,55,0,,,여유,,,,,4.05,0,0,0,0,0,0,0,0,0,0,0,0,0,0,0,0,0,0
22,3,0,15,1.169,5,44,0,3,0,보통,0,2,3,3,2.53,1,0,0,0,0,1,0,0,0,0,0,0,0,0,0,0,0,0
45,12,0,12,1.349,8,30,0,,,보통,,,,,2.39,0,1,0,0,0,0,0,0,0,0,0,0,0,1,1,1,0,1
17,3,0,24,0.618,2,22,0,2,0,보통,0,3,3,2,2.13,1,1,0,0,0,0,0,0,0,0,0,0,1,0,0,0,0,0
44,6,0,6,2.121,3,21,1,,,여유,,,,,1.72,0,1,0,0,0,0,0,0,0,0,0,0,0,0,0,1,1,0
49,6,0,5,2.114,2,35,0,,,보통,,,,,1.66,0,1,0,0,0,0,0,0,0,0,1,0,1,1,0,0,0,0
41,3,1,34,0.526,6,3,0,,,혼잡,,,,,2.59,0,0,0,1,0,1,0,1,0,0,0,0,0,0,0,0,0,1
18,12,0,3,2.962,2,47,0,,,여유,,,,,1.34,0,0,0,0,0,0,0,0,0,0,0,0,0,0,0,0,0,0
50,12,0,19,0.988,33,29,0,2,0,혼잡,0,2,3,2,2.74,1,1,0,0,0,0,0,0,0,0,0,0,1,0,1,1,0,1
43,3,0,32,0.683,5,27,0,,,보통,,,,,3.08,0,1,0,1,0,1,0,0,0,0,0,0,0,0,1,0,0,0
15,12,0,18,0.824,13,16,1,2,0,보통,0,3,3,3,2.14,1,0,0,0,0,0,0,0,0,0,0,0,0,0,0,1,1,0
21,6,0,4,2.752,12,32,0,4,0,혼잡,0,3,2,3,1.76,1,0,0,1,1,0,0,0,0,0,0,0,0,1,0,0,0,0
51,1,0,50,0.0,1,8,0,,,혼잡,,,,,2.13,0,1,1,0,0,0,1,1,1,0,1,0,1,1,1,0,0,0
46,3,1,7,1.861,2,18,0,3,0,혼잡,0,3,3,3,1.83,1,0,0,0,0,0,0,0,0,0,0,0,0,0,1,0,1,1
36,12,1,4,3.302,8,56,1,,,여유,,,,,1.79,0,0,0,0,0,0,0,0,0,0,0,0,0,0,0,0,1,0
42,6,1,17,0.977,11,24,0,,,매우혼잡,,,,,2.34,0,0,0,0,0,0,0,0,0,0,1,1,1,0,1,1,1,1
36,12,0,13,2.629,13,30,0,3,0,여유,0,4,3,3,5.06,1,0,0,0,0,0,0,0,0,0,0,0,0,0,0,0,0,0
26,1,0,16,0.987,3,27,0,2,0,매우혼잡,1,2,2,1,2.25,1,1,0,0,0,0,0,0,0,1,1,1,1,1,0,1,0,1
35,6,0,60,0.327,8,19,0,,,보통,,,,,8.14,0,1,0,0,0,0,0,0,0,0,0,1,0,0,0,0,0,0
32,6,0,3,3.285,9,31,0,4,0,보통,0,3,3,3,1.44,1,0,0,0,0,0,0,0,0,0,0,0,1,0,0,0,0,0
29,3,1,1,4.049,6,57,0,3,0,매우혼잡,1,3,3,2,0.82,1,0,0,0,0,0,0,1,0,0,1,1,1,1,0,0,0,0
40,12,1,2,4.371,35,55,0,,,여유,,,,,1.05,0,0,0,0,0,0,0,0,0,0,0,0,0,0,0,0,0,0
38,12,0,1,4.748,14,56,1,,,혼잡,,,,,0.87,0,0,0,0,0,0,0,0,0,0,0,0,0,0,0,1,0,0
33,3,0,23,0.888,5,4,0,3,0,보통,0,3,3,2,2.87,1,0,0,0,0,0,1,0,0,0,0,0,0,1,0,0,0,0
41,12,0,4,2.957,12,43,1,,,보통,,,,,1.78,0,0,0,0,0,0,0,0,0,0,0,0,0,0,0,0,0,0
26,12,1,3,2.276,11,39,0,4,0,보통,0,3,3,4,1.09,1,0,0,0,0,0,0,0,0,0,0,0,0,0,0,0,0,0
15,6,0,40,0.038,9,4,0,,,혼잡,,,,,1.73,0,1,0,0,0,0,0,0,1,0,0,0,1,0,1,0,1,0
35,12,0,2,3.964,36,51,1,4,0,보통,1,3,5,3,1.19,1,0,0,0,0,0,0,0,0,0,0,0,0,0,1,0,0,0
21,6,1,56,0.315,5,19,0,2,0,보통,0,2,3,3,2.53,1,1,0,0,0,0,0,0,1,0,1,0,0,0,0,0,0,0
47,6,1,3,3.953,5,58,1,4,0,보통,0,4,5,3,1.45,1,0,0,0,0,0,0,0,0,0,0,0,0,0,0,0,0,0
43,12,0,3,2.849,6,34,1,3,0,매우혼잡,0,2,3,3,1.39,1,0,0,0,0,0,1,1,0,1,1,0,0,0,0,1,0,0
29,6,0,13,1.066,4,14,1,3,0,혼잡,0,1,2,2,2.02,1,1,0,0,0,0,0,0,1,1,1,0,0,0,0,0,0,0
50,3,0,30,0.648,12,12,0,3,0,보통,0,2,3,2,2.82,1,0,0,0,0,0,1,1,0,0,1,0,0,0,0,0,0,0
30,12,1,1,4.242,20,61,0,4,0,보통,0,4,4,3,0.87,1,0,0,0,0,0,0,0,0,0,0,0,0,0,0,0,0,0
31,12,1,5,2.343,14,49,1,3,0,혼잡,0,3,4,3,1.68,1,0,0,0,0,0,0,0,0,0,0,1,1,0,0,0,0,0
47,6,0,60,0.248,9,7,1,2,0,여유,0,2,4,2,2.69,1,0,0,0,0,0,0,0,0,0,0,1,0,0,0,0,0,0
19,12,0,4,3.015,12,30,0,,,여유,,,,,1.57,0,1,0,0,0,0,0,0,0,0,0,0,0,0,0,0,1,0
58,3,1,2,4.089,6,55,0,,,혼잡,,,,,0.88,0,0,0,0,0,0,0,0,0,0,0,0,0,1,0,0,0,0
20,6,0,2,4.047,21,35,1,,,여유,,,,,0.95,0,0,0,0,0,0,0,0,0,0,0,0,0,0,0,0,0,0
31,1,1,3,3.453,2,50,0,,,여유,,,,,1.42,0,0,1,1,0,0,1,0,0,0,0,0,0,0,0,0,0,0
34,12,0,1,5.055,3,56,0,3,0,매우혼잡,0,4,3,4,0.98,1,0,0,0,0,0,0,0,0,0,1,1,0,0,0,0,0,0
39,3,0,9,1.738,1,11,0,,,혼잡,,,,,2.25,0,1,0,0,0,1,1,0,0,1,1,1,0,0,0,0,0,0
28,6,0,10,1.534,5,18,0,4,0,여유,0,3,3,3,2.16,1,0,1,0,0,0,0,0,0,0,0,0,0,0,1,0,0,0
27,6,0,4,2.687,4,37,0,,,보통,,,,,1.37,0,0,0,0,0,0,0,0,0,0,1,0,0,0,0,0,0,0
24,6,0,5,2.169,5,21,0,4,0,여유,0,4,3,4,1.45,1,0,1,1,0,0,0,0,0,0,0,0,0,0,0,0,0,0
33,3,0,50,0.108,2,1,0,,,여유,,,,,2.13,0,0,0,0,0,0,0,1,0,0,0,0,0,0,0,0,0,0
33,12,1,1,5.108,7,54,1,4,0,보통,0,4,5,4,0.82,1,0,0,0,0,0,0,1,0,0,0,0,0,1,0,0,0,0
40,1,0,3,2.498,2,35,0,4,0,매우혼잡,0,1,3,3,1.02,1,0,0,0,0,0,0,0,1,1,1,0,0,0,0,0,0,0
37,12,1,1,5.175,13,62,1,4,0,보통,0,3,4,3,0.82,1,0,0,0,0,0,1,0,0,0,1,0,0,0,0,0,0,0
24,1,0,15,1.132,5,16,1,4,0,보통,1,3,3,2,2.45,1,0,0,1,0,0,0,1,0,1,0,0,0,1,0,0,0,0
27,6,0,1,4.165,20,54,0,4,0,보통,0,3,4,4,0.81,1,0,0,0,0,0,1,0,0,0,0,0,0,0,0,0,0,0
18,3,0,41,0.434,1,19,0,,,보통,,,,,2.52,0,1,0,0,1,0,0,1,1,0,0,0,1,1,0,0,0,0
26,12,0,10,1.642,21,18,1,,,매우혼잡,,,,,2.24,0,1,0,0,0,0,0,0,1,0,1,1,0,0,1,1,0,0
35,3,0,2,3.468,2,67,0,4,0,혼잡,0,4,4,4,1.18,1,0,0,0,0,0,0,0,0,0,0,0,0,0,0,0,0,0
31,6,0,5,2.017,1,36,0,3,0,보통,0,3,4,3,1.48,1,0,0,0,0,0,0,0,0,0,0,0,0,0,0,0,0,0
16,12,0,18,2.442,4,15,0,,,보통,,,,,6.18,0,1,0,0,0,0,0,0,0,0,0,1,0,0,0,0,0,0
34,6,1,2,3.694,9,35,0,4,0,매우혼잡,0,3,4,3,1.02,1,0,0,0,0,0,0,0,0,0,1,0,1,0,1,0,0,0
39,1,1,2,3.281,3,38,1,,,여유,,,,,1.0,0,0,0,0,1,0,0,0,0,0,0,0,0,0,1,0,0,1
35,6,0,11,1.665,2,61,0,4,0,보통,0,2,3,3,2.51,1,0,0,0,0,0,0,0,0,1,0,0,0,0,0,0,0,0
46,6,1,3,2.759,8,44,0,,,보통,,,,,1.37,0,0,0,0,0,0,0,0,0,0,0,0,0,0,0,0,1,0
29,3,1,2,4.99,7,62,0,4,0,여유,0,3,4,4,1.09,1,0,0,0,0,0,0,0,0,0,0,0,0,0,0,0,1,0
21,6,0,6,1.734,5,42,0,3,0,혼잡,0,3,3,2,1.51,1,0,0,0,0,0,0,0,0,0,0,1,0,0,0,0,0,0
22,12,0,5,2.168,8,26,0,2,0,매우혼잡,0,3,2,3,1.43,1,1,0,0,0,0,1,0,0,0,1,0,1,0,0,0,1,1
34,12,0,19,2.458,20,47,0,,,보통,,,,,6.63,0,0,0,0,0,0,0,0,1,0,1,0,0,0,0,0,0,0
26,3,0,12,1.788,4,40,1,2,0,혼잡,0,2,3,2,3.13,1,0,0,0,0,0,0,0,0,1,0,1,1,0,0,0,0,0
36,3,0,2,3.005,10,36,1,,,보통,,,,,1.07,0,0,0,0,0,0,0,0,0,0,0,0,0,0,0,0,0,0
43,12,1,2,4.21,36,51,0,4,0,혼잡,0,4,4,4,0.92,1,0,0,0,0,0,0,0,0,0,0,0,0,0,0,0,0,0
35,1,1,2,3.997,8,53,0,,,보통,,,,,1.3,0,0,0,0,0,0,0,0,0,0,1,0,0,0,0,0,0,0
15,12,1,4,2.477,17,18,0,,,보통,,,,,1.57,0,0,0,0,0,0,0,0,0,0,0,0,0,0,0,0,0,0
31,3,0,2,4.235,3,50,0,,,보통,,,,,0.98,0,0,0,0,0,0,0,0,0,0,0,0,0,0,0,0,0,0
37,6,0,7,1.653,5,26,0,3,0,혼잡,0,3,3,3,1.69,1,0,1,0,0,0,0,1,0,0,0,0,1,0,0,0,0,0
29,12,0,6,1.93,13,16,1,2,0,여유,0,3,4,4,1.71,1,0,0,0,0,0,0,0,0,1,0,0,0,0,0,1,0,0
37,3,0,10,4.184,1,69,1,3,0,보통,0,4,5,5,5.78,1,0,0,0,0,0,0,0,0,0,0,0,0,0,0,0,0,0
19,12,1,2,4.044,7,58,0,4,0,혼잡,0,4,5,4,1.08,1,0,0,0,0,0,0,0,0,0,0,0,0,0,0,1,0,0
46,12,0,5,2.239,3,42,0,3,0,보통,0,4,2,3,1.47,1,1,1,0,0,0,0,0,0,0,0,0,0,0,1,0,1,0
44,12,0,3,2.369,26,21,1,,,혼잡,,,,,1.11,0,0,0,0,0,0,0,0,0,0,0,0,0,0,0,0,0,0
28,1,1,3,3.2,3,23,0,,,보통,,,,,1.27,0,0,1,0,0,1,1,1,0,1,0,0,0,0,0,0,0,0
29,12,0,7,1.529,6,10,0,4,0,여유,0,4,3,3,1.51,1,0,0,0,0,0,0,0,0,0,0,0,0,0,0,0,0,0
30,6,0,3,2.424,3,22,1,,,혼잡,,,,,1.06,0,0,0,0,0,0,0,0,1,0,0,0,0,0,0,0,0,0
29,3,0,12,1.198,4,21,0,4,0,보통,0,3,4,3,2.09,1,0,0,0,0,0,1,0,1,0,0,0,0,0,0,1,0,0
37,12,1,1,6.098,2,67,1,3,0,보통,0,4,5,4,1.06,1,0,0,0,0,0,0,0,0,0,0,0,0,0,0,0,0,0
31,1,1,50,1.409,5,11,0,4,0,혼잡,1,4,3,1,10.11,1,1,0,1,0,0,0,0,0,0,1,0,0,0,0,0,0,0
40,12,1,3,3.727,23,40,1,,,보통,,,,,1.69,0,0,0,0,0,0,0,0,0,0,0,0,0,0,0,0,0,0
25,12,1,14,1.585,12,40,0,,,혼잡,,,,,3.28,0,0,0,0,0,0,0,1,0,0,0,0,1,1,0,0,0,0
18,3,1,2,4.688,5,48,1,3,0,혼잡,1,4,4,3,1.06,1,0,0,0,0,0,0,0,0,0,1,0,1,1,0,1,0,0
19,6,1,16,0.954,11,26,0,,,여유,,,,,2.18,0,1,1,0,1,0,0,0,0,0,1,0,0,1,0,1,0,1
35,12,1,2,4.414,1,40,1,3,0,보통,0,4,3,3,1.02,1,0,0,0,0,0,0,0,0,0,0,0,0,1,0,1,0,0
27,12,0,2,4.165,29,47,0,3,0,보통,0,4,4,4,1.0,1,0,0,0,1,0,0,0,0,0,0,0,0,0,0,1,0,0
34,6,1,2,3.862,4,35,0,3,0,혼잡,0,3,3,3,1.24,1,0,0,0,0,0,0,0,0,0,1,0,0,1,1,0,0,0
33,12,1,3,2.637,1,27,0,4,0,여유,0,3,4,3,1.24,1,1,0,0,0,0,0,0,0,0,0,0,0,0,0,0,0,0
50,12,1,3,3.818,29,36,0,3,0,매우혼잡,0,4,3,3,1.71,1,0,0,0,0,0,0,0,0,0,0,1,0,0,0,0,0,0
53,12,1,6,2.038,3,40,0,,,여유,,,,,1.71,0,0,0,0,0,0,1,0,0,0,0,0,0,0,0,0,0,0
15,12,0,57,0.0,36,1,0,,,혼잡,,,,,2.46,0,1,0,0,0,0,0,0,0,0,1,1,1,1,0,1,1,1
43,12,1,1,5.243,5,41,1,5,0,여유,0,4,5,4,0.98,1,0,0,0,0,0,0,1,0,0,0,0,0,0,0,0,0,0
37,12,1,3,3.893,36,72,1,4,0,혼잡,0,4,4,3,1.75,1,0,0,0,0,0,0,0,0,0,0,1,0,0,0,0,1,1
33,12,0,3,3.288,12,51,0,,,여유,,,,,1.2,0,0,0,0,0,0,0,0,0,0,0,0,0,0,0,0,0,0
33,6,0,4,2.696,1,28,0,,,혼잡,,,,,1.38,0,1,0,0,0,0,0,1,0,0,1,0,1,0,0,1,0,0
23,6,0,13,1.419,2,19,0,,,여유,,,,,2.55,0,1,0,0,0,0,0,0,0,0,0,0,0,0,1,0,0,0
15,3,0,6,1.843,5,30,0,,,보통,,,,,1.6,0,1,0,0,0,0,0,0,0,0,0,0,0,0,0,0,0,0
37,6,0,4,2.075,5,15,0,3,0,여유,0,3,3,5,1.06,1,1,0,0,0,0,0,0,0,0,0,0,0,0,0,0,0,0
20,12,0,1,5.656,29,63,1,4,0,보통,0,4,4,3,0.92,1,0,0,0,0,0,0,0,0,0,0,0,0,0,0,0,0,0
38,12,1,2,3.368,14,63,0,,,혼잡,,,,,1.03,0,0,0,0,0,0,0,0,0,0,0,0,1,0,0,0,0,0
53,6,1,1,4.26,4,57,1,3,0,보통,0,4,5,4,0.8,1,0,0,0,0,0,0,0,0,0,0,0,0,0,0,1,0,0
40,6,0,11,1.472,4,19,0,,,여유,,,,,2.41,0,0,0,0,0,0,1,0,0,0,0,0,0,0,0,0,0,0
44,12,0,13,1.501,5,14,0,,,혼잡,,,,,2.82,0,1,0,0,1,0,1,0,0,0,1,1,0,1,0,0,0,1
47,1,0,60,0.0,2,24,0,2,0,보통,0,2,2,3,2.99,1,0,1,0,0,0,0,1,1,1,1,0,0,0,0,0,1,1
42,1,0,56,0.0,1,29,0,3,0,혼잡,0,2,2,2,2.39,1,1,1,1,0,0,1,0,0,0,1,1,0,1,1,0,1,0
36,12,0,4,3.078,34,39,1,3,0,여유,0,3,4,3,1.77,1,0,0,0,0,0,0,0,0,0,0,0,0,0,0,0,0,1
15,1,1,14,1.058,0,21,0,,,혼잡,,,,,2.11,0,0,0,1,0,0,0,0,0,0,1,0,0,1,0,0,0,0
31,3,0,9,1.594,5,28,0,3,0,매우혼잡,0,3,3,3,2.15,1,1,0,0,0,0,0,0,0,0,0,1,1,0,0,0,0,0
20,12,0,1,5.098,10,73,1,3,0,혼잡,0,4,4,3,1.07,1,0,0,0,0,0,0,0,0,0,0,0,0,0,1,1,1,0
32,12,0,1,5.336,36,55,1,4,0,혼잡,0,3,5,3,0.97,1,0,0,0,0,0,1,0,0,0,0,0,0,0,0,0,0,0
42,3,0,2,3.465,5,34,0,,,여유,,,,,1.15,0,0,1,0,0,0,0,0,0,0,0,0,0,0,0,0,0,0
56,6,0,4,2.616,4,26,0,4,0,혼잡,0,3,3,2,1.38,1,0,0,0,0,0,1,0,0,0,1,0,0,0,0,0,0,0
15,12,0,4,3.093,4,35,0,3,0,보통,0,2,4,3,1.73,1,1,0,0,0,0,0,0,0,0,0,0,0,0,0,0,0,0
40,6,0,6,1.819,4,29,0,4,0,보통,0,3,3,3,1.67,1,1,0,0,0,0,0,0,0,1,0,0,0,0,0,0,0,0
30,6,0,8,1.688,11,26,0,3,0,보통,0,4,3,3,1.86,1,0,1,0,0,0,0,0,0,0,0,0,0,0,0,0,0,0
42,3,1,18,1.175,3,24,0,,,보통,,,,,2.96,0,1,0,0,0,0,0,0,0,0,0,1,1,1,0,1,0,0
36,6,0,15,1.177,16,21,0,,,혼잡,,,,,2.45,0,1,0,1,1,0,0,0,0,0,0,0,1,1,0,0,0,0
48,3,0,60,0.27,7,21,0,2,0,혼잡,1,3,3,1,2.77,1,1,1,1,0,0,0,0,0,0,1,1,0,1,0,1,0,1
63,6,1,1,5.18,13,45,0,4,0,보통,0,4,4,4,1.06,1,0,0,0,0,0,0,0,0,0,0,0,0,0,0,0,0,0
31,12,0,10,1.097,10,11,0,,,혼잡,,,,,1.52,0,0,0,0,0,0,0,0,1,0,0,0,0,0,1,1,0,0
41,6,1,4,3.048,6,29,0,,,여유,,,,,1.59,0,0,0,0,0,0,0,1,0,0,1,0,0,1,0,0,0,0
28,6,1,5,2.253,10,30,0,2,0,여유,1,3,3,2,1.53,1,0,0,1,0,1,0,1,0,0,0,0,0,0,1,0,0,0
39,1,0,11,1.767,1,42,0,3,0,혼잡,0,3,3,3,2.78,1,1,0,0,0,0,0,0,1,0,0,1,1,0,0,0,0,0
26,12,0,1,4.681,3,56,1,4,0,매우혼잡,0,4,4,3,1.0,1,0,0,0,0,0,0,0,0,0,0,1,0,1,0,0,0,1
34,12,0,60,0.121,11,0,0,,,혼잡,,,,,3.06,0,1,0,1,0,0,0,1,0,0,1,0,1,1,1,0,0,1
38,12,1,2,3.1,18,29,0,3,0,보통,0,4,3,3,1.05,1,0,0,0,0,1,0,0,0,0,0,0,0,0,0,0,0,0
46,12,0,4,2.873,5,39,1,3,0,혼잡,0,3,3,3,1.47,1,0,0,0,0,1,0,0,0,0,1,0,1,0,1,0,0,0
33,3,1,23,0.967,1,35,0,2,0,혼잡,1,2,2,2,3.11,1,0,0,0,0,0,0,1,0,0,1,1,1,1,0,0,1,1
34,12,0,5,2.304,36,33,1,,,여유,,,,,1.69,0,1,0,0,0,0,1,0,0,0,0,0,0,0,0,0,0,0
55,12,0,3,3.999,36,54,0,,,매우혼잡,,,,,1.73,0,0,0,0,0,0,0,0,0,1,1,1,0,0,0,1,0,0
56,3,0,54,0.102,6,4,0,,,여유,,,,,2.31,0,1,0,0,1,0,0,0,0,0,0,0,1,0,0,0,0,0
15,12,1,6,6.456,9,50,1,,,혼잡,,,,,5.32,0,0,0,0,0,0,0,0,1,0,1,0,0,0,0,0,0,0
40,6,1,1,4.719,9,70,0,,,보통,,,,,0.99,0,0,0,0,0,0,0,0,1,0,0,0,0,0,0,0,0,0
22,3,0,3,2.449,6,42,1,,,혼잡,,,,,1.1,0,0,0,0,0,0,1,1,0,0,0,0,0,0,0,1,1,0
57,1,0,25,0.805,9,10,0,2,0,혼잡,0,1,3,2,2.86,1,0,0,0,1,0,1,1,0,1,1,0,0,0,0,0,0,0
30,1,0,60,0.19,2,0,0,3,0,혼잡,0,2,3,2,2.77,1,1,0,0,0,0,0,1,1,0,0,1,1,0,1,0,0,0
41,6,0,5,2.317,22,28,0,,,보통,,,,,1.56,0,0,0,0,0,0,0,0,0,0,0,0,0,0,0,0,0,0
35,6,0,10,1.506,3,31,0,,,여유,,,,,2.08,0,0,0,0,0,0,0,0,0,0,0,0,0,0,0,0,0,0
26,6,0,27,1.813,15,27,0,4,0,여유,0,3,4,3,7.12,1,0,0,0,0,0,0,0,0,0,0,0,0,0,0,0,0,0
31,3,0,4,3.012,9,48,0,3,0,혼잡,0,2,4,2,1.72,1,0,0,0,0,0,0,0,0,1,1,1,0,0,0,0,0,0
42,1,0,12,1.726,4,26,0,2,0,보통,0,2,3,2,2.93,1,1,0,0,0,0,0,0,0,0,0,0,0,1,0,0,0,1
26,6,1,60,1.097,6,31,0,,,보통,,,,,16.22,0,1,0,1,0,1,1,0,0,1,0,0,0,0,0,0,0,0
18,3,0,6,1.876,24,32,0,,,여유,,,,,1.55,0,0,0,0,0,0,1,0,0,0,0,0,0,0,0,0,0,0
24,6,0,13,1.482,11,18,0,,,혼잡,,,,,2.73,0,0,0,0,0,1,0,0,0,1,0,0,0,0,0,0,0,0
34,3,1,2,3.414,5,40,0,,,여유,,,,,1.01,0,0,0,0,0,0,0,0,0,0,0,0,0,0,0,0,0,0
32,6,1,11,1.612,21,27,0,,,여유,,,,,2.45,0,0,0,0,0,0,0,0,0,0,0,0,0,0,0,0,0,0
25,3,0,3,2.937,16,16,0,3,0,보통,0,3,3,3,1.1,1,0,0,0,0,0,1,0,0,0,0,1,1,0,0,0,0,0
29,12,0,21,1.069,11,24,0,,,여유,,,,,3.28,0,1,0,1,0,0,1,0,0,0,1,0,0,0,0,1,0,0
29,12,1,3,3.083,6,29,0,,,보통,,,,,1.35,0,0,0,0,0,0,0,0,0,0,0,0,0,1,0,0,0,0
19,3,1,3,3.398,5,35,0,,,보통,,,,,1.35,0,0,0,0,0,0,1,0,0,0,1,0,0,0,0,0,0,0
54,1,0,2,3.442,4,59,0,4,0,보통,0,4,4,4,1.17,1,0,0,0,0,0,0,0,0,0,1,0,0,0,0,0,0,0
27,12,0,15,1.201,5,23,0,3,0,보통,0,2,2,2,2.49,1,0,0,0,0,1,0,1,1,0,1,1,0,0,0,0,0,0
32,6,0,20,1.132,3,38,0,,,매우혼잡,,,,,3.29,0,1,0,0,0,0,0,1,0,0,0,0,1,1,1,1,0,0
41,1,0,26,0.722,1,17,0,2,0,매우혼잡,0,2,2,2,2.64,1,0,0,0,0,0,1,0,1,0,0,1,1,1,0,0,0,0
28,6,1,1,4.822,12,60,0,3,0,혼잡,0,4,5,4,0.89,1,0,0,0,0,0,0,0,0,0,0,0,0,0,0,1,0,0
46,12,1,3,3.636,7,50,0,,,여유,,,,,1.75,0,0,0,0,0,0,0,0,0,0,0,0,0,0,0,0,0,0
33,1,0,3,2.2,2,22,0,4,0,매우혼잡,0,2,4,2,1.0,1,0,0,0,0,0,0,0,1,0,1,0,1,0,0,0,0,0
21,6,0,20,1.09,7,36,0,2,0,여유,0,2,2,2,3.12,1,1,1,0,0,1,0,0,0,0,0,0,0,0,0,0,0,0
44,12,0,2,4.434,5,57,0,5,0,여유,0,4,4,4,0.96,1,0,0,0,0,0,0,1,0,0,0,0,0,0,0,0,0,0
16,12,0,3,3.777,12,35,1,4,0,여유,1,5,5,3,1.58,1,0,0,0,0,0,0,0,0,0,0,0,0,1,0,0,0,0
16,1,1,1,5.379,12,54,1,,,보통,,,,,1.03,0,0,0,0,0,0,0,0,0,0,0,0,0,0,0,0,0,0
32,12,0,4,2.74,0,41,1,,,여유,,,,,1.69,0,0,0,0,1,0,0,0,0,0,0,0,0,0,0,0,0,0
40,6,0,21,1.042,22,24,0,,,여유,,,,,3.13,0,0,0,0,0,0,0,0,0,0,0,1,0,0,0,0,0,0
27,12,1,34,1.65,2,5,0,,,보통,,,,,8.09,0,1,0,0,0,0,0,0,0,0,1,0,0,0,1,0,0,0
22,1,0,60,0.0,1,0,0,,,여유,,,,,2.59,0,1,0,1,0,0,0,0,0,1,0,0,0,0,0,0,0,0
15,12,0,18,2.182,12,17,0,3,0,여유,0,4,3,3,5.65,1,1,0,0,0,0,1,0,0,0,0,0,0,0,0,0,0,0
47,12,1,1,4.59,21,71,1,4,0,혼잡,0,5,4,3,0.87,1,0,0,0,0,0,0,0,0,0,0,0,1,0,0,0,0,0
24,3,0,53,0.0,3,19,0,,,여유,,,,,2.26,0,1,0,1,0,0,0,0,0,1,0,0,0,1,0,0,0,0
45,6,0,3,3.465,18,21,1,,,혼잡,,,,,1.73,0,0,0,0,0,0,0,0,0,0,1,0,0,1,0,0,0,0
25,12,1,3,2.553,23,27,0,,,보통,,,,,1.08,0,0,0,0,0,0,0,0,0,0,0,1,1,0,0,0,1,0
29,1,0,6,1.914,0,43,0,,,여유,,,,,1.54,0,0,0,0,0,1,0,0,0,1,0,0,0,0,0,0,0,1
42,6,0,9,1.877,3,32,0,3,0,여유,0,3,5,3,2.51,1,0,0,0,0,0,0,1,0,0,0,0,0,0,0,0,0,0
30,12,0,3,3.702,12,38,1,,,혼잡,,,,,1.46,0,0,0,0,0,0,0,0,0,0,0,1,0,0,0,0,1,0
33,3,1,4,2.75,5,25,0,4,0,여유,0,4,3,3,1.39,1,0,0,0,1,0,0,0,0,0,0,0,0,0,0,0,0,0
25,3,0,16,0.986,7,4,0,,,보통,,,,,2.3,0,0,1,0,0,1,0,0,0,0,1,0,0,0,0,0,0,0
32,6,1,2,3.762,7,63,1,4,0,혼잡,1,4,4,2,1.11,1,0,0,0,0,0,0,0,0,0,0,1,1,1,0,0,0,0
29,3,0,4,2.766,5,30,0,2,0,여유,0,3,3,3,1.42,1,0,0,0,1,1,0,0,0,1,0,0,1,0,0,0,0,1
23,6,0,4,2.06,1,27,0,4,0,혼잡,0,3,3,3,1.11,1,1,0,0,0,0,0,1,1,0,1,1,0,0,0,0,0,0
27,12,0,7,1.822,8,18,0,,,매우혼잡,,,,,1.94,0,0,0,0,0,0,0,0,0,0,1,1,0,1,1,1,0,0
45,12,0,3,3.164,35,30,0,4,0,여유,0,4,4,3,1.34,1,0,0,0,0,0,0,0,0,0,0,0,0,1,0,0,0,0
36,12,1,1,5.79,11,51,1,5,0,혼잡,0,3,5,4,0.88,1,0,0,0,0,0,0,0,1,0,0,0,0,0,0,0,0,0
24,3,0,26,0.703,2,20,0,,,매우혼잡,,,,,2.58,0,1,1,0,0,1,0,0,0,0,1,0,1,0,0,1,0,1
17,6,1,1,4.75,23,56,0,,,매우혼잡,,,,,0.87,0,0,0,0,0,0,1,0,0,0,0,0,1,1,0,0,0,0
18,12,1,1,5.939,36,48,1,4,0,혼잡,0,4,5,4,0.8,1,0,0,0,0,0,0,0,0,0,1,0,1,0,0,0,0,1
24,12,0,12,1.684,16,18,1,,,혼잡,,,,,2.8,0,0,0,0,0,0,1,0,1,1,0,1,0,0,0,0,0,0
20,12,1,1,5.412,10,51,1,5,0,여유,0,3,5,4,1.01,1,0,0,0,0,0,0,0,0,0,0,0,0,0,0,0,0,0
15,12,1,3,3.869,18,57,0,3,0,보통,0,3,3,3,1.52,1,1,0,0,0,0,0,0,0,0,0,0,0,0,0,0,0,0
43,6,0,54,0.0,13,9,0,,,여유,,,,,2.32,0,1,0,0,0,0,0,0,1,0,0,0,0,0,1,0,0,0
21,12,0,15,1.298,3,29,0,2,0,보통,0,1,1,2,2.69,1,1,0,1,1,1,1,1,1,1,0,1,0,0,0,1,1,0
31,12,0,3,3.417,5,24,1,,,여유,,,,,1.26,0,0,0,0,0,0,0,1,0,0,0,0,0,0,0,0,0,0
32,6,0,8,1.953,9,29,1,,,여유,,,,,2.13,0,0,0,0,0,0,0,0,0,0,1,0,0,0,0,0,0,1
51,6,0,3,2.639,3,42,0,,,보통,,,,,1.3,0,0,0,0,0,0,0,0,0,0,0,0,0,0,0,0,0,0
37,6,0,5,2.131,3,35,1,4,0,여유,1,3,4,2,1.45,1,0,0,0,0,0,0,0,0,0,0,0,0,0,0,0,1,0
45,12,0,1,4.883,20,60,1,,,여유,,,,,0.96,0,0,1,0,0,0,0,0,0,0,0,0,0,0,0,0,0,0
59,3,1,1,5.004,8,53,1,4,0,혼잡,0,4,4,4,0.95,1,0,0,0,0,0,0,0,0,0,0,0,0,0,1,0,0,0
52,3,1,53,0.0,4,42,0,1,1,보통,0,3,2,3,2.28,1,1,0,0,0,0,0,0,0,0,0,1,0,0,1,1,0,1
34,3,0,6,2.001,2,41,0,3,0,매우혼잡,0,3,2,1,1.61,1,1,0,0,0,0,0,0,1,0,0,1,1,0,0,0,0,0
33,6,1,5,2.205,4,34,0,,,혼잡,,,,,1.61,0,0,0,0,0,0,1,0,0,1,1,1,1,0,0,0,0,0
37,3,0,1,4.353,4,53,1,5,0,여유,0,4,5,4,0.87,1,0,0,0,0,0,0,0,0,0,0,0,0,0,0,0,0,0
33,12,0,1,4.697,9,44,1,,,보통,,,,,0.96,0,0,0,0,0,0,0,0,0,0,1,0,1,1,0,0,1,0
36,1,0,3,2.403,4,42,0,3,0,보통,0,3,4,4,1.13,1,0,0,0,0,0,0,0,0,1,0,0,0,0,0,0,0,0
35,12,0,6,5.221,22,55,1,3,0,보통,0,4,5,4,4.31,1,0,0,0,0,0,0,0,0,0,0,0,0,0,0,0,0,0
55,12,0,3,2.447,6,23,0,3,0,보통,0,3,4,3,1.11,1,0,0,0,0,0,0,0,0,0,0,0,0,0,0,0,1,1
48,3,0,3,2.527,5,44,0,3,0,여유,0,3,4,3,1.17,1,0,0,0,0,0,0,0,0,0,0,0,0,0,0,0,0,0
41,6,0,4,2.681,20,29,0,3,0,매우혼잡,0,2,3,2,1.38,1,0,0,0,0,0,0,0,1,0,1,0,0,1,0,0,0,0
22,12,0,16,0.725,18,9,0,2,1,혼잡,0,3,3,2,1.65,1,1,0,0,0,0,0,0,0,0,0,0,0,1,0,1,1,0
50,12,0,2,3.917,4,57,1,4,0,혼잡,0,5,5,3,1.11,1,0,0,0,0,0,0,1,0,0,1,1,0,0,0,0,0,0
33,1,0,51,0.0,1,1,0,,,혼잡,,,,,2.17,0,0,0,0,0,0,0,0,1,0,0,0,1,0,1,1,0,1
31,12,0,3,3.03,15,35,1,3,0,보통,0,3,4,3,1.17,1,0,0,0,0,0,1,1,0,0,0,0,0,0,0,0,0,0
34,6,0,4,2.5,4,33,0,3,0,혼잡,0,3,3,3,1.49,1,0,0,0,0,0,0,0,0,0,1,0,0,0,1,0,0,1
33,6,1,3,3.16,1,46,0,3,0,보통,0,3,3,3,1.41,1,0,0,0,0,0,0,0,0,0,0,0,0,0,1,0,0,0
43,6,1,2,3.594,4,54,0,3,1,혼잡,0,4,4,4,1.25,1,0,0,0,0,0,1,0,0,0,1,0,0,0,1,1,0,1
40,12,0,30,0.675,7,9,1,,,혼잡,,,,,2.87,0,0,0,0,1,1,1,1,1,1,1,1,1,1,0,0,0,0
44,6,0,1,4.092,5,48,0,,,혼잡,,,,,0.86,0,0,0,0,0,0,0,0,0,0,0,0,0,0,0,0,0,0
39,12,0,2,3.923,6,44,0,4,0,보통,0,4,4,4,1.24,1,0,0,0,0,0,0,0,0,0,0,0,0,0,0,0,0,0
19,6,1,40,0.402,4,20,0,2,1,보통,0,3,3,3,2.3,1,1,0,0,0,0,0,0,0,0,0,0,0,0,1,1,0,0
51,12,1,1,5.912,14,83,0,,,보통,,,,,0.84,0,0,0,0,0,0,0,0,0,0,0,0,0,0,0,0,0,0
50,12,1,3,3.499,29,34,0,,,보통,,,,,1.63,0,0,0,0,0,0,0,1,0,1,0,0,0,0,0,0,1,0
17,3,0,24,0.697,2,16,0,,,여유,,,,,2.34,0,1,0,0,1,0,1,0,0,0,0,0,0,0,1,0,0,0
19,3,1,2,3.828,11,62,0,4,0,혼잡,1,4,5,3,1.35,1,0,0,0,0,0,0,0,0,0,0,0,0,1,0,0,0,0
27,3,1,3,3.121,3,61,0,,,보통,,,,,1.34,0,0,0,0,0,0,0,0,0,0,1,1,1,0,0,0,0,0
36,1,0,10,1.577,1,39,0,,,보통,,,,,2.15,0,1,0,0,0,0,1,0,0,1,1,0,0,0,0,0,0,0
31,12,0,36,0.549,9,16,0,,,여유,,,,,2.83,0,0,1,0,0,0,0,0,0,0,0,1,0,0,0,0,0,0
15,6,1,1,4.579,15,45,1,,,여유,,,,,0.85,0,0,0,1,0,0,0,0,0,0,0,0,0,0,0,0,0,0
25,12,0,5,2.338,1,59,0,3,0,여유,0,3,3,4,1.52,1,0,0,0,0,0,0,0,0,0,0,0,0,0,0,0,0,0
21,6,0,26,0.647,6,6,0,2,1,보통,0,3,3,3,2.43,1,0,0,0,0,0,0,0,0,0,0,0,0,0,0,0,0,0
31,6,1,3,3.346,6,45,0,,,보통,,,,,1.63,0,0,0,0,0,0,0,0,0,0,0,1,0,1,0,0,0,0
50,1,0,19,0.598,1,10,0,,,혼잡,,,,,1.66,0,0,0,0,0,0,1,0,0,1,1,1,0,0,0,1,1,0
36,3,0,1,4.169,1,71,1,4,0,여유,0,4,4,5,0.88,1,0,0,0,0,0,0,0,0,0,0,0,0,0,0,0,0,0
52,12,1,5,2.641,11,52,1,2,0,매우혼잡,0,2,2,3,1.76,1,0,0,0,0,0,1,0,0,1,1,0,0,1,0,1,0,0
39,6,1,1,4.709,2,52,1,,,보통,,,,,0.83,0,0,0,0,0,0,0,1,0,0,0,0,0,0,0,0,0,0
36,12,0,2,4.885,36,55,1,4,0,보통,0,4,4,3,1.08,1,0,0,0,0,0,0,0,0,0,1,0,0,0,0,0,0,0
26,3,0,2,4.179,8,37,0,,,매우혼잡,,,,,1.01,0,0,0,0,0,0,0,0,0,0,0,1,0,0,0,0,0,0
35,12,0,3,3.334,17,23,1,4,0,보통,0,3,4,3,1.47,1,0,0,0,0,1,0,1,0,0,0,0,0,0,0,0,0,0
28,12,0,3,3.162,4,37,1,4,0,보통,0,4,4,4,1.52,1,0,0,0,0,0,0,0,0,0,1,0,0,0,0,0,0,0
41,3,1,1,4.396,4,58,0,4,0,매우혼잡,0,4,4,3,0.84,1,0,0,0,0,0,0,0,0,0,1,1,1,1,0,0,0,0
38,6,0,9,1.97,3,28,0,,,혼잡,,,,,2.6,0,1,0,0,0,0,0,0,0,0,0,0,1,0,0,0,1,0
30,6,0,1,4.699,4,39,1,4,0,여유,0,4,5,5,0.84,1,0,0,0,0,0,0,0,0,0,0,0,0,0,0,0,1,0
35,6,1,1,5.046,12,66,1,,,여유,,,,,0.82,0,0,0,0,0,0,0,0,0,0,0,0,0,0,0,0,0,0
38,12,1,3,3.936,5,39,1,,,혼잡,,,,,1.6,0,0,0,0,0,0,0,0,0,0,0,0,0,1,0,0,0,0
19,12,0,1,5.401,5,70,1,3,0,매우혼잡,0,4,4,3,1.05,1,0,0,0,0,0,0,0,0,0,1,0,0,0,0,0,0,0
30,12,1,6,2.037,21,25,0,2,0,여유,0,2,3,2,1.86,1,0,0,0,1,1,0,0,0,0,0,0,0,0,1,0,1,0
21,6,0,11,1.637,24,28,0,,,여유,,,,,2.48,0,1,0,1,0,0,0,0,0,0,0,0,0,0,0,0,0,0
26,3,0,3,3.045,3,41,0,4,0,보통,0,4,3,3,1.17,1,0,0,0,1,0,0,0,0,0,0,0,1,0,0,0,0,0
28,1,1,3,3.537,8,60,0,4,0,여유,0,4,4,3,1.63,1,1,0,0,0,0,0,1,0,0,0,0,0,0,0,0,0,0
39,3,0,4,2.609,5,48,1,3,0,보통,0,3,4,3,1.43,1,1,0,0,0,0,0,0,0,0,1,0,0,0,0,0,1,0
26,12,0,3,2.695,7,35,1,2,0,여유,0,3,3,3,1.05,1,0,0,0,0,0,0,1,1,0,1,0,0,0,0,0,0,0
52,12,1,3,2.643,36,40,0,4,0,여유,0,4,3,3,1.26,1,0,0,0,0,0,0,0,0,0,0,0,0,0,0,0,0,0
40,12,0,4,2.333,31,35,0,3,0,여유,0,3,3,4,1.22,1,0,0,0,0,0,0,0,0,0,0,0,1,0,0,0,0,0
53,1,0,5,2.361,5,34,0,3,0,혼잡,0,2,3,2,1.72,1,0,0,0,0,0,0,1,0,0,0,0,0,1,0,0,0,0
21,12,0,1,5.208,3,64,1,,,보통,,,,,1.06,0,0,0,0,0,0,0,0,0,0,0,0,0,0,0,0,0,0
51,3,1,17,3.705,8,53,0,4,0,혼잡,0,3,3,3,9.13,1,1,0,0,0,0,0,0,0,0,1,0,0,0,1,0,0,0
39,3,0,6,1.943,2,50,0,4,0,여유,0,3,4,4,1.7,1,0,0,0,0,0,0,1,0,0,0,0,0,0,0,0,0,0
30,12,1,11,1.714,3,22,0,2,0,혼잡,0,3,3,1,2.81,1,0,0,0,0,0,1,0,0,0,0,0,1,0,0,1,0,1
40,6,0,3,2.854,21,34,0,,,보통,,,,,1.38,0,0,0,0,0,0,0,0,0,0,0,0,0,1,0,1,0,0
45,1,1,60,0.855,2,14,0,2,0,혼잡,0,3,3,2,9.8,1,1,0,0,0,0,1,0,1,0,0,0,0,0,0,0,0,1
27,12,0,8,1.539,11,33,1,,,매우혼잡,,,,,1.83,0,1,0,0,0,0,0,0,0,1,1,0,1,1,0,0,0,1
31,6,0,11,1.767,8,28,1,,,여유,,,,,2.88,0,1,0,0,0,0,0,1,0,0,0,1,0,0,0,0,0,0
30,6,1,3,3.185,26,45,1,3,0,보통,0,3,4,3,1.27,1,0,0,0,0,0,1,0,0,0,0,0,0,0,0,1,0,0
54,12,0,1,4.883,10,65,1,4,0,혼잡,0,3,4,3,1.01,1,0,0,0,0,0,0,1,0,0,0,0,0,1,0,0,0,0
24,3,0,23,0.663,2,5,0,,,여유,,,,,2.14,0,1,0,0,0,0,1,0,0,1,0,0,0,0,0,0,0,0
24,12,0,4,3.145,9,38,1,3,0,보통,0,4,4,4,1.63,1,0,0,0,0,0,0,0,0,0,0,0,0,0,0,0,0,0
43,12,1,1,4.771,10,59,0,,,혼잡,,,,,0.81,0,0,0,0,0,0,0,0,0,0,0,0,0,0,0,0,0,1
15,12,0,9,3.334,33,74,1,2,0,보통,0,4,4,4,4.46,1,0,0,0,0,0,0,0,0,0,0,0,0,0,0,0,1,0
29,3,0,3,2.975,6,34,0,3,0,여유,0,3,3,4,1.48,1,0,0,0,0,0,1,0,0,0,0,0,0,0,0,0,0,0
44,1,1,5,2.663,1,28,0,,,여유,,,,,1.72,0,1,0,0,0,0,0,1,0,0,0,0,0,0,1,0,0,0
44,1,0,12,1.565,2,27,1,,,혼잡,,,,,2.72,0,0,1,1,0,0,0,0,0,1,0,1,0,0,0,0,1,0
36,6,1,26,0.855,8,20,1,3,0,보통,0,3,2,2,3.15,1,0,0,0,1,0,0,0,0,0,1,1,0,0,0,1,0,0
32,12,0,5,2.138,5,20,0,3,0,매우혼잡,0,3,2,3,1.46,1,1,0,0,0,0,0,0,1,0,0,1,0,0,1,0,0,0
35,12,0,3,3.033,6,34,0,2,0,여유,0,3,4,3,1.35,1,0,0,0,0,0,0,0,0,0,0,0,0,0,1,0,0,0
30,3,0,51,0.404,2,27,0,,,여유,,,,,2.93,0,0,0,0,1,0,1,0,0,0,1,0,0,0,0,0,0,0
51,12,0,4,3.071,6,43,1,,,여유,,,,,1.69,0,0,0,0,0,0,0,0,0,0,0,0,0,0,0,1,0,0
38,6,0,1,5.885,29,63,1,,,혼잡,,,,,0.95,0,0,0,0,0,0,0,0,0,0,0,0,1,1,1,0,0,1
17,12,0,28,2.138,9,27,1,4,0,혼잡,0,2,4,3,8.63,1,0,0,0,0,0,0,0,1,0,0,0,0,0,0,0,0,0
27,3,0,28,1.597,6,25,0,3,0,여유,0,2,3,3,6.35,1,1,0,0,0,0,0,1,0,0,0,0,0,1,0,0,0,0
22,3,0,23,0.863,1,28,0,2,0,보통,0,2,1,2,2.85,1,1,1,0,1,0,1,1,1,0,0,1,0,0,1,1,1,0
15,6,0,35,0.534,13,13,0,,,보통,,,,,2.68,0,1,0,0,0,0,0,0,0,0,0,0,1,0,0,1,1,0
33,12,0,4,2.3,2,46,0,,,혼잡,,,,,1.23,0,1,0,0,0,0,0,0,0,0,1,1,0,1,0,0,0,0
24,12,0,4,2.075,3,36,1,2,0,보통,0,3,3,3,1.32,1,1,0,0,0,1,0,0,0,0,0,1,0,0,0,1,1,0
17,12,0,2,3.465,14,40,0,4,0,매우혼잡,0,4,4,3,1.02,1,1,0,0,0,0,0,0,0,0,0,0,1,0,0,0,0,0
15,3,0,4,2.478,9,16,0,3,0,보통,0,3,3,3,1.52,1,1,1,0,0,0,0,0,0,1,0,0,0,0,0,0,0,0
24,6,0,16,1.406,28,30,1,3,0,혼잡,1,2,3,2,3.27,1,0,1,1,0,0,0,0,0,0,1,0,1,1,0,1,0,0
42,3,0,12,1.481,7,37,0,3,0,여유,0,2,3,4,2.52,1,1,0,1,0,0,0,0,0,1,0,0,0,0,0,0,0,0
51,12,1,3,2.816,4,31,0,,,혼잡,,,,,1.37,0,1,0,0,0,0,0,0,0,0,1,0,0,0,0,0,0,0
24,6,0,25,0.655,19,27,0,3,0,보통,0,2,2,3,2.31,1,0,1,1,0,1,1,0,0,0,1,1,0,0,0,1,1,0
29,6,1,1,5.137,6,54,0,4,0,보통,0,5,3,4,0.94,1,0,0,0,0,0,0,0,0,0,0,0,0,0,0,1,0,0
38,6,0,3,3.606,15,41,1,3,0,여유,0,3,4,3,1.44,1,0,0,0,0,0,0,0,1,0,0,0,0,0,0,0,0,0
36,3,0,10,1.386,2,16,1,,,여유,,,,,2.02,0,0,0,0,1,0,1,0,0,0,0,0,0,0,1,1,0,1
27,3,0,3,2.621,0,38,0,4,0,혼잡,0,3,3,3,1.1,1,0,0,0,0,0,0,0,0,1,0,0,0,1,0,0,0,0
27,12,0,3,2.975,8,47,1,4,0,보통,0,4,3,3,1.14,1,0,0,0,1,0,0,0,0,0,1,0,0,0,1,0,0,0
27,1,0,4,2.099,2,35,1,,,보통,,,,,1.11,0,0,0,0,0,0,0,0,1,1,1,0,0,0,0,1,0,0
29,12,1,7,4.478,1,68,0,,,여유,,,,,4.46,0,0,0,0,0,0,0,0,0,1,0,0,0,0,0,0,0,0
24,1,1,13,1.481,1,20,0,3,0,여유,0,2,3,2,2.68,1,0,0,0,1,0,0,1,1,0,0,0,0,0,0,0,0,0
43,12,0,11,1.318,3,19,0,,,여유,,,,,2.01,0,1,0,0,0,0,0,0,0,1,0,1,0,1,0,0,0,0
40,12,0,4,2.846,21,36,0,3,0,혼잡,0,3,3,2,1.67,1,0,0,0,0,0,0,0,0,0,0,0,1,0,0,0,0,0
46,1,1,2,4.066,1,57,0,,,매우혼잡,,,,,0.98,0,0,0,0,0,0,0,0,0,0,1,0,0,0,0,0,0,1
45,12,0,17,0.961,11,19,0,2,0,보통,0,2,2,2,2.28,1,0,0,0,1,0,0,0,0,0,0,0,0,0,0,0,0,0
28,12,0,60,1.524,9,8,0,,,혼잡,,,,,13.28,0,1,0,0,0,0,0,0,0,0,1,0,0,1,1,1,1,1
58,12,0,5,2.577,10,26,1,3,0,여유,0,3,4,3,1.74,1,1,0,0,0,0,1,0,0,1,0,0,0,0,0,0,0,0
62,1,0,3,2.906,7,64,0,3,0,여유,0,2,3,3,1.32,1,0,0,0,0,0,0,0,1,1,0,0,1,0,0,0,0,0
44,6,1,3,3.041,5,32,1,4,0,보통,0,4,4,3,1.42,1,0,0,0,0,0,0,0,0,0,0,0,0,0,0,0,0,0
35,6,0,3,2.61,5,44,0,2,0,매우혼잡,0,2,3,2,1.02,1,0,1,0,0,0,1,1,0,0,1,0,1,0,1,0,1,1
34,12,0,4,2.558,18,34,0,4,0,혼잡,0,4,5,4,1.29,1,0,0,0,0,0,1,0,0,0,0,0,0,0,0,0,0,0
32,6,0,2,3.797,6,63,0,4,0,혼잡,0,4,3,4,1.08,1,0,0,0,0,0,0,0,0,0,0,0,1,0,0,1,0,0
28,12,0,26,0.617,5,7,0,3,0,보통,0,3,2,2,2.33,1,0,0,1,0,0,0,0,0,0,0,0,0,0,0,0,0,0
59,3,1,4,2.555,16,33,0,,,보통,,,,,1.41,0,0,0,0,0,0,0,0,0,1,1,0,0,0,0,0,1,0
38,3,0,60,0.953,10,5,1,,,혼잡,,,,,10.39,0,1,0,0,0,0,1,1,0,1,1,1,1,0,0,0,0,1
28,1,0,3,3.201,3,51,0,,,여유,,,,,1.22,0,0,0,0,0,0,0,0,0,0,0,0,0,0,0,0,0,0
17,12,0,3,3.203,8,58,1,,,매우혼잡,,,,,1.49,0,0,0,0,0,0,0,0,0,1,0,0,0,1,0,1,0,0
49,6,0,14,0.981,7,11,0,,,여유,,,,,2.03,0,0,1,0,0,0,1,0,0,0,0,0,0,0,0,1,0,0
30,12,1,1,4.447,12,65,1,,,보통,,,,,0.82,0,0,0,0,0,0,0,1,0,0,0,0,1,0,0,0,0,0
64,6,1,5,2.3,1,23,0,2,0,혼잡,0,3,3,3,1.74,1,0,0,0,1,0,1,0,0,0,0,0,0,0,0,0,1,1
44,6,0,3,2.366,1,42,0,3,0,보통,0,4,3,3,1.06,1,1,0,0,0,0,0,1,0,0,0,0,0,0,0,1,0,0
45,12,0,2,3.8,1,35,0,,,보통,,,,,1.12,0,0,0,0,0,0,0,0,0,0,1,0,0,0,0,0,0,1
28,12,0,36,0.492,5,0,0,3,0,보통,0,2,2,3,2.54,1,1,0,1,0,0,0,1,0,1,0,1,0,0,0,1,0,0
15,6,0,1,4.663,3,81,0,4,0,매우혼잡,0,3,4,3,0.83,1,0,0,0,0,0,0,1,0,0,0,0,0,0,0,0,0,0
15,12,0,54,0.0,7,0,0,,,혼잡,,,,,2.33,0,1,0,0,1,0,0,0,0,0,1,0,0,0,0,1,0,0
25,6,1,1,5.145,6,53,0,,,보통,,,,,1.04,0,0,0,0,0,0,0,0,0,0,0,0,0,0,0,0,1,0
15,12,1,3,3.926,28,61,0,4,0,보통,0,4,4,4,1.45,1,0,0,0,0,0,0,0,0,0,0,0,0,0,0,0,0,0
41,12,0,2,4.333,10,43,0,5,0,보통,0,3,4,4,1.05,1,0,0,0,0,0,0,1,0,0,0,0,0,0,0,0,0,0
15,12,1,1,5.494,12,52,1,4,0,혼잡,0,4,5,3,0.88,1,0,0,0,0,0,0,0,0,0,1,0,0,1,0,0,0,0
36,12,1,4,3.07,27,43,0,3,0,매우혼잡,0,3,3,3,1.61,1,0,0,0,1,0,0,1,0,0,1,1,1,0,1,1,0,0
44,1,0,52,0.0,1,23,0,2,0,보통,1,3,3,1,2.22,1,1,0,0,0,0,0,0,0,0,1,1,1,1,0,0,0,0
35,3,0,11,1.68,2,39,0,4,0,여유,0,3,3,3,2.7,1,0,0,0,0,0,0,0,0,1,0,0,0,0,0,0,0,0
40,6,1,14,1.499,4,27,0,,,보통,,,,,3.06,0,0,1,0,0,0,0,0,0,0,0,0,1,0,0,0,0,0
31,3,0,3,3.559,2,48,0,4,0,여유,0,5,4,5,1.39,1,0,0,0,0,1,0,0,0,0,0,0,0,0,0,0,0,0
31,3,1,7,1.957,6,21,0,,,보통,,,,,1.97,0,0,0,0,1,0,0,0,0,0,1,0,1,0,1,0,0,1
40,6,0,1,4.993,3,58,1,,,여유,,,,,0.97,0,0,0,0,0,0,0,0,0,0,0,0,0,0,0,1,0,0
21,12,0,10,1.675,14,42,0,3,0,보통,0,3,4,3,2.29,1,0,0,0,0,0,0,1,0,0,0,0,0,0,0,1,0,0
15,1,0,60,0.165,2,6,0,,,매우혼잡,,,,,3.24,0,1,0,1,0,0,0,0,0,0,1,1,1,1,0,1,0,0
34,12,1,4,2.127,8,32,1,,,혼잡,,,,,1.25,0,0,1,0,1,0,0,0,0,0,0,0,0,0,0,0,0,1
23,6,0,3,2.942,7,39,0,3,0,보통,0,4,3,3,1.45,1,1,0,0,0,0,0,0,0,0,0,0,0,0,0,0,0,1
38,6,1,9,1.744,2,21,0,,,보통,,,,,2.34,0,1,1,0,0,0,1,0,0,0,1,0,0,0,1,0,1,0
28,12,0,6,2.181,1,14,0,,,여유,,,,,1.72,0,1,0,0,0,0,0,0,0,1,1,0,0,0,0,0,0,0
47,6,0,6,2.125,1,44,0,3,0,보통,0,4,2,3,1.69,1,0,0,0,0,0,0,0,0,0,1,0,0,0,0,0,0,0
31,12,1,3,3.768,13,32,0,,,보통,,,,,1.4,0,0,0,0,0,0,0,0,0,0,0,0,0,0,0,0,0,0
19,12,0,4,2.714,36,31,1,,,보통,,,,,1.41,0,1,1,0,0,0,1,0,0,0,1,0,0,0,0,0,0,1
37,1,0,1,5.08,13,45,1,,,보통,,,,,1.03,0,0,0,0,0,0,1,1,0,0,0,0,0,0,0,0,0,0
25,6,0,16,1.392,12,10,0,,,보통,,,,,3.27,0,0,0,0,0,0,0,0,1,0,0,0,0,0,0,0,0,0
32,3,1,6,2.015,3,41,0,,,여유,,,,,1.62,0,0,1,0,0,0,1,0,0,0,0,0,0,0,0,0,0,0
37,12,0,11,1.048,2,27,1,,,보통,,,,,1.68,0,1,0,0,0,0,0,0,0,0,0,1,0,0,0,0,0,1
15,12,1,1,5.803,12,53,1,4,0,보통,0,4,5,3,0.91,1,0,0,0,0,0,0,0,0,0,0,0,0,0,0,0,0,0
31,12,1,4,2.52,13,32,1,3,0,보통,0,2,4,1,1.59,1,0,0,0,0,0,0,0,1,1,0,0,0,0,0,0,0,0
30,3,0,13,1.439,1,2,0,3,0,혼잡,0,2,3,3,2.76,1,0,0,0,0,0,1,0,0,0,1,0,0,0,0,0,0,0
37,6,0,9,1.901,14,20,0,3,0,보통,1,4,3,2,2.44,1,0,0,0,0,0,0,0,0,0,0,0,0,0,0,0,0,0
33,1,0,49,0.0,0,12,0,3,0,혼잡,0,2,2,1,2.08,1,1,1,0,0,1,1,0,1,0,1,1,1,1,0,0,0,1
41,12,0,13,1.268,24,37,0,,,혼잡,,,,,2.32,0,0,0,0,0,1,0,0,0,0,0,0,1,0,0,0,0,0
17,12,0,42,1.316,14,26,0,,,여유,,,,,7.9,0,1,0,0,0,0,0,1,0,0,1,0,0,1,0,0,0,0
35,6,0,4,2.45,5,41,0,3,0,보통,0,3,3,3,1.32,1,0,0,0,0,0,1,0,0,0,0,0,0,1,0,0,0,0
21,3,0,22,0.734,1,6,0,,,매우혼잡,,,,,2.31,0,1,0,1,0,0,1,0,1,1,1,0,1,1,0,0,1,1
15,6,1,3,3.518,3,42,0,,,보통,,,,,1.69,0,0,1,1,0,1,0,0,0,0,0,0,0,0,1,0,0,0
24,3,0,7,5.792,2,58,1,3,0,혼잡,0,4,4,4,5.62,1,0,0,0,0,0,0,0,0,0,1,0,0,0,0,0,0,0
29,6,1,1,4.409,5,65,1,,,매우혼잡,,,,,0.84,0,0,0,0,0,0,1,0,0,0,0,1,0,0,0,0,0,0
35,6,0,10,1.868,6,47,0,3,0,혼잡,1,2,3,1,2.57,1,1,0,0,0,0,0,0,1,0,1,1,1,1,1,1,0,0
18,1,0,15,1.075,3,21,0,4,0,여유,0,3,4,4,2.28,1,1,0,0,0,0,0,0,0,0,0,0,1,1,0,0,0,0
40,6,0,10,1.694,6,34,0,3,0,여유,0,2,2,3,2.3,1,0,0,0,0,0,1,0,0,0,0,0,0,0,0,0,0,0
35,3,1,3,2.56,5,28,0,4,0,혼잡,0,4,2,3,1.26,1,0,1,0,1,0,0,0,0,0,0,0,0,0,0,0,0,0
63,6,0,2,4.329,3,59,1,4,0,보통,0,4,5,4,1.05,1,0,0,0,0,0,0,0,0,0,0,0,0,0,0,0,0,0
15,6,1,1,5.665,13,57,1,,,보통,,,,,1.05,0,0,0,0,0,0,0,0,0,1,0,0,0,0,0,0,0,0
59,12,1,1,4.671,36,74,1,4,0,보통,0,4,5,4,0.97,1,0,0,0,0,0,0,0,1,0,0,0,0,0,0,0,0,0
30,12,0,3,2.861,11,40,1,,,여유,,,,,1.07,0,0,0,0,0,0,0,0,0,0,0,0,0,0,0,0,0,0
26,12,0,1,4.763,16,37,1,,,혼잡,,,,,0.81,0,0,0,0,0,0,0,0,0,0,1,0,1,1,0,1,0,0
15,1,0,1,4.935,2,66,1,4,0,여유,0,5,5,3,0.89,1,0,0,0,0,0,0,0,0,0,0,0,0,0,0,0,1,0
41,12,0,3,2.649,14,45,1,,,혼잡,,,,,1.29,0,0,0,0,0,0,0,0,0,0,1,0,0,1,0,1,0,0
30,12,0,1,5.53,1,75,1,4,0,보통,0,4,4,4,0.9,1,0,0,0,0,0,0,0,0,0,0,0,0,0,0,0,0,0
29,6,1,1,5.187,3,63,0,,,혼잡,,,,,1.08,0,0,0,0,0,0,0,0,0,0,1,1,1,1,0,0,0,0
41,1,0,29,0.571,2,15,0,2,0,보통,0,2,2,2,2.35,1,1,0,0,0,0,0,0,1,1,1,0,1,1,0,1,1,1
35,12,1,3,3.443,9,40,0,3,0,여유,0,4,3,3,1.49,1,0,0,0,0,0,0,0,1,0,1,0,0,0,0,0,1,0
31,3,0,3,2.791,1,35,0,3,0,혼잡,0,2,3,3,1.05,1,0,0,0,0,0,0,0,1,1,0,0,0,0,0,1,0,0
30,6,1,10,1.532,1,20,0,,,혼잡,,,,,2.24,0,1,1,0,0,0,0,0,0,0,1,1,0,0,1,0,0,0
31,12,1,2,4.077,15,52,1,4,0,여유,0,5,5,4,0.98,1,0,0,0,0,0,0,0,0,0,0,0,0,0,0,0,0,0
44,3,0,2,3.632,3,43,0,,,혼잡,,,,,1.2,0,0,0,0,0,0,0,0,0,0,0,1,0,1,0,0,0,0
15,6,0,26,0.725,18,10,0,2,0,보통,0,2,3,2,2.67,1,0,0,0,0,0,0,1,0,0,1,1,1,0,0,0,0,0
42,12,0,1,5.55,15,56,1,4,0,매우혼잡,0,3,4,4,0.87,1,0,0,0,0,0,0,0,0,1,1,0,1,0,0,1,0,0
34,12,1,1,4.808,16,59,0,4,0,매우혼잡,0,4,3,2,0.9,1,0,0,0,0,0,0,0,0,1,1,1,0,0,0,0,0,0
38,3,1,9,1.359,1,20,0,2,1,보통,0,3,3,3,1.66,1,0,0,0,0,0,0,0,0,0,1,0,1,0,1,0,1,0
26,6,0,9,1.829,11,35,0,,,혼잡,,,,,2.29,0,0,0,0,0,0,1,0,0,0,0,0,0,0,0,0,0,0
29,12,1,6,4.871,9,43,0,4,0,매우혼잡,0,5,3,3,4.24,1,0,0,0,0,0,0,0,0,0,0,0,1,1,0,1,0,0
15,12,0,16,1.241,21,23,0,,,보통,,,,,2.92,0,1,0,0,0,0,0,1,1,0,1,0,1,0,0,0,0,0
39,12,1,1,4.538,7,52,0,5,0,혼잡,0,4,4,3,0.9,1,0,0,0,1,0,0,0,0,0,1,0,0,1,0,0,0,0
20,3,0,9,1.218,0,18,0,,,여유,,,,,1.5,0,1,0,0,0,0,0,0,0,1,0,0,0,0,0,0,0,0
38,6,0,4,3.248,8,30,1,,,혼잡,,,,,1.78,0,0,0,0,0,0,0,0,0,1,0,1,0,0,0,0,1,0
29,6,0,12,1.417,6,11,0,3,0,여유,0,3,3,3,2.37,1,0,0,0,0,0,0,0,0,0,0,0,0,0,1,0,0,0
24,1,0,9,1.551,1,29,0,3,0,혼잡,0,2,2,2,2.08,1,1,0,1,0,0,1,0,0,0,0,0,1,0,0,0,0,1
24,6,1,6,1.962,9,39,0,3,0,혼잡,0,3,3,4,1.77,1,1,0,0,0,0,1,0,0,1,0,0,0,0,0,0,0,1
27,3,0,10,1.836,6,31,0,,,여유,,,,,2.73,0,0,1,0,0,1,0,0,0,0,0,0,0,0,0,0,0,0
50,3,0,3,3.819,14,75,0,5,0,혼잡,0,3,4,4,1.63,1,0,0,0,0,0,0,0,0,0,0,1,1,0,0,0,0,0
52,3,0,3,3.351,6,32,0,,,보통,,,,,1.63,0,0,0,0,0,0,0,1,0,0,0,0,0,1,0,0,0,0
18,6,0,4,2.008,4,29,0,3,0,여유,0,3,4,4,1.12,1,1,1,0,0,0,0,0,0,0,0,0,0,0,0,0,0,0
17,3,1,2,4.731,8,53,1,5,0,혼잡,0,4,5,5,1.06,1,0,0,0,0,0,0,0,0,0,0,0,0,0,0,0,0,0
30,1,0,9,1.428,3,28,0,4,0,여유,0,4,3,3,1.77,1,0,0,0,0,0,0,0,0,0,0,0,0,0,0,1,0,0
45,6,0,1,5.151,3,67,0,4,0,보통,0,4,4,4,0.95,1,0,0,0,0,0,0,0,0,0,0,0,0,0,0,0,0,0
63,1,0,4,2.191,2,23,0,,,보통,,,,,1.28,0,0,0,0,0,0,1,0,0,0,1,0,0,1,0,0,0,0
38,6,1,11,1.552,13,3,0,2,0,혼잡,0,2,1,2,2.46,1,1,1,1,1,1,0,0,0,0,0,1,0,1,0,0,0,1
58,1,1,35,0.633,1,29,0,2,0,여유,0,2,2,4,3.19,1,0,0,1,0,1,1,1,0,0,0,0,0,0,0,0,0,0
20,12,1,1,5.628,22,72,1,5,0,혼잡,0,4,5,4,0.94,1,0,0,0,0,0,0,0,0,0,0,0,0,0,0,0,0,0
40,12,0,60,1.128,0,20,0,2,1,여유,0,3,3,3,10.37,1,1,0,0,0,0,0,0,0,0,0,0,0,0,1,1,0,0
26,6,1,2,4.089,17,76,0,,,혼잡,,,,,0.94,0,0,1,0,0,0,0,0,0,0,0,0,0,1,1,0,0,0
35,6,0,6,2.028,4,35,0,2,0,여유,1,3,3,2,1.73,1,0,0,0,0,0,0,1,0,0,1,0,0,1,0,0,0,0
48,6,1,3,3.098,18,36,0,,,매우혼잡,,,,,1.39,0,0,0,0,0,0,1,0,0,0,1,1,1,1,0,0,1,0
33,1,0,23,0.961,2,0,0,2,0,혼잡,0,2,3,2,3.22,1,0,0,0,0,0,0,0,0,0,1,0,0,0,0,1,0,1
49,12,0,8,1.694,25,8,1,3,0,혼잡,0,3,5,4,2.04,1,0,0,0,0,0,0,0,0,0,0,0,0,0,0,0,0,1
33,1,0,11,2.919,1,45,1,3,0,보통,0,3,5,4,4.43,1,0,0,0,0,0,1,1,0,1,0,0,0,0,0,0,0,0
30,12,1,4,2.242,2,15,1,,,보통,,,,,1.34,0,0,0,0,1,0,0,0,0,0,1,1,0,0,0,0,0,1
17,3,0,9,3.851,9,43,1,4,0,여유,0,3,3,3,5.08,1,1,0,1,0,0,0,0,1,0,0,0,0,0,0,0,0,0
33,6,0,5,2.087,6,40,0,,,혼잡,,,,,1.44,0,0,0,0,0,1,0,0,0,0,1,1,0,0,0,1,0,0
19,12,0,5,2.326,21,17,0,,,혼잡,,,,,1.74,0,1,0,0,0,0,0,0,0,0,0,0,0,1,0,1,0,0
51,12,1,4,2.008,25,13,1,2,1,보통,0,4,4,3,1.19,1,0,0,0,0,0,0,0,0,0,0,0,0,0,0,0,0,1
19,12,1,3,3.212,19,32,1,,,보통,,,,,1.52,0,0,0,0,0,0,0,0,0,0,0,0,0,0,0,0,0,0
56,12,0,5,2.024,6,2,0,3,0,혼잡,0,3,2,3,1.35,1,1,0,0,0,0,0,0,0,0,0,1,0,0,1,1,0,1
30,6,0,19,0.768,7,16,0,,,보통,,,,,2.03,0,0,0,1,0,0,0,0,0,0,0,0,0,0,0,1,1,0
41,12,0,10,3.646,36,51,1,,,보통,,,,,5.21,0,0,0,0,0,0,0,0,0,0,0,0,0,0,0,0,0,0
16,12,1,11,1.843,8,23,0,,,혼잡,,,,,2.89,0,1,0,0,0,0,0,0,1,1,0,1,0,0,1,0,1,0
20,1,0,21,0.929,2,14,0,2,0,보통,0,2,3,3,2.8,1,1,0,0,0,0,0,0,0,1,0,0,1,0,0,1,0,0
39,6,0,4,2.906,35,42,0,5,0,보통,0,3,3,3,1.49,1,0,1,0,0,0,0,0,0,0,0,0,0,0,0,0,0,0
15,12,0,2,4.577,11,53,1,,,보통,,,,,1.09,0,0,0,0,0,0,0,0,0,0,0,0,0,0,0,0,0,0
35,3,1,3,3.387,2,35,0,,,여유,,,,,1.46,0,0,0,0,1,0,0,0,0,0,1,0,1,0,0,0,0,0
26,3,0,60,0.0,4,3,0,1,0,혼잡,1,2,3,2,3.3,1,1,0,1,1,0,1,0,0,0,1,1,0,0,1,1,0,1
36,12,0,3,2.589,3,55,0,,,보통,,,,,1.18,0,0,0,0,0,1,0,0,0,0,0,1,1,0,0,0,0,0
55,6,0,10,3.839,4,50,0,3,0,혼잡,0,5,4,3,5.58,1,1,0,0,0,0,0,0,0,0,1,0,0,0,0,0,0,1
19,3,0,2,4.172,2,53,0,2,0,보통,0,3,3,2,1.02,1,0,0,0,0,0,0,0,0,0,1,0,1,0,1,0,0,0
67,12,1,1,5.281,25,59,1,4,0,보통,0,5,5,4,0.81,1,0,0,0,0,0,0,0,0,0,0,0,0,0,0,0,1,0
38,12,0,1,5.143,2,62,1,,,보통,,,,,0.87,0,0,0,0,0,0,0,0,0,0,0,0,0,0,0,0,0,0
36,3,0,4,2.091,1,28,0,,,여유,,,,,1.18,0,0,0,0,0,0,0,0,0,0,0,0,0,0,0,0,0,0
32,3,0,12,1.442,3,14,0,4,0,혼잡,1,3,4,2,2.46,1,1,1,0,0,0,1,0,0,0,0,0,0,1,0,1,0,0
31,12,0,2,3.398,20,47,0,3,0,보통,0,3,4,2,1.09,1,0,0,0,0,0,0,0,0,0,1,0,0,0,0,0,0,0
52,12,0,4,2.171,8,43,0,,,여유,,,,,1.26,0,0,0,0,0,0,0,0,0,0,1,0,0,0,0,0,0,0
47,3,0,10,1.989,6,30,0,,,혼잡,,,,,2.78,0,0,0,0,0,0,0,0,0,0,1,0,1,0,1,0,1,0
27,12,1,1,4.525,6,42,1,3,0,매우혼잡,0,3,3,3,0.92,1,0,0,0,0,0,0,0,0,0,0,0,1,0,1,1,1,0
30,6,0,5,2.496,13,23,0,,,혼잡,,,,,1.64,0,1,0,0,0,0,0,0,0,0,0,0,0,0,0,1,1,1
31,6,0,4,2.53,36,28,1,4,0,여유,0,3,4,3,1.36,1,0,0,0,0,0,0,0,0,0,0,0,0,0,0,1,0,0
19,3,0,14,1.469,3,14,0,,,매우혼잡,,,,,2.86,0,1,1,0,0,0,0,0,0,0,1,1,0,1,1,1,0,0
36,3,0,15,1.4,1,21,0,,,매우혼잡,,,,,3.04,0,1,0,0,0,0,0,1,0,0,1,1,1,0,0,0,0,1
15,12,0,2,3.158,16,29,0,,,보통,,,,,1.01,0,1,0,0,0,0,0,0,0,0,0,0,0,0,0,0,0,0
40,12,1,3,2.605,8,21,0,,,보통,,,,,1.26,0,0,0,0,0,0,0,0,1,1,0,0,0,0,0,0,0,0
15,12,0,4,2.211,2,41,1,3,0,여유,0,3,4,4,1.12,1,0,0,0,0,0,1,0,1,1,0,0,0,0,0,1,0,0
39,3,1,4,3.046,4,48,0,3,0,보통,0,3,3,4,1.61,1,0,0,1,0,0,0,0,0,0,0,0,0,0,0,0,0,0
32,1,0,4,2.059,2,37,0,2,0,혼잡,0,3,3,3,1.07,1,0,0,0,0,0,0,0,1,0,0,0,0,0,0,0,1,1
21,3,0,10,1.319,9,20,0,,,보통,,,,,1.96,0,1,1,0,0,0,0,0,0,1,0,0,0,0,0,0,1,0
56,6,1,7,1.884,3,25,1,,,보통,,,,,1.97,0,0,0,0,0,0,0,0,0,0,0,0,0,0,0,0,0,0
21,6,0,54,0.426,14,26,0,,,보통,,,,,3.26,0,1,0,1,0,0,0,1,1,0,0,1,0,0,0,1,1,0
27,3,0,7,1.921,1,20,0,4,0,보통,0,3,3,3,2.02,1,1,0,0,0,0,0,1,0,1,0,0,0,0,0,0,0,0
31,3,0,3,3.215,2,24,1,3,0,매우혼잡,0,2,3,2,1.37,1,1,0,0,0,0,0,0,0,0,1,1,0,0,0,0,0,0
25,6,1,2,4.24,10,54,1,,,보통,,,,,0.97,0,0,0,0,0,0,0,0,0,0,0,0,0,0,0,0,0,0
32,12,0,15,1.293,16,18,0,3,0,보통,0,3,3,2,2.76,1,0,0,0,1,0,0,0,0,0,0,1,1,0,0,0,0,0
20,6,1,4,3.08,14,38,0,,,혼잡,,,,,1.78,0,0,0,0,0,0,0,0,0,0,1,0,0,0,0,0,0,0
27,12,0,7,1.617,6,22,0,2,0,보통,0,2,3,4,1.55,1,0,0,0,0,0,0,0,0,0,0,0,0,1,0,0,0,0
16,12,0,28,0.765,5,21,0,2,0,보통,0,4,2,2,3.1,1,1,0,1,0,1,0,0,0,0,1,1,1,0,0,0,0,0
20,1,0,12,1.038,4,32,0,3,0,여유,0,3,3,4,1.78,1,0,0,0,0,0,0,0,0,0,0,0,0,0,0,0,0,0
26,1,1,4,2.356,0,47,0,4,0,보통,0,4,3,3,1.27,1,0,0,1,0,0,0,0,0,0,0,1,0,0,0,0,0,0
24,1,1,12,1.419,4,9,0,,,여유,,,,,2.49,0,0,0,0,0,0,0,1,0,0,0,0,0,0,0,0,0,0
27,12,0,19,1.021,12,0,0,,,혼잡,,,,,2.83,0,0,1,0,0,1,0,0,0,1,0,0,1,0,0,0,0,0
41,12,0,3,3.46,8,37,1,2,0,혼잡,1,3,4,2,1.39,1,1,0,0,0,0,0,0,0,0,0,1,1,1,0,0,0,1
26,3,1,4,2.047,6,38,0,,,매우혼잡,,,,,1.26,0,0,0,0,0,0,0,0,0,0,0,1,1,0,0,0,0,0
23,12,0,7,1.996,16,29,0,,,매우혼잡,,,,,1.91,0,1,0,0,0,0,0,1,0,1,1,0,0,1,0,1,0,0
15,6,1,10,1.175,2,40,0,3,0,여유,0,4,2,3,1.61,1,1,0,0,0,0,0,1,0,0,0,0,0,0,0,0,0,0
36,3,0,2,3.869,2,54,0,,,보통,,,,,1.3,0,0,0,0,0,0,0,0,0,0,0,0,0,1,0,0,1,0
21,6,0,49,0.0,1,2,0,,,여유,,,,,2.12,0,0,1,0,0,1,0,0,0,0,0,0,0,0,0,1,0,0
34,6,1,2,4.527,10,77,0,,,보통,,,,,1.0,0,0,0,0,0,0,0,0,0,0,0,0,0,1,0,0,0,0
33,3,1,3,3.021,4,27,1,,,보통,,,,,1.3,0,0,0,0,0,0,0,0,0,0,0,0,0,0,0,1,0,1
22,6,0,4,2.479,6,23,0,,,보통,,,,,1.32,0,0,0,0,0,0,0,0,0,0,1,0,0,0,0,0,0,0
36,12,1,1,5.627,3,73,0,4,0,혼잡,0,4,3,3,0.9,1,0,0,0,0,0,0,0,0,0,0,0,0,0,0,0,0,0
40,1,0,60,0.0,3,0,0,3,0,매우혼잡,1,2,2,1,3.17,1,0,0,0,0,0,1,0,0,0,1,1,1,1,1,0,0,0
33,12,0,7,1.978,10,29,0,,,여유,,,,,1.87,0,0,1,0,0,0,0,0,0,0,0,0,1,0,0,0,0,0
29,12,0,3,3.417,6,39,1,4,0,여유,0,3,4,3,1.44,1,0,0,0,0,0,0,0,0,0,0,0,0,0,0,0,0,0
15,3,1,3,3.176,5,50,0,3,0,혼잡,0,3,3,3,1.33,1,1,0,0,0,0,0,0,0,0,1,0,0,0,0,0,1,0
31,6,1,60,0.694,1,4,0,,,보통,,,,,15.0,0,1,0,1,0,1,1,1,0,0,0,0,0,0,0,1,1,0
54,3,0,5,2.181,10,36,1,3,0,혼잡,0,4,3,3,1.5,1,0,0,0,0,0,0,0,0,0,0,1,1,1,0,0,0,0
63,12,1,3,3.364,25,20,1,,,혼잡,,,,,1.38,0,0,0,0,0,0,1,0,0,0,0,1,1,0,0,0,0,0
33,6,0,30,0.736,12,17,0,3,0,보통,0,4,2,3,3.15,1,1,0,1,0,0,0,0,0,0,0,0,0,0,0,0,0,0
42,12,1,3,2.5,16,38,0,,,혼잡,,,,,1.03,0,0,0,0,0,1,0,0,0,0,0,0,1,1,0,0,0,0
15,6,1,5,2.404,3,50,0,3,0,여유,0,2,4,2,1.74,1,0,0,0,0,0,0,0,0,1,0,0,0,0,1,0,0,0
34,12,0,3,2.685,0,43,0,,,보통,,,,,1.06,0,1,0,0,0,0,0,0,0,0,0,1,0,0,0,0,0,0
33,3,0,18,1.233,10,23,0,,,혼잡,,,,,3.09,0,1,1,0,0,0,0,0,0,0,0,0,1,1,0,0,0,0
24,6,0,4,2.5,3,46,0,3,0,혼잡,0,4,2,3,1.49,1,1,0,0,0,0,0,0,0,0,1,0,0,1,0,0,0,0
17,3,1,1,4.421,4,68,0,4,0,보통,0,5,4,5,0.9,1,0,0,0,0,0,0,0,0,0,0,0,0,0,0,0,0,0
32,3,0,1,4.189,8,57,0,4,0,보통,0,4,4,4,0.88,1,0,0,0,0,0,0,0,0,0,0,0,0,0,0,0,0,0
50,1,0,50,0.15,3,11,0,3,0,보통,0,2,3,2,2.16,1,0,0,1,0,0,0,0,1,0,0,0,1,1,0,1,1,0
15,6,0,3,2.831,13,24,0,4,0,보통,0,3,3,4,1.08,1,0,0,0,0,0,0,1,0,0,0,0,1,0,0,0,0,0
45,6,0,5,2.205,3,39,0,3,0,혼잡,0,3,3,3,1.54,1,0,0,0,0,0,0,0,0,0,0,0,0,0,0,0,1,0
46,6,0,4,2.171,7,38,0,3,0,혼잡,0,3,4,3,1.34,1,0,0,0,0,0,0,0,0,0,0,0,1,0,1,0,0,0
33,12,0,10,2.994,35,38,0,3,1,보통,0,5,4,3,4.19,1,1,0,0,0,0,0,0,0,0,0,0,0,1,0,0,0,1
44,6,0,3,3.005,4,43,0,,,보통,,,,,1.22,0,1,0,0,0,0,0,0,0,0,1,0,0,0,0,1,0,0
30,12,0,13,1.367,5,13,1,3,0,여유,0,3,2,2,2.61,1,1,1,0,0,0,0,0,0,0,1,1,0,0,0,0,0,0
24,1,0,3,2.321,6,43,0,,,여유,,,,,1.03,0,1,0,0,0,0,1,0,1,0,0,0,0,0,0,0,0,0
28,12,0,4,2.222,15,37,0,,,혼잡,,,,,1.15,0,0,1,0,0,0,0,0,1,1,0,0,0,0,0,1,0,0
15,6,1,1,5.482,13,83,1,5,0,보통,0,5,5,4,0.81,1,0,0,0,0,0,0,0,0,0,0,0,0,0,0,0,0,0
22,12,1,2,3.663,16,62,0,3,0,보통,0,3,3,4,1.24,1,0,0,0,0,0,0,0,0,0,0,1,0,0,0,0,0,0
18,12,0,13,1.467,29,19,0,,,여유,,,,,2.78,0,1,0,0,0,0,0,0,0,0,0,1,0,0,0,0,1,0
18,12,0,3,2.936,9,31,1,,,보통,,,,,1.31,0,0,0,0,0,0,1,0,0,0,0,0,0,0,0,1,0,0
31,12,1,2,4.201,16,68,0,4,0,여유,0,5,5,4,1.07,1,0,0,0,0,0,0,0,0,0,0,0,0,0,0,0,0,0
24,3,0,1,4.667,5,59,1,,,보통,,,,,0.97,0,0,0,0,0,0,0,0,0,0,0,0,0,0,0,0,0,0
43,6,0,3,2.585,25,45,1,3,0,혼잡,0,4,4,2,1.27,1,0,0,0,0,0,0,0,0,0,1,0,0,0,0,0,1,0
38,12,0,3,2.389,13,46,0,,,매우혼잡,,,,,1.19,0,0,0,1,0,0,0,0,0,0,1,0,0,0,0,1,1,0
24,12,0,1,4.617,2,41,1,,,보통,,,,,0.94,0,0,0,0,0,0,0,0,0,0,0,0,0,0,0,0,0,0
50,3,0,4,2.594,2,19,0,,,여유,,,,,1.38,0,0,0,0,0,0,0,0,0,0,0,0,0,0,0,0,0,0
18,6,0,4,2.309,19,39,0,,,보통,,,,,1.19,0,0,0,0,0,0,0,0,0,0,0,0,0,0,0,0,0,0
27,3,1,34,1.875,3,16,0,,,보통,,,,,9.24,0,1,0,0,0,0,0,0,1,0,0,0,0,0,0,0,0,0
45,6,0,4,2.492,4,41,1,4,0,여유,0,4,4,3,1.43,1,0,0,0,0,0,0,0,0,0,0,1,0,0,0,0,0,1
38,6,1,19,2.083,1,33,1,,,여유,,,,,5.68,0,1,0,0,0,0,0,1,0,0,0,0,0,1,1,0,0,0
36,6,0,1,4.201,7,65,1,2,0,보통,0,2,4,3,0.88,1,0,0,0,0,0,1,1,1,0,0,0,0,0,0,0,0,0
35,3,0,21,0.91,6,22,0,2,0,여유,0,2,4,3,2.75,1,1,0,0,0,0,1,0,1,0,0,0,0,0,0,0,0,0
38,12,0,13,1.447,23,19,0,3,0,매우혼잡,0,3,4,2,2.74,1,0,0,0,0,0,0,0,0,0,0,1,0,0,1,1,0,1
42,12,0,3,2.646,11,49,0,,,보통,,,,,1.03,0,0,0,0,0,0,0,0,0,0,0,0,0,0,0,0,0,0
33,12,0,9,1.627,2,23,0,,,보통,,,,,2.15,0,0,0,1,0,0,0,0,0,0,0,1,0,1,1,0,0,0
26,6,0,6,2.042,6,3,1,3,0,보통,0,2,3,2,1.65,1,0,0,0,0,0,1,1,0,0,1,0,0,1,0,0,0,0
15,12,1,1,6.046,17,95,1,4,0,여유,0,4,4,4,0.83,1,0,0,0,0,0,0,0,0,0,0,0,0,0,0,1,0,0
31,3,0,60,0.0,2,7,1,,,혼잡,,,,,13.13,0,1,0,0,0,0,1,1,0,0,1,1,1,0,1,0,1,1
33,6,1,9,1.996,9,8,1,2,1,보통,0,2,3,3,2.56,1,0,0,0,0,0,0,0,0,1,0,0,0,0,0,1,0,0
35,6,0,3,3.444,25,58,1,,,보통,,,,,1.67,0,0,0,0,0,0,0,0,0,0,0,0,0,1,0,0,0,0
30,6,0,4,3.037,4,42,0,,,보통,,,,,1.63,0,0,0,0,0,0,0,0,0,0,0,0,0,0,0,0,0,0
15,3,0,49,0.237,3,10,0,2,0,보통,0,3,3,2,2.09,1,0,0,1,0,0,0,0,0,0,1,1,0,0,0,1,0,1
34,6,1,5,2.541,15,40,1,,,보통,,,,,1.67,0,0,0,0,0,0,0,0,0,0,1,1,0,1,0,0,0,0
15,6,0,8,1.578,5,38,0,2,0,보통,0,3,3,2,1.79,1,1,0,1,0,0,0,0,0,1,0,0,1,1,0,1,0,0
32,6,1,10,1.86,4,30,0,,,보통,,,,,2.67,0,1,0,0,0,0,0,0,0,0,1,0,0,0,0,0,0,0
18,12,0,27,0.463,4,13,0,3,0,여유,0,3,4,3,1.8,1,0,0,0,0,0,0,1,0,0,0,1,0,0,1,0,0,0
15,12,0,53,0.0,14,5,0,,,혼잡,,,,,2.25,0,1,0,0,0,0,0,0,0,0,0,0,1,0,0,1,1,1
39,12,0,57,0.0,16,21,0,2,1,보통,0,3,3,3,2.43,1,1,0,1,0,0,0,0,0,0,0,0,0,0,0,1,0,1
21,3,0,6,2.213,2,29,0,4,0,보통,0,3,3,3,1.74,1,0,0,0,0,0,0,0,0,0,0,0,0,0,0,0,0,0
30,3,0,13,2.083,4,32,0,2,0,혼잡,0,4,3,3,3.92,1,0,0,0,0,0,0,0,0,1,0,0,1,0,1,0,0,1
31,6,1,1,5.679,5,84,1,4,0,보통,0,4,5,4,0.8,1,0,0,0,0,0,0,0,0,0,0,0,0,0,0,1,0,0
33,3,0,43,1.561,5,25,0,3,0,보통,0,3,2,3,9.5,1,1,1,0,0,0,0,0,0,0,0,0,0,1,0,0,0,0
15,3,0,11,0.997,2,2,0,2,1,매우혼잡,0,3,3,2,1.56,1,1,0,0,0,0,0,0,0,0,0,0,1,0,0,0,0,0
37,6,1,1,5.16,3,50,1,3,0,매우혼잡,0,4,4,4,1.03,1,0,0,0,0,0,0,0,0,0,0,0,0,0,0,1,0,0
15,12,1,13,1.433,13,35,0,3,0,혼잡,1,2,4,2,2.75,1,0,0,0,0,0,0,0,0,1,1,1,1,0,0,0,0,1
16,12,1,12,1.467,26,41,0,3,0,여유,0,4,3,4,2.43,1,1,0,0,0,0,0,0,0,0,0,0,0,0,0,0,1,0
34,3,0,4,3.27,1,28,0,,,매우혼잡,,,,,1.78,0,1,0,0,0,0,1,1,0,0,1,1,1,1,0,0,0,0
31,6,0,12,1.658,5,19,0,2,0,보통,0,2,2,2,2.95,1,1,0,0,0,1,0,0,0,0,0,1,1,0,0,1,1,1
27,6,1,2,4.515,14,60,0,4,0,보통,0,4,4,4,1.06,1,0,0,0,0,0,0,0,0,0,0,0,1,0,0,0,0,0
27,6,1,3,3.29,6,38,0,,,매우혼잡,,,,,1.62,0,1,0,0,0,0,0,0,1,0,0,1,1,0,0,0,0,1
17,12,0,4,2.121,17,30,0,3,0,보통,0,3,4,4,1.27,1,1,0,0,0,0,0,0,0,0,0,0,0,0,0,1,0,0
41,12,0,3,3.168,15,32,1,2,0,보통,0,3,4,3,1.39,1,0,0,0,0,0,0,0,0,0,0,0,1,0,0,1,0,0
40,12,0,5,2.175,21,26,0,,,혼잡,,,,,1.44,0,0,0,0,0,0,1,0,0,0,0,1,1,0,0,1,1,0
41,12,1,2,4.182,9,76,0,5,0,보통,0,3,4,3,1.0,1,0,0,0,0,0,0,0,0,1,0,0,0,0,0,0,0,0
24,12,0,10,1.482,4,35,0,4,0,보통,1,3,3,2,2.08,1,0,0,0,0,0,0,0,0,0,1,0,0,0,0,0,0,0
21,6,1,3,3.25,11,43,0,,,보통,,,,,1.34,0,0,1,1,1,0,0,0,0,0,0,1,0,1,0,1,1,0
28,6,0,39,0.556,14,24,0,,,여유,,,,,3.09,0,1,1,0,0,1,0,0,1,0,0,0,0,0,0,0,0,0
36,12,1,1,5.33,17,71,1,3,0,보통,0,4,4,4,1.01,1,0,0,0,0,0,0,0,1,0,0,0,1,0,0,0,0,0
30,6,0,15,1.134,5,13,0,,,보통,,,,,2.48,0,0,0,0,0,1,0,0,0,0,0,0,0,0,0,1,0,0
52,12,0,14,1.38,28,27,0,,,보통,,,,,2.78,0,0,0,0,0,0,0,0,1,0,0,0,0,0,0,1,0,0
26,3,0,5,2.296,5,39,1,,,보통,,,,,1.62,0,0,1,0,0,0,1,0,0,0,1,0,0,1,0,0,0,0
16,6,1,14,1.216,7,42,0,,,보통,,,,,2.46,0,0,0,0,0,0,0,0,0,0,0,0,0,0,0,1,0,1
35,12,0,4,2.844,24,35,0,,,여유,,,,,1.63,0,0,0,0,0,0,0,0,0,0,0,0,0,0,0,0,0,0
35,6,1,4,2.785,24,50,0,3,0,여유,0,4,5,4,1.61,1,0,0,0,0,0,0,0,0,0,0,0,0,0,0,1,0,0
33,1,0,52,0.0,3,2,0,,,보통,,,,,2.24,0,1,1,0,1,0,0,0,0,0,0,0,0,0,1,1,0,0
46,1,0,55,0.139,1,0,0,,,보통,,,,,2.37,0,1,0,1,0,0,1,1,0,0,0,1,0,1,0,0,0,0
29,12,1,11,1.87,4,18,0,4,0,여유,0,3,3,3,2.86,1,1,0,0,0,0,0,0,0,0,0,0,0,0,0,0,0,0
52,6,0,10,1.701,4,25,1,2,0,보통,0,4,3,2,2.34,1,1,0,0,0,1,0,0,0,0,1,0,0,1,0,0,1,1
17,1,0,4,2.229,3,17,0,,,매우혼잡,,,,,1.26,0,1,0,1,0,0,0,1,0,0,1,1,0,1,0,0,0,1
40,6,0,6,2.027,12,35,0,,,보통,,,,,1.62,0,0,0,0,0,0,0,0,0,0,0,0,0,0,0,0,0,0
15,3,1,9,1.856,0,26,0,,,혼잡,,,,,2.49,0,1,0,0,0,0,0,0,0,0,0,0,0,0,1,0,0,0
19,12,1,1,5.315,10,47,1,,,보통,,,,,0.86,0,0,0,0,0,0,0,0,0,0,0,0,0,0,0,0,0,0
42,1,0,9,3.506,0,41,0,2,0,보통,0,2,3,4,4.55,1,1,0,0,0,0,0,1,0,1,1,0,0,0,1,0,0,0
40,6,0,60,0.0,3,16,0,3,0,여유,0,2,2,2,3.0,1,1,0,1,0,0,0,1,0,0,0,1,0,0,0,0,0,0
40,12,0,9,1.93,11,35,1,4,0,보통,0,3,4,3,2.59,1,0,0,0,0,0,0,0,0,0,0,0,0,0,1,0,1,0
41,6,0,43,0.489,3,27,0,3,0,보통,0,3,2,3,3.01,1,0,0,0,1,0,0,0,0,0,0,0,0,0,0,0,0,0
32,12,1,4,3.208,10,29,0,2,0,혼잡,0,3,3,2,1.66,1,0,0,0,0,0,0,1,0,0,1,1,0,1,0,0,0,0
36,1,0,10,1.483,0,32,0,,,매우혼잡,,,,,2.06,0,1,0,0,0,1,1,0,0,1,0,1,1,1,1,0,1,0
29,6,0,14,1.163,9,30,0,,,여유,,,,,2.29,0,1,0,0,0,0,0,0,0,0,0,0,0,1,0,0,0,0
23,3,0,2,3.723,2,35,1,,,혼잡,,,,,1.25,0,0,0,0,0,0,0,1,0,1,0,0,0,0,0,0,0,0
25,6,1,1,4.851,4,66,1,4,0,여유,0,4,5,4,0.87,1,0,0,0,0,0,0,0,0,0,0,0,0,0,0,0,0,0
46,3,1,5,5.028,3,63,1,4,0,보통,0,4,4,4,3.93,1,0,0,0,0,0,1,0,0,0,0,0,0,0,0,0,0,0
43,12,0,3,2.102,1,13,0,4,0,여유,0,3,3,3,1.01,1,1,0,0,0,0,1,0,0,1,0,0,0,0,0,0,0,0
29,3,0,60,0.545,10,20,0,,,혼잡,,,,,15.63,0,1,0,0,0,0,0,0,1,0,0,0,1,1,1,0,0,1
66,1,0,58,0.0,4,9,0,,,보통,,,,,2.48,0,1,0,0,0,0,0,0,0,0,0,0,0,0,1,1,1,0
27,12,0,36,0.24,11,15,0,,,혼잡,,,,,1.56,0,1,1,0,0,0,0,1,0,0,0,0,1,0,1,1,0,1
42,1,0,2,3.286,12,33,0,,,여유,,,,,1.08,0,0,0,0,0,0,0,0,0,1,0,0,0,0,0,0,0,0
25,1,0,13,1.062,1,4,1,1,1,보통,1,3,4,2,1.99,1,1,0,0,0,0,0,0,1,0,1,1,0,1,0,1,1,1
33,12,1,2,4.557,36,43,1,4,0,혼잡,0,4,4,4,1.03,1,0,0,0,0,0,0,0,0,0,0,0,0,1,0,0,0,0
32,12,0,10,1.801,12,43,0,,,여유,,,,,2.46,0,0,0,0,1,1,0,0,0,0,0,0,1,0,0,0,0,1
32,12,0,1,5.567,19,76,1,,,보통,,,,,1.06,0,0,0,0,0,0,0,0,0,0,0,0,0,0,0,0,1,0
30,12,1,3,2.92,14,33,0,,,혼잡,,,,,1.37,0,0,0,0,1,0,0,0,0,0,1,1,1,0,0,0,0,0
36,12,0,12,1.836,33,32,1,3,0,여유,0,2,3,2,3.21,1,0,0,0,0,0,0,1,0,0,0,0,0,0,0,0,0,0
44,6,0,2,3.904,2,62,0,4,0,보통,0,4,5,4,1.07,1,0,0,0,0,0,0,0,0,0,0,0,0,0,0,0,0,0
27,3,0,60,0.0,4,2,0,2,1,여유,0,2,2,4,3.26,1,1,0,1,0,0,0,0,0,1,0,0,0,0,0,1,1,0
39,3,0,2,3.511,6,44,1,3,0,매우혼잡,1,4,4,2,1.22,1,0,0,0,0,0,0,0,0,0,1,0,1,1,0,1,0,1
51,6,1,1,6.304,9,74,0,3,0,매우혼잡,0,3,4,3,0.97,1,0,0,0,0,0,0,0,0,0,1,0,0,0,0,0,0,1
37,3,0,11,1.565,7,22,0,3,0,매우혼잡,0,2,3,3,2.48,1,0,0,0,0,0,1,0,0,0,1,0,0,1,0,0,0,1
32,3,0,4,2.592,3,30,0,3,0,보통,1,3,2,1,1.65,1,0,1,1,0,0,0,1,0,0,1,0,0,0,0,0,1,0
29,12,1,1,5.908,13,64,1,,,보통,,,,,1.0,0,0,0,0,0,0,0,0,0,0,0,0,0,0,0,0,0,0
25,1,0,9,1.733,2,18,0,,,매우혼잡,,,,,2.16,0,1,0,0,0,1,0,0,1,1,0,0,0,1,0,0,0,0
38,12,1,4,3.281,1,43,0,3,0,보통,0,4,3,2,1.73,1,0,0,0,0,0,0,0,0,0,0,0,0,0,0,0,0,1
39,12,0,3,2.725,36,29,1,3,0,혼잡,0,3,4,2,1.31,1,0,0,0,0,0,0,0,0,0,1,1,1,0,0,0,0,0
47,3,0,12,1.353,2,31,0,2,0,여유,0,3,3,3,2.36,1,0,0,0,1,0,0,0,0,0,0,0,0,0,0,0,1,1
30,12,0,2,4.389,8,42,1,4,0,매우혼잡,0,3,3,3,0.95,1,0,0,0,0,0,0,0,0,0,0,0,0,1,0,0,0,0
43,1,0,10,1.937,13,42,0,3,0,여유,0,4,3,3,2.73,1,0,0,1,0,0,0,0,0,0,0,1,0,0,0,0,0,0
36,12,1,3,3.262,23,43,1,,,혼잡,,,,,1.45,0,0,0,0,0,0,0,0,1,0,0,0,0,0,0,0,0,0
33,1,0,60,0.067,4,10,0,2,0,보통,0,2,3,2,3.02,1,1,0,0,0,0,1,0,0,1,0,0,1,0,0,1,1,0
38,12,1,18,0.846,4,13,0,,,매우혼잡,,,,,2.23,0,0,0,1,0,0,0,1,0,0,1,1,1,1,1,0,0,1
44,3,0,1,5.052,12,61,1,4,0,보통,0,4,5,5,0.97,1,0,0,0,0,0,0,0,0,0,0,0,0,0,0,1,0,0
41,12,1,1,5.007,1,36,1,4,0,혼잡,0,4,4,4,1.0,1,0,0,0,0,0,0,0,0,0,0,0,0,0,0,0,0,0
46,12,0,3,3.221,14,43,0,3,0,보통,0,3,3,3,1.36,1,0,1,0,0,0,0,0,0,0,0,0,0,0,0,0,0,0
39,12,0,11,1.17,36,16,0,3,0,보통,0,2,3,2,1.91,1,0,0,0,0,0,0,0,1,0,0,0,0,0,0,0,0,0
40,12,0,7,1.705,30,47,0,3,0,보통,0,3,4,3,1.81,1,0,0,0,0,0,0,0,0,0,0,0,0,0,0,0,0,1
35,1,0,60,0.901,4,35,0,3,0,여유,0,2,3,3,9.4,1,1,1,0,0,0,0,1,1,1,0,0,0,0,1,1,0,0
27,6,0,3,2.201,6,36,0,3,0,여유,0,3,3,4,1.04,1,0,0,0,0,0,0,0,0,0,0,0,0,0,0,1,1,0
37,3,0,4,2.291,3,41,0,3,0,보통,0,3,2,3,1.27,1,0,0,0,1,1,0,1,0,0,0,0,0,0,0,1,0,0
27,3,0,2,3.518,2,63,1,3,0,보통,0,4,3,3,1.04,1,0,1,0,0,0,0,0,0,0,0,0,0,0,0,0,0,0
50,1,0,15,0.964,7,28,0,,,혼잡,,,,,2.11,0,0,0,0,0,0,1,0,1,0,1,0,0,0,1,0,0,1
25,6,1,49,1.877,4,12,0,2,0,혼잡,0,3,3,3,13.15,1,1,1,0,0,0,0,0,0,0,1,0,0,0,1,0,1,0
18,6,0,5,2.278,1,22,0,3,0,매우혼잡,0,3,3,3,1.53,1,0,0,0,0,0,0,0,1,0,0,0,0,1,0,1,0,1
38,12,0,37,0.48,10,16,0,2,0,보통,1,2,3,1,2.55,1,0,0,0,1,0,0,0,0,1,1,0,1,1,0,0,0,0
27,6,1,60,0.414,4,3,0,,,혼잡,,,,,11.44,0,1,0,0,0,0,0,0,0,0,1,0,0,0,0,1,1,1
30,3,0,49,0.456,5,28,0,2,0,혼잡,1,2,2,1,3.18,1,1,0,1,0,0,1,0,0,0,1,1,0,1,0,1,0,1
29,12,0,2,4.002,5,39,0,4,0,보통,0,4,4,4,0.92,1,0,0,0,0,0,0,0,0,0,0,0,0,0,0,0,0,0
41,1,1,8,1.809,5,23,0,2,0,매우혼잡,1,2,3,2,2.05,1,0,0,0,0,0,0,0,0,1,1,1,0,1,1,1,0,1
21,6,0,13,1.527,2,29,0,,,혼잡,,,,,2.8,0,1,0,0,1,0,0,1,1,0,0,0,0,0,0,1,0,0
46,1,0,4,2.503,2,48,0,3,0,여유,0,3,3,3,1.36,1,0,0,0,0,1,0,1,0,0,0,0,0,0,0,0,0,0
41,3,0,3,3.407,4,50,0,4,0,매우혼잡,1,4,4,2,1.23,1,0,0,0,0,0,0,0,0,0,1,1,1,0,1,0,0,0
48,6,0,50,0.224,11,19,0,,,혼잡,,,,,2.16,0,1,0,0,0,0,0,0,0,0,1,0,1,0,0,1,1,1
28,6,0,12,1.219,13,17,0,4,0,혼잡,0,3,4,2,2.15,1,0,0,1,0,0,0,0,0,0,0,1,0,0,0,0,0,0
39,3,0,20,0.814,8,27,0,2,0,매우혼잡,0,2,3,1,2.35,1,1,0,0,0,0,1,0,0,1,1,1,0,1,1,0,0,0
58,12,1,3,3.276,13,47,0,,,매우혼잡,,,,,1.56,0,0,0,0,0,0,0,0,0,0,1,1,1,1,0,0,0,1
40,12,1,3,3.629,23,43,1,4,0,보통,0,5,3,3,1.33,1,0,0,0,0,0,0,0,0,0,0,1,0,0,0,0,0,0
31,3,0,4,2.966,4,29,1,3,0,보통,0,3,4,4,1.7,1,0,1,0,0,0,0,0,0,1,1,0,0,0,0,0,0,0
37,6,0,12,1.441,8,9,0,,,보통,,,,,2.53,0,0,0,0,0,0,0,0,0,0,0,0,0,0,1,0,0,0
26,3,1,1,4.48,6,46,0,4,0,혼잡,0,4,4,4,0.9,1,0,0,0,0,0,0,0,0,0,0,0,0,1,0,0,0,0
24,12,0,18,1.258,6,5,0,2,0,보통,0,3,2,2,3.21,1,1,0,1,0,1,1,0,0,0,0,1,0,0,1,0,1,0
50,6,0,7,1.977,3,31,0,3,0,혼잡,0,3,3,4,1.84,1,1,0,0,0,0,0,0,0,0,0,0,0,0,0,1,0,0
37,6,0,1,4.876,4,39,1,,,여유,,,,,0.9,0,0,0,0,0,0,0,1,0,0,0,0,0,0,0,0,0,0
15,1,0,4,2.086,4,43,0,3,0,여유,0,3,4,3,1.12,1,0,0,0,0,0,0,0,0,0,0,0,0,0,0,0,0,0
39,12,1,2,4.725,26,50,0,,,혼잡,,,,,1.06,0,0,0,0,0,0,0,1,0,0,1,0,0,0,0,0,0,0
35,12,0,5,2.317,5,56,1,,,보통,,,,,1.75,0,1,0,0,0,0,0,0,0,0,1,0,1,1,1,0,0,1
39,3,0,3,3.957,14,43,1,,,혼잡,,,,,1.6,0,0,0,0,0,0,0,0,0,0,0,0,0,1,0,0,0,0
27,3,0,38,0.434,7,9,0,,,혼잡,,,,,2.34,0,1,0,0,0,0,0,0,1,0,1,1,1,0,0,1,0,0
37,12,0,9,1.43,7,40,0,2,0,혼잡,0,3,3,2,1.83,1,0,0,0,0,0,0,0,0,0,0,0,1,0,0,0,1,0
44,6,1,2,3.351,4,43,0,2,1,혼잡,0,3,3,3,1.03,1,0,0,0,0,0,0,0,0,0,1,0,0,0,0,1,0,1
29,6,0,1,5.097,4,56,1,,,보통,,,,,0.92,0,0,0,0,1,0,0,0,0,0,1,1,0,0,0,0,0,0
21,6,0,8,1.725,7,8,1,,,매우혼잡,,,,,1.92,0,0,0,0,0,0,1,0,0,0,1,0,0,1,0,0,0,0
30,12,1,1,4.961,7,47,0,,,여유,,,,,0.95,0,0,0,0,0,0,0,0,0,0,1,1,0,0,0,0,0,0
26,1,0,3,3.56,6,50,1,3,0,매우혼잡,0,3,5,2,1.44,1,0,0,0,0,0,0,0,0,0,0,0,0,1,0,0,0,0
38,12,0,9,1.773,5,43,0,3,0,혼잡,0,3,4,3,2.29,1,0,0,0,1,0,0,0,0,0,0,1,1,0,1,0,0,1
40,3,0,3,3.368,8,42,0,4,0,혼잡,0,3,3,3,1.55,1,0,0,0,0,0,0,0,0,0,0,1,1,0,0,0,0,0
35,12,0,3,3.37,18,45,1,2,0,여유,0,4,3,3,1.57,1,0,0,0,0,0,0,0,0,0,0,0,0,0,0,0,0,1
29,1,1,45,0.061,3,19,0,2,1,혼잡,0,2,2,3,1.94,1,1,1,1,1,0,0,0,1,0,0,0,1,0,1,0,0,1
37,12,1,14,0.778,7,9,0,,,혼잡,,,,,1.55,0,0,0,0,0,0,0,0,0,0,0,0,0,0,1,0,1,0
39,1,1,1,4.715,8,45,1,,,매우혼잡,,,,,0.93,0,0,0,0,0,0,0,0,0,0,0,0,0,1,1,1,0,1
36,12,1,1,4.838,6,54,1,4,0,혼잡,0,4,5,4,0.82,1,0,0,0,0,0,0,0,0,0,0,0,0,0,0,0,0,0
39,12,1,5,5.372,6,63,1,4,0,보통,0,5,4,3,3.48,1,0,0,0,0,0,0,0,0,0,0,0,0,0,0,0,1,0
49,12,0,4,2.601,9,23,0,2,0,보통,0,3,3,3,1.66,1,1,0,0,0,0,1,0,0,0,0,0,0,0,1,1,1,0
45,3,1,3,3.015,5,29,0,,,보통,,,,,1.4,0,0,0,0,0,0,0,0,0,0,1,0,0,0,0,0,0,0
23,6,0,33,0.613,2,27,0,3,0,여유,0,3,3,2,2.89,1,0,0,0,1,0,0,0,0,0,0,1,0,0,0,0,0,0
46,1,0,41,0.0,1,3,0,,,혼잡,,,,,1.74,0,0,0,0,0,0,0,0,0,0,0,1,0,0,1,1,0,1
44,12,0,1,5.477,22,49,1,,,혼잡,,,,,0.87,0,0,0,0,0,0,0,0,0,0,1,0,0,0,0,0,0,0
41,1,0,3,3.151,7,46,1,4,0,보통,0,3,4,4,1.51,1,1,0,0,0,0,1,0,0,0,1,0,0,0,0,0,0,0
44,12,0,4,3.148,4,43,1,,,여유,,,,,1.64,0,0,0,0,0,0,0,0,0,1,0,0,0,0,0,0,0,0
38,6,1,1,4.664,1,56,0,3,0,혼잡,0,5,4,4,0.89,1,0,0,0,0,0,0,0,0,0,0,0,0,0,0,0,0,1
41,3,1,6,5.398,13,63,0,5,0,보통,0,4,4,5,4.38,1,0,0,0,0,0,0,0,0,0,0,0,0,0,0,0,0,0
37,6,0,10,1.945,3,20,0,,,여유,,,,,2.7,0,1,0,0,0,0,0,0,0,0,0,1,0,0,0,0,1,0
33,6,0,60,1.033,3,27,0,,,매우혼잡,,,,,12.08,0,1,1,0,0,0,0,0,0,0,1,1,1,1,0,0,1,0
37,3,1,4,2.904,3,45,0,3,0,여유,0,3,3,3,1.76,1,0,0,0,0,0,0,1,0,0,0,0,0,0,0,1,0,0
28,6,0,1,4.946,7,76,1,4,0,보통,0,4,4,3,0.94,1,0,0,0,0,0,0,0,1,0,1,0,0,1,0,0,0,0
39,12,0,1,4.376,10,68,1,3,0,보통,0,4,4,4,0.92,1,0,0,0,0,0,0,0,0,0,0,0,0,0,0,0,0,0
43,3,0,59,0.23,4,18,0,,,혼잡,,,,,2.54,0,1,0,0,0,0,0,0,0,1,0,0,0,1,0,1,0,1
17,12,1,3,3.009,4,45,1,2,0,여유,0,3,4,3,1.46,1,0,0,0,0,0,0,1,0,1,0,0,1,0,0,0,1,0
40,3,1,11,1.387,3,15,0,3,0,보통,0,2,3,2,2.13,1,0,0,0,0,0,0,0,0,1,0,0,0,1,0,0,1,0
50,6,1,1,5.549,5,69,0,5,0,여유,0,4,4,5,0.81,1,0,0,0,0,0,1,0,0,0,0,0,0,0,0,0,0,0
36,3,0,2,3.972,10,50,0,,,보통,,,,,1.38,0,0,0,0,0,0,0,1,0,0,0,0,0,0,0,0,0,0
20,12,1,3,3.332,12,47,1,3,0,보통,0,3,5,3,1.55,1,0,0,0,0,0,1,0,0,0,0,1,0,0,0,1,0,0
41,1,0,7,1.83,3,32,0,3,0,보통,0,2,4,4,1.8,1,1,0,0,0,0,1,1,0,0,0,0,0,0,0,0,0,0
15,12,0,12,1.326,8,38,0,3,0,보통,0,2,2,3,2.27,1,0,0,1,0,0,0,0,0,1,0,0,0,1,0,0,0,0
22,1,0,2,3.736,5,45,1,,,매우혼잡,,,,,1.32,0,0,0,0,0,0,0,0,0,0,1,0,0,0,0,0,1,1
26,12,0,54,0.0,8,14,0,1,1,여유,0,3,3,5,2.33,1,0,0,0,0,0,0,0,0,0,0,0,0,0,0,0,1,1
36,1,0,4,2.653,6,16,0,2,0,매우혼잡,0,3,3,2,1.47,1,0,1,0,0,0,0,0,1,0,1,1,1,0,0,1,0,0
40,6,1,5,4.529,17,48,1,3,0,보통,0,3,5,4,3.5,1,0,0,0,0,0,1,0,0,0,0,0,0,1,0,0,1,0
17,12,0,26,0.761,10,11,0,,,보통,,,,,2.83,0,1,0,0,0,0,0,1,0,0,0,0,0,0,0,0,0,0
47,6,1,3,2.325,1,40,0,,,보통,,,,,1.16,0,0,0,0,0,0,1,1,0,0,0,1,0,0,0,0,0,0
29,12,1,7,1.996,5,26,0,,,보통,,,,,1.94,0,0,0,0,0,0,0,0,0,0,1,0,0,1,0,0,1,0
23,3,1,4,3.366,5,35,0,4,0,보통,0,3,3,3,1.72,1,0,0,0,0,0,0,0,0,0,0,0,0,0,0,0,0,0
29,12,0,4,2.11,16,30,1,3,0,보통,0,3,5,3,1.32,1,0,0,0,0,0,0,0,0,0,0,0,0,0,0,0,0,0
23,12,0,4,2.746,8,43,0,3,0,혼잡,0,3,3,2,1.63,1,1,0,1,0,0,0,0,0,1,1,0,0,0,0,1,0,0
30,3,0,24,0.869,4,11,0,,,보통,,,,,2.97,0,0,0,0,0,0,0,0,0,0,1,1,1,0,0,0,0,0
27,3,0,12,1.512,3,24,0,,,여유,,,,,2.62,0,0,0,0,0,0,1,0,0,0,0,0,0,0,0,0,0,0
25,3,1,3,3.924,12,67,1,,,보통,,,,,1.47,0,0,0,0,0,0,0,0,0,0,0,0,0,0,0,0,0,0
15,6,1,1,5.906,23,55,0,,,여유,,,,,0.88,0,0,0,0,0,0,0,0,0,0,0,0,0,0,0,0,0,0
33,6,0,5,2.274,4,34,1,3,0,여유,0,3,5,4,1.7,1,0,0,0,0,0,0,0,0,0,0,0,0,0,0,0,0,0
17,12,0,9,1.694,12,27,0,3,0,보통,0,2,2,3,2.25,1,1,0,0,0,0,0,0,0,0,1,0,0,0,0,0,0,0
37,12,0,2,4.047,26,58,1,4,0,매우혼잡,0,4,4,4,1.06,1,0,0,0,0,0,0,0,0,0,1,0,0,0,0,0,0,0
28,12,1,1,5.474,7,49,1,4,0,보통,0,5,5,4,1.04,1,0,0,0,0,0,0,0,0,0,0,0,0,0,0,1,0,0
40,3,0,4,2.62,12,41,0,,,보통,,,,,1.46,0,0,1,0,0,0,0,0,0,0,0,0,1,1,0,0,0,0
48,12,1,1,6.198,12,54,1,3,0,혼잡,0,3,4,4,0.89,1,0,0,0,0,1,1,0,0,0,0,0,0,0,0,0,0,0
25,6,0,12,1.451,2,25,0,,,보통,,,,,2.52,0,1,1,0,1,0,0,0,0,1,0,0,1,0,0,0,1,0
28,12,1,10,1.936,6,31,0,,,여유,,,,,2.88,0,0,0,0,0,0,0,1,0,0,0,0,0,0,0,1,0,0
37,3,0,4,2.427,4,29,0,,,보통,,,,,1.34,0,0,0,0,0,0,0,0,0,0,1,0,0,1,0,0,0,0
32,12,0,4,2.31,3,32,0,4,0,여유,0,4,2,3,1.26,1,0,0,0,0,0,0,0,0,0,0,0,0,0,0,0,0,0
42,6,1,1,5.895,16,72,1,,,혼잡,,,,,1.03,0,0,0,0,0,0,0,0,0,0,0,0,0,0,0,0,0,0
45,12,0,2,3.986,19,57,0,,,혼잡,,,,,1.27,0,0,0,0,0,1,1,0,0,0,0,0,0,1,1,0,0,0
29,1,0,55,0.0,6,16,0,,,혼잡,,,,,2.36,0,0,0,0,1,0,1,1,1,1,0,0,1,1,1,1,0,0
40,6,0,1,4.93,2,58,1,5,0,보통,0,4,5,4,1.02,1,0,0,0,0,0,0,0,0,0,0,0,0,0,0,0,0,0
40,1,1,1,4.028,5,43,1,3,0,매우혼잡,1,4,3,3,0.85,1,0,0,0,0,0,0,0,0,0,1,0,0,1,0,1,1,0
37,6,0,12,1.233,6,18,0,3,0,여유,0,4,5,4,2.06,1,0,0,0,0,0,0,0,0,0,0,0,0,0,0,0,0,0
21,3,1,59,1.692,10,23,0,1,0,보통,0,2,3,2,14.31,1,1,0,0,0,0,0,0,0,1,0,0,0,0,0,0,0,0
39,6,0,3,3.904,9,74,0,4,0,보통,0,4,4,3,1.69,1,0,0,0,0,0,0,0,0,0,0,0,0,0,0,0,0,0
28,6,1,18,3.362,7,36,0,4,0,여유,0,3,3,3,8.74,1,1,0,0,0,0,1,0,0,0,0,0,0,0,0,0,0,0
16,12,0,14,1.456,36,14,0,2,0,보통,0,4,2,2,2.88,1,1,0,1,0,0,0,0,0,0,1,0,0,0,1,1,0,1
43,6,1,10,1.52,5,30,0,,,보통,,,,,2.28,0,0,0,0,0,0,0,0,0,0,0,0,1,0,0,1,0,0
50,6,1,4,4.905,15,61,0,,,여유,,,,,2.89,0,1,0,1,0,0,0,0,0,0,1,1,0,0,0,0,0,0
35,3,0,3,3.688,16,41,1,4,0,혼잡,0,4,4,4,1.38,1,0,0,0,1,0,0,0,0,0,0,0,0,1,1,0,0,0
25,12,0,3,2.818,6,38,1,3,0,보통,1,3,4,2,1.2,1,0,0,0,0,0,1,0,0,0,0,0,0,0,0,0,0,0
48,6,0,60,0.91,3,21,0,3,0,혼잡,0,2,2,2,8.0,1,1,1,0,0,0,0,0,0,0,1,0,0,1,0,1,0,0
50,6,1,6,4.958,5,46,1,,,보통,,,,,4.52,0,0,0,0,0,0,0,0,0,0,0,0,0,0,0,0,1,0
29,12,1,1,5.229,14,46,1,,,여유,,,,,0.82,0,0,0,0,0,0,0,0,0,0,0,0,0,0,0,0,0,0
41,12,0,32,0.605,9,31,1,3,0,보통,0,1,3,2,2.79,1,0,0,0,0,0,1,1,1,0,1,1,0,0,1,0,0,0
27,6,0,60,0.0,6,6,0,,,여유,,,,,3.07,0,1,0,0,0,0,1,0,0,0,0,0,1,0,0,0,0,0
56,1,1,1,5.708,1,73,0,5,0,보통,0,4,4,4,0.99,1,0,0,0,0,0,0,0,0,0,0,0,0,0,0,0,0,0
43,12,1,3,2.931,4,51,1,,,보통,,,,,1.37,0,0,0,0,0,0,0,0,0,0,1,0,0,0,1,0,0,0
45,3,1,3,2.671,2,27,0,,,보통,,,,,1.07,0,0,0,0,0,0,1,0,0,0,0,0,0,0,0,0,1,0
27,12,0,3,2.779,13,39,0,,,혼잡,,,,,1.25,0,0,0,0,0,0,0,0,0,0,0,0,0,0,0,0,0,0
37,6,1,20,2.256,6,30,0,,,여유,,,,,6.3,0,0,0,0,0,0,0,0,0,0,0,0,0,0,0,0,0,0
44,6,1,1,5.672,8,77,1,,,여유,,,,,0.94,0,0,0,0,0,0,0,0,0,0,0,0,0,0,0,0,0,0
24,3,0,3,3.154,4,25,0,3,0,혼잡,0,3,3,2,1.26,1,1,0,0,0,0,0,0,0,0,0,1,0,0,1,1,0,0
45,3,0,4,2.579,5,62,0,4,0,여유,0,3,4,3,1.32,1,0,0,0,0,0,0,0,0,0,0,0,0,0,0,0,0,0
35,1,1,39,1.353,2,29,0,3,0,혼잡,0,3,4,3,7.52,1,1,0,0,0,0,0,1,0,0,0,0,0,0,1,0,0,1
25,6,0,4,2.007,12,24,0,4,0,여유,0,3,4,5,1.19,1,0,0,1,0,0,0,0,0,0,0,0,0,0,0,0,0,0
41,1,0,4,2.137,0,29,0,,,보통,,,,,1.11,0,0,0,0,0,0,0,0,0,1,0,0,0,0,0,0,0,0
39,6,1,2,3.702,9,42,0,,,여유,,,,,1.23,0,0,0,0,0,0,0,0,1,0,0,0,0,0,0,0,0,0
38,12,1,2,4.752,27,52,1,4,0,여유,0,5,5,5,1.07,1,0,0,0,0,0,0,0,0,0,0,0,0,0,0,0,0,0
33,6,0,1,5.176,2,53,1,,,여유,,,,,0.97,0,0,0,0,0,0,0,0,0,0,0,0,0,0,0,0,0,0
23,3,0,14,1.023,1,0,0,,,여유,,,,,2.06,0,1,0,0,0,0,0,0,0,1,0,0,0,0,0,0,0,0
20,6,0,15,1.302,4,18,0,,,여유,,,,,2.7,0,1,0,0,0,0,0,0,0,0,1,1,0,0,0,0,0,0
40,12,0,1,5.239,6,59,1,5,0,여유,0,4,5,4,1.04,1,0,0,0,0,0,0,0,0,0,0,0,0,0,0,0,0,0
38,12,0,4,2.949,10,50,1,,,보통,,,,,1.48,0,0,0,0,0,0,0,0,0,0,0,0,1,0,0,0,1,0
43,12,1,3,2.558,10,32,0,,,여유,,,,,1.24,0,0,0,0,0,0,0,0,0,0,0,0,0,0,0,0,0,0
25,6,1,4,2.615,8,31,0,,,보통,,,,,1.32,0,0,0,0,0,0,0,0,0,0,0,0,0,0,0,0,0,0
36,3,1,4,2.829,0,41,0,,,혼잡,,,,,1.59,0,0,0,0,0,0,0,0,0,0,0,0,0,0,0,0,1,0
38,12,0,3,3.159,3,36,0,,,여유,,,,,1.35,0,1,1,0,0,0,0,1,0,0,0,1,0,0,0,0,0,0
47,12,0,2,4.272,6,47,0,4,0,여유,0,4,4,4,1.1,1,0,0,0,0,0,0,0,0,0,0,0,0,0,0,0,0,0
28,3,0,7,1.455,10,37,0,,,혼잡,,,,,1.52,0,1,0,0,0,0,1,0,0,0,1,0,1,1,0,0,0,0
34,1,0,4,2.547,1,23,0,3,0,여유,0,3,4,3,1.39,1,0,0,0,0,0,0,1,1,0,0,0,0,0,0,0,0,0
28,12,0,19,0.79,4,21,0,2,0,보통,0,3,3,2,2.1,1,0,0,0,0,0,0,0,0,0,0,1,1,0,0,1,0,0
40,6,0,3,3.748,29,59,0,3,0,보통,0,4,4,4,1.8,1,0,0,0,0,0,0,0,0,1,0,0,0,0,0,0,0,0
29,12,0,1,5.464,16,62,1,,,보통,,,,,0.97,0,0,0,0,0,0,0,0,0,0,0,0,0,0,0,0,0,0
45,12,1,1,5.232,2,45,1,,,혼잡,,,,,0.97,0,0,0,0,0,0,0,0,0,1,0,0,0,0,0,0,0,0
15,6,0,60,0.0,19,12,0,,,보통,,,,,2.6,0,1,0,0,0,0,0,0,0,1,1,1,1,1,0,0,0,0
32,12,0,13,1.764,8,26,0,2,0,보통,0,3,2,3,3.26,1,0,0,1,0,1,0,0,0,0,0,0,0,0,0,0,0,0
49,6,1,1,5.157,10,61,0,4,0,보통,0,5,5,4,0.89,1,0,0,0,0,0,0,0,0,0,1,0,0,0,0,0,0,0
40,12,0,4,2.105,26,44,0,4,0,혼잡,0,2,3,2,1.18,1,0,0,0,0,0,0,1,0,0,0,0,0,1,0,0,0,0
27,6,1,2,4.287,2,49,0,3,0,혼잡,0,4,4,4,1.05,1,0,0,0,0,0,0,0,0,0,0,0,0,0,0,0,0,0
38,6,0,4,2.649,1,27,1,3,0,여유,0,3,4,3,1.43,1,0,0,0,0,0,1,1,0,0,0,0,0,0,0,0,0,0
31,12,0,2,3.869,36,41,0,4,0,보통,1,4,4,3,1.32,1,0,0,0,0,0,1,0,0,1,1,0,0,0,0,0,0,0
17,1,0,3,3.468,5,42,0,4,0,보통,0,4,4,4,1.29,1,0,0,0,0,0,1,0,0,0,1,0,0,0,1,0,0,1
28,1,1,3,2.689,1,16,0,,,여유,,,,,1.33,0,0,0,0,1,0,0,0,0,1,0,0,0,0,0,0,0,0
34,12,0,3,3.743,17,46,1,4,0,보통,0,3,4,3,1.71,1,0,0,0,0,0,0,0,0,0,0,0,1,0,0,0,0,0
40,12,0,40,1.788,9,16,1,,,보통,,,,,10.17,0,1,0,0,0,0,0,1,0,0,0,1,0,0,0,0,0,1
55,6,1,11,1.574,6,8,1,,,혼잡,,,,,2.47,0,1,0,0,0,0,0,0,0,0,0,1,0,0,1,1,0,0
34,12,1,3,3.072,10,54,0,,,혼잡,,,,,1.53,0,0,0,0,0,0,0,0,0,0,1,0,1,1,1,0,0,0
31,3,0,5,2.084,3,20,0,,,여유,,,,,1.36,0,0,0,0,0,0,0,0,0,0,0,0,0,0,0,0,0,0
34,6,1,3,2.657,10,38,0,,,매우혼잡,,,,,1.05,0,0,0,0,0,0,0,0,0,1,0,0,0,1,0,0,0,0
47,12,1,1,5.337,23,68,1,,,보통,,,,,0.83,0,0,0,0,0,0,0,0,0,0,0,0,0,0,0,0,0,0
32,6,0,5,2.095,25,21,1,,,보통,,,,,1.64,0,0,0,0,0,0,0,0,0,0,1,0,0,0,0,0,0,0
29,6,0,13,1.513,12,15,0,,,혼잡,,,,,2.75,0,0,0,0,0,0,0,0,0,0,0,0,0,0,0,1,0,0
34,12,0,20,0.737,11,13,1,2,1,매우혼잡,0,2,4,2,2.09,1,1,0,0,0,0,1,0,0,0,0,0,0,1,1,1,1,1
39,12,1,2,3.308,20,38,1,3,0,혼잡,0,2,3,3,1.08,1,0,1,0,1,0,0,1,0,0,0,0,0,0,0,0,0,1
36,12,1,20,3.042,17,43,0,3,0,보통,0,3,3,3,8.7,1,1,0,0,0,0,0,0,1,0,1,0,0,0,0,0,0,0
40,3,0,12,1.278,4,34,0,3,0,혼잡,0,4,4,3,2.13,1,0,0,0,0,0,0,0,0,0,1,0,0,0,0,1,1,1
17,12,0,1,5.272,4,72,1,4,0,여유,0,5,5,4,0.96,1,0,0,0,0,0,0,0,0,0,0,0,0,0,0,0,0,0
23,12,0,1,5.282,4,65,1,4,0,혼잡,0,3,4,4,0.93,1,0,0,0,0,0,0,0,0,0,0,0,0,0,0,0,1,1
29,3,1,6,2.302,4,45,1,3,0,혼잡,0,3,3,2,1.95,1,0,1,0,0,0,0,0,0,0,1,0,0,0,0,0,0,0
17,12,0,2,3.801,3,49,0,,,혼잡,,,,,1.2,0,1,0,0,0,0,0,0,0,1,1,0,0,0,0,0,0,0
40,1,1,1,4.962,3,74,0,,,보통,,,,,0.99,0,0,0,0,0,0,0,0,0,0,1,0,0,0,0,0,0,0
35,12,0,2,4.284,36,60,0,4,0,보통,1,3,4,2,1.09,1,0,0,0,0,0,0,0,0,0,1,1,1,0,0,0,0,0
41,12,0,3,3.509,13,48,0,,,여유,,,,,1.63,0,0,0,0,0,0,0,0,0,0,1,0,0,0,0,0,0,0
35,6,0,4,2.579,8,34,1,4,0,여유,0,3,4,3,1.54,1,0,0,0,0,0,0,0,0,0,0,1,0,0,0,0,0,0
23,12,0,14,1.42,6,10,0,2,0,혼잡,1,3,3,1,2.75,1,1,0,0,0,0,0,0,0,1,1,1,1,0,0,0,0,0
35,12,0,9,1.778,1,32,1,3,0,혼잡,0,3,3,2,2.33,1,0,0,0,0,0,0,0,0,0,0,0,0,0,0,0,1,0
34,12,1,2,3.039,15,48,0,,,보통,,,,,1.08,0,0,0,0,0,0,0,0,0,0,0,0,0,0,0,0,0,0
44,12,1,5,2.57,23,28,0,,,보통,,,,,1.68,0,0,0,0,0,0,0,0,0,0,1,0,0,0,0,0,0,0
28,6,1,6,2.014,12,37,0,,,혼잡,,,,,1.64,0,0,0,1,0,0,0,0,0,0,0,1,0,0,0,1,0,1
43,12,1,9,1.9,5,39,0,3,0,매우혼잡,0,3,2,3,2.39,1,0,0,0,1,0,0,0,0,0,1,0,1,1,0,0,0,0
15,3,0,51,1.43,2,30,0,3,0,보통,0,4,3,3,10.38,1,1,1,1,0,1,0,0,0,0,0,0,0,0,0,0,0,0
39,12,1,2,3.304,2,41,0,4,0,여유,0,4,3,3,1.16,1,0,1,0,0,0,0,0,0,0,0,0,0,0,0,0,0,0
41,6,0,8,1.614,2,29,1,,,혼잡,,,,,1.79,0,1,0,0,1,0,0,0,0,0,1,1,1,0,0,0,1,0
16,6,1,1,4.258,15,47,1,4,0,여유,0,4,5,4,0.81,1,0,0,0,0,0,0,0,0,0,0,0,0,0,0,0,0,0
16,6,1,3,3.293,5,33,0,3,0,보통,0,4,3,3,1.43,1,1,0,0,0,0,0,0,0,0,0,0,1,0,0,0,0,0
53,12,0,9,1.905,7,31,0,3,0,혼잡,0,4,2,3,2.32,1,0,1,0,0,0,0,0,0,0,0,0,0,0,0,0,0,0
37,12,1,13,1.404,36,18,0,2,1,혼잡,0,3,3,3,2.51,1,1,0,0,0,1,0,0,0,0,0,0,0,0,0,0,0,0
43,3,0,5,2.472,4,35,0,2,0,여유,0,3,3,2,1.79,1,1,0,0,0,0,0,0,0,0,0,0,0,0,0,0,0,0
42,12,1,2,3.49,15,40,0,4,0,여유,0,3,4,4,1.04,1,0,0,0,0,0,0,1,0,0,0,0,0,0,0,0,0,0
42,6,0,12,1.703,14,20,0,4,0,여유,0,3,4,4,2.8,1,0,0,0,0,0,0,0,0,0,0,0,0,0,0,0,0,0
41,3,0,3,3.239,2,51,0,,,혼잡,,,,,1.44,0,0,0,0,0,0,0,0,0,0,0,0,0,0,0,0,1,0
19,6,0,8,1.752,3,13,0,,,여유,,,,,2.01,0,1,0,0,0,0,0,0,0,1,1,0,0,0,1,0,0,0
25,12,0,2,4.084,20,77,0,,,보통,,,,,0.99,0,0,0,0,0,0,0,0,0,0,0,0,0,0,1,0,0,0
19,12,0,12,1.017,36,35,0,,,보통,,,,,1.8,0,1,0,0,0,0,0,0,0,0,1,0,0,0,1,1,1,1
57,6,0,34,1.322,4,27,0,3,0,여유,0,3,4,3,6.33,1,1,0,0,0,0,1,1,0,1,1,0,0,1,0,0,0,0
45,3,1,2,4.064,3,63,0,4,0,보통,0,5,4,3,0.98,1,0,0,0,0,0,0,0,0,0,1,0,0,0,0,0,0,0
30,6,0,60,0.279,5,16,0,,,보통,,,,,2.77,0,0,0,0,1,0,0,0,0,0,0,0,0,1,0,0,0,0
21,6,0,13,1.128,5,3,0,3,0,보통,0,2,3,2,2.05,1,0,0,1,0,0,0,0,0,1,0,1,0,0,0,0,0,0
35,3,0,3,3.365,11,30,1,,,여유,,,,,1.24,0,0,0,0,0,0,0,1,0,1,0,0,0,0,0,0,0,0
18,12,0,4,2.201,4,49,0,3,0,보통,0,4,3,3,1.38,1,0,0,0,0,0,0,0,0,0,0,0,0,0,1,0,1,0
21,6,0,19,1.039,9,8,0,3,0,매우혼잡,0,2,2,2,2.78,1,1,0,0,0,0,0,0,1,1,1,1,0,1,0,1,0,0
34,6,0,1,4.513,4,39,0,,,여유,,,,,0.86,0,0,0,0,0,0,1,0,0,0,0,0,0,0,1,0,1,0
22,6,0,4,2.086,18,42,0,,,혼잡,,,,,1.25,0,0,0,0,0,0,1,0,0,0,1,0,0,0,1,0,1,0
31,1,1,6,1.859,5,29,0,,,보통,,,,,1.67,0,0,0,0,0,0,0,0,0,1,0,0,0,0,0,0,0,0
21,3,0,3,2.896,3,31,0,2,0,보통,0,2,2,3,1.23,1,0,0,0,0,0,1,1,0,1,0,0,0,0,1,0,0,0
30,3,0,2,3.484,3,59,0,,,여유,,,,,1.04,0,0,0,0,0,0,0,0,0,0,0,0,0,0,0,0,0,0
44,12,0,10,1.744,13,14,0,3,0,보통,0,3,3,4,2.48,1,0,0,0,0,0,0,0,0,0,0,0,0,0,0,0,0,1
15,3,0,60,0.0,1,15,0,,,보통,,,,,3.0,0,1,0,1,0,0,1,1,0,0,0,0,0,1,1,1,1,1
45,3,0,21,0.652,3,36,0,2,0,매우혼잡,1,3,3,1,1.96,1,0,0,0,0,0,0,0,0,0,1,1,1,1,0,0,1,0
33,12,0,1,4.821,20,61,1,,,여유,,,,,0.88,0,0,0,0,0,0,0,0,0,0,0,0,0,0,0,0,0,0
26,1,1,3,3.094,1,27,0,2,0,매우혼잡,0,3,3,2,1.49,1,0,0,0,0,0,1,0,0,0,1,0,0,1,0,0,0,0
40,3,0,1,5.289,4,74,1,,,여유,,,,,1.01,0,0,0,0,0,0,0,0,0,0,1,0,0,0,0,0,0,0
15,1,1,1,4.571,4,59,0,,,보통,,,,,0.9,0,0,0,0,1,0,0,0,0,0,0,0,0,0,0,0,0,0
35,6,0,10,1.358,3,32,0,,,여유,,,,,1.91,0,0,1,0,1,0,0,0,0,0,0,0,0,0,0,0,0,0
18,1,0,8,1.527,3,42,0,,,혼잡,,,,,1.72,0,0,0,0,0,0,1,1,1,1,0,0,0,0,1,0,0,1
53,12,1,4,2.656,16,30,0,3,0,여유,0,3,4,3,1.53,1,0,0,0,0,0,0,0,0,0,0,0,0,0,0,0,0,0
23,3,0,3,3.204,5,36,0,4,0,보통,0,5,4,4,1.15,1,0,0,1,0,1,0,0,0,0,0,0,0,0,0,0,0,0
23,6,0,3,3.495,2,40,1,4,0,보통,0,4,4,3,1.44,1,1,0,0,0,0,0,0,0,0,1,0,1,0,0,0,1,0
34,12,0,4,2.607,13,33,0,3,0,혼잡,0,3,3,3,1.61,1,0,0,0,0,0,0,0,0,0,0,0,1,0,0,1,0,0
32,12,0,11,1.618,11,35,0,4,0,여유,0,2,4,2,2.45,1,0,0,0,0,0,1,0,0,0,0,0,1,0,0,0,0,0
23,12,1,1,4.64,4,58,0,5,0,보통,0,4,4,5,0.85,1,0,0,0,0,0,0,0,0,0,0,0,0,0,0,0,0,0
41,6,0,2,3.779,0,56,0,,,여유,,,,,1.29,0,0,0,0,0,0,0,0,0,0,0,0,0,0,0,0,0,0
37,3,0,3,2.708,1,30,0,2,0,매우혼잡,0,3,4,2,1.02,1,0,0,0,0,0,0,0,0,0,1,1,0,0,0,0,0,0
22,3,0,20,1.068,3,24,0,2,0,매우혼잡,0,3,3,2,3.04,1,1,0,0,0,0,0,0,1,1,1,0,0,1,0,1,0,1
43,6,0,2,4.355,32,31,0,4,0,보통,0,3,4,3,1.02,1,0,0,0,0,0,0,0,0,0,0,0,0,0,0,0,1,0
32,6,0,9,1.629,8,25,1,,,보통,,,,,2.02,0,1,1,0,1,0,0,1,0,0,1,0,0,0,0,0,0,0
27,12,0,3,2.785,5,23,0,2,0,혼잡,0,3,3,2,1.38,1,0,0,0,1,1,0,0,0,1,1,1,0,0,0,1,0,1
43,3,0,1,4.333,1,63,0,,,혼잡,,,,,0.87,0,0,0,0,1,0,0,0,0,0,0,0,0,0,0,0,0,0
27,12,0,50,0.0,11,19,0,,,보통,,,,,2.14,0,1,0,0,0,0,0,0,0,0,0,1,0,1,0,0,1,0
46,6,0,12,1.446,4,38,1,,,여유,,,,,2.5,0,0,0,0,0,0,0,0,0,0,0,0,0,0,1,0,0,0
44,3,1,3,3.093,1,53,1,,,보통,,,,,1.43,0,0,0,0,0,0,0,0,0,0,0,0,1,0,0,0,0,0
34,6,0,6,1.684,10,47,0,3,0,보통,0,4,4,4,1.54,1,0,0,0,0,0,0,0,0,0,0,0,0,1,1,0,0,0
19,6,0,46,0.346,13,13,0,,,보통,,,,,2.26,0,1,1,0,0,0,0,0,0,0,0,0,0,0,0,1,1,0
26,3,1,8,3.213,4,39,0,,,보통,,,,,3.54,0,0,0,0,0,0,0,0,0,0,1,0,0,0,0,0,0,1
36,12,0,60,1.256,7,22,1,,,여유,,,,,12.28,0,1,0,0,0,0,1,1,0,0,0,0,0,0,0,0,0,0
40,1,1,15,1.33,4,16,0,2,0,보통,0,3,2,3,2.85,1,1,0,1,0,0,0,0,0,0,0,0,0,0,0,0,0,0
15,12,0,60,0.222,12,7,0,,,매우혼잡,,,,,8.91,0,1,1,0,0,0,0,0,0,1,1,1,1,1,0,1,1,1
44,12,0,47,0.308,11,20,0,,,여유,,,,,2.06,0,1,0,0,0,0,0,0,0,0,1,0,0,1,0,0,0,1
33,12,1,16,1.065,12,6,0,2,0,보통,0,3,2,2,2.47,1,1,1,1,1,0,0,0,0,0,1,0,1,0,1,1,0,0
41,12,1,2,4.06,4,54,0,,,보통,,,,,0.9,0,0,0,0,0,0,0,0,0,0,0,0,0,0,0,1,0,0
29,6,0,2,3.683,18,53,0,,,매우혼잡,,,,,1.23,0,0,0,0,0,0,0,0,0,0,0,1,1,0,0,0,0,0
35,3,0,21,0.85,3,30,0,2,0,혼잡,0,2,1,2,2.57,1,1,0,1,0,0,0,0,0,0,1,0,0,0,1,1,1,0
22,6,0,6,2.02,17,31,0,3,0,보통,0,4,2,4,1.68,1,0,0,0,0,0,0,0,0,0,0,0,0,0,0,0,0,0
28,12,0,20,2.047,9,15,0,3,0,매우혼잡,0,4,3,2,5.73,1,1,0,0,0,0,0,0,0,0,1,1,1,1,1,1,0,0
34,3,1,12,2.592,5,43,0,2,0,보통,0,4,3,2,4.26,1,1,1,0,0,0,0,0,0,0,1,0,0,0,0,0,0,1
35,6,0,20,0.803,13,22,1,3,0,보통,0,3,4,2,2.25,1,0,0,0,1,0,0,0,0,0,0,0,0,1,0,0,0,0
34,6,1,4,3.057,20,40,0,3,1,보통,0,4,3,4,1.53,1,0,0,0,1,0,0,0,0,1,0,0,0,0,1,0,0,1
45,12,1,3,3.744,11,30,1,3,0,여유,1,4,5,2,1.46,1,0,0,0,0,0,0,0,0,0,0,0,1,0,0,1,0,0
45,6,1,2,3.575,12,41,0,,,여유,,,,,1.14,0,0,0,0,0,0,0,1,0,0,0,0,0,0,1,0,0,1
56,6,1,4,2.923,11,42,0,3,0,보통,0,4,4,2,1.63,1,0,0,0,0,0,0,0,0,0,0,0,1,1,0,0,0,0
31,12,0,3,2.679,13,38,0,3,0,보통,0,3,2,4,1.11,1,0,0,0,0,0,0,0,0,0,1,0,1,0,0,1,0,1
42,6,0,22,1.047,4,15,0,,,여유,,,,,3.25,0,0,0,0,0,0,0,0,0,1,0,1,1,1,0,0,0,0
27,3,0,4,2.545,2,38,0,,,보통,,,,,1.63,0,0,0,0,0,1,0,0,0,0,0,0,0,1,1,0,0,0
35,12,0,2,4.011,19,45,0,,,보통,,,,,0.86,0,0,0,0,0,0,0,0,0,0,0,0,0,0,0,1,0,0
33,6,1,3,2.581,11,37,0,3,0,혼잡,0,3,3,3,1.08,1,0,0,0,0,1,0,0,1,0,0,0,0,0,0,0,0,0
35,6,0,60,0.069,9,29,0,3,0,여유,1,3,2,3,8.68,1,1,1,0,1,0,0,0,0,0,0,0,0,0,0,0,1,0
15,12,1,7,2.085,13,23,1,,,혼잡,,,,,2.23,0,0,0,0,0,1,1,0,0,0,0,1,1,1,0,0,0,0
19,12,0,2,4.72,13,46,1,4,0,혼잡,0,5,4,2,1.04,1,0,0,0,0,0,0,0,0,0,0,0,1,0,0,1,0,0
27,6,0,9,4.585,21,55,1,,,매우혼잡,,,,,5.85,0,0,0,0,0,0,0,0,0,0,1,0,1,0,0,1,0,1
32,6,1,11,1.653,6,19,0,,,혼잡,,,,,2.59,0,0,0,0,0,0,0,1,0,0,0,0,1,0,0,0,0,0
30,3,1,5,2.585,6,34,0,2,0,여유,0,4,2,3,1.79,1,0,0,0,0,0,0,0,0,0,0,0,0,0,0,0,0,0
15,3,0,9,1.367,9,24,0,3,0,보통,0,3,4,3,1.81,1,0,0,1,0,0,0,0,0,0,0,0,0,0,0,0,0,0
42,3,0,7,4.814,0,54,0,,,보통,,,,,4.59,0,0,0,0,0,0,0,0,0,0,0,0,0,0,1,0,0,0
18,6,1,3,3.253,25,16,0,,,여유,,,,,1.48,0,0,0,0,0,0,0,0,0,0,0,0,0,0,0,1,0,0
29,3,0,8,1.611,5,32,0,3,0,보통,0,3,3,4,1.94,1,1,0,0,0,0,0,0,0,0,0,0,0,0,0,0,0,0
15,3,0,6,1.992,10,37,0,,,보통,,,,,1.84,0,1,0,0,0,0,0,0,0,0,0,0,0,0,0,0,0,0
36,3,1,14,1.214,3,26,0,2,0,혼잡,0,3,3,2,2.49,1,1,0,0,0,0,0,0,0,0,0,0,1,0,0,1,1,0
23,12,1,1,4.869,23,56,0,4,0,혼잡,0,3,5,3,0.92,1,0,0,0,0,0,0,0,0,0,0,0,1,0,0,0,0,0
35,3,0,11,1.519,7,23,0,1,1,매우혼잡,0,2,3,2,2.28,1,1,0,0,0,0,0,0,1,0,1,0,1,1,1,0,1,1
47,6,1,2,3.854,1,46,1,3,0,혼잡,0,3,4,3,1.01,1,0,0,0,0,0,0,0,0,0,0,0,0,0,0,0,0,0
26,3,1,3,2.754,9,40,0,,,보통,,,,,1.18,0,0,0,0,0,0,0,0,0,0,0,0,0,0,0,0,0,0
47,1,1,5,2.249,2,15,0,3,0,보통,0,3,3,3,1.71,1,0,0,0,0,0,1,0,0,0,1,0,0,0,0,0,0,0
32,12,1,13,1.366,8,10,0,1,1,혼잡,0,4,3,2,2.61,1,1,0,0,0,0,0,0,0,1,0,0,0,0,1,0,1,1
36,12,0,5,2.406,3,32,0,4,0,여유,0,4,3,3,1.77,1,0,0,0,0,0,0,0,0,0,1,0,0,0,0,0,0,0
29,12,0,5,2.132,8,10,1,3,0,보통,0,2,3,1,1.67,1,0,0,0,0,0,1,0,0,0,0,0,0,0,0,0,0,0
51,6,0,41,0.47,6,4,1,1,1,보통,0,2,4,3,2.73,1,1,0,1,0,0,0,0,0,0,0,0,0,0,1,1,0,1
42,3,0,2,3.301,1,62,1,,,보통,,,,,1.13,0,0,0,0,0,0,0,0,0,0,1,0,0,0,0,0,0,0
28,6,0,1,4.41,0,59,1,5,0,여유,0,4,5,4,0.91,1,0,0,0,0,0,0,0,0,0,0,0,0,0,0,0,0,0
29,1,0,9,1.738,14,30,0,4,0,보통,0,2,4,3,2.28,1,0,0,0,0,0,1,1,1,0,0,0,0,0,0,0,0,0
37,1,0,3,3.121,2,61,1,2,0,매우혼잡,0,4,3,2,1.17,1,0,0,0,0,0,0,0,0,0,1,0,1,0,0,0,0,1
34,12,1,2,4.325,16,46,0,4,0,혼잡,0,4,3,3,1.09,1,0,0,0,0,0,0,0,1,0,0,0,0,0,0,0,0,0
41,1,1,10,2.71,2,37,0,3,0,여유,0,3,3,4,3.78,1,1,1,0,0,0,0,0,0,1,0,0,1,0,0,0,0,0
27,6,0,4,3.005,5,25,0,,,보통,,,,,1.77,0,0,0,1,0,0,0,0,0,0,0,0,0,0,0,0,0,0
37,1,0,17,0.963,3,23,0,2,0,보통,0,3,2,2,2.4,1,1,1,0,0,0,0,0,0,1,1,0,1,0,0,0,0,0
15,1,0,2,3.942,1,53,0,3,0,혼잡,1,3,4,3,1.2,1,0,0,0,0,0,0,1,0,0,1,0,0,1,0,0,0,0
30,6,1,8,1.618,2,27,0,4,0,보통,0,3,4,3,1.95,1,0,0,0,0,0,1,1,0,0,0,0,0,1,0,0,0,0
43,6,0,60,0.0,3,21,0,,,매우혼잡,,,,,3.05,0,1,0,1,0,0,0,0,0,1,0,1,0,1,1,1,0,1
43,6,0,4,3.002,11,9,1,3,0,보통,0,3,4,3,1.63,1,0,0,0,0,0,1,0,0,0,0,1,0,1,0,0,0,0
45,6,0,56,0.404,4,19,0,2,0,매우혼잡,0,2,2,2,3.25,1,1,1,0,0,0,0,1,0,1,0,0,0,1,1,0,0,1
21,6,1,2,4.362,16,44,0,,,보통,,,,,1.05,0,0,0,0,0,0,0,0,0,0,0,0,0,0,1,0,0,0
40,12,0,5,2.683,6,59,0,3,0,보통,0,2,3,3,1.75,1,0,0,1,0,0,1,0,1,0,0,0,0,0,0,0,0,1
58,12,0,48,0.118,7,4,0,2,1,보통,0,3,3,4,2.07,1,0,0,0,0,0,0,0,0,0,0,0,0,0,1,0,0,1
30,3,0,60,0.367,13,24,0,2,0,보통,0,2,3,1,12.68,1,1,0,0,0,0,0,0,0,0,0,1,1,0,0,0,0,0
16,3,0,14,1.065,11,22,0,3,0,매우혼잡,0,2,2,2,2.1,1,1,0,0,0,0,0,0,0,0,1,1,1,0,0,1,0,0
22,3,0,11,1.765,2,27,0,4,0,보통,0,4,3,3,2.65,1,0,0,0,0,0,0,0,0,0,0,0,0,0,0,0,0,0
40,12,0,3,2.65,13,17,0,3,0,보통,0,2,3,3,1.31,1,0,0,0,0,0,1,0,0,0,0,1,0,0,0,0,0,0
40,3,0,15,1.235,5,14,0,3,0,여유,0,3,3,2,2.67,1,1,0,0,0,1,0,0,1,0,0,0,0,0,0,0,0,0
44,6,0,5,2.432,6,33,0,4,0,여유,0,3,3,3,1.73,1,1,0,0,0,0,0,0,0,0,0,0,0,0,1,0,0,0
37,3,0,26,0.643,6,10,0,,,보통,,,,,2.38,0,0,1,0,0,0,0,0,0,0,1,0,1,0,0,0,0,0
45,1,0,19,1.011,2,22,0,,,보통,,,,,2.74,0,1,0,0,1,0,0,0,0,0,0,0,0,0,0,0,0,0
43,12,1,3,2.825,14,47,0,3,0,여유,0,4,4,3,1.01,1,0,0,0,0,0,0,0,0,0,0,0,0,0,0,0,0,0
19,12,1,1,5.246,26,65,1,3,0,혼잡,0,4,5,4,1.02,1,0,0,0,0,0,0,0,0,0,0,0,0,0,0,0,0,0
35,3,1,3,2.553,2,34,0,4,0,여유,0,4,3,3,1.09,1,0,0,0,0,0,0,0,0,0,0,0,0,0,0,0,0,0
45,3,0,12,1.516,7,21,0,,,혼잡,,,,,2.53,0,1,1,0,0,0,1,0,0,0,0,0,1,0,0,0,0,0
53,3,0,5,2.2,2,38,0,,,여유,,,,,1.54,0,0,0,0,0,0,0,0,1,0,0,0,1,0,0,0,0,0
23,12,1,5,2.08,15,36,0,3,0,혼잡,0,3,3,2,1.54,1,0,0,0,0,0,0,0,1,0,1,1,1,0,0,1,0,0
58,12,0,11,1.257,15,5,0,,,여유,,,,,1.97,0,1,0,0,0,0,0,0,0,0,1,0,0,0,0,0,0,0
35,12,0,2,4.165,7,62,0,5,0,보통,0,4,4,4,0.98,1,0,0,1,0,0,0,0,0,0,0,0,0,0,0,1,0,0
33,6,1,3,3.941,1,57,0,4,0,여유,0,5,5,3,1.61,1,0,0,0,0,0,0,0,0,0,0,0,0,0,0,0,0,0
45,3,0,5,2.592,11,29,0,,,매우혼잡,,,,,1.71,0,0,1,0,0,0,0,0,0,0,1,0,0,1,0,0,0,0
18,12,1,1,4.909,17,57,1,4,0,보통,0,5,5,4,0.99,1,0,0,0,0,0,0,1,0,0,0,0,0,0,0,0,0,0
31,6,0,4,2.434,3,44,1,3,0,보통,0,3,3,2,1.29,1,0,0,0,0,0,0,0,0,0,0,0,0,0,0,0,0,0
24,3,0,17,1.113,8,22,0,3,0,보통,0,3,3,2,2.78,1,0,0,0,0,0,0,1,0,0,0,0,0,0,0,0,0,0
35,12,1,1,5.331,4,77,1,3,0,혼잡,0,4,5,4,1.0,1,0,0,0,0,0,0,0,0,0,0,0,0,0,0,0,0,0
31,3,0,18,2.134,5,28,1,,,여유,,,,,5.35,0,1,0,0,0,0,0,0,0,0,0,0,0,0,0,0,0,0
24,6,1,4,2.563,18,30,0,3,0,보통,0,3,3,3,1.58,1,0,0,0,0,0,0,0,0,0,0,0,0,0,1,0,0,0
32,1,0,54,0.021,0,16,0,1,0,혼잡,1,2,3,1,2.31,1,0,1,0,0,0,1,1,1,0,1,0,1,1,0,0,0,0
40,6,0,12,0.91,4,12,0,2,1,매우혼잡,0,2,2,3,1.51,1,0,0,0,0,0,1,0,0,0,1,0,1,0,1,1,1,0
23,12,0,1,4.839,13,59,1,4,0,혼잡,0,4,4,5,1.01,1,0,0,0,0,0,0,0,0,0,0,0,0,0,0,0,0,0
37,12,0,3,2.761,3,39,1,,,매우혼잡,,,,,1.32,0,0,0,0,0,0,1,1,1,1,1,0,1,1,1,0,0,0
25,1,0,4,2.454,4,28,0,2,0,매우혼잡,0,3,3,2,1.35,1,1,0,0,0,0,1,0,0,0,1,0,0,0,1,1,0,0
30,1,1,1,4.841,3,47,1,4,0,매우혼잡,1,3,4,2,0.85,1,0,0,0,0,0,0,0,1,0,1,0,1,1,0,0,0,0
27,6,0,18,1.112,18,7,0,3,0,보통,0,2,2,2,2.93,1,0,0,0,0,0,0,0,0,0,0,1,1,0,0,0,0,0
23,1,0,3,2.42,1,28,0,2,0,혼잡,0,4,2,3,1.2,1,0,0,1,0,1,0,0,0,0,0,0,0,0,0,1,0,0
18,6,0,1,4.873,6,44,1,4,0,여유,0,4,5,5,0.89,1,0,0,0,0,0,0,0,0,0,0,0,0,0,0,0,0,0
29,1,0,1,5.09,1,49,1,4,0,보통,0,4,5,4,0.93,1,0,0,0,0,0,0,1,0,0,0,0,0,0,0,0,0,0
15,3,0,5,2.196,1,39,1,,,혼잡,,,,,1.69,0,0,0,0,0,0,0,0,0,0,1,0,0,0,0,0,0,0
19,1,0,2,3.423,2,54,0,4,0,혼잡,0,3,4,4,1.12,1,0,0,0,0,0,1,0,0,0,1,0,0,0,0,0,0,0
34,1,0,11,1.639,7,29,0,3,0,보통,0,4,3,4,2.54,1,0,0,0,1,0,1,0,0,0,1,0,0,0,0,0,0,0
15,12,1,1,4.854,36,65,0,3,0,보통,0,5,4,3,0.8,1,0,0,0,0,0,0,0,0,0,0,1,0,1,0,0,1,0
23,3,1,3,3.345,7,36,0,3,0,여유,0,4,4,4,1.61,1,0,0,0,0,0,0,0,0,0,0,0,0,0,0,0,0,0
19,3,0,11,1.258,5,12,0,,,혼잡,,,,,1.93,0,0,0,0,0,0,0,0,0,0,0,0,0,0,0,0,1,0
31,6,0,4,2.11,5,51,0,3,0,보통,0,3,4,2,1.06,1,0,0,0,0,0,0,0,0,0,1,0,0,1,0,0,0,1
44,3,0,11,1.374,1,32,0,2,0,보통,0,2,2,2,2.11,1,0,0,1,0,1,0,1,0,1,0,0,0,0,0,1,1,1
29,12,0,1,4.984,36,70,0,3,0,여유,0,5,5,4,0.82,1,0,0,0,0,0,0,0,0,0,0,0,0,0,0,0,0,0
53,12,0,1,6.235,4,51,1,5,0,여유,0,4,4,5,0.94,1,0,0,0,0,0,0,0,0,0,0,0,0,0,0,0,0,0
24,3,0,60,0.651,1,14,0,3,0,여유,0,2,3,3,9.18,1,1,0,0,0,0,0,1,0,0,0,0,0,1,0,0,0,0
18,6,1,3,2.236,14,36,0,,,여유,,,,,1.0,0,0,0,0,0,1,0,0,0,0,0,0,1,0,0,0,0,0
42,12,1,3,3.78,5,30,0,,,혼잡,,,,,1.39,0,0,0,0,0,0,0,0,0,0,1,0,0,0,1,0,0,0
18,12,1,3,2.867,19,45,0,4,0,보통,0,3,3,2,1.2,1,0,0,0,0,0,1,0,0,1,0,1,0,0,0,0,0,0
31,12,1,12,1.804,5,16,0,,,보통,,,,,2.99,0,1,0,1,0,1,0,0,0,0,0,0,0,0,0,1,1,0
37,12,0,4,2.708,19,32,0,3,0,여유,0,4,2,4,1.64,1,0,0,0,0,1,0,0,0,0,0,0,0,0,0,0,0,0
33,3,1,2,4.298,1,43,1,4,0,매우혼잡,0,3,3,2,1.02,1,0,0,0,0,0,0,0,0,0,1,0,0,1,1,0,1,0
41,12,1,4,2.317,26,51,1,,,여유,,,,,1.33,0,0,0,0,0,0,0,0,0,0,0,0,0,0,0,0,0,0
15,6,0,60,0.366,4,30,0,3,0,여유,0,2,2,2,3.28,1,1,0,0,0,1,0,0,0,0,1,0,0,0,0,0,0,0
48,1,0,4,2.503,2,22,1,,,혼잡,,,,,1.55,0,0,0,0,0,0,0,0,1,0,1,0,0,0,0,0,0,0
25,3,0,9,1.244,7,0,1,1,1,혼잡,0,3,3,3,1.53,1,0,0,0,0,0,0,0,0,0,0,1,0,1,1,1,1,1
32,6,0,55,0.972,13,9,0,2,0,여유,0,3,3,2,7.68,1,1,0,0,0,0,0,0,0,0,0,0,1,1,0,0,0,0
20,1,1,16,1.254,9,15,0,,,매우혼잡,,,,,2.95,0,1,1,0,1,0,0,0,1,0,1,0,0,1,0,0,1,1
28,6,0,4,2.842,21,33,0,3,0,보통,0,4,3,3,1.7,1,0,0,0,0,0,0,0,0,0,1,0,0,0,0,0,0,1
26,3,0,9,1.716,5,36,0,3,0,보통,0,3,3,3,2.09,1,0,0,0,0,1,0,0,0,0,0,0,0,0,0,1,0,0
46,6,0,15,1.188,12,29,0,2,0,혼잡,1,2,2,1,2.57,1,1,0,0,0,0,0,1,0,0,0,0,0,1,1,0,1,1
16,12,1,3,3.814,36,59,1,,,보통,,,,,1.49,0,0,0,0,0,0,0,0,1,0,1,0,0,1,0,0,0,0
30,12,0,4,3.202,22,49,1,3,0,혼잡,0,3,3,3,1.78,1,1,0,0,0,0,0,0,0,0,1,0,0,1,0,0,0,0
15,1,0,30,0.561,1,4,0,,,보통,,,,,2.43,0,1,0,0,0,0,1,0,0,1,0,0,1,1,0,0,1,0
57,12,0,2,4.036,18,49,0,4,0,매우혼잡,0,3,4,3,1.01,1,0,0,0,0,0,0,0,0,0,0,0,0,0,0,0,0,0
34,6,0,3,3.693,16,52,0,,,여유,,,,,1.71,0,0,0,0,0,0,0,0,0,0,0,1,1,0,0,0,0,1
22,12,1,5,2.569,26,40,0,4,0,혼잡,0,3,3,3,1.74,1,0,0,1,0,0,0,0,0,0,0,0,0,1,0,0,0,0
32,12,1,4,2.317,7,32,0,,,혼잡,,,,,1.17,0,0,0,0,0,0,0,0,0,0,1,1,0,0,1,0,0,0
36,6,0,38,0.552,4,13,0,3,0,보통,0,3,2,2,2.98,1,1,1,0,0,0,0,1,0,0,0,0,1,0,0,0,0,0
54,1,0,10,1.119,0,17,0,,,보통,,,,,1.52,0,0,0,0,0,0,0,0,0,0,0,0,0,0,0,0,0,0
27,3,0,9,1.492,11,39,1,,,혼잡,,,,,1.97,0,0,0,0,1,0,1,0,0,0,1,0,0,0,0,1,0,0
21,12,1,2,4.031,8,52,0,,,매우혼잡,,,,,0.89,0,0,0,0,0,1,0,0,0,0,1,0,0,1,0,1,0,1
49,6,0,3,3.072,4,49,0,,,보통,,,,,1.34,0,0,1,0,0,0,0,0,0,0,0,0,0,0,0,0,0,1
28,3,0,14,1.235,5,37,0,5,0,여유,0,4,4,4,2.48,1,0,0,0,0,0,0,1,0,0,0,0,0,0,0,0,0,0
44,6,0,1,5.053,9,62,1,,,보통,,,,,0.9,0,0,0,0,0,0,0,0,0,1,0,0,0,0,0,0,0,0
33,6,1,2,4.798,11,76,0,,,보통,,,,,1.08,0,0,0,0,0,0,0,0,0,0,1,0,0,0,0,0,0,0
26,3,1,2,4.287,7,35,0,,,혼잡,,,,,0.97,0,0,0,0,0,0,0,0,0,0,0,0,0,0,0,1,0,0
35,12,0,12,1.119,22,32,0,,,여유,,,,,1.87,0,0,0,0,0,0,0,0,0,0,0,0,0,0,0,0,0,0
41,6,0,3,2.81,10,31,0,3,0,여유,0,3,2,3,1.21,1,0,1,0,0,0,0,0,0,0,0,0,0,0,0,0,0,0
41,12,0,3,2.784,5,50,1,3,0,혼잡,0,2,4,4,1.2,1,0,1,0,0,0,1,0,0,0,0,0,0,0,0,1,1,0
35,12,0,10,1.815,11,39,0,3,0,혼잡,0,4,3,3,2.49,1,0,0,0,0,0,0,0,0,0,0,1,0,0,1,0,0,0
22,12,0,1,4.599,8,66,1,4,0,보통,0,4,5,4,0.85,1,0,0,0,0,0,0,0,0,0,1,0,0,1,0,0,0,0
47,6,0,14,1.531,11,21,1,3,0,매우혼잡,0,2,4,1,3.12,1,1,0,0,0,1,0,0,0,0,1,1,1,0,0,1,1,0
44,12,0,3,3.851,3,40,0,,,매우혼잡,,,,,1.48,0,0,1,0,0,1,0,0,0,0,0,0,0,1,0,0,0,0
53,3,1,6,5.117,18,59,0,3,0,매우혼잡,0,3,3,3,4.35,1,1,1,0,0,0,0,0,0,0,1,0,1,0,0,1,1,1
39,6,0,3,3.135,4,25,1,3,0,여유,0,3,3,3,1.13,1,0,0,0,0,0,0,0,0,0,0,0,0,0,0,0,0,0
54,3,0,3,2.896,3,38,0,,,보통,,,,,1.05,0,1,1,0,1,0,1,0,0,0,0,0,0,0,1,0,0,0
49,12,0,5,2.614,11,32,0,4,0,보통,0,4,2,3,1.69,1,0,0,0,0,0,0,0,0,0,1,0,0,0,0,0,0,0
35,6,0,3,3.815,23,58,0,4,0,보통,0,4,4,3,1.4,1,0,0,0,0,0,0,1,0,0,0,0,0,0,0,0,0,0
47,6,0,4,2.9,1,59,0,,,매우혼잡,,,,,1.47,0,0,1,0,0,0,0,0,0,0,1,1,1,1,0,0,0,0
41,6,1,1,4.919,6,47,1,5,0,보통,0,4,4,4,0.84,1,0,0,0,0,0,0,0,0,0,1,0,0,0,0,0,0,0
40,3,0,12,1.066,8,29,0,,,여유,,,,,1.81,0,1,0,0,0,0,0,0,0,0,0,0,0,0,0,0,0,0
25,6,0,5,2.699,8,29,0,,,혼잡,,,,,1.78,0,0,0,0,0,0,0,0,0,0,1,0,0,1,0,1,0,0
53,1,0,3,3.085,1,24,0,3,0,매우혼잡,0,3,3,2,1.12,1,0,0,1,0,0,0,0,0,0,1,0,0,0,0,1,1,0
19,6,0,4,2.776,3,36,0,,,혼잡,,,,,1.44,0,0,0,0,0,0,0,0,0,1,1,1,0,0,0,1,1,0
36,3,0,4,2.776,8,42,1,,,여유,,,,,1.41,0,0,0,0,0,0,0,0,0,0,0,0,0,0,0,0,0,0
42,12,0,21,0.861,6,17,1,,,혼잡,,,,,2.62,0,1,0,0,0,0,0,0,0,0,1,1,0,1,1,0,0,0
49,6,0,3,2.798,5,18,0,,,여유,,,,,1.34,0,0,0,1,0,0,0,0,0,0,0,0,0,0,0,0,0,0
15,12,1,10,1.802,15,24,0,3,0,매우혼잡,1,3,3,1,2.54,1,0,0,0,0,0,0,0,1,0,1,1,1,1,0,0,0,1
39,3,0,17,1.38,5,26,0,2,0,혼잡,0,2,3,3,3.28,1,0,1,1,0,0,0,0,0,0,0,1,0,0,0,0,0,0
35,3,0,5,2.296,3,28,0,4,0,여유,0,4,3,3,1.7,1,0,1,0,0,0,0,1,0,0,0,0,0,0,0,0,0,0
24,1,0,22,0.734,2,27,0,2,0,혼잡,0,1,2,2,2.29,1,0,1,1,0,1,1,1,1,1,0,0,0,0,1,1,0,0
32,1,0,60,0.0,10,19,0,,,보통,,,,,8.51,0,1,0,0,1,1,1,0,0,0,0,1,0,0,0,1,0,0
40,12,1,6,4.835,25,68,1,4,0,여유,0,3,4,3,4.27,1,0,0,0,0,0,0,0,0,0,0,0,1,0,1,0,0,0
36,12,0,2,3.969,15,59,0,,,보통,,,,,1.16,0,0,0,0,0,0,0,0,0,0,0,1,0,0,0,0,0,0
36,1,0,4,2.428,0,30,0,4,0,보통,0,3,3,3,1.38,1,0,0,0,0,0,0,0,0,0,0,0,1,0,0,0,0,0
16,3,0,2,3.471,6,46,0,4,0,여유,0,5,4,4,1.11,1,0,0,0,0,0,0,0,0,0,0,0,0,0,0,0,0,0
30,6,0,19,1.164,9,19,1,2,0,보통,0,3,4,3,3.11,1,1,0,0,0,0,1,0,0,0,0,0,0,1,1,0,0,1
43,12,0,41,0.438,28,18,0,,,여유,,,,,2.59,0,0,1,1,0,0,0,0,0,0,0,0,0,0,0,0,0,0
36,3,0,7,1.861,1,41,1,3,0,혼잡,0,2,4,3,1.96,1,0,0,0,0,0,0,0,0,0,1,0,0,1,0,0,0,1
36,6,1,4,2.826,36,32,0,,,보통,,,,,1.66,0,0,0,0,0,0,0,0,0,0,0,0,0,0,0,1,1,0
19,3,0,56,0.193,3,0,0,1,1,혼잡,1,3,2,1,2.4,1,1,0,0,0,0,0,0,0,0,1,0,0,1,1,0,1,1
15,1,0,1,5.132,1,57,1,,,혼잡,,,,,1.04,0,0,0,0,0,0,0,0,0,0,0,0,1,1,0,0,0,0
24,3,0,29,0.543,0,23,0,,,혼잡,,,,,2.23,0,1,0,0,0,0,0,0,0,0,0,0,0,0,0,1,0,0
28,3,0,49,0.167,14,13,0,2,0,혼잡,0,3,2,2,2.09,1,1,0,0,1,0,0,0,0,0,0,0,1,0,0,0,0,0
58,3,0,4,2.468,9,38,0,,,보통,,,,,1.25,0,0,0,0,0,0,0,0,0,0,0,0,0,0,0,0,0,1
38,12,0,3,2.464,15,29,0,,,여유,,,,,1.21,0,0,0,1,0,0,0,1,0,0,0,0,0,0,0,0,0,0
20,12,0,13,1.439,36,30,0,,,혼잡,,,,,2.61,0,1,0,0,0,0,0,0,0,0,1,1,0,0,0,0,0,1
21,12,1,1,5.58,12,84,1,,,매우혼잡,,,,,0.88,0,0,0,0,0,0,0,0,0,0,1,1,0,0,0,1,1,0
15,6,0,60,1.652,1,29,0,3,0,여유,0,2,3,3,14.16,1,1,0,0,0,0,0,0,0,0,0,0,0,0,0,0,0,0
26,12,1,4,2.509,3,32,0,,,혼잡,,,,,1.44,0,0,0,0,1,0,0,1,0,0,0,0,0,0,0,1,0,1
35,6,0,4,2.431,4,40,1,,,보통,,,,,1.24,0,0,0,0,0,0,0,0,0,0,0,1,0,1,0,0,1,0
33,6,0,32,0.623,5,22,0,,,여유,,,,,2.88,0,0,0,0,0,0,1,0,0,0,0,0,0,0,1,0,0,1
28,12,0,6,1.943,2,35,0,4,0,여유,0,3,4,4,1.67,1,1,0,0,0,0,0,0,1,0,0,0,0,1,0,0,0,0
39,12,1,1,5.867,28,59,0,,,여유,,,,,1.04,0,0,0,0,0,0,0,0,0,0,0,0,0,0,0,0,0,0
44,3,0,17,2.434,6,46,0,3,0,매우혼잡,0,3,3,3,5.77,1,1,0,0,0,0,0,0,0,0,1,0,0,1,0,0,0,1
25,1,0,4,2.898,4,30,1,3,0,혼잡,0,4,5,3,1.71,1,0,0,0,0,0,0,0,0,0,0,0,0,0,0,0,0,0
36,6,0,20,0.87,1,4,0,,,보통,,,,,2.51,0,0,1,0,0,0,0,1,0,1,0,0,0,0,0,0,0,0
49,3,1,10,1.737,0,34,0,2,0,보통,0,3,3,3,2.49,1,1,0,0,0,0,0,0,0,0,0,0,0,0,1,1,1,1
35,3,1,2,3.619,3,45,0,3,0,매우혼잡,0,2,2,3,1.14,1,0,0,1,0,0,0,0,0,0,0,0,0,1,0,1,0,0
44,12,0,10,1.767,15,43,0,2,0,보통,0,3,3,3,2.47,1,0,0,0,0,0,0,1,0,0,0,0,0,0,0,1,0,0
31,6,0,16,1.215,9,16,0,1,1,보통,0,4,4,3,2.72,1,1,0,0,0,0,0,0,0,0,0,0,0,0,0,1,0,0
24,3,0,10,1.483,2,26,0,,,보통,,,,,2.14,0,0,0,0,0,0,0,0,0,0,0,0,0,0,0,0,0,1
15,3,0,12,1.707,1,19,0,2,0,여유,0,3,3,3,2.9,1,1,0,0,0,0,0,0,0,0,0,1,0,0,0,0,0,0
40,6,0,4,2.79,2,32,1,2,0,여유,0,3,4,2,1.78,1,0,0,0,0,0,0,0,0,0,1,0,0,0,1,0,0,1
47,3,0,60,0.195,1,2,0,1,0,보통,1,2,2,2,2.89,1,0,0,1,0,0,0,0,1,0,1,0,0,0,0,0,0,0
17,1,0,13,1.407,2,20,0,,,혼잡,,,,,2.55,0,1,0,1,0,0,0,0,1,0,1,0,0,1,0,1,1,1
40,12,0,1,4.515,5,63,0,,,보통,,,,,0.88,0,0,0,0,0,0,0,0,0,0,0,0,0,1,0,0,0,0
40,12,0,4,2.192,10,28,0,3,0,보통,0,3,3,3,1.31,1,0,0,0,0,0,0,0,0,0,0,0,0,0,1,0,0,1
28,6,1,2,4.723,10,50,0,4,0,보통,0,4,4,4,1.06,1,0,0,0,0,0,0,0,0,0,0,0,0,0,0,0,0,0
40,3,0,3,3.575,2,52,0,4,0,보통,0,5,4,4,1.58,1,0,0,0,0,0,0,0,0,0,0,0,0,0,0,1,0,0
30,12,0,2,3.243,10,15,0,,,보통,,,,,1.1,0,0,0,0,0,1,0,0,0,0,0,0,0,0,0,0,0,1
36,3,0,10,1.771,3,49,0,,,여유,,,,,2.51,0,0,0,0,0,0,0,0,0,0,0,0,0,0,0,0,0,0
31,1,0,19,0.866,3,28,0,2,0,매우혼잡,0,2,2,1,2.41,1,1,0,0,0,0,1,1,1,0,0,0,1,1,1,0,0,0
31,1,0,9,1.753,2,10,0,2,1,보통,0,3,4,3,2.19,1,1,0,0,0,0,0,0,0,0,0,0,0,0,0,0,0,1
19,3,0,11,1.613,6,20,0,,,보통,,,,,2.54,0,1,0,0,1,0,0,0,1,0,1,0,1,0,0,0,0,1
52,6,0,5,2.4,10,30,0,,,혼잡,,,,,1.58,0,1,0,0,0,0,0,0,0,0,1,0,0,0,0,0,0,0
36,3,0,17,1.102,4,20,0,,,보통,,,,,2.61,0,0,0,0,0,0,0,0,0,1,0,0,0,0,0,0,1,0
15,6,0,5,2.17,2,28,0,,,매우혼잡,,,,,1.46,0,1,1,0,0,0,0,0,1,1,0,1,0,0,0,0,0,1
20,12,1,1,5.017,26,53,0,,,혼잡,,,,,0.85,0,0,0,0,0,0,0,0,0,0,0,0,0,1,0,0,0,0
58,12,0,3,2.864,2,32,0,,,매우혼잡,,,,,1.27,0,0,0,0,0,0,1,0,0,1,0,0,0,1,0,0,0,0
51,3,1,11,3.097,2,44,0,,,여유,,,,,4.71,0,0,0,0,0,1,0,0,0,0,0,0,0,0,0,0,0,0
21,1,0,14,0.757,8,27,0,4,0,보통,1,2,3,1,1.54,1,0,0,0,1,0,0,0,0,1,0,1,1,0,0,0,0,0
29,3,0,60,0.0,0,14,0,3,0,혼잡,1,2,2,1,3.2,1,0,1,1,0,0,0,0,0,1,1,1,1,1,0,0,0,0
46,6,1,1,4.636,12,63,0,4,0,여유,0,4,4,4,0.97,1,0,0,0,0,0,0,0,0,0,0,0,0,0,0,0,0,0
24,12,0,1,5.618,26,78,0,4,0,보통,0,3,4,4,1.07,1,0,0,1,0,0,0,0,0,0,0,0,0,0,0,0,0,0
25,6,0,3,3.878,10,37,0,,,여유,,,,,1.42,0,0,0,0,0,0,0,0,0,0,0,0,0,0,0,0,0,0
23,12,0,41,0.0,7,24,0,1,1,매우혼잡,1,2,2,2,1.75,1,1,0,0,0,0,0,1,0,0,0,0,1,1,0,1,1,1
32,6,1,1,5.768,2,71,0,4,0,여유,0,5,4,4,0.94,1,0,0,0,0,0,0,0,0,0,0,0,0,0,0,0,0,0
50,6,1,60,0.0,2,0,0,,,보통,,,,,11.92,0,1,0,0,0,0,0,0,0,0,1,1,1,1,0,0,0,0
27,6,0,2,4.504,7,65,0,,,혼잡,,,,,0.97,0,0,0,0,0,0,0,0,0,0,0,0,0,0,0,0,0,0
40,3,0,18,1.051,2,0,0,,,혼잡,,,,,2.66,0,0,0,0,0,1,1,0,1,1,0,0,0,1,1,1,0,0
25,6,1,3,3.442,6,53,0,3,0,보통,0,3,3,2,1.29,1,1,0,0,0,0,0,0,0,0,0,0,0,0,1,0,0,0
21,12,0,1,6.382,16,62,1,4,0,보통,0,3,4,4,0.89,1,0,0,0,0,0,0,0,0,0,0,0,0,0,0,0,0,0
28,12,1,2,4.256,18,53,0,3,0,혼잡,0,4,3,3,0.92,1,0,0,0,0,0,0,0,0,0,1,0,0,0,0,0,0,0
15,3,1,3,2.811,5,40,0,3,0,보통,0,3,4,3,1.18,1,0,0,0,0,0,0,0,0,1,1,0,0,0,0,1,0,0
46,3,0,53,0.0,2,0,0,,,여유,,,,,2.29,0,1,0,0,0,0,0,0,0,0,0,0,1,0,0,1,0,0
19,1,1,4,2.451,1,51,0,,,여유,,,,,1.39,0,0,0,0,1,0,0,0,0,1,0,0,0,0,0,0,0,0
45,6,1,1,4.102,5,51,0,4,0,보통,0,4,3,4,0.83,1,0,0,0,0,0,0,0,0,0,0,0,0,0,0,0,0,0
43,6,0,12,1.254,8,18,0,,,매우혼잡,,,,,2.15,0,1,0,0,0,0,1,0,0,1,1,1,1,1,0,1,1,0
28,1,0,28,1.663,2,25,0,3,0,혼잡,0,2,2,3,6.6,1,1,0,0,0,0,1,1,1,0,0,0,0,1,0,0,0,1
48,6,0,4,2.729,17,29,1,2,0,혼잡,0,3,4,3,1.67,1,1,0,0,0,0,0,0,0,0,1,0,0,0,0,0,1,1
42,3,0,60,0.0,2,11,0,,,혼잡,,,,,3.29,0,1,0,1,0,0,0,0,1,0,1,1,0,0,0,1,0,0
30,1,0,11,1.482,3,53,0,3,0,혼잡,0,3,3,2,2.28,1,0,0,0,0,0,0,0,0,0,1,1,1,0,0,1,0,0
50,3,0,23,0.78,1,8,0,1,1,혼잡,0,2,2,3,2.61,1,1,0,1,0,0,0,1,0,1,0,1,1,0,1,1,1,0
41,12,1,12,1.554,10,18,1,2,0,혼잡,1,2,3,1,2.74,1,0,0,0,0,0,1,0,1,0,1,1,0,0,0,1,0,0
36,12,1,1,4.554,4,66,0,,,매우혼잡,,,,,0.84,0,0,0,0,0,0,0,0,0,0,1,1,1,1,0,0,0,0
31,12,0,4,2.692,6,42,0,3,0,혼잡,0,2,3,3,1.56,1,1,0,0,1,0,0,0,0,0,0,0,0,1,0,0,0,0
46,12,1,1,5.727,18,64,1,4,0,혼잡,0,5,5,4,1.08,1,0,0,0,0,0,0,0,0,0,0,0,0,0,0,0,0,0
41,12,0,3,2.665,23,47,0,,,보통,,,,,1.17,0,0,0,0,0,0,0,0,0,0,0,0,0,0,0,0,0,0
32,6,0,4,2.103,9,27,1,,,여유,,,,,1.35,0,0,0,0,0,0,0,0,0,0,0,0,0,0,0,0,0,0
19,12,0,2,4.14,19,53,1,,,보통,,,,,1.04,0,0,1,0,0,0,0,0,0,0,1,0,0,0,0,0,0,0
34,12,0,4,2.792,20,49,0,4,0,보통,0,3,3,4,1.43,1,0,0,0,0,0,0,0,0,0,0,0,0,0,0,0,0,0
15,12,1,1,5.516,3,68,1,4,0,여유,0,4,4,4,0.88,1,0,0,0,0,0,0,0,0,0,0,0,0,0,0,0,0,0
38,12,1,2,3.636,18,45,1,3,0,혼잡,0,3,4,3,1.14,1,0,0,0,0,0,0,0,0,0,0,0,0,0,0,0,0,0
45,1,1,3,3.397,2,39,1,3,0,혼잡,0,3,4,3,1.24,1,0,0,0,0,0,0,0,0,0,1,0,0,1,0,0,0,0
19,1,1,60,0.0,2,0,0,1,1,보통,0,3,2,2,2.56,1,1,0,1,1,0,0,0,0,0,0,0,0,0,0,1,1,1
32,12,1,7,1.97,6,21,0,2,0,혼잡,0,3,2,3,1.9,1,1,0,0,0,0,0,0,0,0,0,0,0,1,0,0,0,0
34,3,0,60,0.248,3,24,0,,,보통,,,,,3.27,0,1,0,0,0,0,0,0,0,1,0,0,1,0,0,0,0,0
21,1,1,4,2.232,3,61,0,,,보통,,,,,1.18,0,0,0,0,0,0,0,0,0,0,0,0,0,0,0,0,0,0
44,1,0,14,1.104,4,31,0,2,0,보통,0,3,4,3,2.24,1,0,0,0,0,0,0,0,0,1,1,0,0,0,0,0,0,0
40,12,0,10,1.037,35,31,0,,,보통,,,,,1.54,0,1,0,0,0,0,1,0,0,0,1,0,0,0,0,0,0,0
43,6,1,7,4.868,12,84,0,4,0,보통,0,4,4,4,4.78,1,0,0,0,0,0,0,0,0,1,0,0,0,0,0,0,0,0
39,3,0,3,3.936,3,43,0,,,보통,,,,,1.67,0,0,0,0,0,0,0,0,0,0,0,1,0,0,0,0,0,0
19,1,0,16,1.181,3,34,0,2,0,혼잡,0,2,2,2,2.71,1,1,0,1,0,1,1,1,0,0,0,0,0,1,0,0,0,0
29,6,0,1,4.778,7,54,0,,,혼잡,,,,,1.02,0,0,0,0,0,0,0,0,0,0,1,1,0,1,0,0,0,0
39,12,0,13,1.289,3,32,0,,,보통,,,,,2.38,0,1,0,0,0,0,0,0,0,0,0,0,0,0,0,1,1,0
37,12,0,1,4.969,6,72,0,4,0,보통,0,4,4,4,1.05,1,0,1,0,0,0,0,0,0,0,0,0,0,0,0,0,0,0
40,6,1,8,1.644,3,45,0,4,0,여유,0,3,3,3,1.88,1,0,0,0,0,0,0,0,0,0,0,0,0,0,0,0,0,0
24,1,0,18,0.888,2,0,0,3,0,여유,0,2,3,2,2.27,1,1,1,0,0,0,0,1,0,1,0,0,0,0,0,0,0,0
29,3,0,26,1.523,7,40,1,4,0,혼잡,1,3,3,2,5.67,1,1,0,0,0,0,0,0,0,0,0,0,0,1,0,0,0,0
40,12,1,3,3.303,4,40,0,4,0,혼잡,1,3,4,2,1.44,1,0,0,0,0,0,0,0,0,0,1,1,1,1,0,0,0,0
52,6,0,2,4.24,19,55,0,4,0,여유,0,4,4,4,1.06,1,0,0,0,0,0,0,1,0,0,0,0,0,0,0,0,0,0
49,6,1,2,4.815,12,63,1,4,0,보통,0,4,5,5,1.09,1,0,0,0,0,0,0,1,0,0,0,0,0,0,0,0,0,0
30,12,1,2,4.422,12,47,0,4,0,여유,0,4,4,5,1.06,1,0,0,0,0,0,0,0,0,1,0,0,0,0,0,0,0,0
20,1,1,13,3.121,2,39,0,,,보통,,,,,5.95,0,1,0,0,0,0,0,0,1,0,0,0,0,0,0,0,0,0
35,3,1,16,1.328,6,33,1,3,0,혼잡,0,3,3,3,3.06,1,0,0,0,0,1,1,1,0,0,1,0,0,1,0,1,1,0
33,12,0,3,2.765,10,42,0,,,여유,,,,,1.25,0,0,0,0,0,0,1,0,1,0,0,1,0,1,0,1,0,0
26,6,0,3,2.324,29,23,0,4,0,보통,0,4,2,3,1.16,1,0,0,1,0,0,0,0,0,0,0,0,0,1,0,0,0,0
26,3,1,3,2.818,8,27,0,,,혼잡,,,,,1.04,0,0,1,0,0,0,0,0,0,0,1,1,0,1,1,0,0,0
28,6,0,18,0.88,15,27,0,2,1,보통,0,3,3,3,2.31,1,1,0,0,0,1,0,0,0,0,0,0,0,0,1,0,0,1
37,12,0,1,4.355,5,40,0,4,0,보통,0,5,5,4,0.86,1,0,0,0,0,0,0,0,0,0,0,0,0,0,0,0,0,0
32,3,0,6,2.042,7,23,1,2,0,매우혼잡,1,3,4,1,1.66,1,0,0,0,0,0,0,0,0,0,1,1,1,1,1,0,0,0
53,12,0,2,3.661,18,47,1,,,보통,,,,,1.24,0,0,0,0,0,0,0,0,0,0,0,0,0,0,0,0,0,0
39,6,0,59,0.0,6,2,0,,,혼잡,,,,,2.52,0,0,0,0,0,0,0,0,0,0,1,1,0,1,0,0,0,0
35,12,0,11,1.038,4,23,0,,,매우혼잡,,,,,1.61,0,0,0,0,1,0,0,0,0,0,1,1,0,1,0,0,0,0
15,3,0,16,1.209,5,31,0,3,0,보통,0,3,2,2,2.77,1,1,0,0,0,0,0,0,0,0,0,0,0,0,0,0,0,0
33,12,1,10,3.557,20,24,0,4,0,여유,0,4,4,4,5.21,1,0,0,0,0,0,0,1,0,0,0,0,0,0,0,0,0,0
48,12,0,10,1.505,8,21,0,3,0,여유,0,3,3,3,2.21,1,0,0,1,0,0,1,0,1,0,0,0,0,0,1,0,0,0
27,12,0,2,4.247,13,50,1,5,0,보통,0,4,4,5,1.04,1,0,0,0,0,0,0,0,0,0,0,0,0,0,0,0,0,0
29,6,1,3,3.153,23,26,0,3,0,여유,0,4,3,3,1.55,1,0,0,0,1,0,0,0,0,0,0,0,0,0,0,0,0,0
27,3,1,10,2.618,4,35,0,,,매우혼잡,,,,,3.78,0,1,0,0,0,0,0,0,0,0,0,1,0,1,1,0,0,0
35,3,0,12,1.551,5,41,1,3,0,보통,0,2,3,3,2.73,1,0,1,0,0,0,1,0,0,0,1,0,0,0,0,0,0,0
36,6,1,10,1.98,2,21,0,,,보통,,,,,2.87,0,0,0,0,1,0,0,0,0,1,0,0,0,0,0,1,0,1
23,6,0,3,3.295,11,49,0,4,0,보통,0,3,4,4,1.61,1,0,0,0,0,0,0,0,0,0,0,0,0,0,0,0,0,0
39,3,0,5,2.545,9,34,0,4,0,혼잡,1,2,2,2,1.65,1,0,0,0,1,0,0,1,1,0,1,1,0,1,0,1,0,0
21,12,1,2,4.169,26,35,0,,,여유,,,,,1.0,0,0,0,0,0,0,0,0,0,0,0,0,1,0,1,0,0,0
41,12,0,1,5.194,16,41,0,4,0,혼잡,0,4,4,4,0.87,1,0,0,0,1,0,0,0,0,0,0,0,0,0,0,0,0,0
22,3,0,16,1.334,2,20,0,3,0,여유,0,2,3,3,3.09,1,1,0,0,0,0,0,0,0,0,0,0,0,1,0,0,0,0
19,6,1,4,3.277,9,61,1,,,혼잡,,,,,1.7,0,0,0,0,0,0,0,1,0,0,1,0,0,0,0,0,0,0
29,12,0,2,4.333,20,63,1,,,혼잡,,,,,0.93,0,0,0,0,0,0,0,0,0,0,1,1,0,1,0,0,0,0
20,12,0,12,2.683,16,37,0,2,0,매우혼잡,0,3,3,3,4.52,1,0,0,0,0,0,0,0,0,0,0,0,0,0,0,1,0,1
24,12,0,4,2.657,5,23,1,4,0,보통,0,4,3,2,1.35,1,0,0,0,0,0,0,0,0,0,1,0,0,1,0,0,1,1
43,6,0,16,1.069,8,26,0,3,0,여유,1,4,3,1,2.48,1,0,1,0,0,0,0,0,0,0,0,0,1,1,0,0,0,1
42,1,1,60,0.0,6,4,1,1,1,여유,0,2,3,3,3.14,1,1,0,0,0,0,0,1,0,1,0,0,0,0,1,1,0,0
16,6,0,10,3.056,11,36,1,,,보통,,,,,4.5,0,0,0,0,0,0,0,0,0,0,0,0,1,0,0,0,0,0
28,12,0,2,4.083,10,70,0,4,0,보통,0,5,3,4,0.97,1,0,0,0,0,0,0,0,0,0,1,0,0,0,0,0,0,0
18,12,0,4,3.01,16,48,0,3,0,혼잡,0,4,3,3,1.55,1,1,0,0,1,0,0,0,0,0,1,0,1,0,0,1,0,0
21,12,0,1,4.355,14,42,0,4,0,혼잡,0,4,4,4,0.93,1,0,0,0,0,1,1,0,0,0,0,0,0,0,0,1,0,0
41,1,0,5,2.124,4,26,0,,,여유,,,,,1.6,0,0,0,0,0,0,0,0,0,0,0,0,0,0,0,0,0,1
46,6,0,4,2.201,11,29,0,,,여유,,,,,1.33,0,0,0,0,0,0,0,0,0,0,0,0,0,0,1,1,0,0
29,6,0,1,4.335,14,51,1,4,0,보통,0,5,5,4,0.92,1,0,0,0,0,0,0,0,0,0,0,0,0,0,0,0,0,0
29,3,0,5,2.471,2,33,1,,,혼잡,,,,,1.66,0,0,0,0,1,0,1,0,0,0,1,0,0,0,0,0,0,1
31,12,0,16,1.01,3,24,0,2,0,혼잡,0,3,2,3,2.29,1,0,0,0,1,0,0,0,0,0,0,0,0,1,1,0,0,1
21,12,1,4,2.546,22,52,0,,,보통,,,,,1.51,0,0,0,0,0,0,1,0,0,1,0,0,0,0,0,0,0,0
39,6,1,3,3.55,8,41,1,3,0,혼잡,0,4,5,3,1.56,1,0,0,0,0,0,0,0,0,0,0,0,0,0,0,1,0,0
32,12,1,1,5.816,12,46,1,,,보통,,,,,0.92,0,0,0,0,0,0,0,0,0,0,0,0,0,0,0,0,1,0
24,12,0,9,1.988,18,29,1,,,여유,,,,,2.54,0,0,0,0,0,0,0,0,0,1,0,0,0,0,0,1,0,0
38,12,0,36,0.315,2,27,0,2,1,여유,0,3,3,4,1.61,1,0,1,0,0,0,0,0,0,0,0,0,0,0,0,0,0,1
59,12,1,3,3.728,7,44,1,,,보통,,,,,1.69,0,0,0,0,0,0,0,0,0,0,0,0,0,0,0,0,0,0
34,12,1,1,5.713,2,60,0,4,0,여유,0,5,5,4,0.81,1,0,0,0,0,0,0,0,0,0,0,0,0,0,0,0,0,0
31,12,0,8,1.716,36,18,0,2,1,혼잡,1,3,4,2,1.97,1,0,0,0,0,0,0,0,0,0,1,1,1,1,1,0,1,0
46,6,0,3,3.135,5,36,0,3,0,여유,0,4,4,4,1.14,1,1,0,0,0,0,0,0,0,0,0,0,0,0,0,0,0,1
45,12,0,22,1.865,6,12,0,2,0,혼잡,0,4,4,3,5.81,1,1,0,0,0,0,0,0,0,0,1,1,0,0,0,0,0,1
31,6,0,7,5.298,2,59,1,,,혼잡,,,,,5.3,0,0,1,0,0,0,0,0,0,0,0,0,0,0,0,0,1,0
35,12,0,9,1.558,4,19,0,,,혼잡,,,,,1.99,0,1,0,0,0,0,1,0,0,0,0,0,0,0,1,0,0,1
31,12,0,2,3.579,36,31,0,4,0,여유,0,3,4,3,1.27,1,0,1,0,0,0,1,0,0,0,0,1,0,0,0,0,0,0
29,12,0,3,3.322,23,32,1,5,0,여유,0,3,3,4,1.45,1,0,0,0,0,0,0,0,0,1,0,0,0,0,0,0,0,0
34,12,0,2,3.849,36,47,1,4,0,여유,0,3,4,3,1.33,1,0,0,1,0,0,0,0,1,0,0,0,0,0,0,0,0,0
33,1,0,4,2.89,1,34,0,,,매우혼잡,,,,,1.7,0,1,0,1,0,0,1,0,0,0,1,1,0,0,0,0,1,0
28,3,0,4,2.264,3,43,0,3,0,혼잡,0,3,3,3,1.31,1,0,1,0,0,0,0,0,0,0,1,0,0,0,0,0,1,0
19,3,1,7,4.758,3,51,0,4,0,보통,0,4,4,5,4.66,1,0,0,0,0,0,0,0,0,1,1,0,0,0,0,0,0,0
22,3,0,55,0.343,2,8,0,,,보통,,,,,2.7,0,1,1,1,0,0,0,1,0,0,0,1,1,1,1,0,0,0
29,3,1,3,3.284,6,56,0,4,0,여유,0,4,5,4,1.2,1,0,0,0,0,0,0,0,0,0,1,0,0,0,0,0,0,0
44,6,0,4,2.078,11,16,0,3,0,보통,0,3,3,3,1.12,1,0,0,0,0,0,0,0,0,0,0,0,0,0,0,0,0,0
37,1,0,12,1.398,3,29,0,1,0,매우혼잡,0,1,3,3,2.45,1,0,0,0,0,0,1,0,1,1,0,0,1,0,0,0,0,1
15,12,0,54,0.415,7,29,0,3,0,여유,0,2,3,2,3.18,1,0,0,0,0,0,1,0,0,1,1,0,0,0,0,0,0,0
58,12,0,6,2.142,11,24,0,2,0,혼잡,0,3,2,3,1.79,1,0,0,0,1,0,0,0,0,0,0,0,0,0,0,0,0,0
40,12,1,4,2.385,12,23,0,3,0,여유,0,4,3,3,1.31,1,0,0,0,0,0,0,0,0,0,0,0,0,0,0,0,0,0
33,12,1,2,4.029,12,53,0,,,여유,,,,,1.0,0,0,0,0,0,0,0,0,0,0,0,0,0,0,0,0,0,0
28,12,0,1,4.029,11,60,1,,,보통,,,,,0.86,0,0,0,0,0,0,0,0,0,0,0,0,0,0,0,0,0,0
27,6,0,3,3.294,9,31,1,5,0,보통,1,4,4,2,1.35,1,0,0,0,0,0,0,0,0,0,1,0,0,0,0,0,0,0
29,12,1,14,1.16,1,0,0,1,1,보통,0,3,3,3,2.32,1,1,0,0,0,0,0,0,1,0,0,1,0,0,1,1,0,1
28,3,1,4,3.242,11,36,0,,,여유,,,,,1.77,0,0,0,0,0,0,0,0,0,0,0,0,0,0,0,0,0,0
46,12,1,51,1.182,8,16,0,2,0,혼잡,0,3,2,2,8.61,1,1,0,1,0,0,0,0,0,0,1,0,0,1,0,0,1,0
64,12,1,2,4.949,11,78,1,4,0,혼잡,0,4,5,4,1.08,1,0,0,0,0,0,0,0,0,0,0,0,0,0,0,0,0,0
15,12,1,1,5.073,24,63,1,,,보통,,,,,0.85,0,0,0,0,0,0,0,0,0,0,0,0,0,0,0,0,1,0
28,6,0,3,3.208,9,47,1,3,0,보통,0,3,4,3,1.26,1,0,0,0,0,0,1,0,0,0,0,0,0,0,0,1,1,0
63,3,0,3,2.895,5,40,0,3,0,혼잡,0,3,3,3,1.27,1,0,0,0,0,0,0,0,1,0,0,0,0,0,0,0,0,0
15,3,0,6,1.825,4,40,0,,,보통,,,,,1.64,0,1,0,0,0,0,0,0,0,0,0,1,0,0,0,0,0,0
48,6,0,10,1.59,4,9,0,3,0,보통,0,2,2,3,2.35,1,1,0,0,0,0,0,0,0,0,1,0,0,1,0,0,0,0
26,12,1,1,6.027,28,66,1,4,0,여유,0,4,4,4,1.08,1,0,0,0,0,0,0,1,0,0,0,0,0,0,0,0,0,0
52,3,0,59,0.282,10,6,0,2,0,보통,0,2,3,2,2.51,1,1,0,0,0,0,0,0,0,0,0,0,0,0,1,0,0,0
41,12,0,1,5.641,1,63,0,4,0,여유,0,4,3,4,1.02,1,1,0,1,0,0,0,0,0,0,0,0,0,0,0,0,0,0
32,3,0,9,1.541,8,41,0,,,보통,,,,,1.93,0,0,0,0,0,0,0,1,0,0,0,0,0,1,0,0,0,0
38,12,0,59,0.0,13,1,1,,,혼잡,,,,,2.51,0,1,0,0,0,0,1,0,0,0,0,1,1,1,1,1,1,1
38,12,0,3,2.519,13,39,1,3,0,여유,0,3,3,3,1.16,1,0,0,0,0,0,0,0,1,0,0,0,0,1,0,0,0,0
39,6,0,16,1.195,13,21,0,,,여유,,,,,2.73,0,0,0,0,0,0,0,0,0,0,0,0,0,0,0,0,0,0
24,12,0,4,3.337,4,43,0,,,여유,,,,,1.67,0,1,0,0,0,0,0,0,0,0,0,0,0,0,0,1,0,0
23,6,0,4,2.636,7,18,0,4,0,여유,0,3,3,3,1.63,1,0,0,1,0,0,0,0,0,1,0,0,0,0,0,0,0,0
29,6,0,13,1.642,3,19,1,,,보통,,,,,2.96,0,1,0,0,0,0,0,1,0,0,0,0,0,0,0,1,0,1
23,12,1,2,3.842,36,34,0,4,0,보통,0,5,4,4,1.03,1,0,0,0,0,0,0,0,0,0,0,0,0,0,0,0,0,1
47,6,0,1,4.645,20,61,0,,,보통,,,,,0.93,0,0,0,0,0,0,0,0,0,0,0,0,0,0,0,0,0,1
42,3,0,6,2.238,8,42,0,3,0,혼잡,0,3,3,3,1.8,1,0,0,0,0,0,1,0,0,0,0,1,0,1,0,0,0,0
29,1,0,4,2.597,10,45,0,,,혼잡,,,,,1.31,0,0,0,0,0,0,0,0,0,0,0,1,0,1,1,0,0,0
45,12,0,1,5.343,18,78,1,5,0,보통,0,3,5,5,0.96,1,0,0,0,0,0,1,0,0,0,0,0,0,0,0,0,0,0
31,1,0,2,4.578,15,59,0,5,0,보통,0,4,4,4,1.01,1,0,0,0,0,0,0,0,0,0,0,0,0,0,0,0,0,0
18,12,0,38,0.375,15,28,1,3,0,여유,0,2,2,3,2.03,1,0,1,1,0,0,0,0,0,0,0,0,0,0,0,0,0,0
25,12,0,14,1.319,10,20,0,,,여유,,,,,2.7,0,0,0,0,0,0,1,1,0,0,0,0,0,0,0,0,0,1
39,12,1,5,5.469,2,60,1,4,0,혼잡,0,4,5,3,3.6,1,0,0,0,0,0,0,0,0,0,0,0,0,0,0,0,0,0
26,3,1,25,0.891,6,19,0,,,혼잡,,,,,3.23,0,1,0,1,0,0,1,0,0,1,0,1,1,0,0,0,0,1
51,3,1,35,0.491,11,5,0,,,보통,,,,,2.45,0,0,0,0,1,0,1,0,0,0,0,0,0,0,1,0,0,0
34,12,0,2,4.018,5,36,1,2,0,보통,0,3,3,3,0.95,1,0,0,0,0,0,0,0,0,0,0,0,0,0,0,0,0,0
27,6,0,3,3.513,7,50,1,,,혼잡,,,,,1.41,0,0,0,0,0,0,0,0,0,0,0,0,0,0,1,0,0,0
18,6,1,3,2.819,6,31,1,,,매우혼잡,,,,,1.37,0,0,0,0,0,0,1,0,0,0,1,1,1,1,1,1,0,0
23,12,1,12,1.757,12,13,0,,,보통,,,,,2.89,0,0,0,0,0,0,0,0,0,0,1,0,0,0,0,1,0,0
36,12,1,2,4.544,27,53,0,,,여유,,,,,1.09,0,0,0,0,0,0,0,0,0,0,0,0,0,0,0,0,0,0
18,12,0,3,3.407,10,36,1,3,0,보통,0,4,4,3,1.48,1,0,0,0,0,0,1,0,0,0,1,0,0,0,0,0,0,0
15,12,1,8,5.029,1,70,1,4,0,여유,0,4,5,3,5.92,1,0,0,0,0,0,0,0,0,0,0,0,0,0,0,0,0,0
37,12,0,3,3.248,36,47,1,2,1,매우혼잡,0,4,4,4,1.55,1,0,0,0,1,0,0,0,0,0,1,1,0,0,1,1,1,1
39,6,1,21,1.033,9,31,0,3,0,보통,0,2,2,2,3.15,1,0,0,1,0,0,0,0,0,1,0,1,0,0,1,0,0,0
24,6,1,2,4.307,8,56,0,5,0,여유,0,4,4,4,1.07,1,0,0,0,0,0,0,0,0,0,0,0,0,0,0,0,0,0
31,12,1,2,3.721,5,55,0,3,0,보통,0,4,4,5,1.2,1,0,0,0,0,0,0,0,0,0,1,0,0,0,0,0,0,1
35,6,0,12,1.189,20,46,0,,,매우혼잡,,,,,2.06,0,1,0,0,0,0,0,0,0,0,0,0,1,0,0,0,0,0
15,12,1,3,3.214,19,47,1,2,0,혼잡,0,2,4,4,1.6,1,0,0,0,0,0,0,0,0,0,0,0,0,0,1,0,1,0
19,6,1,1,5.383,31,57,0,4,0,혼잡,0,4,3,4,0.83,1,0,0,0,0,0,0,0,0,0,0,0,1,0,0,0,0,0
43,3,0,4,2.459,18,34,0,4,0,보통,0,3,4,4,1.51,1,0,0,0,0,0,0,0,0,0,0,0,0,0,0,0,0,0
57,12,1,2,3.39,36,53,0,3,0,보통,0,3,3,3,1.0,1,0,0,0,0,0,0,0,0,0,0,0,0,0,0,0,0,0
52,3,0,12,0.988,5,18,0,1,1,여유,0,3,3,3,1.71,1,0,0,0,0,0,0,0,0,0,0,0,0,0,1,1,0,0
41,12,0,41,1.529,32,25,0,2,0,혼잡,0,2,2,2,9.05,1,0,1,0,0,0,1,0,0,0,1,0,0,1,0,1,0,1
29,1,1,3,3.095,7,56,1,4,0,보통,0,3,4,3,1.33,1,0,0,0,0,0,0,0,0,0,1,1,0,0,0,0,0,0
31,12,0,3,3.912,24,46,1,,,매우혼잡,,,,,1.61,0,0,0,0,0,0,0,0,0,0,0,0,0,0,0,0,1,0
26,6,1,9,1.954,33,37,1,4,0,보통,0,2,3,3,2.64,1,1,0,0,0,0,0,1,0,0,0,0,0,0,0,0,0,0
24,6,0,4,3.108,5,48,1,2,0,혼잡,0,3,3,3,1.78,1,0,0,0,0,0,0,0,0,0,0,0,1,0,0,0,0,0
38,1,0,8,1.768,4,53,0,,,보통,,,,,2.05,0,0,0,1,0,0,1,0,1,0,0,0,0,0,0,1,1,0
29,6,1,1,5.129,2,55,1,,,매우혼잡,,,,,0.91,0,0,0,0,0,0,0,0,0,0,1,1,0,1,0,0,1,1
40,3,0,4,2.433,2,21,0,3,0,혼잡,0,3,3,4,1.53,1,0,0,0,0,0,0,0,0,0,0,0,0,0,0,0,0,1
45,12,1,4,2.167,20,34,0,,,혼잡,,,,,1.36,0,0,0,0,0,0,1,0,0,0,0,0,0,0,0,0,0,0
30,6,1,3,3.809,7,33,1,,,보통,,,,,1.6,0,0,0,0,0,0,0,0,0,0,1,0,0,0,0,0,0,0
31,6,0,9,3.719,13,38,1,2,0,보통,0,4,4,3,4.62,1,0,0,0,0,0,0,0,0,0,0,0,0,0,0,0,0,1
18,3,0,8,1.722,1,49,1,3,0,보통,0,3,4,2,2.07,1,0,0,0,0,0,0,0,0,0,0,0,1,0,0,0,1,0
36,6,0,3,2.907,4,37,0,2,0,혼잡,0,3,2,2,1.11,1,1,0,0,0,1,0,0,1,0,1,0,0,1,0,0,0,1
38,12,0,2,4.227,36,28,1,,,여유,,,,,1.08,0,0,0,0,0,0,0,0,0,0,0,0,0,0,0,0,0,0
32,3,0,49,0.042,12,28,0,,,매우혼잡,,,,,2.11,0,1,0,0,0,0,0,0,0,0,0,0,1,0,0,1,1,1
28,6,0,3,3.158,4,22,1,,,매우혼잡,,,,,1.48,0,0,0,0,0,0,0,0,0,0,1,0,1,1,0,1,0,1
23,6,0,9,1.827,3,43,0,3,0,매우혼잡,0,2,3,3,2.45,1,0,0,0,0,0,0,0,0,0,1,0,0,0,0,0,0,0
36,12,0,5,2.594,3,36,0,,,보통,,,,,1.73,0,0,0,1,0,0,0,0,0,0,0,0,0,0,0,0,1,0
41,3,0,44,0.429,6,5,0,2,0,보통,0,3,3,2,2.68,1,1,0,0,0,0,0,0,0,0,1,0,0,0,0,0,0,0
29,12,0,20,0.914,20,2,0,2,0,혼잡,0,2,3,2,2.61,1,1,0,0,0,0,0,0,1,0,1,0,1,1,0,1,0,1
35,3,0,4,3.138,9,24,1,,,보통,,,,,1.57,0,0,0,0,0,0,0,0,0,0,0,0,0,0,0,0,0,1
33,12,0,43,0.378,7,1,0,,,매우혼잡,,,,,2.32,0,0,0,1,1,0,0,0,0,1,1,0,1,0,0,0,0,0
29,1,1,11,1.696,2,10,1,1,1,보통,0,2,4,3,2.68,1,1,0,0,0,0,0,1,0,0,0,0,0,0,1,1,0,0
39,6,0,7,1.898,13,26,0,4,0,혼잡,0,2,3,3,2.03,1,0,0,0,0,0,0,1,1,1,0,1,0,0,0,1,0,0
42,12,0,2,3.958,36,40,1,,,보통,,,,,1.37,0,0,0,0,0,0,0,0,0,0,0,0,0,0,0,0,0,0
23,3,0,10,1.924,1,31,0,2,0,보통,0,3,2,3,2.77,1,1,0,1,0,1,1,0,0,0,0,0,0,0,0,1,0,0
47,6,0,3,2.607,3,25,1,,,보통,,,,,1.3,0,1,0,0,0,0,0,0,0,0,1,0,0,0,0,0,0,0
35,6,0,3,3.648,25,53,1,3,0,보통,0,5,5,5,1.65,1,0,0,0,0,0,0,0,0,0,1,0,0,0,0,0,0,0
47,6,1,2,3.146,7,43,0,3,0,보통,0,3,3,4,1.02,1,0,0,0,0,0,0,0,0,0,0,0,0,0,0,1,0,0
30,3,0,25,2.087,9,30,0,3,0,매우혼잡,0,2,2,2,7.48,1,1,0,0,1,1,0,0,0,0,1,1,0,1,0,1,0,0
38,12,0,4,2.43,10,33,0,3,0,여유,0,4,3,4,1.46,1,0,0,0,0,0,0,0,0,0,0,0,0,0,0,0,0,0
33,3,0,55,0.213,1,34,0,,,여유,,,,,2.35,0,1,0,0,0,0,0,0,0,0,0,0,0,0,0,0,0,0
22,3,0,3,3.032,8,41,0,,,여유,,,,,1.51,0,0,0,0,0,0,0,0,1,0,0,0,0,0,0,0,0,0
15,12,1,3,2.176,35,23,0,3,0,여유,0,3,3,4,1.06,1,1,0,0,0,1,0,0,0,0,0,0,0,0,0,0,0,0
29,1,1,1,4.706,6,51,0,4,0,혼잡,0,3,3,4,0.97,1,0,0,0,0,0,0,0,1,0,0,0,0,0,0,0,0,0
42,3,0,4,2.587,1,54,0,,,여유,,,,,1.56,0,0,0,1,0,0,0,0,0,0,0,0,0,0,0,0,0,0
42,3,1,2,3.804,23,57,0,4,0,보통,0,5,4,4,1.3,1,0,0,0,0,0,0,0,0,0,0,0,0,0,0,0,0,0
34,12,1,1,5.252,9,49,1,4,0,보통,0,5,5,4,0.83,1,0,0,0,0,0,0,0,0,0,0,0,0,0,0,0,0,0
44,6,0,15,1.183,8,27,0,2,1,매우혼잡,0,3,3,3,2.55,1,0,0,0,0,0,0,0,0,1,0,0,0,0,0,0,0,0
37,6,1,3,3.278,8,34,0,,,여유,,,,,1.46,0,0,0,0,0,0,0,0,0,0,0,0,0,0,0,0,0,0
37,12,0,18,1.105,10,9,0,3,0,혼잡,0,4,2,3,2.77,1,0,0,0,0,0,0,0,0,0,1,1,0,1,0,0,0,0
38,6,1,3,3.952,6,70,0,4,0,여유,0,5,4,4,1.69,1,0,0,0,0,0,0,0,0,0,0,0,0,0,0,0,0,0
31,6,0,7,1.768,36,22,0,3,1,혼잡,0,4,4,4,1.75,1,1,0,0,0,0,0,0,1,0,0,0,0,0,0,1,0,0
15,1,0,60,1.484,2,24,0,,,보통,,,,,13.31,0,1,0,1,1,1,0,0,0,0,0,0,0,0,0,0,0,1
33,3,0,3,2.602,1,31,0,3,0,보통,0,3,3,3,1.1,1,0,0,0,0,0,0,0,0,1,0,0,0,0,0,0,0,0
33,12,0,5,2.178,23,36,0,,,여유,,,,,1.68,0,0,0,0,0,0,0,0,0,0,0,0,0,0,0,1,0,1
19,1,0,60,1.583,2,42,1,,,보통,,,,,14.73,0,1,0,0,1,0,0,0,0,1,0,0,1,0,0,1,0,0
47,6,1,2,4.906,24,49,0,3,0,보통,0,4,4,4,1.06,1,0,0,0,0,0,0,0,0,0,0,0,0,0,0,0,0,0
34,3,0,4,3.129,5,38,0,,,혼잡,,,,,1.67,0,0,0,0,0,0,0,0,0,0,1,0,0,0,0,0,0,0
45,6,1,3,3.024,0,42,0,3,0,보통,0,4,4,3,1.27,1,0,0,0,0,0,0,0,0,0,0,0,0,0,0,0,0,1
52,6,0,3,3.353,8,33,0,3,0,여유,0,3,3,4,1.31,1,0,0,0,0,0,1,1,0,0,0,0,1,0,0,0,0,0
25,1,0,3,3.436,1,59,0,,,매우혼잡,,,,,1.55,0,0,0,0,0,0,0,1,0,0,0,0,0,0,1,0,0,0
21,12,0,4,2.72,9,25,0,,,혼잡,,,,,1.48,0,1,0,0,0,1,0,1,0,0,0,0,0,0,0,0,0,0
22,6,1,6,1.939,21,25,0,,,보통,,,,,1.67,0,1,0,0,1,0,0,0,0,0,1,1,1,1,0,0,1,0
21,12,0,1,4.886,16,64,1,5,0,여유,0,3,5,5,0.88,1,0,0,0,0,0,1,0,0,0,0,0,0,0,0,0,0,0
33,12,0,6,2.021,15,25,1,3,0,보통,0,4,4,3,1.68,1,0,0,0,0,0,0,0,0,0,0,0,0,1,0,0,0,0
27,12,0,23,2.335,9,22,0,,,매우혼잡,,,,,7.7,0,1,0,0,0,0,0,0,0,0,1,0,0,1,0,0,0,1
23,1,0,15,1.065,2,13,0,3,0,혼잡,0,3,4,3,2.32,1,0,0,0,0,0,0,0,0,0,0,1,0,0,1,0,0,0
30,3,0,9,1.917,5,35,1,,,매우혼잡,,,,,2.33,0,0,0,0,0,0,0,0,0,0,1,1,1,0,0,1,0,1
38,6,0,1,4.05,9,42,0,,,보통,,,,,0.84,0,0,0,0,0,0,0,0,0,0,0,0,0,0,0,0,0,0
15,6,1,2,3.667,7,37,0,3,0,매우혼잡,0,4,2,3,1.04,1,1,0,0,1,0,0,0,0,0,1,0,0,0,0,0,0,0
42,6,0,4,2.389,5,26,0,2,0,혼잡,0,2,2,2,1.5,1,1,0,1,0,0,0,0,0,0,1,1,0,0,1,0,0,0
56,12,1,7,2.08,33,23,1,2,0,여유,0,2,3,3,2.17,1,0,0,0,0,0,0,0,0,1,0,0,0,0,0,1,1,0
26,6,1,1,4.713,25,59,0,4,0,여유,0,4,5,5,0.98,1,0,0,0,0,0,0,0,1,0,0,0,0,0,0,0,0,0
19,6,0,8,1.561,9,23,0,,,보통,,,,,1.69,0,0,0,0,1,0,0,0,0,0,0,1,0,1,0,1,0,0
42,12,0,3,3.041,12,51,0,,,보통,,,,,1.23,0,1,0,0,0,0,0,0,0,0,0,0,0,0,0,0,0,1
40,12,0,3,3.678,18,23,1,3,1,보통,0,4,4,4,1.5,1,0,0,0,0,0,0,0,0,0,0,0,0,0,0,0,0,0
28,1,0,14,1.49,1,34,0,2,0,매우혼잡,0,2,2,2,3.03,1,1,0,0,0,1,0,1,1,0,1,0,1,0,0,0,1,1
41,1,0,60,0.79,0,35,1,2,1,혼잡,0,2,3,3,10.66,1,1,1,0,0,0,1,1,1,1,1,0,0,0,1,0,1,0
52,3,0,4,2.115,4,36,0,,,보통,,,,,1.35,0,0,0,0,0,1,0,0,0,0,1,0,0,0,0,0,0,0
21,12,1,2,4.338,9,34,1,3,0,보통,0,3,4,4,0.95,1,0,0,0,0,1,0,0,0,0,0,0,0,0,0,0,0,0
46,12,1,1,4.777,34,52,1,4,0,여유,0,4,4,5,0.91,1,0,0,1,0,0,0,0,1,0,0,0,0,0,0,0,0,0
42,6,1,34,1.842,10,19,0,4,0,보통,0,3,3,3,8.84,1,0,0,0,0,0,0,0,0,0,0,1,0,0,0,0,0,0
32,1,0,25,0.665,0,16,0,,,보통,,,,,2.42,0,1,1,0,0,0,0,0,0,0,0,0,0,0,0,1,0,0
19,12,0,4,2.456,22,13,0,,,여유,,,,,1.37,0,0,0,0,0,1,0,1,0,0,0,0,0,0,0,0,0,1
33,6,0,22,0.87,1,12,0,1,0,보통,0,2,2,2,2.72,1,1,0,1,0,0,1,0,0,0,0,0,0,0,0,0,1,0
32,12,1,1,5.091,13,65,1,4,0,보통,0,3,4,4,0.87,1,0,0,0,0,0,0,0,0,0,0,1,0,0,0,0,0,0
33,1,0,10,1.479,0,34,0,,,여유,,,,,2.06,0,1,0,0,1,0,0,1,0,0,0,0,0,0,0,0,0,0
45,3,0,3,3.208,10,51,0,4,0,혼잡,0,3,4,3,1.21,1,0,0,0,0,1,0,0,0,0,0,0,1,0,0,0,0,0
15,12,1,10,1.994,8,31,1,,,혼잡,,,,,2.72,0,0,0,0,1,0,0,0,0,1,0,0,0,0,0,0,0,0
50,12,1,1,5.995,36,78,1,4,0,보통,0,4,4,4,1.08,1,0,0,0,0,0,0,0,0,0,0,0,0,0,1,0,0,0
46,3,0,13,1.487,5,37,0,3,0,혼잡,0,3,3,3,2.68,1,0,0,0,0,0,0,0,1,0,0,0,0,0,0,0,0,0
48,12,1,4,2.759,3,47,1,2,0,매우혼잡,0,2,3,2,1.62,1,0,0,0,0,0,0,1,0,0,1,0,0,1,1,0,1,1
30,12,1,4,2.881,17,33,1,2,0,보통,0,2,3,3,1.47,1,0,0,0,0,0,1,0,0,0,0,0,0,0,0,0,1,1
21,12,1,2,4.871,1,49,1,,,여유,,,,,1.09,0,0,0,0,0,0,0,0,0,0,0,0,0,0,0,0,0,0
33,3,0,17,1.153,8,38,0,3,0,여유,0,3,2,3,2.82,1,0,0,0,0,0,1,0,0,0,0,0,0,0,1,0,0,0
24,1,1,4,2.549,3,29,0,,,보통,,,,,1.34,0,0,0,0,0,0,0,0,0,0,0,0,0,0,0,0,0,0
32,3,1,3,3.877,14,39,0,,,보통,,,,,1.45,0,0,0,0,0,0,0,0,0,0,0,0,0,0,0,0,0,0
58,3,0,1,4.695,3,63,1,4,0,보통,0,4,5,4,0.85,1,0,0,0,0,0,0,0,1,0,0,0,0,0,0,0,0,0
38,12,0,3,3.254,11,44,0,,,보통,,,,,1.39,0,0,0,0,0,0,0,0,0,0,0,1,0,1,0,0,0,0
19,3,0,12,1.174,6,44,0,,,보통,,,,,2.07,0,1,0,0,0,0,0,0,0,0,0,0,0,0,0,0,0,0
20,12,1,2,3.839,20,32,0,4,0,혼잡,1,4,4,3,1.06,1,0,0,0,0,0,0,0,0,0,0,0,0,1,0,0,0,0
24,3,0,3,3.817,7,44,1,,,보통,,,,,1.51,0,0,0,0,0,0,0,0,0,1,0,0,0,0,0,0,0,0
33,12,1,3,3.253,23,33,0,,,여유,,,,,1.24,0,0,0,0,0,0,0,0,0,0,0,0,1,0,0,0,0,0
44,6,0,60,0.0,10,23,0,,,보통,,,,,3.27,0,1,0,0,0,1,0,1,0,0,1,1,1,1,0,0,1,0
15,1,0,60,0.812,1,26,0,,,매우혼잡,,,,,10.55,0,1,0,0,0,1,0,0,0,1,1,1,1,1,0,0,0,1
20,3,0,9,1.508,2,33,0,2,0,여유,0,3,4,4,2.04,1,0,0,0,0,0,0,0,0,0,0,0,0,0,1,0,0,0
32,12,0,3,3.234,16,51,1,3,0,여유,0,3,4,3,1.17,1,0,0,0,0,0,0,0,0,0,0,0,0,0,0,0,0,0
33,12,0,12,1.274,8,32,0,3,0,혼잡,0,1,2,3,2.12,1,0,0,1,0,0,1,1,0,0,0,0,0,0,0,0,0,0
35,6,0,6,2.292,3,31,0,,,여유,,,,,1.99,0,1,0,0,0,1,0,0,0,0,0,0,0,1,0,0,0,0
27,3,1,12,1.699,4,35,0,3,0,혼잡,0,3,2,3,2.9,1,0,1,0,1,1,0,1,0,0,0,0,1,0,0,0,0,0
15,1,1,3,2.723,4,23,0,,,여유,,,,,1.25,0,0,0,0,0,0,0,0,1,0,0,0,1,0,0,0,0,0
27,3,0,4,2.542,4,19,0,,,보통,,,,,1.56,0,0,0,0,0,0,0,0,0,0,0,0,0,0,1,0,0,0
40,6,0,13,1.562,3,25,0,,,혼잡,,,,,2.94,0,1,0,0,0,0,0,0,0,1,0,0,0,0,1,1,0,0
32,3,0,26,0.628,3,11,1,2,0,보통,1,3,4,1,2.32,1,1,0,0,0,0,0,0,0,0,1,0,1,0,0,0,0,0
23,12,0,3,2.863,24,37,1,4,0,여유,1,3,3,2,1.22,1,0,0,0,0,0,0,0,0,0,0,0,1,0,0,0,0,1
31,3,1,2,4.091,2,54,1,4,0,보통,0,3,4,4,0.92,1,0,0,0,0,0,1,0,0,1,0,0,0,0,0,0,0,0
36,6,0,4,2.889,6,38,1,,,보통,,,,,1.65,0,0,0,0,0,0,0,0,0,0,0,0,0,0,0,0,0,0
32,12,0,5,2.226,8,36,0,3,0,여유,0,3,5,4,1.55,1,1,0,0,0,0,0,0,0,0,0,0,0,0,0,0,0,0
31,12,0,9,1.757,36,11,1,,,보통,,,,,2.15,0,1,0,0,0,0,0,0,0,0,0,0,1,0,0,0,0,0
30,6,1,3,2.216,15,29,0,4,0,보통,0,3,3,3,1.07,1,0,0,0,1,0,0,0,1,0,1,0,0,0,0,0,0,0
48,12,0,3,3.911,13,52,0,4,0,보통,0,4,4,4,1.54,1,1,0,1,0,0,0,0,0,1,0,0,0,0,0,0,0,0
24,3,0,7,1.597,2,29,0,4,0,여유,0,4,3,5,1.57,1,0,0,0,0,0,0,0,0,0,0,1,0,0,0,0,0,0
33,6,0,11,1.663,2,38,0,3,0,보통,0,3,3,3,2.65,1,1,0,0,0,0,0,0,1,1,0,0,0,0,1,0,0,0
32,1,0,60,0.265,4,33,0,2,0,보통,0,1,2,2,2.87,1,0,0,0,0,1,0,1,0,1,0,1,0,1,0,0,1,0
23,12,1,4,3.117,4,58,0,,,혼잡,,,,,1.77,0,1,0,0,0,0,0,0,0,0,1,1,1,0,1,0,0,0
33,12,1,2,3.952,4,41,0,3,0,보통,0,4,4,4,1.06,1,0,1,0,0,0,0,0,0,0,0,1,0,0,0,0,0,0
41,3,1,3,2.451,9,32,0,4,0,여유,0,4,5,4,1.09,1,0,0,0,0,0,0,0,0,0,0,0,0,0,0,0,0,0
28,3,1,14,1.071,3,7,1,,,혼잡,,,,,2.11,0,1,0,0,0,0,0,0,0,0,1,0,1,0,0,1,1,1
26,6,0,13,1.502,6,15,0,1,0,매우혼잡,0,2,2,2,2.72,1,1,0,0,0,1,0,0,0,0,0,0,0,0,0,0,0,0
30,6,1,20,1.047,3,2,0,2,0,혼잡,1,2,2,1,2.92,1,0,0,0,0,0,0,0,1,0,1,1,1,1,0,1,0,0
49,6,1,1,4.296,6,60,0,,,보통,,,,,0.82,0,0,0,1,0,0,0,0,1,0,0,0,0,0,0,0,0,0
21,3,0,2,4.273,1,48,0,5,0,혼잡,0,4,3,4,0.92,1,0,0,1,0,0,0,0,0,0,1,0,0,0,0,0,0,0
15,3,1,47,1.917,5,44,0,,,매우혼잡,,,,,12.94,0,1,0,1,0,0,0,1,1,1,1,1,1,0,0,0,0,1
23,12,0,58,0.0,5,0,0,,,보통,,,,,2.49,0,1,0,0,0,0,0,0,0,0,1,0,0,0,0,1,0,0
28,3,0,60,1.105,2,37,0,,,여유,,,,,15.01,0,1,1,0,1,0,0,0,0,1,0,0,0,0,0,0,0,0
30,1,0,24,0.855,0,34,0,,,여유,,,,,2.95,0,1,0,0,0,0,0,1,0,1,0,1,0,0,0,0,0,0
15,6,1,4,2.615,13,37,0,4,0,혼잡,0,4,3,4,1.56,1,1,0,0,0,0,0,0,0,0,0,0,0,0,0,0,0,0
33,6,0,11,1.846,9,52,0,,,여유,,,,,2.85,0,1,1,0,1,0,0,0,0,0,0,0,0,0,1,1,0,0
40,12,0,60,1.117,36,25,0,,,보통,,,,,12.74,0,1,0,0,0,0,0,0,0,0,1,0,0,0,0,0,1,0
15,3,0,4,2.492,1,34,1,,,여유,,,,,1.41,0,0,0,0,0,0,0,0,0,0,0,0,0,0,0,0,1,0
26,6,0,3,2.844,1,31,1,5,0,보통,0,3,3,2,1.27,1,1,0,0,0,0,0,0,0,1,1,0,0,0,0,0,0,0
21,1,1,4,2.966,0,43,0,3,0,보통,0,3,3,4,1.69,1,0,0,0,0,0,1,1,0,1,0,0,0,0,0,1,0,0
25,12,1,3,3.144,20,30,0,2,0,보통,0,2,4,3,1.39,1,1,0,0,0,0,0,1,0,0,0,0,0,0,0,0,0,0
53,3,1,14,1.494,1,26,0,,,보통,,,,,3.07,0,1,0,0,0,0,0,0,0,0,1,0,1,1,0,0,0,0
24,6,0,4,2.362,2,17,0,2,0,보통,0,2,3,3,1.26,1,1,0,0,0,0,1,0,0,0,0,0,0,0,0,0,0,0
23,3,0,3,3.81,13,49,1,,,보통,,,,,1.58,0,0,0,0,0,0,0,0,0,0,0,0,0,0,0,0,0,0
15,12,0,19,0.766,2,26,0,,,보통,,,,,2.05,0,0,0,0,0,0,0,0,1,1,0,0,0,0,0,0,0,0
24,6,0,13,1.2,11,30,1,,,혼잡,,,,,2.24,0,0,0,0,0,0,0,0,0,1,1,0,0,0,1,0,1,1
45,6,0,8,1.656,7,26,0,,,여유,,,,,1.88,0,0,0,0,0,1,0,0,0,0,0,1,0,0,0,0,0,0
43,6,0,13,1.359,15,42,0,4,0,여유,0,4,3,4,2.51,1,1,0,0,0,0,0,0,0,0,0,0,0,0,0,0,0,0
25,12,0,3,2.403,9,35,0,3,0,매우혼잡,0,3,3,4,1.04,1,1,0,0,0,0,0,0,0,0,0,0,0,1,0,1,0,0
48,12,1,2,3.419,20,31,1,,,혼잡,,,,,1.14,0,0,0,0,0,0,0,0,0,1,1,0,0,1,0,0,0,0
26,12,0,8,1.898,36,32,0,,,보통,,,,,2.26,0,1,0,0,1,0,1,0,0,0,0,0,0,0,0,0,0,0
34,6,0,2,4.523,36,51,0,,,혼잡,,,,,1.1,0,0,0,0,0,0,0,0,0,0,0,0,0,0,0,0,0,0
34,12,0,4,5.013,6,63,0,4,0,매우혼잡,0,4,5,4,2.75,1,0,0,0,0,0,0,0,0,1,1,0,0,0,0,1,0,0
47,3,0,4,2.713,1,46,0,4,0,혼잡,1,4,4,2,1.43,1,0,0,0,0,0,0,0,0,0,1,1,0,1,0,0,0,0
50,6,0,60,0.259,4,14,0,,,혼잡,,,,,3.16,0,1,0,1,0,0,0,0,0,0,0,1,1,0,0,0,0,0
53,12,0,9,1.925,11,17,1,3,0,여유,0,2,4,4,2.4,1,0,0,0,0,0,0,0,1,0,0,0,0,0,0,0,0,0
24,6,1,3,3.478,27,51,1,3,0,여유,0,3,4,3,1.5,1,0,0,1,1,0,0,1,0,1,0,0,0,0,0,0,0,0
25,6,0,4,2.453,7,36,0,,,혼잡,,,,,1.3,0,0,0,0,0,0,1,0,1,0,1,0,0,0,0,1,1,0
42,3,1,7,2.166,8,24,0,3,0,보통,0,2,2,2,2.11,1,0,0,0,0,0,0,0,0,0,1,1,0,0,0,0,0,0
34,1,0,3,2.752,1,46,0,3,0,보통,0,3,3,3,1.26,1,0,0,0,0,0,0,0,1,1,0,0,0,0,0,0,0,0
15,12,0,1,5.2,13,36,1,3,0,매우혼잡,0,4,4,3,0.85,1,1,0,0,0,0,0,0,0,0,1,0,0,0,0,0,1,0
38,12,1,1,6.304,10,59,1,4,0,여유,0,3,5,5,1.03,1,0,0,0,0,0,0,0,0,0,0,0,0,0,0,0,0,0
28,6,1,4,3.348,11,34,1,4,0,여유,0,4,3,4,1.68,1,0,0,0,0,0,0,0,0,0,0,0,0,0,1,0,0,0
27,3,0,4,2.272,0,29,1,,,보통,,,,,1.3,0,0,0,0,0,0,0,1,0,0,1,0,1,1,0,1,0,0
37,3,0,8,1.769,5,28,0,3,0,혼잡,0,4,3,3,1.93,1,0,0,0,0,0,0,0,0,0,0,0,0,0,0,0,0,1
31,12,0,1,5.054,11,58,1,,,여유,,,,,0.87,0,0,0,0,0,0,0,0,0,0,0,0,0,0,0,0,0,0
39,3,0,24,0.876,5,22,0,2,0,보통,0,2,2,3,2.98,1,0,0,0,1,0,0,0,0,0,1,0,0,0,1,0,1,0
28,3,0,2,3.926,17,51,0,5,0,보통,0,5,4,4,1.39,1,0,0,0,0,0,0,0,0,0,0,0,0,0,0,0,0,0
32,1,0,25,0.728,6,11,0,,,여유,,,,,2.62,0,0,0,0,0,0,1,1,0,1,1,0,0,0,0,0,1,0
30,12,0,4,2.399,11,30,1,4,0,보통,0,3,4,3,1.4,1,0,0,0,0,0,0,0,0,0,0,0,0,0,0,0,0,0
16,12,0,2,3.647,21,24,1,3,0,혼잡,0,3,4,4,1.19,1,0,0,0,0,0,0,0,1,1,0,1,0,0,1,0,1,0
36,3,0,26,0.854,3,16,0,2,0,여유,0,3,2,3,3.15,1,1,0,0,0,0,0,0,0,0,1,1,0,0,1,0,0,0
17,6,0,4,2.359,23,36,0,,,혼잡,,,,,1.47,0,0,0,0,0,0,0,1,0,0,0,0,1,1,0,0,0,0
18,12,1,1,5.088,36,73,1,,,보통,,,,,0.96,0,0,0,0,0,0,0,0,0,0,0,0,0,0,0,0,0,0
54,12,1,2,3.331,15,30,1,3,0,보통,0,4,3,3,1.08,1,0,0,0,0,0,0,0,0,0,1,0,0,0,0,0,0,0
26,6,0,3,3.873,12,42,1,4,0,매우혼잡,0,4,3,3,1.73,1,0,0,0,0,0,0,0,0,0,1,1,1,0,0,0,0,0
16,3,0,2,3.946,2,40,0,4,0,보통,0,5,4,4,1.09,1,0,0,0,0,0,0,0,0,0,0,0,0,0,0,0,0,0
43,12,0,1,4.204,3,49,1,,,보통,,,,,0.8,0,0,0,0,0,0,0,0,0,0,0,0,1,0,0,0,0,0
41,3,1,7,1.756,4,31,0,,,여유,,,,,1.65,0,0,0,0,0,0,0,0,0,0,1,0,0,0,0,0,0,1
36,12,0,49,0.0,26,0,0,2,1,혼잡,1,2,2,1,2.08,1,0,0,0,0,0,0,0,0,0,1,1,1,0,0,1,0,0
34,3,0,35,0.0,4,40,0,1,1,매우혼잡,1,2,2,1,1.5,1,1,1,0,1,0,1,0,1,0,1,1,1,1,1,1,1,1
41,3,0,55,0.245,7,7,0,,,여유,,,,,2.35,0,0,1,1,0,1,0,1,1,0,0,0,0,0,0,1,0,0
39,1,1,3,3.506,1,33,0,3,0,매우혼잡,0,2,3,3,1.68,1,0,0,0,0,0,0,1,0,1,1,1,0,1,0,0,0,0
32,3,0,13,1.602,1,13,0,,,혼잡,,,,,3.06,0,0,1,0,1,1,1,0,0,0,1,0,0,0,1,0,1,0
36,12,1,1,5.793,6,63,1,4,0,보통,0,3,5,4,1.04,1,0,0,0,0,0,0,1,0,0,0,0,0,0,0,0,0,0
32,12,0,1,4.903,14,54,1,5,0,보통,0,3,5,4,0.96,1,0,0,0,0,0,0,0,1,0,0,0,1,0,0,0,0,0
16,6,1,3,3.485,3,33,1,,,보통,,,,,1.29,0,0,0,0,0,1,0,1,0,0,1,0,1,0,0,0,0,0
42,12,0,5,2.597,6,32,0,3,0,여유,0,3,4,3,1.8,1,0,0,0,0,0,0,0,0,0,0,0,0,0,1,0,0,0
36,3,0,6,2.723,4,32,1,2,0,혼잡,0,2,2,1,2.29,1,0,0,0,0,0,0,0,1,0,1,1,1,0,0,0,1,0
39,3,1,60,0.0,3,10,0,3,0,보통,1,2,3,3,2.92,1,0,1,1,0,0,0,0,0,0,1,0,0,0,0,0,0,0
31,3,0,1,4.661,12,77,1,4,0,여유,0,4,4,4,0.9,1,0,0,0,0,0,0,0,0,0,0,0,0,1,0,0,0,0
19,6,1,2,3.243,5,54,1,3,0,매우혼잡,0,3,3,3,1.11,1,0,0,0,1,1,0,1,0,0,1,0,0,0,0,0,1,0
45,6,0,9,1.637,9,47,0,3,0,보통,0,3,4,3,2.1,1,0,0,0,0,0,0,0,0,0,0,1,0,0,0,0,0,0
18,3,0,9,1.721,2,24,0,,,보통,,,,,2.28,0,0,0,0,0,0,0,0,1,0,0,0,0,0,0,0,0,0
38,1,0,5,2.119,1,45,0,3,0,보통,0,3,4,3,1.5,1,1,0,0,0,0,1,0,1,0,0,0,0,0,0,0,0,0
33,3,0,8,1.942,10,40,0,4,0,여유,0,3,3,4,2.31,1,1,0,0,0,0,0,0,0,0,0,0,0,0,0,0,0,0
27,1,1,4,2.578,1,41,0,,,보통,,,,,1.54,0,0,0,0,0,0,0,1,0,0,0,1,0,1,0,0,0,0
43,3,1,11,1.425,1,46,0,3,0,여유,0,3,3,3,2.3,1,0,0,0,0,0,0,0,1,0,0,0,0,0,0,0,0,0
43,3,1,3,3.689,20,50,0,,,혼잡,,,,,1.63,0,0,0,0,0,0,0,0,0,0,1,1,0,1,0,0,0,0
24,6,0,1,6.144,7,72,0,4,0,여유,0,4,4,4,0.92,1,0,0,0,0,0,0,0,0,0,0,0,0,1,0,0,0,0
26,1,0,13,1.403,7,36,0,5,0,여유,0,3,4,4,2.53,1,1,1,0,0,0,0,0,0,0,0,0,0,0,0,0,0,0
47,6,0,4,2.508,11,29,1,,,보통,,,,,1.41,0,0,0,0,0,0,0,0,0,0,0,1,0,0,0,0,0,0
21,12,1,5,2.447,26,25,0,3,0,여유,0,3,3,4,1.58,1,0,1,0,0,0,0,0,0,0,0,0,0,0,0,0,0,0
32,12,0,21,1.081,3,11,1,,,혼잡,,,,,3.29,0,1,0,0,0,0,1,0,0,1,0,0,0,0,0,0,1,1
42,1,0,7,1.626,8,31,0,,,보통,,,,,1.6,0,0,0,0,0,0,0,0,0,1,1,0,0,0,0,0,0,0
41,6,0,6,2.092,10,30,1,2,0,보통,0,2,2,2,1.81,1,0,0,0,0,0,0,0,1,0,1,0,1,1,0,0,0,0
32,6,0,1,4.465,18,39,1,3,0,혼잡,0,3,3,3,0.8,1,0,0,0,0,0,0,0,0,0,0,0,0,0,0,0,0,0
33,12,0,17,0.813,4,16,0,,,혼잡,,,,,2.03,0,1,1,0,1,0,0,0,0,0,1,1,1,1,0,1,0,1
37,3,0,3,2.59,9,23,0,,,혼잡,,,,,1.13,0,0,1,0,0,0,0,0,0,0,0,0,0,0,0,1,0,0
34,3,0,4,2.155,9,29,0,4,0,여유,0,3,3,4,1.19,1,0,0,0,0,0,0,0,0,1,0,0,0,0,0,0,0,1
46,6,0,8,1.885,4,28,0,3,0,여유,0,4,3,3,2.28,1,1,0,1,0,0,0,0,0,0,0,0,0,0,0,0,0,0
16,12,1,4,3.523,12,51,0,5,0,보통,0,4,4,4,1.79,1,0,1,0,0,0,1,0,0,0,0,0,0,0,0,0,0,0
35,6,1,4,2.631,2,41,0,3,0,혼잡,0,4,3,3,1.46,1,0,0,0,0,0,0,0,0,0,1,0,1,0,0,0,0,0
47,1,0,60,0.047,6,18,0,,,매우혼잡,,,,,3.17,0,1,0,1,1,0,1,0,0,1,0,0,0,0,1,1,1,1
21,3,1,11,3.079,6,39,0,4,0,보통,0,4,3,3,4.88,1,0,0,0,0,0,0,0,0,0,0,0,0,0,0,0,0,0
46,12,0,11,1.597,10,21,0,,,여유,,,,,2.53,0,0,0,0,0,1,0,0,0,0,0,0,0,0,0,0,0,1
46,1,1,1,4.676,2,65,0,5,0,여유,0,4,4,4,0.96,1,0,0,0,0,0,0,0,0,0,0,0,0,0,0,0,0,0
24,12,1,3,3.811,12,44,0,4,0,매우혼잡,0,4,4,3,1.38,1,0,0,0,0,0,1,0,0,0,0,1,1,0,0,0,0,1
33,6,0,11,1.457,19,23,0,3,0,보통,0,3,3,3,2.37,1,0,0,0,0,0,1,0,0,1,1,0,0,0,0,0,0,0
27,12,1,4,2.728,14,46,0,4,0,보통,0,3,3,3,1.65,1,0,0,0,0,0,0,1,0,0,0,0,0,0,0,0,0,0
29,1,0,3,3.386,4,39,1,,,보통,,,,,1.68,0,0,0,0,0,0,0,0,1,0,0,0,1,0,0,0,0,0
40,3,0,6,2.022,18,35,0,,,혼잡,,,,,1.75,0,0,0,0,0,0,0,0,0,0,0,0,0,0,0,0,0,0
45,6,0,10,1.557,5,44,0,2,0,보통,1,3,2,2,2.18,1,1,0,0,0,0,0,0,0,1,0,0,0,1,0,0,1,0
29,6,0,14,0.78,7,16,0,,,보통,,,,,1.57,0,1,0,1,0,0,0,1,0,0,1,1,0,1,0,0,0,0
24,12,1,14,1.148,8,30,0,,,혼잡,,,,,2.31,0,1,0,0,0,1,0,0,0,0,0,0,0,0,0,0,0,0
24,6,0,6,1.855,6,23,0,3,0,혼잡,0,4,3,3,1.68,1,0,1,0,0,0,0,0,0,0,0,0,1,0,0,0,0,0
17,12,0,60,1.628,3,23,1,,,보통,,,,,15.36,0,1,1,0,0,0,0,0,0,0,1,0,0,0,0,0,1,0
39,6,1,6,5.52,36,54,1,4,0,보통,0,4,4,4,4.71,1,0,0,0,0,0,0,0,0,0,0,0,0,0,0,0,0,0
34,6,0,18,1.003,36,17,0,1,1,보통,0,3,3,3,2.64,1,1,0,0,1,0,1,1,0,0,0,0,0,0,0,0,0,0
32,12,0,3,3.835,14,44,0,3,0,혼잡,0,3,3,4,1.43,1,0,0,0,0,0,1,0,0,0,0,0,0,0,0,0,0,0
35,1,0,5,2.495,1,25,0,3,0,여유,0,4,4,3,1.7,1,0,0,0,0,0,0,0,0,0,0,0,0,0,0,0,0,0
41,6,1,2,3.471,13,41,1,,,혼잡,,,,,1.03,0,0,1,0,0,0,0,0,0,0,0,1,0,0,0,0,0,1
32,12,0,1,4.998,15,57,1,,,여유,,,,,0.82,0,0,1,0,0,0,0,0,0,0,0,0,0,0,0,1,0,0
48,6,1,1,4.374,16,61,1,,,혼잡,,,,,0.9,0,0,0,0,0,0,0,1,0,1,0,0,0,0,0,0,0,0
28,3,0,8,1.49,6,36,0,2,0,매우혼잡,0,3,2,3,1.71,1,0,0,1,0,0,1,0,0,1,1,0,1,0,0,1,0,1
50,12,1,9,4.133,36,44,1,3,1,여유,0,5,4,5,5.22,1,0,0,0,0,0,0,0,0,0,0,0,0,0,0,1,1,1
33,12,1,4,2.65,2,25,0,3,0,보통,0,3,2,2,1.59,1,0,0,0,0,0,0,0,0,0,1,0,0,0,0,0,0,0
19,3,0,35,1.901,5,36,0,,,여유,,,,,9.52,0,1,0,0,0,0,0,0,0,1,0,0,0,0,0,1,1,0
35,3,0,6,1.924,1,53,0,,,여유,,,,,1.61,0,1,0,0,0,0,1,0,0,0,0,0,0,0,0,0,0,0
16,3,0,10,1.539,1,23,0,,,혼잡,,,,,2.26,0,1,0,0,0,0,0,0,0,1,0,1,0,0,0,0,0,0
31,12,0,3,2.505,3,42,0,3,0,혼잡,0,3,3,3,1.25,1,0,0,0,0,0,0,0,0,0,0,0,0,1,0,0,1,0
47,3,1,4,2.014,1,4,0,1,1,여유,0,3,3,4,1.02,1,0,0,0,0,0,0,0,0,0,0,0,0,0,0,0,0,0
18,6,1,5,2.676,3,46,0,,,여유,,,,,1.79,0,0,0,0,0,0,0,0,0,0,0,0,0,0,0,0,0,0
45,6,1,2,3.589,8,23,1,3,0,보통,0,3,4,4,1.14,1,0,0,0,0,0,0,0,0,0,0,0,0,0,0,0,1,0
44,12,1,6,2.251,8,17,1,3,0,보통,0,2,3,2,1.84,1,0,1,0,0,0,0,0,1,1,1,0,1,0,0,0,0,0
47,3,0,3,2.933,2,64,1,3,0,보통,0,3,3,3,1.17,1,0,0,1,0,0,0,0,0,0,0,0,0,0,0,0,0,0
33,6,0,9,1.911,1,25,0,2,0,보통,0,3,3,2,2.36,1,1,0,0,0,0,0,0,0,1,1,1,0,1,0,0,0,1
24,3,0,60,0.099,2,11,0,2,0,혼잡,0,2,2,2,3.1,1,1,0,0,0,0,1,1,1,0,1,0,0,0,1,1,0,0
26,1,0,4,2.439,3,27,0,,,보통,,,,,1.36,0,0,0,0,0,0,1,0,0,1,0,0,0,0,0,0,0,0
35,6,1,21,0.959,17,20,0,3,0,여유,0,2,3,2,2.82,1,0,0,0,0,0,0,0,0,1,0,0,0,0,0,0,0,0
31,6,1,4,2.186,3,20,0,,,여유,,,,,1.38,0,0,0,1,0,1,0,0,0,0,0,0,0,0,0,0,0,0
23,3,0,5,2.118,7,20,0,3,0,혼잡,0,3,2,2,1.46,1,0,0,1,0,0,0,1,0,1,1,0,0,1,0,0,0,0
22,3,0,1,4.437,6,62,1,4,0,여유,0,5,5,3,0.82,1,0,0,0,0,0,0,0,0,0,0,0,0,0,0,0,0,0
39,12,0,2,5.026,16,54,1,4,0,매우혼잡,0,4,5,4,1.09,1,0,0,0,0,0,0,0,0,0,0,0,0,0,0,1,0,0
45,12,0,60,1.047,6,22,0,2,0,혼잡,0,2,1,2,14.76,1,1,1,0,0,0,1,0,1,0,1,1,0,1,0,0,1,1
21,6,0,7,1.869,12,19,0,,,보통,,,,,1.91,0,0,0,0,0,0,0,0,0,0,0,0,0,0,0,0,0,0
60,12,1,4,2.09,12,31,0,3,0,보통,1,3,3,2,1.31,1,0,0,0,0,0,0,0,1,0,1,0,1,0,0,0,0,0
36,12,0,48,0.0,17,7,0,3,1,혼잡,0,3,4,3,2.04,1,0,0,1,0,0,0,0,0,0,0,0,1,0,1,0,0,0
32,6,0,3,3.786,6,45,0,,,여유,,,,,1.64,0,0,0,0,0,0,0,0,0,0,0,0,0,0,0,0,0,0
28,6,0,3,2.496,17,25,0,3,0,보통,0,3,4,3,1.11,1,0,0,0,0,0,0,0,0,0,0,0,0,0,0,0,0,0
31,6,1,4,2.864,22,25,1,,,여유,,,,,1.58,0,0,0,0,0,0,0,0,0,0,0,0,0,1,0,0,0,0
18,12,0,1,5.385,7,47,0,,,혼잡,,,,,1.02,0,0,1,0,0,0,0,0,0,0,1,0,0,0,0,0,0,0
30,12,0,5,2.107,24,30,1,3,0,혼잡,0,3,4,3,1.58,1,0,0,0,1,0,0,0,0,0,0,1,1,0,0,0,0,0
32,6,0,11,1.416,17,41,0,3,0,보통,0,3,3,3,2.28,1,1,0,0,0,0,0,0,0,0,0,0,0,0,0,0,0,0
26,3,0,3,2.555,2,34,1,2,0,보통,0,3,3,2,1.03,1,0,0,0,0,0,0,1,0,0,1,0,0,1,0,0,1,0
47,12,0,3,2.866,13,34,1,2,1,혼잡,0,3,3,3,1.25,1,1,0,0,1,0,1,0,0,0,1,1,0,0,0,0,1,0
23,6,0,26,0.603,4,17,0,3,0,보통,0,2,2,3,2.27,1,1,0,1,0,0,1,0,0,0,0,0,1,0,0,0,0,0
53,12,0,16,1.16,14,33,1,2,0,매우혼잡,0,2,3,2,2.64,1,1,1,0,0,0,1,0,0,0,1,1,0,1,0,1,0,0
28,12,1,12,1.534,8,17,0,3,0,혼잡,0,3,3,2,2.71,1,0,0,0,0,0,0,0,0,0,1,1,0,0,0,0,0,1
31,6,1,1,4.594,13,56,1,,,혼잡,,,,,0.94,0,0,0,1,0,0,1,1,0,0,1,0,0,0,0,0,0,0
55,6,1,4,3.223,8,27,1,,,보통,,,,,1.69,0,0,0,0,0,0,0,1,0,1,0,0,0,0,0,1,0,0
45,1,0,60,0.0,3,8,0,3,0,여유,1,3,2,1,2.88,1,1,0,1,0,0,1,1,0,0,0,1,1,1,0,1,0,1
28,12,1,1,5.452,15,43,1,4,0,혼잡,0,4,5,4,1.05,1,1,0,0,0,0,0,0,0,0,1,0,0,0,0,0,0,0
42,12,0,1,4.347,36,45,1,4,0,혼잡,0,4,5,3,0.83,1,0,0,0,0,0,0,0,0,0,1,0,0,0,0,0,0,1
32,6,1,3,3.222,4,42,0,,,보통,,,,,1.45,0,0,0,0,0,0,0,0,0,0,0,0,0,0,0,1,1,0
28,12,0,42,1.549,6,15,0,3,0,보통,0,3,3,2,9.21,1,1,0,0,0,0,0,0,0,0,1,0,1,0,0,0,0,1
39,12,1,10,1.9,1,17,0,2,0,보통,0,3,3,3,2.64,1,1,0,0,0,0,1,0,1,1,0,1,1,0,0,0,0,0
15,6,0,22,0.909,7,29,1,2,0,혼잡,1,2,3,1,2.87,1,1,1,0,0,0,0,0,0,0,1,1,1,1,1,1,1,0
43,3,0,3,2.482,1,36,0,,,혼잡,,,,,1.13,0,1,0,1,0,0,0,1,0,0,1,0,0,1,1,0,0,0
49,3,0,5,2.681,6,37,0,1,0,혼잡,0,3,3,3,1.8,1,0,0,0,0,0,0,0,0,1,0,0,0,0,0,1,0,0
50,12,0,29,0.538,17,16,0,2,0,혼잡,1,2,3,1,2.25,1,1,0,0,1,0,1,0,0,0,0,1,1,1,1,0,0,1
47,3,0,14,0.936,1,37,0,3,0,혼잡,0,3,4,3,1.89,1,0,0,0,0,0,1,0,0,0,0,0,0,0,0,0,0,1
21,3,1,2,4.052,9,52,0,5,0,여유,0,2,4,4,1.05,1,0,0,0,0,0,0,1,0,0,0,0,0,1,0,0,0,0
41,6,0,23,2.41,13,14,0,,,보통,,,,,7.76,0,1,0,0,0,0,0,0,0,0,1,0,0,0,0,0,0,1
36,3,1,55,0.332,8,11,0,,,여유,,,,,2.62,0,0,0,0,0,0,0,1,0,0,1,0,0,0,0,1,0,0
46,12,1,4,2.654,6,33,0,3,0,혼잡,0,3,3,3,1.7,1,1,0,0,0,0,1,0,0,0,0,1,0,0,0,1,0,0
19,6,1,2,4.304,11,58,0,4,0,혼잡,0,4,4,2,1.0,1,0,0,0,0,0,0,0,0,0,1,0,1,1,0,0,0,0
40,3,0,2,3.85,8,69,0,,,보통,,,,,1.05,0,0,0,0,0,0,0,0,0,0,0,1,0,0,0,0,0,0
28,12,0,9,1.665,24,33,0,3,0,매우혼잡,0,3,3,2,2.24,1,0,0,0,0,0,0,0,0,0,0,0,0,0,0,0,0,1
22,6,1,4,3.264,19,62,0,,,매우혼잡,,,,,1.65,0,0,0,0,0,0,0,0,0,0,1,0,1,1,0,1,0,0
48,3,0,45,0.403,6,11,0,,,보통,,,,,2.58,0,1,0,0,0,0,0,1,0,1,0,0,1,0,0,0,0,0
47,3,0,60,0.709,3,16,0,2,1,여유,0,3,3,4,9.35,1,1,0,0,0,0,0,0,0,0,0,0,0,0,0,0,1,0
19,3,0,20,1.027,1,12,0,,,혼잡,,,,,2.97,0,1,1,1,0,1,1,0,0,0,0,0,1,1,0,0,0,0
44,12,0,4,3.313,14,52,1,4,0,보통,0,3,5,3,1.78,1,0,0,0,0,0,0,1,0,0,0,0,0,0,0,0,0,0
35,6,1,3,3.056,2,27,0,,,혼잡,,,,,1.16,0,0,0,0,0,0,0,1,0,1,1,1,0,1,0,0,0,0
33,6,0,5,2.204,21,17,0,2,0,혼잡,0,3,3,3,1.5,1,0,0,0,0,0,0,0,0,0,0,0,0,0,1,0,0,0
40,3,0,1,5.071,3,62,1,,,보통,,,,,1.06,0,0,0,0,0,1,0,0,0,0,0,0,0,0,1,0,0,0
15,12,1,25,0.913,13,38,0,,,보통,,,,,3.28,0,1,1,0,0,0,0,1,0,0,0,0,1,0,1,0,0,0
15,3,1,12,1.752,1,22,0,,,보통,,,,,2.92,0,1,1,1,0,0,0,0,0,0,1,0,0,1,0,0,0,0
25,12,1,1,5.094,30,64,1,,,보통,,,,,1.01,0,0,0,0,0,0,0,0,0,0,0,0,0,0,0,0,0,0
41,3,1,2,3.785,1,35,0,3,0,매우혼잡,0,3,3,3,1.05,1,0,0,0,1,0,1,0,1,0,1,0,1,1,0,0,0,0
42,6,1,2,3.623,4,43,0,3,0,보통,0,3,4,3,1.26,1,0,0,0,0,0,0,0,0,1,0,0,0,0,0,0,1,0
29,12,1,3,2.657,5,47,1,,,보통,,,,,1.06,0,0,0,0,1,0,0,0,0,0,0,0,1,0,0,0,0,0
44,12,1,3,2.803,11,49,0,2,0,혼잡,0,4,3,3,1.28,1,0,0,0,0,0,0,1,0,0,0,1,0,1,0,0,0,1
49,3,0,49,0.0,6,0,0,,,매우혼잡,,,,,2.11,0,1,0,0,1,0,0,0,0,0,1,0,0,0,1,1,1,0
15,6,1,13,3.455,2,45,0,4,0,여유,0,4,5,4,6.25,1,1,0,0,0,0,0,0,0,0,0,0,0,0,0,0,0,0
27,6,1,12,1.857,6,19,1,,,보통,,,,,3.07,0,0,0,0,0,0,1,0,0,0,0,0,0,0,0,0,0,0
34,6,0,6,2.003,14,21,0,3,0,보통,0,4,3,2,1.63,1,0,0,0,0,0,0,0,0,1,1,1,0,0,0,0,0,0
45,12,0,10,1.688,6,23,0,,,매우혼잡,,,,,2.41,0,1,0,0,0,0,0,0,1,0,1,0,0,1,1,0,0,1
44,6,0,2,5.014,30,68,0,4,0,보통,0,4,4,4,1.1,1,0,0,0,0,0,0,0,0,0,0,0,0,0,0,1,0,0
34,6,1,15,1.36,7,13,0,,,보통,,,,,2.83,0,0,0,0,0,1,0,1,0,0,0,0,0,0,0,0,0,0
22,3,0,60,1.094,7,17,1,1,0,매우혼잡,1,2,2,1,12.87,1,1,1,0,1,0,0,0,0,0,1,1,1,0,1,1,0,1
32,12,0,4,2.501,9,31,1,,,보통,,,,,1.3,0,0,0,0,0,0,0,0,0,0,0,1,0,0,0,0,0,0
35,6,0,60,0.172,6,8,0,,,보통,,,,,2.59,0,0,0,1,0,0,0,0,0,0,0,0,0,0,0,1,0,0
40,12,1,5,6.254,4,48,1,4,0,보통,0,5,5,3,4.73,1,0,0,0,0,0,0,1,1,0,0,0,0,0,0,0,0,0
29,3,0,55,0.0,0,21,0,,,여유,,,,,2.34,0,1,0,0,0,0,0,0,0,0,0,0,0,0,0,0,0,0
42,6,0,4,3.055,7,36,0,3,0,혼잡,0,3,4,4,1.7,1,1,0,0,0,0,0,0,0,1,1,0,0,0,0,1,0,0
34,12,1,1,4.46,36,69,1,4,0,혼잡,0,5,5,4,0.82,1,0,0,0,0,0,1,0,0,0,0,0,0,0,0,0,0,0
48,6,0,14,1.06,6,28,0,,,매우혼잡,,,,,2.14,0,0,0,0,0,0,0,0,0,0,1,1,1,1,0,0,0,0
23,3,0,54,0.0,2,3,0,,,보통,,,,,2.32,0,1,1,0,1,0,0,0,0,1,0,1,0,1,0,0,0,0
21,12,0,3,2.364,1,46,0,3,0,보통,0,3,3,4,1.18,1,0,0,0,0,0,0,1,0,0,0,0,0,0,0,0,0,0
33,12,0,3,3.061,4,50,0,3,0,여유,0,3,2,3,1.19,1,0,0,0,0,0,0,0,0,0,1,0,0,0,0,1,0,0
35,3,0,15,1.323,1,25,1,3,0,여유,0,2,3,3,2.87,1,1,0,0,0,0,0,0,0,0,1,1,0,0,0,0,1,0
33,12,1,2,4.126,7,29,0,3,0,매우혼잡,0,4,2,3,0.91,1,0,0,1,0,0,0,0,0,0,0,1,0,1,0,1,0,0
23,6,0,6,2.188,23,47,0,,,보통,,,,,1.74,0,0,0,0,1,1,1,0,0,0,0,0,0,0,0,0,0,0
34,12,0,5,2.256,10,40,1,2,0,여유,0,3,3,2,1.6,1,1,0,0,0,0,0,0,0,0,0,0,0,1,1,0,1,0
44,3,0,19,0.99,25,29,0,,,보통,,,,,2.62,0,0,0,0,0,0,0,0,1,0,0,0,0,0,1,0,1,1
45,12,0,5,2.495,6,33,1,2,0,보통,0,2,3,2,1.91,1,0,1,0,0,0,0,0,0,0,1,0,0,0,0,0,0,0
46,1,0,60,0.0,3,15,0,,,혼잡,,,,,3.27,0,1,0,0,0,0,0,1,0,1,0,1,1,0,0,0,1,0
31,12,0,5,2.109,36,29,0,4,0,혼잡,0,3,3,3,1.65,1,0,0,0,1,0,1,0,0,0,1,1,0,1,0,0,1,0
37,1,1,18,0.811,2,16,0,,,여유,,,,,2.09,0,0,0,0,0,0,0,0,0,0,0,0,0,0,0,0,0,0
33,3,0,60,0.207,3,25,0,3,0,보통,0,3,3,2,2.64,1,1,0,1,0,0,0,0,0,0,0,0,0,0,0,0,0,0
43,6,1,1,4.301,13,35,0,,,보통,,,,,0.89,0,0,0,0,0,0,0,0,0,0,0,0,0,1,0,0,1,0
49,6,1,11,3.278,7,36,1,,,혼잡,,,,,5.3,0,0,0,0,0,0,0,0,0,0,1,1,0,0,0,0,0,0
51,12,0,11,1.601,8,19,0,,,보통,,,,,2.5,0,0,0,0,0,0,0,0,0,0,0,1,0,0,1,1,0,1
49,12,1,6,2.142,14,13,0,4,0,여유,0,4,3,4,1.73,1,0,0,0,0,0,0,0,0,0,0,0,0,0,0,0,0,0
15,3,0,18,0.902,14,11,1,2,1,혼잡,0,3,3,3,2.26,1,1,0,0,1,0,1,0,0,0,1,0,0,0,1,1,0,1
28,6,1,1,4.858,7,47,0,3,0,매우혼잡,0,4,3,4,0.98,1,0,1,0,0,0,0,0,0,0,1,0,0,0,0,0,0,0
48,6,0,3,2.886,2,61,0,,,혼잡,,,,,1.23,0,0,0,0,0,0,0,0,0,0,1,0,1,1,0,0,0,1
45,3,0,60,0.0,1,13,0,,,여유,,,,,14.09,0,1,0,0,0,0,0,0,0,0,0,0,1,0,0,0,0,0
48,12,0,14,1.486,6,23,0,2,0,혼잡,0,3,1,2,2.9,1,1,1,0,1,0,0,0,0,0,1,1,0,0,1,1,0,0
39,12,0,1,4.863,7,71,1,3,0,보통,1,5,4,4,0.91,1,0,0,0,0,0,0,0,0,0,1,0,0,0,0,0,0,0
30,6,0,3,3.323,2,37,0,3,0,혼잡,0,3,3,3,1.47,1,0,0,0,0,1,1,0,0,0,0,0,0,0,0,0,0,1
33,3,0,12,1.112,4,33,0,4,0,여유,0,4,3,4,1.9,1,0,0,0,0,0,0,0,0,0,0,0,0,0,0,0,0,0
55,6,0,60,0.0,3,9,0,,,혼잡,,,,,3.22,0,0,0,1,0,0,1,1,0,0,1,1,1,1,0,0,0,1
57,12,0,1,5.408,8,60,0,,,혼잡,,,,,1.09,0,0,0,0,0,0,0,0,0,0,0,0,0,0,0,0,0,0
28,12,1,2,4.182,17,52,0,3,0,보통,0,4,4,4,0.9,1,0,0,0,0,0,0,0,0,0,0,0,0,0,0,0,0,0
29,1,0,3,2.404,5,28,0,2,0,보통,0,2,3,3,1.11,1,0,0,0,0,0,0,1,1,0,0,0,0,0,0,1,0,0
15,1,0,4,2.245,2,36,0,,,여유,,,,,1.42,0,0,0,0,0,0,0,0,0,0,1,0,0,0,0,0,0,0
47,3,0,57,1.258,5,29,0,,,혼잡,,,,,10.16,0,1,1,0,0,0,0,0,0,0,0,1,1,1,0,0,0,1
37,12,0,3,3.054,12,43,1,3,0,혼잡,0,3,3,3,1.1,1,0,0,0,0,0,0,0,0,0,0,0,0,1,1,0,0,0
35,1,0,47,0.214,2,11,0,2,0,매우혼잡,0,2,2,1,2.0,1,1,0,0,0,0,0,0,1,1,1,1,1,0,0,0,0,0
33,6,1,4,3.105,14,28,0,3,0,여유,0,4,3,4,1.64,1,0,0,0,0,0,0,0,0,0,0,0,0,0,0,0,0,0
44,3,0,1,4.481,7,62,0,5,0,보통,0,4,4,3,0.82,1,0,0,0,0,0,0,0,0,0,1,0,0,0,0,0,0,0
43,12,0,59,0.0,5,21,0,,,혼잡,,,,,2.53,0,0,0,0,0,0,0,0,0,1,0,0,1,0,0,1,0,0
19,1,0,21,0.716,1,21,0,1,0,매우혼잡,1,1,3,1,2.15,1,1,0,0,0,0,0,0,1,1,1,1,1,1,0,1,1,1
25,1,0,2,3.024,4,46,0,3,0,보통,0,3,3,3,1.04,1,0,0,0,0,0,0,0,0,0,0,1,0,0,0,0,0,0
47,6,1,6,4.96,6,64,1,4,0,보통,0,4,5,4,3.92,1,0,0,0,0,0,0,0,0,0,0,0,0,0,0,0,0,0
35,3,1,3,3.515,1,62,1,,,여유,,,,,1.26,0,0,1,0,0,0,0,0,0,0,0,0,0,0,0,0,0,0
41,6,0,8,1.804,9,38,0,3,0,매우혼잡,0,4,3,3,1.98,1,0,1,0,0,0,0,0,0,0,0,0,0,0,0,1,0,0
48,6,0,2,4.105,21,45,1,3,0,매우혼잡,0,4,4,3,0.95,1,0,0,0,0,0,0,0,0,0,0,1,0,1,0,0,0,1
35,12,1,3,2.811,4,22,0,2,0,혼잡,0,3,3,4,1.2,1,0,1,0,0,0,0,0,0,1,1,0,0,0,1,1,0,1
36,6,0,4,2.404,16,40,0,3,0,보통,0,4,3,3,1.46,1,1,0,0,0,0,0,0,0,0,0,0,0,0,0,0,0,0
24,12,0,21,1.017,6,14,0,2,0,보통,1,3,2,1,3.07,1,1,0,0,1,0,0,0,0,0,0,0,0,1,0,0,0,0
20,12,0,2,3.777,36,60,0,4,0,보통,0,3,3,4,1.33,1,1,0,0,0,0,0,0,0,0,0,0,0,0,0,0,0,0
35,1,0,5,2.291,11,33,0,,,여유,,,,,1.5,0,0,1,0,0,0,0,0,0,0,0,1,1,0,0,0,0,0
28,1,1,1,4.979,4,53,1,,,보통,,,,,1.0,0,0,0,0,0,0,0,0,0,0,0,0,1,0,0,0,0,0
31,12,1,3,2.713,14,45,0,3,0,보통,0,3,3,4,1.07,1,0,0,0,0,0,1,0,0,0,0,0,0,0,0,0,0,0
44,3,0,3,2.581,2,34,0,,,보통,,,,,1.22,0,0,1,0,0,0,0,0,0,0,0,0,0,0,0,0,0,0
43,12,1,1,5.43,36,52,1,,,매우혼잡,,,,,0.89,0,0,0,0,0,0,0,0,0,0,1,0,0,0,0,1,0,0
44,6,0,12,1.215,5,28,0,2,0,보통,0,2,2,2,2.06,1,1,0,0,0,0,1,0,0,0,1,0,1,0,1,1,0,0
42,6,0,24,0.898,11,8,0,2,0,보통,0,3,2,1,3.1,1,1,0,0,0,0,0,0,0,0,1,1,0,0,0,0,0,1
51,12,0,32,1.747,7,17,1,2,1,여유,0,3,4,3,8.08,1,0,0,0,0,0,1,0,0,0,0,0,0,0,1,1,0,1
26,12,0,2,4.045,23,48,1,,,매우혼잡,,,,,0.96,0,0,0,0,0,0,0,0,0,0,0,0,0,1,0,1,0,0
15,6,0,3,2.76,4,40,0,3,0,혼잡,0,3,2,4,1.09,1,0,0,1,0,1,0,0,0,0,0,0,0,1,0,0,0,0
40,12,1,1,4.468,29,66,0,,,보통,,,,,0.83,0,0,0,0,0,1,0,0,0,0,1,0,0,0,0,0,0,0
46,12,0,3,3.961,5,56,0,5,0,보통,0,4,5,3,1.56,1,0,0,0,0,0,0,0,0,0,0,1,0,0,0,0,0,0
15,3,1,12,1.35,3,14,0,,,매우혼잡,,,,,2.24,0,1,0,0,0,0,1,0,1,0,0,1,1,1,0,1,0,0
35,3,0,60,0.335,1,17,0,3,0,보통,1,3,3,1,3.09,1,0,1,0,0,0,0,1,0,0,1,1,1,1,1,0,0,0
31,3,0,17,1.074,9,9,0,,,보통,,,,,2.66,0,0,0,0,1,0,0,0,0,0,0,0,0,0,1,0,0,0
34,12,0,13,1.183,36,26,0,,,혼잡,,,,,2.16,0,1,0,0,0,0,0,1,0,1,1,0,0,1,0,1,0,1
43,12,1,1,4.821,34,68,0,4,0,여유,0,4,4,5,0.86,1,0,0,0,0,0,0,0,0,0,0,0,0,0,0,0,0,0
38,12,1,2,4.044,13,56,0,4,0,보통,0,4,4,3,0.95,1,0,0,0,0,0,0,0,0,0,1,0,0,0,0,0,0,0
16,6,1,6,2.058,10,33,0,,,보통,,,,,1.85,0,0,0,0,1,1,1,0,0,0,1,1,0,0,1,0,0,0
23,3,0,17,0.866,0,19,0,,,혼잡,,,,,2.05,0,1,0,0,0,0,0,0,1,0,0,0,0,1,0,0,0,0
31,12,0,1,4.812,18,47,0,5,0,보통,0,5,5,3,0.89,1,0,0,0,0,0,0,0,0,0,1,0,0,0,0,0,0,0
27,1,1,5,2.648,1,26,1,,,보통,,,,,1.75,0,0,0,1,0,0,0,0,0,1,0,0,0,0,0,0,0,0
55,12,1,2,4.395,11,60,0,3,0,보통,0,4,4,4,1.02,1,0,0,0,0,0,0,0,0,0,0,0,0,0,0,0,0,0
54,3,0,6,2.031,11,18,0,2,0,혼잡,0,4,3,2,1.63,1,0,0,0,0,0,1,0,0,0,0,0,1,0,0,1,0,1
28,6,1,4,2.536,10,34,0,,,여유,,,,,1.33,0,0,0,0,0,0,0,0,0,0,0,0,0,0,0,0,0,0
40,3,0,21,0.993,2,11,0,,,혼잡,,,,,3.02,0,1,0,0,0,1,1,0,1,0,1,0,0,0,1,1,0,0
39,6,0,4,2.538,9,17,0,3,0,혼잡,0,4,3,3,1.58,1,0,0,0,1,0,0,0,0,0,1,1,0,0,0,0,0,0
42,6,0,4,2.251,7,23,0,,,여유,,,,,1.43,0,0,0,0,0,0,0,0,0,0,0,0,0,0,0,0,0,1
19,3,0,5,2.92,3,39,1,2,0,혼잡,0,2,2,1,2.16,1,1,0,0,0,0,0,0,0,0,1,1,0,1,1,1,0,1
48,12,1,5,2.314,10,50,0,,,매우혼잡,,,,,1.79,0,0,0,0,0,0,0,0,1,1,1,1,0,0,0,1,0,0
32,6,1,9,1.621,19,10,0,,,여유,,,,,2.17,0,0,0,1,0,0,0,0,0,0,0,0,0,0,0,1,1,0
47,12,0,2,3.309,23,40,1,4,0,보통,0,3,3,3,1.02,1,0,0,0,0,0,0,1,0,0,0,0,0,0,0,0,0,0
29,6,0,3,2.466,5,20,1,3,0,여유,0,3,5,3,1.08,1,0,0,0,0,0,0,0,0,0,0,0,1,1,0,0,0,0
31,12,0,4,2.645,2,36,1,3,0,혼잡,0,2,3,2,1.43,1,0,0,0,0,0,1,0,0,0,1,0,0,1,0,0,0,0
15,1,0,13,1.354,7,14,0,3,1,여유,0,2,2,4,2.6,1,1,1,0,0,0,0,1,0,0,0,0,0,0,0,0,0,0
36,6,0,10,1.756,0,42,0,,,보통,,,,,2.43,0,0,0,0,0,0,0,0,0,1,0,1,0,0,0,0,0,0
44,3,0,25,0.77,1,5,0,,,혼잡,,,,,2.74,0,1,0,0,0,0,0,0,1,1,0,1,0,1,0,0,0,1
15,6,0,36,0.614,2,19,0,,,여유,,,,,3.13,0,1,0,0,0,1,0,0,0,0,0,0,0,0,0,0,0,0
33,12,0,1,4.836,13,47,0,4,0,혼잡,0,4,4,4,0.85,1,0,0,0,0,0,0,0,0,0,0,0,0,0,0,0,0,0
35,6,0,3,3.66,3,36,1,3,0,보통,0,3,4,2,1.8,1,0,0,0,0,0,0,0,1,0,0,1,0,0,0,0,0,0
18,12,0,32,0.611,4,7,0,2,0,혼잡,0,3,2,1,2.76,1,1,0,0,1,0,0,1,0,0,0,0,1,0,1,1,0,0
35,6,0,1,5.92,27,71,1,5,0,여유,0,5,5,4,0.81,1,0,0,0,0,0,0,0,0,0,0,0,0,0,0,0,0,0
30,3,0,4,3.002,9,49,0,4,0,보통,0,4,4,5,1.61,1,0,0,0,0,1,0,0,0,0,0,0,0,0,0,0,0,0
15,3,1,4,2.086,4,25,0,,,여유,,,,,1.21,0,0,0,0,0,0,0,0,0,0,0,0,0,0,1,1,0,1
28,1,0,46,0.0,1,14,0,2,1,여유,0,2,3,3,1.95,1,0,0,0,0,0,0,0,0,0,0,0,0,0,0,0,1,0
33,12,1,2,3.477,13,45,1,3,0,보통,0,3,5,3,1.03,1,0,0,0,0,0,0,0,1,0,0,0,0,0,0,0,0,0
55,3,0,22,0.946,7,9,0,,,보통,,,,,3.03,0,1,1,0,0,0,1,0,0,0,1,0,0,1,0,0,0,0
20,6,0,4,3.083,4,41,0,,,보통,,,,,1.8,0,0,0,0,0,0,0,0,0,0,0,0,0,0,0,0,0,0
23,12,1,2,3.903,13,49,0,4,0,보통,0,5,5,4,1.06,1,0,0,0,0,0,0,0,0,0,0,0,0,0,0,0,0,0
15,12,0,11,2.99,20,34,0,,,매우혼잡,,,,,4.75,0,1,0,0,0,0,0,1,0,0,1,1,1,1,0,0,0,0
45,12,0,2,4.156,2,39,1,4,0,보통,0,4,4,4,1.02,1,0,0,0,0,0,0,0,0,0,0,0,0,0,0,0,0,0
33,6,0,14,1.135,12,16,1,2,0,보통,0,2,3,2,2.2,1,1,0,0,0,0,0,0,0,0,0,0,0,0,0,0,0,0
25,12,0,60,0.82,0,15,0,,,보통,,,,,9.04,0,1,0,1,0,1,0,0,0,0,1,0,0,1,0,1,0,0
28,6,0,3,3.208,5,24,0,4,0,여유,0,3,4,3,1.3,1,0,0,0,0,0,0,0,0,0,0,0,1,0,0,1,0,0
33,1,0,11,1.482,2,35,0,4,0,보통,0,2,3,4,2.28,1,0,1,1,0,0,1,0,0,0,0,0,0,0,0,1,0,0
24,3,1,4,2.469,3,24,0,4,0,보통,0,3,3,3,1.5,1,0,1,0,0,0,0,0,0,0,1,0,0,0,0,0,1,0
30,12,0,1,4.972,15,43,1,,,보통,,,,,0.92,0,0,0,0,0,0,0,0,0,0,1,0,1,0,0,0,0,1
40,3,0,6,2.08,1,27,0,,,보통,,,,,1.67,0,1,0,0,0,0,0,0,0,0,1,0,0,0,0,0,0,0
56,6,0,1,4.565,10,63,1,3,0,혼잡,0,4,5,3,0.96,1,0,0,0,0,0,0,0,0,0,1,1,0,0,0,0,0,0
41,12,1,10,1.789,5,4,0,,,혼잡,,,,,2.59,0,0,0,0,1,0,0,0,0,0,0,1,0,0,0,1,1,0
40,3,0,8,1.933,7,43,0,4,0,여유,0,3,4,4,2.27,1,1,0,0,0,0,0,0,0,0,0,0,0,0,0,0,0,0
36,3,1,22,0.973,6,17,0,2,0,여유,0,3,3,2,2.99,1,1,0,0,0,0,0,0,0,1,0,0,0,0,0,0,0,1
46,1,0,10,1.908,1,51,0,,,여유,,,,,2.71,0,1,0,1,0,0,0,0,0,0,0,0,0,0,0,0,0,0
33,3,0,13,1.08,4,16,0,,,매우혼잡,,,,,2.0,0,1,1,1,0,0,0,0,0,1,1,0,1,1,0,1,1,0
42,3,0,13,1.799,3,21,0,,,보통,,,,,3.28,0,0,0,0,0,0,0,0,0,1,0,0,0,0,0,0,0,1
18,1,0,7,1.665,3,17,0,,,혼잡,,,,,1.75,0,0,0,0,0,0,0,0,0,0,1,0,0,0,0,1,1,0
36,1,0,4,2.757,3,49,1,3,0,여유,0,3,4,3,1.7,1,0,0,0,0,0,0,0,0,0,0,0,1,0,1,1,0,0
41,3,0,5,2.568,6,30,0,,,매우혼잡,,,,,1.93,0,1,1,0,1,0,1,0,0,0,1,0,0,0,1,0,1,0
39,12,0,10,1.669,12,39,0,3,0,보통,1,3,3,2,2.44,1,0,0,0,1,0,0,0,0,0,1,0,0,0,0,0,0,0
39,3,0,37,0.463,2,21,0,,,혼잡,,,,,2.48,0,1,0,0,0,0,0,0,1,1,1,1,0,0,1,1,1,0
24,6,0,11,0.988,16,31,0,,,혼잡,,,,,1.52,0,0,1,0,0,0,0,0,0,0,0,0,0,0,0,1,0,0
32,6,0,1,4.507,6,62,0,4,0,보통,0,4,5,3,0.88,1,0,0,0,0,0,0,0,0,0,0,0,0,0,0,0,0,0
58,3,0,22,0.986,1,26,0,2,0,매우혼잡,0,2,1,1,3.13,1,1,0,0,1,0,0,1,0,0,1,0,1,1,0,0,1,0
44,12,1,4,2.28,3,28,0,,,혼잡,,,,,1.37,0,0,0,0,0,1,0,0,0,0,1,1,1,1,0,0,0,0
38,1,0,58,0.011,2,15,0,,,혼잡,,,,,2.49,0,0,0,0,0,0,1,1,0,0,0,1,1,0,1,1,0,0
47,6,1,2,3.156,2,45,0,3,0,혼잡,0,3,3,4,1.07,1,0,0,0,0,0,0,0,0,0,0,0,0,0,1,0,0,0
27,6,1,2,4.767,9,72,0,,,매우혼잡,,,,,1.05,0,0,0,0,0,0,0,0,0,0,1,1,1,0,1,0,0,1
46,3,0,7,1.907,4,39,0,3,0,혼잡,0,3,3,3,1.86,1,0,0,0,1,0,0,0,0,1,0,0,0,1,0,0,0,0
42,3,0,4,2.555,2,42,0,2,0,혼잡,0,3,3,3,1.47,1,0,0,0,0,0,0,0,0,0,1,1,0,0,0,0,0,0
50,12,1,1,5.663,10,62,0,,,여유,,,,,1.02,0,0,0,0,0,0,0,0,0,0,0,0,0,0,0,0,0,0
31,6,1,3,3.712,3,41,1,3,0,보통,0,3,5,4,1.67,1,0,0,0,0,0,0,0,0,0,1,0,0,0,0,0,0,0
48,6,1,7,1.82,1,37,0,,,여유,,,,,1.82,0,0,0,0,0,0,0,0,1,0,0,1,0,0,0,0,0,0
55,1,0,28,0.712,1,18,0,,,여유,,,,,2.89,0,1,1,0,0,0,0,0,0,1,0,0,0,1,0,0,1,0
39,6,0,3,2.935,36,29,1,3,0,보통,0,4,3,3,1.16,1,0,0,0,0,0,0,0,0,0,0,1,0,0,0,0,0,0
34,12,0,1,4.725,32,53,1,,,여유,,,,,0.93,0,0,0,0,0,0,0,0,0,0,0,0,0,1,0,0,0,0
29,12,1,6,4.06,18,46,1,3,0,보통,0,3,4,4,3.37,1,0,0,0,0,0,0,0,0,0,0,0,0,0,0,0,0,0
54,3,0,9,1.687,2,32,1,,,매우혼잡,,,,,2.06,0,1,0,0,0,0,0,1,0,0,1,1,1,1,0,1,1,0
21,1,0,20,0.928,7,2,0,1,1,혼잡,0,3,4,3,2.59,1,0,0,0,0,0,0,0,0,0,0,0,0,0,0,1,0,1
46,3,0,2,4.383,9,60,0,4,0,여유,0,4,4,5,1.09,1,0,0,0,0,0,0,0,0,0,0,0,0,0,0,0,1,1
38,12,0,3,3.521,5,60,0,4,0,보통,0,4,4,3,1.43,1,0,0,0,0,0,0,0,0,0,0,0,0,0,0,0,0,0
21,12,1,1,4.865,13,60,1,4,0,여유,0,4,4,4,0.87,1,0,0,0,0,0,0,0,0,0,0,0,0,0,0,0,0,0
37,12,1,9,1.931,27,29,0,3,0,매우혼잡,0,3,2,3,2.47,1,0,0,0,0,0,1,0,0,0,1,1,0,0,0,1,0,0
37,1,0,4,2.361,7,28,0,3,0,매우혼잡,0,2,3,3,1.3,1,1,0,0,0,0,1,0,1,0,1,0,0,0,1,0,0,1
32,12,1,51,0.298,7,21,0,,,여유,,,,,2.17,0,1,1,0,0,1,1,0,0,0,0,0,0,0,0,1,0,1
41,12,0,13,1.412,13,21,0,2,0,보통,1,2,2,1,2.54,1,1,1,0,0,1,1,0,0,0,0,1,0,1,1,0,0,1
26,3,0,2,3.284,3,49,1,,,혼잡,,,,,1.03,0,0,0,0,0,0,1,0,0,0,0,0,1,0,0,0,0,0
45,3,1,3,2.437,1,16,0,,,보통,,,,,1.13,0,0,0,0,0,0,0,0,0,1,0,0,0,0,0,1,0,1
36,6,1,4,3.102,10,39,0,3,0,여유,0,4,4,3,1.64,1,0,0,0,0,0,0,0,0,0,0,0,0,0,0,0,0,0
32,12,0,3,3.856,2,49,0,4,0,매우혼잡,0,4,3,4,1.47,1,0,0,0,0,0,0,0,0,0,1,0,0,1,0,0,0,0
43,12,1,1,4.749,5,59,1,5,0,보통,0,4,4,3,0.8,1,0,0,0,0,0,1,0,0,0,0,0,0,0,0,0,0,0
42,3,1,1,5.457,8,69,0,4,0,보통,0,3,4,4,1.04,1,0,0,0,0,0,1,0,0,0,0,0,0,1,0,0,0,0
38,3,0,54,0.0,7,9,0,,,혼잡,,,,,2.3,0,1,0,0,0,0,0,0,0,0,1,1,1,0,1,1,1,1
33,12,1,3,3.483,10,43,0,3,0,보통,0,3,3,3,1.3,1,0,0,0,0,0,0,0,0,0,0,1,0,0,0,0,0,0
35,1,1,3,3.888,2,32,0,3,0,여유,0,3,3,4,1.4,1,0,0,0,0,0,0,0,1,0,0,0,0,1,0,0,0,0
45,12,0,3,3.831,16,41,1,,,혼잡,,,,,1.5,0,0,0,0,0,0,0,0,0,0,1,1,1,1,0,0,0,1
26,12,0,13,2.255,13,40,0,,,혼잡,,,,,4.03,0,0,0,0,0,0,0,0,0,0,1,0,0,0,0,0,0,0
15,12,0,2,4.954,32,63,0,3,0,매우혼잡,0,4,4,4,1.08,1,0,0,0,0,0,0,0,0,0,0,0,0,0,1,0,0,0
38,3,0,4,2.498,9,44,0,3,0,혼잡,0,4,2,3,1.38,1,0,0,0,0,0,0,0,0,0,0,1,0,0,0,0,0,0
40,12,0,2,3.574,8,42,1,4,0,여유,0,2,3,2,1.2,1,1,1,0,0,0,0,1,0,0,0,0,0,0,0,0,0,0
28,1,0,17,2.59,2,36,1,2,0,혼잡,0,3,4,3,6.29,1,1,0,0,0,0,0,0,0,0,0,1,0,1,0,0,0,1
44,6,0,11,1.567,2,25,0,2,0,혼잡,0,2,3,2,2.49,1,1,0,0,0,0,1,1,0,0,1,1,0,0,1,0,0,0
15,12,0,4,3.088,28,28,1,4,0,보통,1,3,4,2,1.67,1,0,0,0,0,0,0,0,0,0,1,0,0,1,0,0,0,0
46,1,1,4,2.285,3,29,0,,,보통,,,,,1.41,0,0,0,0,0,0,0,0,0,0,0,0,0,1,0,0,0,1
29,12,0,4,2.093,36,31,0,,,혼잡,,,,,1.18,0,0,0,1,0,0,0,0,0,0,0,1,0,1,0,0,1,1
25,12,1,2,4.23,34,38,1,3,0,여유,0,3,4,4,0.91,1,0,0,0,0,0,0,1,0,0,0,0,0,0,0,0,0,0
32,1,0,1,4.33,7,57,0,5,0,여유,0,4,4,4,0.91,1,0,0,0,0,0,0,0,0,0,0,0,1,0,0,0,0,0
34,12,1,6,5.362,16,48,1,4,0,보통,1,3,5,3,4.58,1,0,0,0,0,0,0,0,1,0,1,0,1,0,0,0,0,0
26,1,0,5,2.226,0,31,0,,,보통,,,,,1.72,0,0,0,0,0,0,0,0,0,0,0,1,0,0,0,0,0,1
36,1,0,18,1.277,6,18,0,2,0,혼잡,1,2,3,1,3.28,1,0,0,0,0,1,0,1,0,0,1,1,1,1,1,0,0,0
33,12,1,1,5.218,12,57,0,,,보통,,,,,1.02,0,0,1,0,0,0,0,0,0,0,1,1,0,0,0,0,0,0
32,3,0,6,2.064,5,47,0,,,보통,,,,,1.66,0,1,0,0,0,0,0,0,0,0,1,0,0,0,0,0,1,0
34,3,1,2,3.167,4,35,0,,,혼잡,,,,,1.03,0,0,0,0,0,0,0,0,0,0,1,1,0,0,0,0,0,0
44,1,1,28,2.373,1,27,0,3,0,보통,0,3,4,4,9.66,1,1,0,0,0,0,1,0,0,1,0,0,0,0,0,0,0,0
27,12,0,3,3.037,21,32,0,,,보통,,,,,1.39,0,0,0,0,1,1,0,0,0,0,0,0,0,0,0,0,0,0
29,1,0,2,4.311,1,39,1,,,보통,,,,,0.97,0,0,0,0,0,0,0,0,0,0,0,0,0,0,0,0,0,1
42,12,0,9,5.065,5,60,1,5,0,여유,0,5,5,4,6.18,1,0,0,0,0,1,0,0,0,0,0,0,0,0,0,0,0,0
36,6,1,6,2.032,3,34,0,,,보통,,,,,1.64,0,1,0,0,0,0,0,0,0,0,0,0,0,1,1,0,0,0
18,12,0,6,2.018,2,41,0,3,0,여유,0,3,3,3,1.77,1,1,0,0,0,0,1,0,0,0,0,0,0,0,0,0,0,0
24,12,0,19,1.097,27,21,0,,,보통,,,,,3.02,0,1,0,1,0,0,0,1,0,0,0,0,0,0,0,0,0,0
33,1,1,3,3.332,3,46,0,,,보통,,,,,1.33,0,0,0,0,0,0,0,0,0,1,1,0,1,0,0,0,0,0
33,6,0,3,3.251,9,39,0,2,0,혼잡,0,3,3,4,1.24,1,0,1,0,0,0,0,0,0,0,1,0,1,0,0,0,0,0
29,12,0,6,2.104,14,43,0,,,여유,,,,,1.71,0,0,0,0,0,0,0,1,0,0,1,0,0,0,0,0,0,0
46,6,1,3,3.51,1,44,1,,,보통,,,,,1.64,0,0,0,0,0,0,0,0,0,0,0,0,0,0,0,0,0,0
27,12,0,3,2.778,11,32,1,3,0,보통,1,3,4,2,1.2,1,0,0,0,0,0,0,1,0,0,0,0,0,0,0,0,0,0
34,12,0,4,2.145,3,33,0,3,0,여유,0,4,4,4,1.24,1,0,0,0,0,0,0,0,0,0,0,0,0,0,0,0,0,1
29,12,0,11,1.883,5,29,0,,,혼잡,,,,,2.9,0,0,0,0,0,1,0,0,0,1,0,0,0,0,0,0,1,0
28,12,0,6,2.002,16,35,0,,,여유,,,,,1.64,0,0,0,0,1,0,0,0,0,0,0,0,0,0,0,0,0,0
27,12,0,15,1.235,14,12,0,,,보통,,,,,2.62,0,1,0,0,0,0,0,0,0,0,0,0,1,1,0,0,1,0
31,1,0,3,2.549,1,40,0,4,0,여유,0,2,3,3,1.2,1,1,0,0,0,0,0,0,1,0,0,0,0,0,0,0,0,0
34,3,0,3,3.423,5,29,0,,,보통,,,,,1.4,0,0,0,0,0,0,0,0,0,0,0,0,0,0,0,0,0,0
31,6,0,8,1.793,4,23,0,4,0,혼잡,1,4,3,2,2.17,1,0,0,0,0,0,0,0,0,0,1,1,1,0,0,0,0,0
15,12,1,2,5.015,2,53,1,4,0,매우혼잡,0,4,4,4,1.1,1,0,0,0,0,0,0,0,0,0,0,1,0,1,0,0,0,0
34,12,0,1,5.97,11,88,1,,,혼잡,,,,,0.9,0,0,0,0,1,0,0,0,0,0,0,1,0,0,0,0,0,0
23,12,0,2,4.912,9,53,1,4,0,혼잡,0,4,5,4,1.09,1,0,0,0,0,0,0,0,0,0,0,0,0,0,0,0,0,0
34,3,1,3,3.211,3,53,0,,,보통,,,,,1.46,0,0,0,0,0,0,0,0,0,0,1,1,0,0,0,0,0,0
50,12,0,60,0.0,3,5,0,2,1,여유,0,3,3,4,7.33,1,1,0,0,0,0,0,0,0,0,0,0,0,0,0,0,1,0
40,3,0,2,3.955,5,53,1,,,여유,,,,,1.28,0,0,0,0,0,0,0,0,0,0,0,0,0,0,0,0,0,0
34,3,1,11,3.13,8,48,0,2,0,보통,0,2,3,2,5.11,1,1,0,0,0,0,0,0,0,0,0,1,0,0,0,0,0,0
15,6,0,53,0.002,7,10,1,,,여유,,,,,2.29,0,0,0,0,0,0,0,0,0,0,0,0,0,0,0,0,0,0
33,12,1,3,3.69,2,67,0,4,0,매우혼잡,0,4,3,4,1.77,1,0,1,0,0,0,0,0,0,0,0,0,0,0,0,0,0,0
20,12,0,8,4.362,6,65,0,,,혼잡,,,,,4.89,0,0,0,0,0,0,0,0,0,0,1,0,0,1,1,0,0,0
44,1,0,43,0.0,3,5,0,2,1,보통,0,2,3,3,1.83,1,1,0,1,0,0,1,0,1,1,0,0,0,0,0,0,0,0
49,3,0,6,1.967,7,30,0,3,0,보통,1,4,3,2,1.82,1,0,0,0,0,0,0,0,0,0,1,1,0,0,0,0,0,0
19,1,1,1,5.659,7,45,1,4,0,보통,0,4,5,4,1.03,1,0,0,0,0,0,1,0,0,0,0,0,0,0,0,0,0,0
28,3,0,3,3.774,6,46,0,,,매우혼잡,,,,,1.7,0,0,0,0,0,0,0,0,1,0,0,0,0,0,1,0,1,0
42,6,0,2,4.297,7,55,0,3,0,혼잡,0,3,3,3,1.08,1,0,0,0,0,0,0,0,0,0,0,0,0,0,0,1,0,0
22,6,0,26,2.546,8,42,0,3,0,보통,0,4,4,4,9.45,1,1,0,0,0,0,0,0,0,0,0,0,0,0,0,0,0,0
28,3,0,5,2.124,7,49,0,,,혼잡,,,,,1.55,0,0,0,0,0,0,0,0,0,0,0,0,1,0,0,0,0,1
26,3,1,2,3.541,3,44,0,3,0,혼잡,0,4,2,3,1.02,1,0,0,0,0,0,0,0,0,0,1,1,0,1,0,0,0,0
29,12,0,1,4.47,18,47,0,4,0,보통,0,3,3,5,0.81,1,0,0,0,0,0,0,0,0,0,0,0,0,0,0,0,0,1
30,3,0,4,2.605,8,32,0,3,0,여유,0,3,3,4,1.41,1,0,0,0,0,0,0,1,0,0,0,0,0,0,0,1,0,0
37,12,0,1,4.92,2,47,0,,,보통,,,,,0.99,0,0,0,0,0,0,0,0,0,1,0,0,0,0,0,0,0,0
25,3,0,26,0.875,3,20,0,,,보통,,,,,3.29,0,1,0,1,0,0,0,0,0,0,0,0,0,0,1,0,0,0
44,6,1,1,5.276,6,68,1,,,보통,,,,,0.97,0,0,0,0,0,0,0,0,1,0,0,0,0,0,0,0,0,0
40,12,0,3,3.244,20,23,1,2,0,매우혼잡,0,3,4,2,1.18,1,0,0,0,0,1,1,0,0,0,0,0,0,1,0,1,0,1
28,3,0,7,1.611,7,27,1,2,0,혼잡,0,2,4,3,1.57,1,0,0,0,0,0,0,0,0,0,1,0,0,0,0,0,0,0
25,1,1,14,1.562,2,13,0,2,0,혼잡,0,2,2,3,3.13,1,1,0,0,0,0,0,0,1,0,0,0,0,0,0,1,0,1
44,12,0,3,2.794,17,36,1,,,여유,,,,,1.3,0,0,0,0,0,0,0,0,0,0,0,0,0,0,0,0,0,0
19,6,0,12,1.451,1,29,0,,,보통,,,,,2.53,0,1,0,1,0,0,0,0,0,0,1,1,1,1,0,0,0,0
28,12,0,3,3.555,16,54,0,4,0,보통,0,3,4,3,1.44,1,0,0,0,0,0,0,0,0,0,1,1,0,0,0,1,0,0
51,3,0,4,2.752,2,37,0,,,매우혼잡,,,,,1.72,0,0,0,0,1,0,0,1,0,0,1,0,0,1,0,0,0,1
38,6,0,3,2.402,10,43,0,,,여유,,,,,1.11,0,0,0,1,0,1,0,0,0,0,0,0,0,0,0,0,1,0
22,3,0,26,0.658,1,25,0,,,보통,,,,,2.45,0,1,0,0,0,1,0,0,0,0,0,0,1,0,1,0,0,0
42,3,1,4,2.53,21,42,0,,,매우혼잡,,,,,1.5,0,0,0,0,1,0,0,0,0,1,1,0,1,0,1,0,0,0
15,12,1,2,4.586,8,47,0,4,0,여유,0,5,5,5,1.07,1,0,0,0,0,0,0,0,0,0,0,0,0,0,0,0,0,0
36,12,1,4,2.497,6,41,0,,,보통,,,,,1.33,0,0,0,1,0,0,0,1,1,0,1,0,0,0,0,1,0,0
52,6,0,6,2.059,13,55,0,4,0,혼잡,1,3,3,2,1.7,1,0,0,0,0,0,0,0,0,0,0,1,0,1,0,0,0,1
39,6,0,3,3.387,12,40,0,3,0,보통,0,4,4,3,1.35,1,0,0,0,0,0,0,0,0,0,1,1,0,0,0,0,1,0
15,3,1,14,1.235,7,19,0,,,혼잡,,,,,2.54,0,1,0,0,0,0,0,1,0,0,1,1,0,0,0,1,1,0
16,1,1,2,4.006,3,42,0,3,0,여유,0,4,3,4,0.98,1,0,0,0,0,0,0,0,0,0,0,0,1,0,0,0,0,0
29,12,0,4,2.288,7,38,0,,,보통,,,,,1.43,0,1,0,0,0,0,0,0,1,0,1,0,0,0,1,0,0,0
30,12,0,3,2.899,3,23,0,3,0,여유,0,3,4,4,1.29,1,0,0,0,0,0,0,0,1,0,0,0,0,0,0,0,0,1
35,6,0,6,2.112,5,30,1,,,매우혼잡,,,,,1.9,0,0,0,0,0,1,0,1,0,0,1,1,0,1,0,0,0,0
40,12,0,8,1.962,3,31,1,2,0,매우혼잡,0,3,4,2,2.11,1,0,0,0,0,0,0,0,0,0,1,0,0,1,0,1,0,0
43,12,0,13,1.209,7,26,0,3,0,혼잡,0,2,2,1,2.3,1,1,0,1,0,1,0,0,0,1,1,1,1,1,0,1,0,0
42,12,0,3,3.003,14,42,1,4,0,보통,0,3,4,2,1.18,1,0,0,0,0,0,0,0,0,0,1,0,0,0,0,0,0,0
45,6,1,1,4.628,2,44,0,,,혼잡,,,,,0.85,0,0,0,0,0,0,0,1,0,0,0,1,0,0,0,0,0,0
41,12,0,27,0.843,1,29,1,1,0,매우혼잡,1,2,3,1,3.26,1,0,0,0,0,0,0,0,1,0,1,0,1,0,1,0,0,1
33,6,1,4,2.284,8,27,0,,,여유,,,,,1.24,0,0,0,0,1,0,0,1,0,0,0,0,0,0,0,0,0,0
27,12,0,4,2.493,7,50,0,3,0,보통,0,4,3,4,1.26,1,0,0,0,1,0,0,0,0,0,0,0,0,0,0,0,0,0
37,12,0,4,2.86,26,36,0,4,0,여유,0,3,3,3,1.57,1,0,0,0,0,0,0,0,0,0,0,0,0,0,0,0,0,0
27,12,0,9,1.743,11,17,0,3,0,보통,0,2,3,3,2.29,1,1,0,0,0,0,0,0,0,0,0,0,1,0,0,0,0,0
32,12,0,5,2.004,6,26,0,,,여유,,,,,1.51,0,0,0,0,0,0,0,0,0,0,0,0,0,0,1,0,0,0
15,6,0,4,2.163,6,40,0,3,0,보통,0,4,4,1,1.22,1,1,0,0,0,0,0,0,0,0,0,0,1,1,0,0,0,0
23,3,0,60,0.172,1,0,0,,,혼잡,,,,,3.09,0,1,0,0,1,0,0,0,1,0,0,0,1,0,0,1,1,0
24,12,1,1,4.191,19,65,0,,,혼잡,,,,,0.81,0,0,0,0,0,0,0,0,0,0,0,1,0,0,0,0,0,1
39,6,0,5,2.408,20,41,1,4,0,보통,0,3,3,3,1.62,1,0,0,0,1,1,0,0,0,0,0,0,1,1,0,0,0,0
36,12,0,3,3.265,3,33,0,,,보통,,,,,1.35,0,0,0,0,0,0,0,0,0,1,1,0,0,0,0,0,1,0
39,12,0,52,0.05,7,0,0,3,0,여유,0,3,3,3,2.21,1,0,0,0,0,0,0,0,0,0,0,0,0,0,1,0,1,0
32,6,0,13,1.63,13,17,1,3,0,여유,0,2,3,3,2.98,1,1,0,0,0,0,1,0,0,1,0,0,0,0,0,0,0,0
50,1,0,60,0.549,0,15,0,,,혼잡,,,,,14.43,0,1,0,0,0,0,1,0,1,0,0,1,1,0,0,0,0,0
28,12,0,1,4.838,22,68,1,,,매우혼잡,,,,,0.82,0,0,0,0,0,0,0,0,0,0,1,0,0,1,0,0,0,0
17,3,0,2,3.916,6,43,0,4,0,혼잡,0,4,4,5,1.19,1,0,0,0,0,0,0,1,0,1,0,0,0,0,0,0,0,0
15,12,0,60,0.0,6,14,0,,,혼잡,,,,,3.14,0,1,0,0,0,0,1,1,0,0,0,0,0,0,1,0,0,0
50,12,1,3,2.579,28,46,0,4,0,보통,0,4,3,3,1.11,1,0,0,0,0,0,0,0,0,0,0,0,0,0,0,0,0,0
37,6,0,3,2.962,2,32,0,3,0,여유,0,4,3,2,1.45,1,0,0,0,0,0,0,1,0,0,0,0,0,0,0,0,0,0
37,12,1,10,1.3,7,13,0,2,1,보통,0,3,2,3,1.81,1,0,0,0,0,0,0,1,0,0,0,0,0,1,1,0,0,1
42,6,0,6,2.098,4,31,0,,,여유,,,,,1.71,0,0,0,0,0,0,0,0,0,0,0,0,0,0,0,0,0,0
39,6,0,3,3.105,6,44,1,,,보통,,,,,1.28,0,0,0,0,0,0,1,0,0,0,1,1,0,1,0,0,0,0
29,3,0,60,0.026,7,14,0,,,보통,,,,,7.94,0,1,0,0,0,0,0,0,0,0,0,0,0,0,0,1,1,1
15,12,0,11,1.01,5,31,0,,,보통,,,,,1.54,0,1,0,0,0,0,0,0,0,0,0,0,0,0,0,0,1,0
30,6,0,5,2.16,17,35,0,3,0,보통,0,3,3,3,1.53,1,0,0,0,0,0,0,0,0,1,0,0,0,0,0,0,0,1
50,3,0,13,1.685,2,22,0,,,보통,,,,,3.11,0,1,0,0,0,1,0,1,0,0,0,0,0,1,1,0,0,0
53,3,0,5,2.314,1,31,0,,,여유,,,,,1.6,0,0,0,0,0,0,0,0,0,0,0,0,0,1,0,0,0,0
58,3,0,43,1.527,2,8,0,,,보통,,,,,9.29,0,1,0,0,0,0,0,0,0,0,1,0,1,1,0,0,0,0
43,6,0,60,0.0,8,8,0,2,0,보통,0,2,2,2,2.64,1,1,0,0,0,0,1,0,0,0,1,0,1,1,0,0,0,1
20,3,0,4,3.33,6,44,0,3,0,보통,0,3,3,3,1.73,1,0,0,0,0,0,0,0,0,0,0,0,0,0,0,1,1,0
43,12,0,3,3.558,23,47,0,4,0,혼잡,0,3,3,3,1.71,1,0,0,0,0,1,0,0,1,0,0,0,1,0,0,0,0,0
28,3,1,31,2.006,5,11,0,,,여유,,,,,8.77,0,1,0,0,0,0,1,0,0,0,0,0,0,0,0,1,0,0
22,1,0,6,2.015,0,17,0,3,0,보통,0,3,4,2,1.62,1,0,0,0,0,0,0,0,1,0,0,0,1,0,0,0,1,1
27,12,1,1,5.398,36,51,1,4,0,보통,0,4,5,4,0.97,1,0,0,0,0,0,0,0,0,0,0,0,0,0,0,0,0,0
19,1,0,3,3.597,1,59,0,,,보통,,,,,1.48,0,0,0,0,0,1,0,1,0,0,0,0,0,0,0,0,0,0
31,12,0,18,0.958,9,25,0,2,0,혼잡,0,3,3,2,2.4,1,0,0,0,0,0,0,0,0,0,0,0,0,1,1,0,0,0
32,6,0,19,1.022,4,10,0,,,보통,,,,,2.76,0,1,0,0,0,0,0,0,0,0,0,0,0,0,0,0,0,0
20,12,1,20,2.934,22,39,1,3,0,보통,0,3,3,2,8.34,1,1,0,0,0,1,0,0,0,0,0,1,0,0,0,0,0,1
20,6,0,13,1.24,6,30,0,,,혼잡,,,,,2.22,0,1,1,1,0,1,0,0,0,0,1,1,0,1,1,1,0,0
15,3,0,7,1.711,10,15,0,3,0,혼잡,0,3,3,3,1.72,1,1,0,0,0,0,0,0,0,0,0,0,0,0,0,0,1,0
26,6,0,10,1.776,3,21,1,,,여유,,,,,2.66,0,0,0,0,0,0,0,0,0,1,1,0,0,0,0,0,0,0
41,6,0,1,4.767,7,43,1,,,보통,,,,,0.9,0,0,0,0,0,0,0,1,0,0,0,0,0,0,0,0,0,0
41,1,1,2,4.559,1,25,0,4,0,보통,0,4,4,4,0.98,1,0,0,0,0,0,0,1,0,1,0,0,0,0,0,0,0,0
33,6,0,5,2.46,8,41,0,3,0,보통,0,3,2,3,1.66,1,0,0,0,0,0,0,0,0,0,0,1,0,1,0,1,0,0
28,6,0,5,2.156,10,1,0,3,0,매우혼잡,0,1,3,2,1.42,1,0,0,0,0,0,1,1,1,1,1,0,0,1,0,0,0,0
26,3,0,2,3.603,6,63,0,5,0,보통,0,4,5,5,1.01,1,0,0,0,0,0,0,0,0,0,0,0,0,0,0,0,0,0
40,12,1,2,3.619,21,38,0,,,보통,,,,,1.07,0,0,0,0,0,0,0,0,0,0,0,0,0,0,1,0,0,0
22,3,0,5,2.187,6,40,0,,,보통,,,,,1.64,0,0,0,1,0,0,0,0,0,0,0,0,0,0,0,0,0,0
41,12,0,4,3.183,11,53,0,,,혼잡,,,,,1.68,0,0,0,0,0,0,0,0,0,0,0,0,0,0,0,1,1,0
16,12,0,3,2.635,3,17,0,4,0,혼잡,0,2,3,2,1.26,1,1,0,0,0,0,0,0,0,0,0,0,0,0,1,0,0,0
28,6,1,2,4.351,10,43,0,,,혼잡,,,,,0.95,0,0,0,0,1,1,1,0,0,0,0,1,0,0,0,0,0,0
35,12,0,1,5.013,12,61,1,4,0,보통,1,4,4,3,0.98,1,0,0,0,0,0,0,0,0,0,0,0,0,1,0,0,0,0
31,1,1,5,2.402,2,36,0,3,0,보통,0,3,3,4,1.72,1,0,0,0,0,0,0,0,1,0,0,0,0,0,0,0,0,0
31,12,1,1,4.928,24,53,0,,,여유,,,,,0.81,0,0,0,0,0,0,0,0,0,0,0,0,0,0,0,0,0,0
26,12,0,1,5.198,8,68,0,4,0,보통,0,4,4,5,0.9,1,0,0,0,0,0,0,0,0,0,0,0,0,0,0,0,0,0
35,3,0,3,3.302,9,37,1,,,보통,,,,,1.21,0,0,0,0,0,0,1,0,0,0,0,0,0,0,0,1,0,0
43,1,0,4,2.168,5,27,0,,,보통,,,,,1.22,0,0,0,0,0,0,0,0,0,0,0,0,1,0,0,0,0,0
35,12,0,10,1.277,14,33,0,2,1,보통,0,4,3,3,1.78,1,0,0,0,0,0,0,0,0,1,0,0,0,1,1,1,0,0
35,1,1,2,4.862,2,68,0,,,여유,,,,,1.05,0,0,0,0,0,0,0,0,0,0,0,1,0,0,0,0,0,0
31,12,0,1,5.611,18,58,0,4,0,혼잡,0,4,4,3,1.09,1,0,0,0,0,0,0,0,0,0,0,0,0,0,0,0,0,0
26,12,0,7,2.333,14,41,1,,,혼잡,,,,,2.26,0,0,0,0,0,0,0,1,0,0,1,0,0,0,1,1,0,0
44,1,0,22,2.067,5,19,0,,,혼잡,,,,,6.49,0,0,0,0,0,0,0,0,1,0,1,0,0,0,0,0,0,0
39,6,0,10,1.752,12,26,0,,,보통,,,,,2.56,0,0,0,0,0,0,0,0,0,0,0,0,0,0,0,0,0,0
21,12,1,4,3.056,17,28,0,3,0,혼잡,0,4,3,3,1.57,1,0,0,0,0,0,0,0,0,0,0,0,0,0,0,0,0,0
24,1,0,60,0.524,0,9,0,,,매우혼잡,,,,,13.42,0,1,0,0,0,0,1,0,0,0,1,1,0,1,0,1,1,1
38,6,0,12,1.655,1,33,0,3,0,보통,0,2,2,2,2.76,1,1,0,0,0,1,1,1,0,0,1,0,0,1,0,0,0,0
15,6,0,9,1.74,1,21,1,2,0,혼잡,0,2,3,3,2.24,1,1,0,0,0,0,0,0,0,0,0,0,1,1,1,0,0,0
38,6,1,3,3.625,9,59,0,4,0,혼잡,0,3,2,3,1.5,1,0,0,0,0,1,0,0,0,0,0,1,1,0,0,0,0,0
37,12,0,5,2.634,2,22,1,,,보통,,,,,1.75,0,1,0,0,0,0,0,0,0,0,0,0,0,0,0,1,0,0
15,12,0,4,3.209,30,49,0,3,0,매우혼잡,0,3,4,3,1.64,1,1,0,0,0,1,1,0,0,0,1,0,0,0,0,0,0,0
33,6,0,3,3.429,6,53,0,,,보통,,,,,1.66,0,0,0,0,0,0,0,0,0,0,0,0,0,0,0,0,0,0
39,12,0,2,3.605,3,52,0,,,혼잡,,,,,1.11,0,0,0,0,0,0,0,0,0,0,1,0,0,1,0,0,1,0
44,12,0,3,2.773,13,36,0,3,0,혼잡,0,4,3,3,1.05,1,0,0,0,0,1,0,0,0,0,0,0,0,0,0,0,0,0
40,12,1,3,3.974,5,42,0,3,0,혼잡,0,4,4,3,1.53,1,0,0,0,0,0,0,0,0,0,1,0,1,0,0,0,0,1
16,3,1,8,1.805,5,31,0,,,보통,,,,,2.16,0,0,0,0,0,0,0,0,1,0,1,0,0,0,0,0,0,0
31,6,0,1,4.479,15,47,0,,,보통,,,,,0.87,0,0,0,0,0,0,0,0,0,0,0,0,0,0,0,0,0,0
48,12,0,4,3.324,36,33,1,4,0,보통,0,3,3,2,1.73,1,0,0,0,0,0,0,0,0,0,0,0,0,0,0,0,0,0
26,3,1,3,3.087,9,38,0,2,0,혼잡,0,3,4,2,1.5,1,0,0,0,0,0,0,0,0,0,0,1,0,0,0,1,0,0
47,3,0,3,3.443,11,45,1,,,혼잡,,,,,1.32,0,0,0,0,0,0,0,0,0,0,1,0,0,0,0,0,0,1
45,12,0,5,2.347,4,42,0,,,여유,,,,,1.64,0,1,0,0,0,0,1,0,0,0,0,0,0,0,0,0,0,0
30,12,0,2,3.701,23,45,1,4,0,보통,1,5,5,3,1.22,1,0,0,0,0,0,0,0,0,0,0,0,0,0,0,0,0,0
38,12,0,9,1.79,19,34,0,3,0,매우혼잡,0,2,2,2,2.27,1,0,0,0,0,1,1,0,0,0,0,1,1,1,1,1,0,1
45,1,1,4,3.301,1,49,0,3,0,보통,0,3,3,3,1.7,1,0,0,0,0,1,0,1,0,0,0,0,0,0,1,0,0,0
61,6,0,60,0.001,9,0,0,,,여유,,,,,3.25,0,0,0,0,1,0,0,0,0,0,0,0,0,0,0,0,0,0
34,1,0,4,2.378,4,33,0,,,보통,,,,,1.29,0,0,0,0,0,0,0,0,0,1,0,0,0,0,1,0,1,0
37,6,0,7,1.836,7,26,0,4,0,여유,1,3,4,2,1.72,1,0,0,0,0,0,0,0,0,0,0,0,0,0,0,0,0,0
15,3,1,5,2.451,7,34,0,3,0,혼잡,1,2,2,2,1.63,1,1,0,1,0,0,0,0,0,0,1,0,0,1,0,0,1,0
31,6,0,3,3.066,5,23,0,3,0,혼잡,0,4,4,3,1.37,1,0,0,0,0,0,0,0,0,0,1,0,1,1,0,0,0,0
31,1,0,20,0.936,4,22,0,2,0,보통,0,3,3,3,2.61,1,0,0,0,0,0,0,0,0,0,0,0,0,0,0,1,1,1
41,6,1,4,2.625,1,47,0,,,혼잡,,,,,1.47,0,0,0,0,1,0,0,0,0,0,1,0,1,0,0,0,0,1
30,12,1,11,2.247,31,49,0,4,0,혼잡,0,4,3,3,3.65,1,0,0,1,0,0,0,0,0,0,1,0,0,1,0,0,0,0
28,6,1,1,4.258,2,71,0,,,매우혼잡,,,,,0.84,0,0,0,0,0,0,0,0,0,0,0,0,0,1,0,0,0,0
29,12,0,2,3.199,7,41,1,,,여유,,,,,1.07,0,0,0,0,0,0,0,0,0,0,0,0,0,0,0,0,0,0
44,3,0,5,2.048,6,16,0,,,혼잡,,,,,1.47,0,1,0,0,0,0,1,0,0,1,0,0,1,1,0,1,0,0
51,6,1,2,3.507,6,37,1,,,보통,,,,,1.14,0,0,0,0,0,0,0,0,0,0,1,0,0,0,0,0,0,0
45,1,0,3,2.895,11,54,0,,,보통,,,,,1.37,0,0,1,0,0,0,0,0,0,0,0,0,0,0,0,0,0,0
51,6,0,3,3.875,26,21,0,3,0,혼잡,0,3,3,2,1.77,1,0,0,0,0,0,0,1,0,0,0,0,0,0,0,0,1,0
22,12,0,2,3.638,29,54,1,3,0,혼잡,0,4,3,3,1.04,1,0,0,0,0,0,0,0,0,0,0,0,0,1,0,1,0,1
20,12,1,14,1.519,16,38,0,,,여유,,,,,3.04,0,1,0,1,0,0,0,0,0,0,0,0,0,0,0,1,1,0
62,12,0,2,4.254,23,72,0,,,여유,,,,,1.05,0,0,0,0,0,0,0,0,0,1,0,0,0,0,0,0,0,0
23,6,1,4,2.929,6,22,0,4,0,여유,0,4,4,4,1.51,1,0,0,0,0,0,0,0,0,0,0,0,0,0,0,0,0,0
24,6,0,21,0.988,8,7,0,,,보통,,,,,3.02,0,0,0,1,0,0,1,0,0,0,0,0,0,0,1,0,0,0
48,3,1,6,2.029,2,19,0,,,보통,,,,,1.75,0,1,0,0,0,0,0,0,0,0,1,1,0,0,0,1,0,0
54,3,0,60,0.128,8,29,1,,,보통,,,,,6.63,0,0,0,0,0,0,0,1,0,0,0,0,0,1,1,0,1,0
28,1,1,1,4.608,3,50,0,3,0,매우혼잡,0,3,4,3,0.9,1,0,0,0,0,0,1,0,0,0,1,0,0,0,0,1,1,1
35,12,1,1,6.507,6,70,1,,,혼잡,,,,,0.9,0,0,0,0,0,0,0,0,0,0,0,0,0,0,0,0,0,0
30,1,0,27,0.553,3,23,0,2,0,혼잡,0,1,2,2,2.1,1,1,0,1,0,0,0,1,1,0,0,0,0,0,0,0,0,0
28,1,0,18,2.437,1,38,0,,,매우혼잡,,,,,6.33,0,1,0,0,0,0,1,0,0,1,1,0,0,0,0,1,0,1
43,6,1,1,5.948,4,52,1,5,0,여유,0,4,4,4,1.01,1,0,0,0,0,0,0,0,0,0,0,0,0,0,0,0,0,0
45,12,0,13,1.585,9,9,1,2,0,혼잡,0,1,3,3,3.04,1,1,0,1,0,0,1,0,1,0,1,0,0,0,0,0,0,0
15,12,0,3,3.182,4,25,1,,,보통,,,,,1.48,0,0,0,0,0,0,0,0,0,1,0,0,0,1,1,0,0,0
29,6,0,1,5.172,2,65,1,4,0,여유,0,5,5,5,0.82,1,0,0,0,0,0,0,0,0,0,0,0,0,0,0,0,1,0
44,6,0,17,1.081,2,27,0,,,여유,,,,,2.61,0,1,0,0,1,0,0,0,0,0,0,0,0,0,0,0,0,1
36,6,1,4,3.05,5,51,1,3,0,혼잡,0,3,4,3,1.56,1,0,0,1,0,0,0,0,0,0,1,0,0,0,0,0,0,0
24,6,0,5,2.746,1,47,0,,,보통,,,,,1.77,0,0,0,0,0,0,0,0,0,0,0,0,0,0,0,0,0,1
41,12,0,6,2.425,14,13,1,,,여유,,,,,2.04,0,0,0,0,0,0,1,0,1,0,0,1,0,0,0,1,0,0
43,6,0,2,4.178,16,57,1,,,보통,,,,,1.09,0,0,0,0,0,0,0,0,0,0,0,0,0,0,0,0,0,0
47,6,0,13,1.073,6,22,0,3,0,여유,0,2,3,3,2.06,1,0,0,0,1,0,0,0,0,0,0,0,0,0,0,0,0,0
23,3,1,1,5.219,1,57,1,,,혼잡,,,,,0.93,0,0,0,0,0,0,0,0,0,0,1,0,1,1,0,0,0,0
35,3,1,3,3.242,3,52,0,4,0,매우혼잡,0,4,4,3,1.47,1,0,0,0,0,0,0,0,0,0,1,0,1,1,0,0,0,0
23,12,0,4,3.079,6,42,0,3,0,혼잡,0,4,3,3,1.68,1,1,0,0,0,0,0,0,0,0,1,0,0,1,0,0,0,0
22,3,1,4,2.857,7,20,0,,,보통,,,,,1.64,0,0,0,0,0,0,0,0,0,0,0,0,0,0,0,0,0,0
38,3,0,2,3.717,9,40,1,,,여유,,,,,1.12,0,0,0,0,0,0,1,0,0,0,0,0,0,0,0,0,0,0
23,6,1,4,3.204,6,48,0,3,0,혼잡,0,3,3,3,1.63,1,1,0,0,0,0,0,1,0,0,1,0,0,0,0,0,0,0
24,3,0,11,1.771,2,37,0,3,0,보통,0,2,3,3,2.74,1,1,0,0,0,0,0,0,0,0,1,0,0,0,0,0,0,0
50,6,1,3,3.004,28,23,0,,,보통,,,,,1.19,0,0,0,1,1,0,1,1,0,1,0,1,0,0,1,0,1,0
34,12,0,48,0.0,2,4,0,,,혼잡,,,,,2.06,0,1,0,0,0,0,1,0,0,0,1,1,1,1,1,1,0,0
26,3,0,28,0.664,11,23,0,2,0,매우혼잡,1,3,3,1,2.61,1,1,0,0,0,0,0,0,0,0,1,1,0,1,0,0,1,0
35,3,1,1,5.052,12,70,0,,,보통,,,,,0.91,0,0,0,0,0,0,0,0,0,0,0,0,0,0,0,1,0,0
25,12,0,41,1.552,16,30,0,,,보통,,,,,9.2,0,1,0,0,0,0,0,0,0,0,0,0,0,0,0,1,0,0
47,3,0,4,2.478,5,35,0,,,보통,,,,,1.49,0,0,0,0,0,0,0,0,0,0,0,0,0,0,0,0,0,0
15,6,0,3,2.788,1,43,0,3,0,보통,0,3,2,2,1.02,1,0,0,0,0,0,0,0,0,0,0,1,0,0,0,0,0,0
30,1,0,7,2.164,3,8,0,2,0,보통,0,2,2,2,2.28,1,1,0,1,0,0,0,0,0,0,0,1,0,0,0,1,0,0
50,6,1,55,0.0,12,6,0,1,1,보통,1,2,2,1,2.36,1,1,1,0,0,0,0,1,0,0,1,1,0,0,1,0,0,1
44,6,1,3,3.071,3,32,0,,,보통,,,,,1.49,0,0,0,0,1,0,0,0,0,0,0,0,0,0,0,0,0,0
60,3,0,2,4.675,7,56,0,4,0,보통,0,3,4,4,1.09,1,0,0,0,0,1,0,0,0,0,0,0,1,0,0,0,0,0
39,3,1,3,2.667,1,59,1,,,보통,,,,,1.05,0,0,0,0,0,0,0,0,0,0,0,0,0,0,0,0,0,0
60,12,1,2,3.799,10,35,1,,,여유,,,,,1.01,0,0,0,0,0,0,0,0,0,0,0,0,0,0,0,0,0,0
21,12,0,2,3.781,0,41,1,,,혼잡,,,,,1.21,0,1,0,1,0,0,1,0,0,0,1,0,0,0,0,0,0,0
47,1,0,3,3.21,0,49,0,4,0,여유,0,2,3,3,1.56,1,0,0,0,0,1,1,1,1,1,0,0,0,0,0,0,0,0
31,6,0,3,2.326,17,35,1,,,여유,,,,,1.01,0,1,0,0,0,0,0,0,0,0,0,0,0,0,0,0,0,0
41,3,0,24,0.919,4,4,1,,,여유,,,,,3.1,0,1,0,0,0,0,0,0,0,0,0,0,0,0,0,0,0,1
37,3,1,9,1.953,5,34,0,3,0,매우혼잡,0,3,2,2,2.55,1,0,1,0,0,0,0,0,0,0,1,1,0,1,0,0,0,0
33,12,0,3,3.025,5,33,1,2,0,보통,0,3,4,3,1.09,1,0,0,0,0,0,0,1,0,0,0,1,0,0,0,0,0,0
20,12,1,1,5.491,24,75,1,4,0,혼잡,0,4,5,3,1.05,1,0,0,0,0,0,0,0,1,0,1,1,0,1,0,0,0,0
40,6,0,10,1.48,5,23,0,3,0,보통,0,4,3,3,2.2,1,1,1,0,0,1,0,0,0,0,0,1,0,0,0,0,0,0
38,12,1,10,1.841,11,31,0,,,혼잡,,,,,2.76,0,1,0,0,0,0,0,0,0,0,0,0,0,0,0,0,0,0
47,12,1,1,5.456,36,66,1,,,보통,,,,,1.0,0,0,0,0,0,0,0,0,0,0,0,0,0,0,0,0,0,0
15,3,1,4,2.455,7,43,0,,,매우혼잡,,,,,1.35,0,0,0,0,0,1,0,0,0,0,1,1,1,1,0,0,0,0
22,12,1,1,4.742,21,45,0,4,0,혼잡,0,4,5,4,0.93,1,0,0,0,0,0,0,0,0,1,0,0,0,0,0,0,0,0
35,3,0,2,3.252,11,45,0,3,1,매우혼잡,0,4,4,4,1.11,1,0,0,0,0,0,0,0,0,0,0,1,0,0,1,0,1,0
36,12,1,2,4.55,36,44,1,5,0,보통,0,5,5,5,1.06,1,0,0,0,0,0,0,0,0,0,0,0,0,0,0,0,0,0
21,12,1,1,4.123,9,49,1,3,1,여유,0,5,5,3,0.82,1,0,0,0,0,0,0,0,0,0,0,0,0,0,0,0,1,0
24,3,0,5,2.465,2,26,0,3,0,혼잡,0,3,4,3,1.75,1,0,0,0,0,0,0,0,1,0,1,0,1,0,0,0,0,0
32,1,0,12,1.367,14,26,0,,,보통,,,,,2.31,0,1,0,0,0,0,0,0,0,0,0,0,0,0,0,0,0,0
38,12,1,1,5.063,9,50,1,4,0,보통,0,5,5,4,0.82,1,0,0,0,0,0,0,0,0,0,0,0,0,0,0,0,0,0
43,12,0,4,3.191,4,53,0,3,0,혼잡,0,4,2,4,1.8,1,0,1,1,0,0,0,0,0,0,0,0,1,0,0,0,0,0
39,6,0,7,1.843,5,24,0,,,매우혼잡,,,,,1.95,0,0,0,0,0,0,0,0,0,0,1,0,1,0,0,0,0,0
26,12,0,3,2.178,36,27,0,3,0,보통,0,3,3,3,1.04,1,1,0,0,0,0,0,0,0,0,0,0,0,0,0,0,0,0
27,3,0,6,2.252,5,35,0,,,혼잡,,,,,1.81,0,1,1,0,0,0,1,0,0,0,0,0,0,0,0,0,1,0
42,3,0,33,0.536,2,18,0,2,0,보통,0,3,1,2,2.56,1,1,0,1,1,1,0,0,0,0,0,0,0,0,1,0,0,0
20,12,0,19,1.041,1,20,0,,,보통,,,,,2.88,0,1,0,0,0,0,0,0,0,0,0,0,0,0,1,0,1,0
31,3,1,1,5.757,3,41,1,,,혼잡,,,,,1.01,0,0,0,0,0,0,0,0,0,0,0,0,0,0,0,0,1,0
50,6,1,4,3.204,5,30,0,,,여유,,,,,1.74,0,0,0,0,0,0,0,0,0,0,0,0,0,0,0,0,0,0
15,12,0,6,2.185,14,25,0,,,혼잡,,,,,1.79,0,1,0,0,0,0,0,0,0,1,0,0,1,1,0,0,0,0
36,1,0,60,1.072,3,4,0,,,매우혼잡,,,,,15.91,0,1,0,0,0,0,1,1,0,0,1,1,1,1,1,1,0,1
42,3,0,32,0.589,7,7,0,,,여유,,,,,2.67,0,0,0,1,0,1,0,0,0,0,0,0,0,0,0,0,0,0
36,3,0,26,0.708,8,24,1,,,보통,,,,,2.66,0,0,0,0,0,0,0,0,1,0,0,1,0,0,0,0,1,0
15,3,0,13,1.375,0,29,0,4,0,보통,0,4,2,3,2.63,1,0,0,1,0,0,0,0,0,0,0,0,0,0,0,0,0,0
28,1,0,60,0.0,2,5,0,2,1,여유,0,1,2,3,2.81,1,1,1,0,0,0,1,1,1,1,0,0,0,1,1,0,0,0
23,1,0,5,2.01,9,31,0,,,보통,,,,,1.4,0,0,0,0,0,0,0,0,0,0,0,0,0,1,0,0,0,0
36,12,0,2,3.983,33,56,0,4,0,보통,0,4,4,3,1.14,1,0,0,0,0,0,0,0,0,0,1,0,0,0,1,0,0,0
19,6,0,2,4.951,4,64,1,,,보통,,,,,1.07,0,0,0,0,0,0,0,0,0,0,0,0,0,0,0,0,0,0
39,12,0,3,2.906,14,59,1,4,0,보통,0,3,4,3,1.12,1,0,0,0,0,0,0,0,0,0,0,0,0,0,0,0,0,0
31,6,0,5,2.547,0,46,1,,,보통,,,,,1.72,0,0,0,0,0,0,0,0,0,0,0,1,0,0,0,0,0,0
27,1,0,11,1.614,3,41,0,,,여유,,,,,2.64,0,0,0,0,0,0,0,1,0,0,0,0,0,0,0,0,0,0
42,12,0,5,2.05,13,18,0,,,혼잡,,,,,1.46,0,0,0,0,0,0,0,0,0,1,0,0,1,0,0,0,0,0
25,1,0,37,0.503,1,24,0,,,혼잡,,,,,2.67,0,1,0,0,0,0,0,1,0,0,0,1,0,1,1,0,0,0
20,12,0,3,3.624,5,55,0,3,0,혼잡,0,3,3,2,1.58,1,0,0,0,0,0,1,0,0,0,0,0,1,0,0,0,0,0
21,3,0,46,0.267,2,0,0,,,여유,,,,,1.99,0,0,1,0,0,0,0,0,0,0,1,0,0,0,0,1,1,0
36,12,1,3,2.837,36,12,0,,,혼잡,,,,,1.31,0,0,0,0,0,0,0,0,0,1,1,1,0,0,1,0,1,0
54,12,0,4,2.041,23,35,0,3,0,보통,0,3,3,3,1.16,1,0,0,0,0,0,0,0,0,0,0,1,0,0,0,0,0,1
49,12,1,3,3.763,4,42,1,3,0,보통,0,3,3,3,1.58,1,0,0,0,0,0,0,0,0,0,1,1,1,0,0,0,0,0
32,3,0,21,1.049,4,12,1,,,여유,,,,,3.08,0,1,0,0,0,0,1,0,0,0,0,0,0,1,0,1,0,0
25,6,0,31,1.613,10,43,0,,,매우혼잡,,,,,7.1,0,1,0,0,0,0,0,0,0,0,1,1,1,1,1,0,0,0
23,12,0,21,2.33,9,33,1,2,0,혼잡,0,3,5,4,7.08,1,1,0,0,0,0,0,0,1,1,0,0,0,0,0,0,0,0
38,12,1,1,5.99,19,58,1,5,0,여유,0,5,4,4,0.84,1,0,0,0,0,0,0,0,0,0,0,0,0,0,0,0,0,0
29,12,0,5,2.18,8,49,0,,,보통,,,,,1.59,0,0,0,0,0,0,0,0,0,0,0,0,1,0,1,0,0,0
34,12,1,3,3.154,6,38,0,3,0,혼잡,0,3,4,2,1.44,1,0,0,0,0,0,0,0,0,0,1,1,0,1,0,0,0,0
19,12,0,4,2.519,36,40,0,3,0,여유,0,4,4,4,1.6,1,0,0,0,0,0,0,0,0,0,0,0,0,0,0,0,0,0
47,12,0,5,2.155,3,34,0,,,보통,,,,,1.46,0,0,0,0,0,0,0,0,0,0,0,0,0,0,1,0,0,0
25,12,1,5,2.434,0,23,0,,,혼잡,,,,,1.68,0,0,0,0,0,1,1,0,0,0,1,0,1,0,0,1,0,0
30,12,0,7,2.321,22,30,1,3,0,보통,1,3,3,1,2.16,1,0,0,0,0,0,0,0,0,0,1,1,0,1,0,0,0,1
34,6,0,12,1.663,2,31,0,4,0,여유,0,4,3,4,2.79,1,0,0,0,0,0,0,0,0,0,0,0,0,0,0,0,0,0
28,6,0,49,0.0,2,1,0,,,보통,,,,,2.12,0,1,0,0,0,1,0,0,0,0,0,1,0,1,1,0,0,0
41,6,0,10,1.934,13,24,0,3,0,보통,0,3,2,2,2.82,1,0,0,0,0,1,0,0,0,0,1,0,0,0,0,1,0,0
31,6,1,27,0.837,4,4,0,,,보통,,,,,3.28,0,0,0,0,0,1,1,0,0,0,0,0,1,1,0,0,0,0
28,3,0,10,1.531,3,24,0,,,여유,,,,,2.08,0,0,0,0,0,0,0,0,0,0,0,0,0,0,0,0,0,0
20,12,0,10,1.65,3,19,1,,,혼잡,,,,,2.3,0,0,0,0,0,0,0,0,0,0,1,0,0,0,0,1,1,1
35,1,1,4,2.449,2,23,1,4,0,혼잡,1,3,4,2,1.52,1,0,1,0,0,0,0,0,0,0,0,0,0,1,0,0,0,0
28,3,0,2,3.179,3,53,0,,,보통,,,,,1.04,0,0,0,0,0,0,0,0,0,0,0,1,0,0,0,0,0,0
36,6,1,1,5.622,12,73,0,4,0,매우혼잡,0,4,4,3,0.84,1,0,0,0,0,0,0,0,0,0,1,1,0,0,0,0,0,0
33,3,0,14,1.308,9,13,0,3,0,보통,0,3,3,4,2.58,1,0,0,0,0,0,0,0,0,1,0,0,0,1,0,0,1,0
19,6,0,11,1.138,10,19,1,1,1,여유,0,4,5,4,1.75,1,1,0,0,0,0,0,0,0,0,0,0,0,1,0,1,1,0
20,6,0,11,1.59,5,20,0,,,혼잡,,,,,2.52,0,1,1,0,0,0,0,1,0,0,0,0,0,0,1,0,0,0
41,6,1,2,4.616,5,49,0,4,0,여유,0,4,4,4,1.0,1,0,0,0,0,0,0,0,0,0,0,0,0,0,0,0,0,0
56,1,0,5,2.128,2,36,0,3,0,여유,0,4,3,4,1.5,1,0,0,0,0,0,0,0,0,0,0,0,0,0,0,0,0,0
39,12,0,14,1.271,9,18,1,2,0,혼잡,1,2,3,1,2.52,1,1,1,0,0,1,0,0,0,1,1,1,0,1,0,1,0,0
30,6,0,4,2.936,17,42,1,3,0,보통,0,3,4,2,1.74,1,0,0,0,0,1,0,0,0,0,0,0,0,0,0,0,0,0
43,6,0,5,2.296,1,28,0,3,0,혼잡,0,2,2,2,1.71,1,0,0,0,0,0,0,1,0,1,0,1,0,0,0,1,0,0
55,1,0,31,0.666,7,9,0,,,보통,,,,,2.98,0,1,0,0,0,1,0,0,1,0,0,0,0,0,0,0,1,1
20,6,0,10,1.762,11,31,1,4,0,매우혼잡,1,3,4,1,2.57,1,0,0,0,0,0,0,0,0,0,1,1,1,1,0,0,0,0
29,6,0,4,2.947,10,11,1,,,혼잡,,,,,1.66,0,0,0,0,0,1,0,0,0,0,0,0,0,0,0,1,0,0
40,1,0,5,2.243,1,31,1,1,0,보통,0,2,3,3,1.72,1,1,0,0,0,0,0,0,0,0,1,0,0,0,1,1,0,1
31,1,0,13,1.297,1,9,0,4,0,여유,0,3,2,2,2.47,1,0,1,0,0,1,0,0,0,0,0,1,0,0,0,0,0,0
33,6,1,4,2.312,6,30,0,,,매우혼잡,,,,,1.33,0,0,1,0,0,1,1,0,0,0,0,0,0,0,0,0,0,0
41,12,0,2,4.336,32,62,1,,,매우혼잡,,,,,0.99,0,0,0,0,0,0,0,0,0,0,1,0,1,0,0,0,0,0
28,1,0,60,0.0,2,11,0,,,보통,,,,,3.24,0,0,0,1,0,0,0,1,0,0,0,0,1,0,0,1,0,0
30,1,0,4,2.434,2,47,0,,,보통,,,,,1.24,0,0,0,0,0,0,0,0,0,0,1,0,1,1,0,0,0,1
38,1,0,8,1.625,1,30,0,,,여유,,,,,1.75,0,0,0,0,0,0,0,1,1,1,0,0,0,0,0,0,0,0
32,12,1,4,2.878,4,44,0,4,0,여유,0,4,3,3,1.47,1,0,1,0,0,0,1,0,0,0,0,1,0,0,0,0,0,0
27,3,0,56,0.091,6,24,0,2,0,여유,0,2,3,2,2.41,1,0,0,0,0,0,0,1,0,0,1,0,1,1,0,0,0,0
32,12,0,22,2.327,14,30,0,3,0,보통,0,4,3,3,7.27,1,0,0,0,0,0,0,0,0,0,0,0,0,0,1,0,0,0
23,12,0,1,5.36,21,72,1,5,0,보통,0,5,5,4,0.9,1,0,0,0,0,0,0,0,0,0,0,0,0,0,0,0,0,0
15,1,0,9,1.618,4,31,0,4,0,보통,0,4,4,3,2.18,1,1,0,0,0,0,0,0,0,1,0,0,0,0,0,0,0,0
20,6,0,4,2.487,2,22,0,,,보통,,,,,1.52,0,1,0,0,0,0,0,0,0,0,1,0,0,0,0,0,0,0
30,6,0,3,2.968,19,41,1,,,혼잡,,,,,1.47,0,0,0,0,0,0,0,0,0,0,0,1,0,0,0,1,0,0
31,6,0,6,2.066,7,40,1,3,0,혼잡,1,3,3,2,1.77,1,0,0,0,0,0,0,0,1,0,0,1,0,0,1,1,0,0
35,12,0,24,0.931,16,0,0,,,보통,,,,,3.13,0,0,1,1,1,0,0,0,0,1,1,1,0,1,0,0,0,1
43,6,0,10,1.809,11,44,0,3,0,보통,0,4,3,3,2.7,1,0,0,0,0,0,0,0,0,0,0,0,1,0,0,0,0,0
28,3,1,15,2.74,0,27,0,2,0,혼잡,0,3,3,3,6.04,1,1,1,0,0,0,0,0,1,0,1,0,0,0,1,0,0,0
24,6,0,3,2.561,7,31,1,3,0,매우혼잡,0,3,3,2,1.13,1,0,0,0,0,0,0,0,0,0,1,0,0,1,1,0,0,0
29,3,1,3,3.105,12,46,0,,,매우혼잡,,,,,1.41,0,0,1,1,0,0,0,1,0,0,1,1,1,1,0,0,0,0
44,12,1,3,2.716,26,50,0,4,0,여유,0,4,3,4,1.15,1,0,1,0,0,0,0,0,0,0,0,0,0,0,0,0,0,0
37,3,1,1,4.583,10,63,1,4,0,여유,0,4,5,4,0.96,1,0,0,0,0,0,0,0,0,0,0,0,0,0,0,0,0,1
22,12,0,12,1.366,14,36,0,,,매우혼잡,,,,,2.25,0,0,0,0,0,0,0,0,0,0,1,0,0,0,0,0,0,0
41,12,0,3,2.94,5,54,1,2,0,혼잡,0,3,4,3,1.28,1,0,0,0,0,0,0,1,0,0,0,0,0,0,1,0,0,1
22,6,0,1,4.794,13,58,0,,,보통,,,,,1.0,0,0,0,0,0,0,0,0,0,0,1,0,0,0,0,0,0,0
28,12,1,1,5.205,20,60,1,,,혼잡,,,,,1.08,0,0,0,0,0,0,0,0,0,0,0,0,0,0,0,0,0,0
18,6,1,5,2.358,14,27,0,,,여유,,,,,1.65,0,0,0,0,0,0,0,0,0,0,0,0,0,0,1,0,0,0
28,12,0,3,3.088,8,34,1,3,0,보통,0,4,4,3,1.37,1,0,0,0,1,0,0,0,0,0,0,0,0,0,0,0,0,0
39,3,0,4,2.69,3,30,1,3,0,보통,0,3,3,3,1.61,1,0,0,0,0,0,0,0,0,0,0,0,0,0,0,0,0,0
29,12,1,1,4.387,11,42,0,,,보통,,,,,0.88,0,0,0,0,0,0,0,0,0,1,0,0,0,0,0,0,0,0
24,6,1,3,2.539,2,24,0,4,0,여유,0,3,3,4,1.13,1,0,0,0,0,1,1,0,0,0,0,0,0,0,0,0,0,0
29,6,0,19,2.086,21,26,0,,,여유,,,,,5.62,0,0,0,0,0,0,0,0,0,0,0,1,1,0,0,0,1,0
34,1,0,5,2.543,1,33,0,3,0,혼잡,0,3,2,2,1.74,1,0,0,0,1,0,0,1,1,0,1,0,0,0,0,0,0,0
30,3,1,3,3.379,10,30,0,3,0,여유,0,3,4,5,1.29,1,0,0,0,0,0,0,0,0,0,0,0,0,0,0,0,0,0
22,6,0,3,3.702,4,40,0,3,0,여유,0,5,3,4,1.78,1,0,1,1,1,0,0,0,0,0,0,0,1,0,0,0,0,0
30,12,0,3,2.882,36,39,0,,,혼잡,,,,,1.18,0,0,0,1,0,0,0,0,0,0,0,0,0,0,1,0,0,1
30,6,0,60,0.0,6,9,0,2,0,여유,0,2,4,2,2.55,1,1,0,0,1,0,1,0,0,1,1,0,0,0,0,0,0,0
42,12,0,8,1.65,24,26,0,2,0,매우혼잡,0,3,3,2,1.93,1,0,0,0,0,0,0,0,0,0,1,0,0,1,1,1,0,1
31,12,0,4,3.339,32,21,0,4,0,여유,0,4,5,4,1.69,1,0,1,0,0,0,0,0,0,1,0,0,0,0,0,0,0,0
28,12,0,3,2.345,7,16,1,2,0,혼잡,0,3,3,3,1.07,1,1,0,0,1,0,0,0,0,0,0,0,0,1,0,1,0,0
48,1,0,2,3.612,2,28,1,,,혼잡,,,,,1.21,0,0,0,0,0,0,1,1,0,0,1,0,0,0,0,0,0,0
24,12,0,5,2.218,17,38,0,3,0,여유,0,3,3,4,1.59,1,0,0,0,0,0,0,0,0,0,0,0,0,0,0,0,0,0
43,6,0,4,2.474,4,40,0,,,보통,,,,,1.52,0,1,0,1,0,0,0,0,1,0,0,0,0,0,0,0,0,1
15,12,1,13,1.15,7,16,0,3,0,혼잡,0,2,2,2,2.08,1,1,0,0,0,0,0,0,0,0,1,0,1,1,0,0,0,0
29,12,0,4,2.841,15,48,0,,,혼잡,,,,,1.71,0,0,0,0,0,0,0,0,0,0,1,0,0,0,0,1,0,0
46,12,0,3,3.347,5,47,0,4,0,보통,1,4,4,2,1.3,1,0,0,0,0,0,0,0,0,0,1,0,0,1,0,0,0,1
51,6,1,18,1.268,4,34,0,3,0,혼잡,0,1,2,2,3.18,1,0,1,0,0,0,1,1,1,0,1,0,1,0,0,0,0,0
29,12,0,14,1.266,15,22,0,,,보통,,,,,2.46,0,0,0,0,1,0,0,1,0,0,0,1,0,0,0,1,0,1
27,6,1,1,4.677,15,29,0,,,보통,,,,,0.91,0,0,0,0,0,1,0,0,0,0,0,0,0,0,0,0,0,0
31,3,0,3,3.011,5,39,0,3,0,보통,0,3,3,4,1.25,1,0,0,0,0,0,0,0,0,0,0,0,0,1,0,0,0,0
19,12,0,2,4.704,27,53,1,5,0,여유,0,4,5,4,1.07,1,0,0,0,0,0,0,0,0,0,0,0,0,0,0,0,0,0
15,3,0,3,2.609,4,39,0,,,혼잡,,,,,1.19,0,1,0,0,0,0,0,0,0,0,0,0,0,0,0,1,1,1
23,3,0,8,1.938,4,37,0,,,혼잡,,,,,2.31,0,0,0,0,0,0,0,0,0,1,1,0,0,0,0,0,1,1
29,12,1,1,4.483,9,35,0,4,0,보통,0,4,3,4,0.81,1,0,0,0,0,0,0,0,0,0,0,0,1,0,0,0,0,0
38,12,0,1,5.65,15,78,1,5,0,보통,0,4,5,4,0.96,1,0,0,0,0,0,0,0,0,0,0,1,0,0,0,0,0,0
19,12,1,5,2.626,15,17,0,,,혼잡,,,,,1.73,0,0,0,1,1,0,0,0,0,0,0,1,0,0,0,0,0,1
28,1,1,53,0.392,2,8,0,3,0,여유,1,3,3,1,2.95,1,1,1,0,0,0,0,0,0,0,1,1,0,0,0,0,0,1
34,3,0,10,1.61,4,29,0,,,혼잡,,,,,2.36,0,1,0,0,0,1,0,0,0,0,0,0,0,0,0,0,1,0
42,12,0,2,4.008,1,46,0,4,0,보통,0,4,4,4,0.89,1,0,0,0,0,0,1,0,0,0,0,0,0,0,0,0,0,0
43,12,1,10,1.699,3,26,1,,,여유,,,,,2.33,0,0,0,0,0,0,0,0,0,0,0,0,0,0,0,0,0,0
39,3,0,17,2.017,2,38,0,,,매우혼잡,,,,,4.94,0,1,0,0,0,0,0,0,0,0,1,0,0,0,1,0,0,0
39,6,1,1,4.998,4,51,1,,,보통,,,,,0.94,0,0,0,0,0,0,1,0,1,0,0,0,0,0,0,0,0,0
24,12,0,9,1.926,6,39,0,3,0,매우혼잡,0,2,3,2,2.58,1,0,0,0,0,0,1,0,1,0,1,1,1,0,0,0,0,1
53,12,0,4,2.791,4,47,0,3,0,혼잡,0,3,4,3,1.41,1,0,0,0,0,1,0,0,0,0,0,0,0,1,0,1,0,1
24,6,1,14,1.216,6,3,0,2,0,여유,0,4,3,2,2.47,1,1,1,0,0,0,0,0,0,0,1,0,0,0,0,0,0,0
42,6,0,4,2.699,9,42,0,3,0,혼잡,0,3,3,3,1.47,1,1,1,0,0,0,1,0,1,0,0,1,0,0,0,0,0,0
40,6,0,1,4.581,11,47,1,4,0,매우혼잡,0,4,4,3,0.96,1,0,0,0,0,0,0,0,0,0,0,1,0,1,0,0,0,0
31,12,1,1,5.428,15,51,1,4,0,혼잡,0,4,4,3,0.95,1,0,0,0,0,0,0,0,0,0,0,0,1,0,0,0,0,0
34,6,0,4,2.528,11,30,1,,,여유,,,,,1.38,0,0,0,0,0,0,0,0,0,0,0,0,1,0,0,0,0,0
30,12,0,3,3.054,1,42,1,2,0,혼잡,0,3,4,3,1.14,1,1,0,0,0,0,0,0,0,0,0,0,0,0,0,1,0,0
17,12,1,2,3.265,18,32,0,,,혼잡,,,,,1.16,0,0,0,0,1,0,0,0,0,0,1,1,0,0,0,0,0,0
26,3,1,5,2.425,7,30,0,,,여유,,,,,1.56,0,0,1,0,0,0,1,0,0,1,0,0,0,0,0,1,0,0
44,12,0,1,5.179,8,60,1,,,혼잡,,,,,1.09,0,1,0,0,0,0,0,0,0,0,0,0,0,0,0,0,0,0
48,3,1,1,5.141,15,79,0,4,0,보통,0,4,4,4,0.98,1,0,0,0,0,0,0,0,0,0,0,0,0,0,0,0,0,0
15,12,0,6,2.32,8,40,0,,,보통,,,,,1.99,0,1,0,0,0,0,0,0,0,0,0,1,0,0,0,1,0,1
15,12,0,14,1.183,8,29,0,,,여유,,,,,2.32,0,0,0,0,0,0,0,0,0,0,0,0,0,0,0,0,0,0
25,6,0,4,2.599,3,27,0,,,매우혼잡,,,,,1.58,0,1,0,0,0,0,1,0,1,0,1,1,0,0,0,0,0,0
44,12,0,1,5.246,10,66,1,4,0,여유,1,3,5,3,1.02,1,0,0,0,0,1,0,0,0,0,0,0,0,0,0,0,0,0
34,6,0,21,1.013,2,25,0,2,0,매우혼잡,0,2,3,2,3.1,1,1,0,0,0,1,0,0,1,0,0,0,0,0,1,1,0,1
22,3,0,7,1.77,12,47,0,,,혼잡,,,,,1.72,0,0,0,0,0,0,0,0,0,0,1,0,0,0,0,0,0,0
35,12,0,2,4.4,3,66,0,4,0,여유,0,4,3,3,0.96,1,0,0,0,0,0,0,0,0,0,0,0,0,0,0,0,0,0
39,12,0,4,2.977,2,33,0,3,0,혼잡,0,3,3,2,1.68,1,0,0,0,0,0,0,0,1,0,1,1,0,0,1,0,1,0
22,12,1,3,2.668,13,39,0,,,보통,,,,,1.22,0,0,0,1,0,0,0,1,0,0,0,0,0,0,0,0,0,0
41,12,0,9,1.979,21,24,0,2,0,혼잡,0,2,3,2,2.41,1,1,0,0,0,0,0,0,0,0,1,1,1,1,0,0,0,0
35,12,1,21,2.511,13,33,0,3,0,혼잡,0,4,2,3,7.58,1,1,1,0,0,0,1,0,0,0,0,0,0,0,0,0,0,0
36,12,0,5,2.194,11,21,0,,,혼잡,,,,,1.61,0,0,0,0,0,0,0,0,0,0,0,1,0,1,0,0,0,0
36,6,0,15,1.248,4,29,0,,,혼잡,,,,,2.63,0,1,0,0,0,0,0,0,0,0,1,0,0,0,0,1,1,0
46,1,0,6,2.153,9,35,0,,,보통,,,,,1.73,0,0,0,0,0,0,1,0,1,0,0,0,0,0,1,0,0,0
43,6,1,10,3.56,11,55,0,,,보통,,,,,5.16,0,0,0,0,0,0,0,0,0,0,0,0,0,0,0,0,1,0
23,12,1,1,4.576,16,57,0,4,0,여유,0,4,4,5,0.93,1,0,0,0,0,0,0,0,0,0,0,0,0,0,0,0,0,0
28,1,0,58,0.294,3,17,0,3,0,보통,0,3,2,2,2.5,1,0,0,1,0,0,0,1,0,1,0,0,1,0,0,1,0,0
27,12,1,16,1.052,36,6,1,2,1,보통,1,3,4,1,2.41,1,0,0,0,0,0,0,0,0,0,0,0,0,1,1,1,0,1
38,6,0,60,1.45,1,12,0,2,0,보통,0,3,3,3,14.38,1,1,0,0,0,1,0,1,0,0,0,1,1,0,0,0,0,0
31,6,0,4,2.739,29,43,1,3,0,여유,0,5,3,3,1.72,1,0,0,1,0,0,0,0,0,0,0,0,0,0,0,1,0,0
52,12,0,3,3.667,22,54,0,5,0,보통,0,2,3,3,1.38,1,0,0,1,0,0,1,0,1,1,0,0,1,0,0,0,0,0
39,12,0,4,2.003,27,33,1,,,보통,,,,,1.04,0,0,0,0,0,0,0,0,0,0,0,0,1,0,0,0,0,0
42,12,1,1,4.942,9,58,0,2,0,혼잡,0,4,4,3,0.85,1,0,0,0,0,0,0,0,0,0,1,1,0,0,0,0,0,0
32,6,0,5,2.21,25,24,0,,,여유,,,,,1.71,0,0,0,0,0,0,0,1,1,0,0,0,0,0,0,0,0,0
46,12,1,3,3.867,1,58,1,5,0,여유,0,4,5,5,1.74,1,0,0,0,0,0,0,0,0,0,0,0,0,0,0,0,0,0
49,1,0,23,0.877,3,13,0,2,0,혼잡,0,2,2,2,2.92,1,1,0,1,0,0,0,0,1,0,1,1,1,1,0,1,1,0
42,12,1,2,3.028,17,20,1,3,0,혼잡,0,2,4,3,1.08,1,0,0,0,0,0,0,1,0,0,0,0,0,0,0,0,0,0
33,6,1,9,1.4,2,8,0,4,0,혼잡,0,4,3,3,1.77,1,0,1,0,1,0,0,0,0,0,1,0,0,1,0,0,0,0
41,3,0,9,1.87,3,30,1,,,여유,,,,,2.5,0,0,0,0,0,0,0,0,0,0,0,1,0,0,0,0,0,0
44,12,0,4,2.797,24,49,0,,,여유,,,,,1.54,0,0,0,0,0,0,0,0,0,0,0,0,0,0,0,0,0,0
18,6,1,7,1.993,12,31,0,3,0,보통,1,4,4,2,1.9,1,0,0,0,0,0,0,0,0,0,1,1,0,1,0,0,0,0
65,3,1,2,3.94,2,43,0,,,여유,,,,,1.23,0,0,0,0,0,0,0,0,0,0,0,0,0,0,0,0,0,0
32,3,0,9,1.629,1,22,0,3,0,여유,0,3,4,2,2.02,1,1,0,0,0,0,0,0,0,0,0,0,0,0,0,0,0,0
19,1,1,2,4.121,6,46,0,4,0,여유,0,5,4,4,0.93,1,0,0,0,0,0,0,0,0,0,0,0,0,0,0,0,1,0
47,6,1,4,2.904,5,31,0,3,0,보통,0,5,3,3,1.78,1,0,0,0,0,0,0,0,0,0,0,0,0,0,0,1,1,0
33,3,0,5,2.093,4,13,0,4,0,혼잡,0,2,3,3,1.43,1,1,0,0,0,0,0,0,1,0,0,1,0,0,0,0,0,0
40,12,0,4,2.779,3,14,1,3,0,혼잡,0,3,4,2,1.72,1,0,0,0,0,0,0,0,0,0,1,1,1,1,0,0,0,0
23,6,1,3,2.801,5,32,1,4,0,여유,0,4,5,4,1.33,1,0,0,0,0,0,0,0,0,0,0,0,0,0,0,0,1,0
31,6,0,2,4.2,6,54,1,,,혼잡,,,,,0.97,0,0,0,0,0,0,0,0,0,0,0,0,0,0,0,0,0,0
46,12,1,4,3.38,11,24,0,,,보통,,,,,1.78,0,1,1,0,0,0,0,0,0,0,1,0,0,0,0,0,0,0
22,12,0,60,1.334,4,23,0,,,보통,,,,,13.83,0,1,0,1,0,0,0,0,0,0,0,0,0,0,1,1,0,0
46,6,1,4,2.632,8,51,0,2,0,보통,0,3,3,3,1.32,1,0,0,0,0,0,0,0,0,0,1,0,0,0,0,1,0,0
45,1,0,12,2.892,4,50,1,,,보통,,,,,4.86,0,0,0,0,0,0,0,0,0,0,0,0,0,0,0,0,0,0
27,6,0,8,1.541,0,23,0,2,0,혼잡,1,3,2,1,1.66,1,1,0,0,0,0,0,0,0,1,0,1,1,1,1,1,0,0
49,12,1,2,3.502,21,20,1,,,여유,,,,,1.23,0,0,0,0,0,0,0,0,0,0,0,0,0,0,0,0,0,1
22,3,0,4,2.221,1,38,0,,,보통,,,,,1.25,0,0,0,0,1,0,0,0,0,0,0,1,0,0,0,0,0,0
28,1,0,3,3.679,4,40,0,,,여유,,,,,1.6,0,0,0,0,0,0,0,0,0,0,0,0,0,0,0,0,0,0
41,12,1,3,3.605,17,38,0,3,0,매우혼잡,0,4,4,3,1.57,1,0,0,0,0,0,0,0,1,1,1,0,0,0,0,0,0,0
31,6,1,3,3.174,8,23,1,,,혼잡,,,,,1.19,0,0,0,0,0,0,0,0,0,0,0,0,0,0,0,0,0,0
43,6,1,8,1.811,3,40,0,4,0,여유,0,4,3,3,2.13,1,0,0,0,0,0,0,0,0,0,0,0,0,0,0,0,0,0
30,3,0,3,2.798,7,47,0,,,혼잡,,,,,1.01,0,0,0,0,0,0,0,0,0,0,0,0,0,0,0,0,0,0
26,1,0,59,0.048,1,18,0,2,0,혼잡,0,2,4,2,2.54,1,1,0,0,0,0,0,0,0,0,0,1,0,0,0,0,0,1
51,6,1,15,1.273,3,40,0,,,보통,,,,,2.75,0,0,0,1,0,0,0,0,0,0,0,0,0,1,0,1,0,0
17,6,0,2,3.786,32,45,0,,,보통,,,,,1.13,0,0,0,0,0,0,0,0,0,0,0,0,0,1,0,0,0,0
43,12,1,14,1.382,0,22,0,,,보통,,,,,2.74,0,0,0,0,0,0,0,0,0,0,0,0,0,0,1,0,0,0
32,3,0,6,2.127,1,31,1,,,혼잡,,,,,1.95,0,1,0,1,0,0,1,0,0,0,0,1,1,1,0,0,1,0
27,6,0,8,1.941,23,42,0,,,매우혼잡,,,,,2.23,0,0,1,0,0,0,0,0,0,1,1,0,0,0,1,0,0,0
29,12,1,1,4.298,9,58,0,3,0,여유,0,4,3,4,0.84,1,0,1,0,1,0,0,0,0,0,0,0,0,1,0,0,1,0
40,3,0,5,2.053,10,27,0,,,여유,,,,,1.59,0,0,0,0,0,0,0,0,0,0,0,0,0,0,0,0,0,0
42,3,0,3,3.663,1,57,0,4,0,보통,0,3,4,4,1.59,1,0,0,0,0,0,0,0,0,1,0,0,0,0,1,0,0,0
39,12,1,1,6.032,36,70,1,5,0,여유,0,5,5,4,1.0,1,0,0,0,0,0,0,0,0,0,0,0,0,0,0,0,1,0
42,6,1,1,5.643,9,59,1,,,보통,,,,,1.02,0,0,0,0,0,0,0,0,0,0,0,0,0,0,0,0,0,0
32,1,0,4,3.09,7,40,1,3,0,매우혼잡,0,1,3,3,1.6,1,0,0,0,0,0,1,1,0,1,0,0,0,1,0,1,1,0
20,12,1,1,4.83,27,54,0,,,혼잡,,,,,0.86,0,0,0,0,0,1,0,0,0,0,0,0,0,0,0,0,0,0
32,1,0,17,0.849,1,23,0,2,1,보통,0,2,4,4,2.1,1,0,0,0,0,1,0,0,0,1,0,0,0,1,1,1,1,0
19,3,0,6,2.179,3,28,0,,,보통,,,,,1.73,0,0,0,0,1,0,0,0,0,0,0,0,0,0,0,0,0,0
24,12,0,3,3.83,36,24,0,,,혼잡,,,,,1.61,0,0,0,0,0,0,0,0,0,0,0,0,0,1,0,0,0,0
33,6,0,20,2.411,21,5,0,4,0,여유,0,3,4,3,6.73,1,0,0,0,0,1,0,0,0,0,0,0,0,0,0,0,0,0
29,6,0,45,0.4,5,18,0,,,혼잡,,,,,2.56,0,1,0,0,0,0,0,0,0,0,1,1,1,0,0,0,0,0
15,1,1,3,2.859,7,32,0,3,0,여유,0,4,4,4,1.24,1,1,0,0,1,0,0,0,0,0,0,0,0,1,0,0,0,0
15,3,0,4,2.732,8,25,0,3,0,보통,0,3,3,3,1.48,1,0,0,0,0,0,1,0,0,0,0,0,0,0,0,0,0,0
29,12,0,1,5.033,1,57,1,4,0,보통,0,4,5,4,0.83,1,0,0,0,0,0,0,1,0,0,0,0,0,0,0,0,1,1
28,3,0,3,2.512,2,24,0,,,혼잡,,,,,1.03,0,0,0,0,0,0,0,0,0,0,1,1,0,0,0,0,1,0
50,6,0,12,1.494,36,13,0,3,0,혼잡,0,2,4,3,2.59,1,1,0,0,0,0,0,0,0,0,0,0,1,0,0,0,0,0
24,12,1,1,5.153,17,60,0,,,여유,,,,,1.07,0,0,0,0,0,0,0,0,0,0,0,0,0,0,0,0,0,0
26,6,0,60,0.0,14,1,0,,,여유,,,,,3.2,0,1,1,0,1,1,1,0,0,0,0,0,0,0,0,1,0,0
54,12,0,4,2.206,22,40,0,,,혼잡,,,,,1.27,0,1,0,0,0,0,0,1,0,1,1,0,0,0,0,0,0,0
34,12,0,10,1.34,16,30,0,4,0,혼잡,1,4,3,2,1.99,1,0,0,0,0,0,0,0,0,0,0,1,1,0,0,0,0,0
27,6,1,8,1.819,12,5,0,2,0,혼잡,0,2,2,2,2.03,1,0,1,0,0,0,1,0,0,0,1,1,1,1,0,1,0,0
50,12,0,4,3.139,2,33,1,,,혼잡,,,,,1.67,0,1,0,0,0,0,0,0,0,0,0,0,0,0,0,0,0,0
25,12,1,1,4.495,1,63,1,2,0,혼잡,0,4,4,4,0.83,1,0,1,1,0,0,0,0,0,0,1,0,0,1,0,1,1,1
38,12,1,3,3.672,3,39,0,,,보통,,,,,1.45,0,1,1,0,0,0,0,0,0,0,1,0,1,0,0,0,0,0
23,12,0,11,1.309,26,30,0,4,0,여유,0,3,4,4,2.13,1,0,0,0,0,0,0,0,0,0,0,0,0,0,0,0,0,0
18,12,1,6,2.037,9,7,0,2,0,보통,0,3,3,2,1.85,1,0,0,0,0,1,0,0,0,0,0,0,0,0,0,1,0,0
25,12,1,1,5.698,7,60,1,4,0,여유,0,4,5,4,0.93,1,0,0,0,0,0,0,0,0,0,0,0,0,0,0,0,0,0
60,3,0,4,3.483,16,48,0,4,0,여유,0,4,4,5,1.77,1,0,0,0,0,0,0,0,0,0,0,0,0,0,0,0,0,1
48,1,0,2,4.636,5,57,1,4,0,여유,0,4,5,3,1.05,1,0,0,0,0,0,0,0,0,0,0,0,0,0,0,0,0,0
51,12,0,4,3.118,22,28,0,3,0,여유,0,3,4,4,1.72,1,0,0,0,0,0,0,1,0,0,0,0,0,0,0,0,0,0
45,3,0,10,1.781,5,29,1,3,0,보통,1,3,3,2,2.61,1,0,0,0,0,0,0,0,0,0,1,0,1,1,0,1,0,0
33,12,0,52,1.365,6,0,0,,,여유,,,,,10.07,0,1,0,1,0,0,0,0,0,0,1,0,1,0,0,0,1,0
19,3,0,29,0.732,5,16,0,2,0,매우혼잡,1,2,3,1,3.05,1,1,0,0,0,0,1,0,0,0,1,0,1,0,0,1,0,0
33,6,0,1,5.638,1,55,1,3,0,보통,0,4,5,3,1.05,1,0,0,0,0,0,0,0,0,0,0,0,0,0,0,0,0,0
30,3,0,18,2.985,8,28,1,3,0,보통,0,3,3,3,7.83,1,1,0,0,0,0,0,0,0,0,0,0,0,0,1,0,0,0
43,6,0,3,3.767,6,48,1,5,0,보통,0,4,4,3,1.56,1,0,0,0,0,0,0,0,0,0,0,1,1,0,0,0,0,0
18,3,0,30,0.567,7,3,0,,,여유,,,,,2.44,0,0,1,0,0,0,0,0,0,0,0,0,0,0,0,0,0,0
42,3,0,4,2.636,4,51,0,,,보통,,,,,1.62,0,0,0,0,0,0,0,0,0,0,0,0,0,0,0,0,0,0
42,3,0,36,0.609,4,13,0,2,0,보통,0,3,2,2,3.12,1,0,0,0,0,0,0,0,0,0,1,1,1,0,1,0,0,0
28,12,0,1,4.443,36,49,1,4,0,혼잡,0,4,4,4,0.82,1,0,0,0,0,0,0,0,0,0,0,0,0,0,0,0,0,0
28,6,1,2,4.218,2,56,0,,,보통,,,,,1.05,0,0,0,0,0,0,0,0,0,0,0,0,0,1,0,0,0,0
38,3,1,1,5.292,4,65,0,,,여유,,,,,0.96,0,0,0,0,0,0,1,0,0,0,0,0,0,0,0,0,0,0
22,6,0,3,3.785,4,56,0,,,보통,,,,,1.72,0,0,0,0,0,0,0,0,1,0,0,0,0,0,0,0,0,0
21,3,0,60,1.407,3,26,0,3,0,여유,0,1,3,3,13.03,1,1,1,1,0,0,0,1,0,0,1,0,0,0,1,0,0,0
64,12,0,16,0.964,9,22,0,,,혼잡,,,,,2.25,0,0,0,0,0,0,0,0,0,0,1,0,0,0,0,0,0,0
53,3,1,2,3.931,0,50,0,,,보통,,,,,1.09,0,0,0,0,0,0,0,0,0,0,0,0,0,0,0,0,0,0
24,6,0,2,3.336,8,43,1,3,0,매우혼잡,0,3,3,3,1.13,1,0,0,0,0,0,0,0,0,0,0,1,0,1,0,1,0,0
49,12,0,9,1.687,6,53,0,3,0,보통,0,3,4,3,2.15,1,0,0,0,0,0,0,0,0,0,0,0,0,1,0,0,0,0
39,3,0,3,2.683,7,44,0,5,0,보통,0,3,3,4,1.19,1,0,0,1,0,0,0,0,0,1,0,0,0,0,0,0,0,0
37,3,0,1,4.76,3,56,1,,,혼잡,,,,,1.01,0,0,0,0,0,0,0,0,0,0,0,0,0,0,0,0,0,0
21,12,1,4,2.289,18,44,0,3,0,보통,1,3,3,2,1.27,1,0,0,0,0,0,0,0,0,0,1,0,1,1,0,0,0,0
26,6,0,60,0.186,8,22,0,,,혼잡,,,,,2.75,0,1,1,0,1,0,0,0,0,0,0,0,0,0,1,0,1,0
32,6,0,3,3.542,10,49,0,,,보통,,,,,1.56,0,0,0,0,0,0,0,1,0,1,0,0,0,0,0,0,1,0
23,3,0,60,0.0,3,17,0,1,0,여유,0,3,2,3,2.98,1,1,0,0,1,1,0,0,0,0,0,0,0,1,1,0,1,1
43,3,1,19,1.228,9,24,0,,,혼잡,,,,,3.29,0,1,1,1,0,0,1,0,1,0,0,0,0,0,0,0,0,1
46,3,0,6,1.982,1,38,0,3,0,혼잡,0,4,3,3,1.8,1,0,0,0,0,0,0,0,0,0,1,0,0,1,0,0,0,1
21,6,0,14,1.624,11,30,1,,,매우혼잡,,,,,3.18,0,0,0,0,0,0,0,0,0,0,1,1,1,0,0,0,0,0
28,6,0,3,3.428,3,31,1,,,혼잡,,,,,1.52,0,0,0,0,0,0,0,0,0,0,0,1,0,1,0,0,0,0
30,12,0,2,4.591,23,57,1,,,보통,,,,,0.99,0,0,0,0,0,0,0,0,0,0,0,0,0,0,0,0,0,0
30,12,0,36,0.573,7,5,0,,,보통,,,,,2.94,0,1,0,0,1,0,1,0,0,0,0,1,0,0,0,1,1,1
40,1,0,35,0.56,1,9,0,,,혼잡,,,,,2.83,0,1,0,0,0,1,0,0,1,1,0,0,0,0,0,1,0,0
24,6,0,4,2.918,13,30,0,3,0,매우혼잡,0,2,3,2,1.6,1,0,0,0,0,0,0,0,0,0,1,0,1,1,0,0,0,0
35,1,0,5,2.086,6,36,0,,,여유,,,,,1.38,0,0,0,0,0,0,0,0,0,0,0,0,0,0,0,0,0,0
31,12,1,4,2.938,4,51,0,3,0,보통,0,3,3,3,1.64,1,0,0,0,0,0,0,1,0,0,0,0,1,0,0,1,0,0
44,12,0,11,3.805,20,54,1,,,보통,,,,,5.76,0,1,0,0,0,0,0,0,0,0,0,0,0,0,0,0,0,0
37,6,0,3,2.32,5,27,0,2,0,여유,0,3,4,3,1.01,1,0,0,0,0,0,0,0,0,0,0,0,0,0,0,0,0,0
56,12,1,3,3.435,26,33,0,2,1,매우혼잡,0,4,4,4,1.52,1,0,0,0,0,0,0,0,0,0,0,0,0,0,1,1,0,0
40,3,1,3,3.786,8,57,0,,,매우혼잡,,,,,1.44,0,0,1,0,0,0,0,0,0,0,1,1,0,0,0,0,1,0
20,1,0,2,4.444,1,36,0,,,혼잡,,,,,1.07,0,0,0,0,0,0,1,0,0,0,1,0,0,0,0,0,0,0
15,3,0,2,4.617,3,62,1,,,혼잡,,,,,1.05,0,0,0,0,0,0,0,0,0,0,0,1,0,0,0,1,0,0
63,1,0,8,1.306,4,25,0,,,혼잡,,,,,1.51,0,1,0,0,0,0,0,0,0,0,0,1,1,0,0,0,0,0
15,6,0,4,3.087,7,38,1,,,보통,,,,,1.67,0,0,0,0,0,0,0,0,0,0,1,0,1,0,0,0,0,1
27,3,0,60,1.739,7,13,0,,,혼잡,,,,,16.0,0,1,0,0,0,0,0,0,0,0,0,1,0,0,0,0,0,0
21,12,0,3,3.672,11,54,0,4,0,보통,0,4,4,4,1.73,1,0,0,0,0,0,0,0,0,0,0,0,1,0,0,0,0,0
30,12,1,2,3.775,21,42,0,4,0,여유,0,3,3,3,1.29,1,0,0,0,0,0,0,1,0,0,1,1,0,0,0,0,0,1
42,3,1,9,4.134,11,59,0,3,0,혼잡,0,4,4,3,5.17,1,0,0,0,0,0,0,0,0,0,0,0,0,1,0,0,0,0
39,1,0,8,1.868,0,25,0,,,보통,,,,,2.03,0,0,0,1,0,0,1,1,0,1,0,0,0,0,0,1,0,0
34,12,0,3,2.673,17,35,0,3,0,혼잡,0,3,3,3,1.27,1,0,0,0,0,0,0,0,0,1,1,1,0,0,0,0,0,0
37,6,0,48,0.464,11,26,0,2,0,여유,0,3,3,3,3.16,1,1,0,0,0,1,0,0,0,0,0,0,0,0,0,0,0,0
30,12,1,3,3.723,18,25,0,,,여유,,,,,1.51,0,0,0,0,0,0,0,0,0,0,0,0,0,0,0,0,0,0
21,6,0,2,4.282,13,37,0,,,여유,,,,,1.03,0,0,1,0,0,0,0,0,0,0,0,0,0,0,0,0,0,0
23,12,0,29,0.665,7,17,0,1,1,보통,0,2,2,2,2.8,1,1,0,0,1,0,0,0,1,0,1,0,0,0,1,0,0,1
36,3,1,9,1.845,8,10,0,,,여유,,,,,2.5,0,0,0,0,0,0,0,0,0,0,0,0,0,0,0,1,1,0
45,12,0,3,2.996,5,34,0,4,0,보통,0,4,3,3,1.46,1,0,0,0,0,0,0,0,0,0,0,0,0,1,0,0,0,0
39,12,0,6,1.885,15,15,0,,,여유,,,,,1.73,0,0,0,0,1,0,0,0,0,0,1,0,0,0,0,0,0,0
34,12,0,1,4.926,16,65,1,,,보통,,,,,1.02,0,0,0,0,0,0,0,0,0,0,0,0,1,0,0,0,0,1
36,6,0,3,2.754,1,46,1,3,0,혼잡,0,3,4,2,1.04,1,0,0,0,0,0,0,0,1,0,1,0,0,1,0,1,0,0
29,12,1,3,2.916,21,24,0,3,0,여유,0,4,4,4,1.17,1,0,0,0,0,0,0,0,0,0,0,0,0,0,0,0,0,0
33,12,1,3,3.091,7,48,0,,,매우혼잡,,,,,1.52,0,0,0,0,0,0,0,0,0,0,1,1,1,0,0,0,0,0
15,6,0,4,2.201,22,33,0,3,0,보통,0,3,4,4,1.24,1,1,0,0,0,1,0,0,1,0,0,0,0,0,0,0,0,0
33,3,0,43,0.523,3,28,0,4,0,여유,0,2,3,2,3.23,1,1,1,0,0,0,0,0,0,0,0,1,0,1,0,0,0,0
43,3,0,16,0.964,4,27,0,,,여유,,,,,2.17,0,0,0,0,1,0,0,0,0,0,0,0,1,0,0,1,0,0
19,3,0,56,1.68,7,25,1,,,여유,,,,,13.35,0,1,0,0,0,0,0,0,0,0,0,0,0,1,0,0,0,0
32,12,1,4,2.806,6,35,0,3,0,보통,0,3,2,3,1.56,1,0,0,0,0,0,0,1,0,0,0,0,0,1,0,0,0,0
40,3,0,2,4.007,4,34,1,3,0,매우혼잡,0,4,5,3,1.07,1,0,0,0,0,0,0,0,0,0,0,0,0,1,1,0,0,0
65,6,0,1,5.533,13,67,1,4,0,보통,0,4,4,4,0.94,1,0,0,0,0,0,0,0,0,0,0,0,0,0,0,0,0,0
31,6,0,14,1.457,6,25,0,,,혼잡,,,,,2.96,0,0,0,0,0,0,0,0,1,1,1,1,0,0,1,0,0,0
56,6,1,4,2.932,6,37,0,,,여유,,,,,1.57,0,0,0,0,0,0,0,0,0,0,0,0,0,0,0,0,0,0
34,3,1,1,5.122,1,76,1,3,0,보통,0,4,5,3,0.99,1,0,0,0,0,0,0,0,0,0,0,0,0,0,1,1,0,0
43,6,0,48,0.0,9,24,0,,,여유,,,,,2.05,0,0,0,0,0,0,0,0,0,0,0,1,0,0,1,1,0,1
18,12,1,1,5.943,25,58,1,4,0,혼잡,0,5,5,4,1.09,1,0,0,0,0,0,0,0,0,0,1,0,0,0,0,0,0,0
15,12,1,3,3.169,0,55,1,3,0,여유,0,4,4,4,1.53,1,0,0,0,0,0,0,0,0,0,0,0,0,0,0,0,0,0
17,12,1,2,4.658,6,56,1,,,보통,,,,,1.0,0,0,0,0,0,0,0,0,0,0,0,0,0,0,0,0,0,0
38,12,0,3,2.579,16,36,0,5,0,보통,0,4,4,4,1.0,1,0,0,1,0,0,0,0,0,0,0,0,0,0,0,0,0,0
16,12,1,1,4.368,15,55,1,4,0,혼잡,1,4,4,2,0.86,1,0,0,0,0,0,0,0,0,0,0,0,1,1,0,0,0,0
28,1,0,10,1.768,9,34,0,,,혼잡,,,,,2.5,0,0,0,0,0,0,0,0,0,0,1,1,0,0,1,0,0,0
26,6,1,3,3.818,8,50,0,4,0,여유,0,3,4,4,1.39,1,0,0,0,0,0,1,1,0,0,0,0,1,0,0,0,0,0
15,12,0,10,1.586,23,23,1,2,0,혼잡,0,3,2,1,2.21,1,1,0,0,1,0,0,0,0,0,1,1,0,1,0,0,1,1
31,12,0,15,1.07,6,37,1,,,혼잡,,,,,2.33,0,0,1,0,0,0,0,1,0,0,1,1,1,0,0,0,0,0
33,6,0,58,0.294,12,25,0,3,0,혼잡,0,2,2,2,2.47,1,0,1,1,0,0,0,0,0,0,0,0,1,1,0,0,0,1
22,1,0,7,1.897,7,43,1,3,0,여유,0,4,5,3,1.84,1,0,0,0,0,0,0,0,0,0,0,0,0,0,0,0,0,0
40,12,0,1,4.505,8,72,0,4,0,보통,0,4,5,4,0.94,1,0,0,0,0,0,0,0,0,0,0,0,0,0,1,0,0,0
41,1,0,50,0.0,2,23,0,2,1,보통,0,3,3,3,2.16,1,0,0,0,0,0,0,0,0,0,0,0,1,0,1,1,0,0
30,3,0,13,1.296,9,28,0,2,0,보통,0,3,4,2,2.49,1,0,0,0,0,0,0,0,0,0,0,0,1,0,0,0,1,0
28,6,0,5,2.345,9,32,0,3,0,여유,0,3,3,4,1.67,1,0,0,0,0,0,0,1,0,0,1,0,0,0,0,0,0,0
41,6,1,1,4.734,7,71,1,,,보통,,,,,0.81,0,0,0,0,0,0,0,0,0,0,0,0,0,0,0,0,0,0
41,3,0,3,3.6,8,45,0,4,0,매우혼잡,0,4,4,3,1.76,1,0,0,0,0,0,0,0,0,0,1,1,1,0,0,1,0,0
30,12,0,6,1.906,5,8,0,,,혼잡,,,,,1.54,0,0,0,0,0,0,0,0,0,0,1,0,0,1,0,1,1,1
56,6,0,2,4.277,7,51,0,,,보통,,,,,1.05,0,0,0,0,0,0,0,0,0,0,0,0,0,0,0,0,0,0
26,12,0,4,2.798,36,35,1,,,보통,,,,,1.49,0,0,0,1,0,0,0,0,0,0,0,0,0,1,0,0,0,0
36,3,0,4,2.414,5,39,0,,,보통,,,,,1.4,0,0,0,0,0,0,0,0,0,1,0,0,0,0,0,0,0,0
27,1,0,13,2.123,2,21,0,,,보통,,,,,3.99,0,1,0,1,0,0,0,0,0,0,1,0,0,0,0,0,0,0
20,12,1,1,5.218,3,60,0,3,0,혼잡,0,5,4,4,1.0,1,0,0,0,1,0,0,0,0,0,0,0,0,0,1,0,0,0
38,3,0,5,2.386,14,32,0,,,보통,,,,,1.66,0,1,0,0,0,0,0,1,0,0,0,1,0,0,0,0,0,0
31,1,0,60,0.0,3,23,0,2,0,보통,0,2,2,1,2.88,1,1,0,1,0,0,1,1,0,1,1,1,0,0,0,1,1,0
30,6,0,14,1.282,4,11,0,,,매우혼잡,,,,,2.62,0,1,0,0,0,0,0,0,0,0,1,1,1,1,1,1,1,1
28,3,0,49,0.0,4,7,0,3,0,보통,0,2,2,3,2.09,1,1,0,0,0,0,0,0,0,0,0,0,0,1,0,0,0,0
17,6,0,4,2.371,6,26,0,,,여유,,,,,1.51,0,0,0,0,0,0,0,0,0,0,0,0,0,0,0,0,0,0
23,12,0,7,1.745,18,42,0,3,0,여유,0,3,3,3,1.67,1,0,0,0,0,0,0,0,0,0,0,0,0,0,0,0,1,0
36,3,1,4,2.835,3,33,0,4,0,보통,0,4,4,4,1.79,1,0,0,0,0,0,0,0,0,0,0,0,0,0,0,1,0,0
21,12,0,2,4.264,36,58,0,,,여유,,,,,1.01,0,0,0,0,0,0,0,0,0,0,0,0,0,0,0,0,0,0
37,12,1,1,5.688,11,65,1,3,0,보통,0,4,5,5,0.8,1,0,0,0,0,0,0,0,0,0,0,0,0,0,0,0,0,0
22,1,1,4,2.402,1,44,0,3,0,보통,0,2,3,3,1.45,1,0,0,0,0,0,1,0,0,0,0,0,0,0,1,0,0,0
38,6,0,25,2.927,16,46,1,,,보통,,,,,10.46,0,1,0,1,0,0,0,0,0,0,0,0,0,1,0,1,0,0
41,3,1,5,2.761,3,28,1,3,0,보통,0,2,3,3,1.79,1,0,0,1,0,0,0,0,1,0,0,0,0,0,0,0,0,0
55,12,0,5,2.242,4,37,1,,,매우혼잡,,,,,1.72,0,0,0,0,0,0,0,0,0,0,0,0,1,1,1,0,0,0
44,6,0,6,2.571,6,32,1,2,0,혼잡,0,2,3,2,2.23,1,0,0,0,0,0,1,0,0,0,0,1,0,1,1,1,0,1
41,12,1,3,3.102,5,23,1,,,여유,,,,,1.2,0,0,0,0,0,0,0,0,0,0,0,0,0,0,1,0,0,0
32,12,0,11,1.611,9,25,0,3,0,여유,0,4,4,3,2.55,1,1,0,0,0,0,0,0,1,0,0,0,0,0,0,0,0,0
15,6,0,3,2.599,3,32,0,,,보통,,,,,1.08,0,0,0,0,0,0,0,0,0,0,0,1,0,0,1,0,0,0
24,3,0,10,1.814,5,52,0,3,0,매우혼잡,0,3,2,3,2.66,1,1,0,0,0,0,1,0,1,0,1,0,0,0,0,0,0,0
46,12,1,1,4.72,13,44,1,4,0,보통,0,4,4,4,0.95,1,0,0,0,0,0,0,1,0,0,0,0,0,0,0,0,0,0
43,12,0,21,0.858,6,22,0,2,0,보통,0,3,3,2,2.6,1,1,0,0,0,1,0,0,0,0,0,0,1,1,0,0,0,0
26,1,0,8,1.965,1,49,1,4,0,혼잡,1,3,4,1,2.35,1,0,0,0,0,0,1,0,1,0,1,1,1,1,0,1,0,0
23,3,0,1,5.153,17,42,0,4,0,혼잡,0,4,4,3,0.81,1,0,0,0,0,0,0,0,0,0,1,0,1,0,0,0,0,1
42,12,0,1,5.41,16,59,1,,,혼잡,,,,,1.01,0,0,0,0,0,0,0,0,1,0,0,0,0,1,0,0,0,0
28,3,0,16,2.749,5,38,0,4,0,여유,0,4,4,3,6.33,1,1,0,0,0,0,0,0,0,0,0,1,0,0,0,0,0,0
28,1,1,4,2.227,6,50,0,,,여유,,,,,1.15,0,0,0,0,0,0,0,0,0,0,0,0,0,0,0,0,0,0
32,3,0,3,3.936,6,50,0,4,0,혼잡,0,5,4,3,1.79,1,0,0,0,0,0,0,0,0,0,0,0,0,0,0,0,0,0
25,12,0,5,2.423,26,20,0,,,혼잡,,,,,1.58,0,0,0,1,0,0,0,1,0,0,0,1,0,1,0,0,0,1
35,12,1,1,5.898,7,54,1,,,보통,,,,,0.83,0,0,0,0,0,0,0,0,0,0,0,0,0,0,0,0,0,0
20,6,0,53,1.438,11,24,0,3,0,혼잡,0,3,3,2,10.87,1,1,0,0,0,0,0,0,1,0,1,0,0,0,0,0,0,0
49,3,1,1,4.78,2,57,1,4,0,보통,0,4,4,4,0.88,1,0,0,0,0,0,0,0,0,0,0,0,0,0,0,1,0,0
40,12,1,4,2.542,9,24,0,,,보통,,,,,1.5,0,0,0,0,0,0,1,0,0,0,0,0,0,0,0,0,0,0
26,12,0,14,1.034,19,6,0,3,0,여유,0,4,4,3,2.01,1,0,0,0,0,0,0,0,0,0,0,0,0,0,1,0,0,0
30,3,0,14,1.298,2,11,0,,,보통,,,,,2.54,0,0,1,1,1,0,1,0,0,0,0,0,0,1,0,0,1,0
43,12,0,57,0.355,0,9,0,,,여유,,,,,2.89,0,0,0,0,0,0,0,0,0,0,0,1,0,0,0,0,0,0
40,3,1,1,5.485,2,43,1,4,0,보통,0,4,5,4,0.84,1,0,0,0,0,0,0,0,1,0,0,0,0,0,0,0,0,0
51,1,1,4,2.527,1,36,0,4,0,여유,0,3,3,4,1.49,1,0,1,0,0,0,0,0,0,1,0,0,0,1,0,0,0,1
35,3,0,8,1.509,7,32,0,4,0,보통,0,3,3,2,1.64,1,1,0,0,0,0,0,0,0,0,0,0,1,0,0,0,0,0
40,6,0,1,5.376,1,44,1,3,0,보통,0,5,4,4,1.06,1,0,0,0,0,0,0,0,0,0,1,0,0,0,0,1,0,0
44,12,1,4,2.325,23,5,0,,,매우혼잡,,,,,1.41,0,0,0,0,0,0,0,0,0,0,1,0,1,1,0,1,0,0
39,12,0,9,1.794,3,30,0,3,0,보통,0,2,2,3,2.39,1,1,0,1,0,0,0,0,0,0,1,0,0,0,0,0,0,0
61,3,0,60,0.413,5,25,0,3,0,보통,0,3,3,2,13.42,1,1,0,0,0,0,0,0,0,0,1,0,0,0,0,0,0,0
34,6,0,4,2.404,19,40,0,3,0,보통,0,3,4,3,1.22,1,0,0,0,0,0,0,1,0,0,1,0,0,0,0,0,0,0
36,6,0,10,1.617,15,37,0,,,보통,,,,,2.31,0,0,0,0,0,1,0,0,0,0,1,0,0,0,0,0,0,0
62,6,0,2,4.495,15,55,0,5,0,여유,0,4,5,5,0.98,1,0,0,0,0,0,0,0,0,0,0,0,0,0,0,0,0,0
41,6,0,8,1.988,8,30,0,4,0,여유,0,3,4,3,2.13,1,0,0,0,0,0,0,0,0,0,0,0,0,0,1,0,0,0
48,3,0,3,2.988,6,38,0,,,매우혼잡,,,,,1.16,0,0,0,0,0,1,0,0,1,1,1,0,0,0,0,1,0,0
35,3,0,3,2.803,6,62,0,,,여유,,,,,1.14,0,0,0,0,0,0,0,0,0,0,0,0,0,0,0,0,0,0
32,6,1,1,6.536,1,58,0,,,혼잡,,,,,1.07,0,0,0,0,0,0,0,0,0,0,0,0,0,0,1,0,0,0
17,12,0,7,1.716,3,39,0,3,0,혼잡,0,3,3,3,1.63,1,1,1,0,0,0,1,0,0,0,0,0,0,0,1,1,1,0
17,12,0,4,2.193,9,58,0,3,0,매우혼잡,0,3,3,2,1.35,1,0,0,0,0,0,0,0,0,0,1,0,0,1,0,0,0,0
15,1,0,15,1.181,3,26,0,3,0,혼잡,1,3,3,1,2.48,1,1,0,0,0,0,0,0,0,0,1,1,1,0,0,0,0,1
42,6,0,2,3.978,18,56,0,,,혼잡,,,,,1.01,0,0,0,0,0,0,0,1,0,0,1,0,0,0,0,0,0,0
32,12,1,1,5.291,34,45,1,3,0,혼잡,0,4,4,4,1.01,1,0,0,0,0,0,0,0,0,0,0,0,0,0,0,0,0,0
48,12,0,11,1.527,28,39,1,1,1,혼잡,0,3,4,2,2.38,1,1,0,0,0,0,0,0,0,0,1,1,0,0,1,1,0,1
28,6,1,3,2.802,19,28,0,,,보통,,,,,1.11,0,0,0,0,0,0,0,0,0,1,0,0,0,0,1,1,0,0
31,3,0,3,3.614,2,31,0,,,혼잡,,,,,1.64,0,0,0,0,0,0,0,0,0,0,0,1,0,0,0,1,0,0
39,6,0,15,1.41,1,15,0,,,혼잡,,,,,3.09,0,1,0,0,0,0,0,1,1,0,1,1,0,1,0,0,0,0
25,3,0,4,2.737,5,35,0,4,0,여유,0,3,3,2,1.5,1,1,0,0,0,1,0,0,0,0,0,0,0,0,0,0,0,0
38,6,0,2,3.419,1,64,0,3,0,보통,1,4,4,2,1.17,1,1,0,0,0,0,0,0,0,0,1,0,0,0,0,0,0,0
17,6,1,1,5.053,6,48,1,,,보통,,,,,0.8,0,0,0,0,0,0,0,1,0,0,0,0,0,0,0,0,0,0
29,12,1,15,1.59,1,33,0,3,0,여유,0,4,3,2,3.3,1,0,0,1,0,0,0,0,0,0,0,1,0,0,0,0,0,0
42,3,1,2,4.163,3,56,1,4,0,혼잡,0,4,4,4,0.93,1,0,0,0,0,0,0,0,0,0,0,0,0,0,0,0,0,0
25,6,0,2,3.934,4,73,0,5,0,보통,0,4,4,4,1.12,1,0,0,0,0,0,0,0,0,0,0,0,0,0,0,0,0,0
55,1,1,60,1.081,0,16,0,,,보통,,,,,9.93,0,1,0,0,0,0,0,1,1,0,0,0,1,0,1,0,0,1
31,6,1,1,4.348,7,45,1,3,0,보통,0,4,4,4,0.85,1,0,0,0,0,0,0,0,0,0,0,0,1,0,0,0,0,0
23,1,0,9,1.311,1,35,0,4,0,보통,0,4,3,3,1.77,1,1,1,0,0,0,0,0,0,0,0,0,1,0,0,0,0,0
29,12,0,16,0.972,16,28,0,,,혼잡,,,,,2.22,0,1,0,0,0,0,0,0,0,0,0,0,0,0,0,1,1,1
40,12,1,3,3.568,13,41,0,,,혼잡,,,,,1.71,0,0,1,0,0,1,1,0,0,0,1,0,0,1,0,0,0,0
33,6,0,8,1.938,15,52,0,,,여유,,,,,2.16,0,0,0,1,0,0,0,0,0,0,0,0,0,0,0,0,0,0
29,3,0,1,4.64,2,76,0,3,0,보통,0,4,4,4,0.8,1,0,0,0,0,0,0,0,0,0,0,0,0,0,1,0,0,0
23,6,0,7,2.047,14,19,0,3,0,보통,0,2,2,2,2.0,1,0,1,0,0,0,0,0,0,0,0,0,0,0,0,1,0,0
15,3,0,19,0.921,0,27,0,,,여유,,,,,2.52,0,0,0,0,0,0,0,0,1,0,0,0,0,0,0,0,1,0
35,12,0,4,3.163,6,23,0,4,0,여유,0,4,4,3,1.74,1,0,0,0,0,0,0,0,0,0,1,0,0,0,0,0,1,0
23,12,0,5,2.325,13,26,0,,,보통,,,,,1.58,0,0,0,1,0,0,0,0,0,0,0,0,0,0,0,0,0,0
43,12,1,14,1.632,5,6,0,,,혼잡,,,,,3.16,0,0,0,0,0,0,0,0,0,0,1,1,1,1,0,1,0,0
27,6,0,4,2.713,2,44,0,3,0,보통,0,3,3,4,1.45,1,1,0,0,0,0,0,1,0,0,0,0,0,0,0,0,0,0
48,12,0,3,2.756,13,45,1,,,매우혼잡,,,,,1.03,0,0,0,0,0,0,0,0,0,0,1,1,1,1,0,1,0,0
28,6,1,48,0.277,6,18,0,,,매우혼잡,,,,,2.07,0,0,1,0,0,1,0,0,1,0,1,1,1,1,1,1,1,0
15,6,1,3,3.32,3,41,0,,,여유,,,,,1.32,0,1,0,0,0,0,0,0,0,0,0,0,0,1,0,0,0,0
21,3,0,3,3.677,4,42,1,,,보통,,,,,1.39,0,0,0,0,1,0,1,0,0,0,0,0,0,0,0,0,0,0
38,6,0,3,2.463,30,28,1,2,0,보통,0,4,3,3,1.19,1,0,0,0,0,0,0,0,0,0,0,0,0,0,0,0,0,0
23,3,1,44,0.0,0,30,0,,,혼잡,,,,,1.88,0,1,1,0,0,0,0,0,0,0,1,0,1,1,0,1,1,1
32,1,0,1,4.503,1,39,1,4,0,혼잡,1,4,4,2,0.85,1,0,0,0,0,0,0,0,0,0,1,1,0,0,0,0,0,0
28,1,0,5,2.258,2,33,1,,,여유,,,,,1.47,0,0,0,0,0,0,1,0,0,1,0,0,0,0,1,1,0,0
22,12,1,3,2.638,13,42,0,,,매우혼잡,,,,,1.18,0,0,1,0,0,1,0,0,0,0,1,0,0,0,0,0,0,0
33,3,0,12,1.42,1,37,0,3,0,혼잡,1,3,3,2,2.5,1,0,0,0,0,0,0,0,0,1,0,1,1,0,0,0,1,1
47,6,0,16,2.22,6,39,1,,,보통,,,,,5.22,0,1,0,0,0,0,0,0,0,0,0,0,0,0,0,0,0,0
39,3,1,1,4.704,6,52,1,4,0,여유,0,5,5,4,0.9,1,0,0,0,0,0,0,0,0,0,0,1,0,0,0,0,1,1
32,3,0,59,0.293,2,13,0,,,보통,,,,,2.53,0,0,0,0,0,1,0,0,1,0,0,1,0,0,0,1,1,1
33,12,0,49,0.154,9,9,0,2,0,보통,0,2,2,4,2.12,1,1,0,1,1,0,1,0,0,1,0,0,0,0,0,0,1,1
59,1,0,45,0.376,3,15,0,,,여유,,,,,2.41,0,1,0,1,0,0,1,1,1,1,0,0,0,0,0,0,0,0
38,6,0,17,1.261,3,24,0,,,보통,,,,,3.09,0,0,0,0,1,1,1,0,0,0,0,0,0,0,0,1,0,0
41,3,1,11,1.807,2,15,0,3,0,보통,0,3,3,3,2.78,1,0,0,0,0,0,0,0,0,0,0,1,0,0,0,0,0,0
32,1,1,3,2.841,4,48,0,3,0,보통,0,4,3,3,1.36,1,0,0,1,0,1,0,0,0,0,0,0,0,0,0,0,0,0
38,3,0,5,2.065,8,32,0,,,매우혼잡,,,,,1.47,0,0,0,0,0,0,0,0,0,0,0,0,0,0,0,1,0,1
35,6,0,22,0.806,11,10,1,2,1,혼잡,0,3,3,2,2.56,1,0,0,0,0,0,0,0,0,0,0,1,0,1,1,0,0,1
49,12,0,19,0.93,4,4,0,,,여유,,,,,2.53,0,0,0,0,0,0,0,0,0,1,0,1,0,0,1,0,0,0
27,3,0,3,3.777,5,47,0,5,0,혼잡,0,4,5,4,1.57,1,0,0,0,0,0,0,0,0,0,0,0,0,0,0,1,0,0
23,12,0,10,1.852,7,26,0,,,여유,,,,,2.7,0,0,0,1,0,0,0,0,0,0,0,1,0,0,0,0,0,0
19,1,0,4,2.751,0,44,0,,,혼잡,,,,,1.66,0,1,0,0,0,0,1,0,1,1,0,1,0,0,0,0,0,0
46,6,1,2,4.122,13,44,1,3,0,보통,0,4,4,4,0.94,1,0,0,0,0,1,0,0,0,0,0,0,0,0,0,0,0,0
46,12,1,4,3.262,6,46,0,,,보통,,,,,1.67,0,0,0,0,0,0,0,0,0,0,1,0,0,1,0,0,0,0
37,12,0,2,4.474,2,57,1,4,0,보통,0,5,5,3,1.07,1,0,0,0,0,0,0,0,0,0,0,0,0,0,0,0,0,0
44,12,0,8,1.695,6,36,0,3,0,보통,0,2,3,3,1.91,1,1,0,1,0,0,0,1,0,1,0,0,0,0,0,0,1,0
28,3,1,3,3.598,12,42,0,4,0,보통,0,5,5,5,1.51,1,0,0,0,0,0,0,0,0,0,0,0,0,0,0,0,0,0
30,3,0,12,1.613,4,13,0,,,보통,,,,,2.75,0,1,0,0,0,0,0,0,0,0,0,0,0,0,0,0,0,0
42,12,1,3,5.497,9,65,1,4,0,여유,0,4,5,4,2.72,1,0,0,0,0,0,0,0,1,0,0,0,0,0,0,0,0,0
35,12,0,15,1.244,5,32,1,2,0,보통,0,3,3,2,2.73,1,0,0,0,0,0,0,1,0,0,0,0,1,0,1,0,0,1
28,3,0,34,1.618,6,16,0,,,혼잡,,,,,7.88,0,1,0,0,0,0,1,0,0,0,0,1,0,1,0,0,0,0
29,12,1,11,1.26,24,8,0,3,0,여유,0,3,3,3,2.07,1,0,0,0,0,0,0,0,0,0,0,0,0,0,0,0,0,0
33,12,0,9,1.767,26,22,0,,,보통,,,,,2.2,0,0,1,0,0,0,0,0,0,0,0,0,0,0,1,0,0,0
29,6,0,5,2.127,10,50,1,,,보통,,,,,1.54,0,0,0,0,0,0,0,0,0,0,0,0,0,0,1,0,0,0
34,6,0,23,0.665,3,18,0,2,0,여유,0,2,3,2,2.18,1,1,0,0,0,0,1,0,1,0,0,0,0,0,1,0,1,0
40,1,0,13,1.202,0,35,0,,,여유,,,,,2.25,0,0,0,0,1,0,0,0,1,0,1,0,1,0,0,0,0,0
26,6,1,1,4.572,36,59,0,,,혼잡,,,,,0.93,0,0,0,0,0,0,0,1,0,1,0,0,0,1,0,0,0,0
38,12,1,9,1.77,34,30,0,2,0,보통,0,3,2,2,2.2,1,0,1,0,1,0,0,0,0,0,1,0,0,1,0,0,0,0
31,6,1,15,1.547,9,23,0,2,0,매우혼잡,0,3,2,2,3.25,1,0,0,0,0,1,0,1,0,0,0,1,0,1,1,0,0,1
43,1,1,22,0.882,4,17,1,3,0,보통,1,2,4,1,2.74,1,0,0,0,0,0,0,0,0,0,1,1,1,1,0,0,0,0
15,6,1,20,0.65,4,13,0,3,0,보통,1,3,3,2,1.86,1,1,0,0,0,0,0,0,0,0,0,1,1,0,0,0,0,0
15,6,0,11,1.026,4,25,0,,,여유,,,,,1.58,0,1,1,0,0,0,0,0,0,0,1,0,0,0,1,1,0,0
15,6,0,5,2.116,2,20,0,,,여유,,,,,1.58,0,1,0,0,0,0,0,0,0,0,0,0,0,0,0,0,0,0
33,12,0,50,0.333,9,22,0,4,0,보통,0,3,3,3,2.4,1,1,0,0,0,0,0,1,0,0,0,1,0,0,0,0,0,0
31,12,1,15,1.454,2,0,1,,,여유,,,,,3.13,0,1,1,0,1,0,1,1,0,1,0,0,0,0,1,0,0,0
33,12,0,3,3.581,8,42,0,,,보통,,,,,1.54,0,0,0,0,0,1,0,0,0,0,0,1,0,0,0,0,0,0
28,12,0,4,2.879,18,49,1,3,0,여유,0,3,3,2,1.57,1,0,0,0,0,0,0,0,0,0,1,0,0,0,0,0,0,0
55,3,1,10,1.494,4,15,0,,,보통,,,,,2.11,0,0,0,0,0,0,0,0,0,0,0,0,0,0,0,1,0,0
47,1,0,10,1.652,2,20,0,,,보통,,,,,2.43,0,0,0,1,0,1,0,1,0,0,1,0,0,0,0,0,0,0
48,6,0,3,2.223,12,25,0,3,0,혼잡,0,2,2,3,1.01,1,0,0,0,0,0,1,0,0,0,1,0,0,0,0,1,0,0
50,1,0,4,2.496,7,30,0,3,0,혼잡,0,3,4,3,1.36,1,0,0,0,0,0,0,0,0,0,0,0,1,1,0,0,1,1
37,12,0,4,2.664,13,41,0,,,보통,,,,,1.6,0,0,0,0,0,0,0,0,0,0,0,0,1,0,0,0,0,1
58,12,0,4,2.675,4,47,0,,,여유,,,,,1.48,0,0,0,0,0,0,0,0,0,0,0,0,0,0,0,0,0,0
15,1,0,3,3.514,4,42,0,4,0,혼잡,0,4,4,3,1.62,1,0,0,0,0,0,0,0,0,0,0,1,0,0,0,0,0,0
48,1,1,10,1.297,3,26,0,,,혼잡,,,,,1.94,0,1,0,0,0,0,0,1,0,0,1,1,1,0,0,1,0,0
36,3,0,1,4.216,3,36,1,,,보통,,,,,0.88,0,0,0,0,0,0,0,0,0,0,0,0,0,0,0,0,0,0
15,12,0,1,4.496,32,53,1,4,0,여유,1,5,5,3,0.83,1,0,0,0,0,0,0,0,0,0,0,0,0,0,0,0,0,0
15,6,0,9,1.8,1,20,0,2,0,혼잡,0,3,1,1,2.26,1,1,1,0,1,0,0,0,1,0,1,1,1,0,0,1,1,0
26,12,1,3,2.282,3,39,0,3,0,보통,0,4,3,3,1.11,1,0,0,0,0,0,0,0,0,0,1,0,0,0,0,0,0,0
60,3,1,3,2.775,5,36,0,,,보통,,,,,1.07,0,0,0,0,0,0,0,1,0,0,0,0,0,0,0,1,0,0
29,6,0,4,2.854,33,47,0,,,혼잡,,,,,1.63,0,0,1,0,0,0,0,0,0,0,0,0,1,0,0,0,1,1
39,3,0,60,0.0,2,20,0,,,여유,,,,,2.78,0,1,0,0,0,0,0,0,0,0,0,0,1,1,0,1,0,0
52,6,1,3,2.894,1,60,0,,,여유,,,,,1.18,0,0,0,0,1,1,0,0,0,0,0,0,0,0,0,0,0,0
42,6,0,37,0.0,29,10,0,2,1,혼잡,0,3,3,3,1.57,1,0,0,0,1,0,0,0,0,0,1,0,0,0,0,1,1,0
30,1,0,28,0.753,2,24,1,2,0,여유,0,2,4,1,3.0,1,1,0,0,0,0,0,1,1,1,1,0,0,1,1,0,0,0
32,12,0,22,2.737,36,53,1,,,여유,,,,,8.77,0,0,0,0,0,0,0,0,0,0,0,0,1,0,0,0,1,0
29,1,0,16,0.894,2,16,0,1,1,여유,0,3,3,3,2.06,1,1,0,0,0,0,0,0,0,0,0,0,0,0,1,0,1,0
35,3,0,10,1.25,6,33,0,,,보통,,,,,1.72,0,0,0,0,0,0,0,0,0,0,0,1,0,0,0,1,0,0
31,3,0,2,3.748,4,56,0,4,0,보통,1,4,4,2,1.03,1,0,0,0,0,0,0,0,0,0,0,0,1,0,0,0,0,0
39,6,1,10,1.679,4,29,0,,,보통,,,,,2.42,0,0,0,0,0,0,0,0,0,0,0,1,0,0,0,0,0,0
35,12,1,1,4.761,34,55,0,5,0,혼잡,0,4,4,4,0.87,1,0,0,0,0,0,0,0,0,0,0,0,1,0,0,0,0,0
47,3,0,5,2.243,11,41,0,4,0,보통,0,3,4,3,1.63,1,0,0,0,0,1,0,1,0,0,0,0,0,0,0,0,0,0
34,12,0,8,1.907,11,39,1,,,보통,,,,,2.05,0,0,0,0,0,0,0,0,0,0,0,1,0,0,0,0,0,0
44,6,0,23,0.87,3,31,0,,,혼잡,,,,,2.91,0,1,0,0,0,0,0,0,0,0,1,0,0,0,0,0,0,1
35,12,0,5,2.583,9,32,0,3,0,혼잡,0,4,4,2,1.72,1,0,0,0,1,0,0,0,1,0,1,0,0,1,0,0,0,0
25,6,1,1,4.955,7,70,0,4,0,혼잡,0,3,4,4,0.82,1,0,0,0,0,0,0,0,0,0,0,1,0,0,0,0,0,1
25,12,0,14,1.271,17,36,1,,,보통,,,,,2.52,0,0,0,0,0,0,0,0,0,1,0,1,1,1,0,0,0,0
30,12,0,2,4.518,36,44,1,4,0,혼잡,0,4,5,3,1.02,1,0,0,0,0,0,0,0,0,0,0,0,0,0,0,0,0,0
40,1,0,6,2.268,5,18,0,3,0,보통,0,2,2,3,1.93,1,0,0,1,0,0,0,0,0,0,0,0,0,0,0,0,0,0
38,3,0,56,0.0,1,34,0,2,0,여유,1,2,3,1,2.39,1,0,0,1,0,0,0,1,0,1,0,0,0,1,0,1,0,0
35,12,1,16,2.945,6,50,0,,,여유,,,,,6.79,0,0,0,0,0,0,1,0,0,0,0,0,0,0,1,0,0,0
40,3,0,8,1.853,7,19,0,3,0,보통,0,4,3,3,2.02,1,0,0,0,0,0,0,0,0,0,1,1,0,0,0,0,0,1
15,6,0,2,3.485,2,49,1,,,혼잡,,,,,1.1,0,1,0,0,1,0,0,0,0,0,0,0,1,0,0,0,0,0
20,1,0,13,1.522,2,26,0,,,혼잡,,,,,2.78,0,1,1,0,0,0,0,0,0,0,0,0,0,0,0,0,0,1
45,12,0,1,4.717,28,39,1,4,0,여유,0,3,4,4,0.95,1,0,0,0,0,0,0,0,0,0,0,0,0,0,0,0,0,0
30,12,1,3,3.655,11,39,1,3,0,보통,0,4,4,3,1.75,1,0,0,0,0,0,0,0,0,0,0,0,0,0,0,0,0,0
50,3,0,3,3.099,2,44,1,,,여유,,,,,1.41,0,0,0,0,0,0,0,0,0,0,0,0,0,0,0,0,0,0
29,12,0,3,2.934,36,41,0,4,0,보통,0,3,3,3,1.14,1,0,0,0,0,0,0,0,0,0,0,0,0,0,0,0,0,0
43,12,0,9,3.694,27,45,1,3,0,매우혼잡,0,3,2,2,4.92,1,0,0,0,0,0,0,0,0,0,1,1,1,0,0,0,0,0
16,6,0,4,2.031,3,21,0,,,혼잡,,,,,1.17,0,1,0,0,0,0,0,0,0,0,0,0,0,0,0,0,0,0
37,6,1,2,3.45,21,46,0,,,보통,,,,,1.23,0,0,0,0,0,0,0,0,1,0,1,0,0,0,0,0,0,0
67,12,1,4,4.755,12,53,0,3,0,보통,0,5,4,3,3.03,1,1,0,0,0,0,0,0,0,0,0,0,0,0,0,0,0,0
34,12,0,3,3.858,22,72,0,,,혼잡,,,,,1.39,0,0,0,0,0,0,0,0,0,0,0,1,0,0,0,0,0,0
28,3,0,5,2.127,5,27,0,3,0,여유,0,3,4,2,1.54,1,1,0,0,0,0,0,0,1,0,0,0,0,0,0,0,0,0
17,12,0,2,4.606,25,52,0,,,혼잡,,,,,1.01,0,0,0,0,0,0,0,0,0,0,1,0,0,0,0,0,0,0
28,6,1,9,1.602,5,46,0,3,0,혼잡,1,3,3,3,2.13,1,0,1,0,0,0,0,0,0,1,1,0,0,0,0,0,0,0
32,6,0,10,1.833,7,20,0,3,0,여유,0,3,3,4,2.68,1,0,0,0,0,0,0,0,0,0,0,0,0,0,0,0,0,0
40,3,1,4,3.323,4,51,0,,,보통,,,,,1.74,0,0,0,0,0,0,0,0,0,0,0,0,0,0,0,0,0,1
34,1,0,7,1.866,1,26,0,4,0,보통,0,3,2,3,1.83,1,0,0,0,0,0,0,0,0,0,1,0,0,0,0,1,0,0
30,3,0,11,1.853,10,18,0,,,혼잡,,,,,2.92,0,0,0,0,0,0,1,0,0,1,1,1,0,1,0,0,0,0
37,3,0,4,2.417,1,47,0,3,0,보통,0,3,4,3,1.43,1,0,1,0,0,0,0,0,0,0,0,1,0,0,0,0,0,0
32,12,1,12,1.321,1,30,0,3,0,여유,0,3,4,3,2.26,1,0,0,1,0,0,1,1,0,0,0,0,0,0,0,0,0,0
41,12,1,14,1.552,11,35,0,,,보통,,,,,3.09,0,0,0,0,1,0,0,1,0,0,0,0,0,0,0,0,0,0
30,3,0,4,2.61,1,31,0,,,보통,,,,,1.56,0,0,0,1,0,0,0,0,0,0,0,0,0,0,1,0,0,0
26,12,0,4,2.623,33,29,0,3,0,혼잡,0,3,4,3,1.47,1,0,0,0,0,0,0,1,0,0,0,1,0,0,1,0,0,0
39,12,1,3,3.052,14,41,0,2,0,혼잡,0,3,3,2,1.11,1,0,0,0,0,0,0,1,0,0,1,0,0,1,0,1,0,0
50,3,1,3,3.398,8,54,0,4,0,보통,0,4,4,3,1.28,1,0,0,0,0,1,0,0,0,0,0,0,0,1,0,0,0,0
28,12,0,1,4.468,3,56,0,3,0,혼잡,1,4,3,3,0.94,1,0,0,0,0,0,0,0,0,0,1,0,0,0,0,0,0,0
37,3,1,16,0.741,8,20,0,1,1,혼잡,0,3,3,3,1.65,1,1,0,0,0,0,0,0,1,0,1,0,1,0,0,1,1,1
30,6,1,4,2.504,6,34,1,,,보통,,,,,1.51,0,0,0,1,0,0,0,0,0,0,0,0,0,0,0,0,0,0
27,3,0,4,2.078,3,46,0,3,0,보통,0,3,4,3,1.1,1,0,0,1,0,0,0,0,0,0,1,1,0,0,0,1,0,0
34,6,1,2,4.271,20,65,0,,,보통,,,,,0.96,0,0,0,0,0,0,0,0,0,1,1,0,0,0,0,0,0,0
19,6,0,19,0.739,32,31,0,,,보통,,,,,2.01,0,1,0,1,0,0,0,0,0,0,0,0,0,0,0,0,0,0
15,1,1,13,1.274,3,2,0,3,0,여유,0,2,2,2,2.33,1,0,1,1,0,0,1,0,1,0,0,0,0,0,0,0,0,1
20,3,1,5,2.22,6,28,0,,,보통,,,,,1.65,0,0,0,0,0,0,0,0,0,0,0,1,0,0,0,0,0,0
30,6,0,60,0.203,7,0,0,1,1,보통,0,3,3,3,2.97,1,1,0,0,0,0,0,0,0,0,1,0,0,0,1,1,0,1
46,12,1,1,4.07,22,49,0,3,0,여유,0,3,4,3,0.86,1,0,0,0,0,0,0,0,0,0,0,0,0,0,1,0,0,0
44,6,0,12,1.845,12,10,0,,,보통,,,,,3.24,0,1,1,0,0,1,0,1,0,0,1,1,0,1,0,1,0,0
35,3,0,60,0.0,3,3,0,2,0,여유,0,3,3,3,3.05,1,1,0,0,0,0,1,0,0,0,0,0,0,0,0,1,1,0
35,3,0,5,1.975,4,24,0,,,혼잡,,,,,1.53,0,1,1,0,0,0,1,0,0,0,0,0,0,0,0,0,0,0
31,6,1,7,1.955,17,48,0,2,0,보통,0,2,3,2,1.92,1,1,0,0,0,0,0,0,0,0,0,1,0,0,1,0,0,1
38,12,1,1,5.117,35,51,1,4,0,혼잡,0,4,4,4,0.81,1,0,0,0,0,1,0,0,0,0,0,0,0,1,0,0,0,0
31,12,0,3,2.99,10,39,0,4,0,보통,0,3,4,3,1.43,1,0,0,0,0,0,0,0,0,0,1,0,0,0,0,0,1,0
28,6,0,16,1.101,20,7,0,,,보통,,,,,2.5,0,1,1,0,0,0,1,0,1,0,0,1,0,1,0,0,0,0
45,6,0,4,2.128,8,45,0,4,0,보통,0,4,4,2,1.27,1,0,0,0,0,0,0,0,0,0,0,0,0,0,0,0,0,0
28,12,0,19,1.1,4,17,0,2,0,혼잡,0,3,2,2,2.93,1,1,0,0,0,1,0,0,0,0,1,1,0,0,0,1,1,0
22,6,0,22,1.007,12,21,1,,,혼잡,,,,,3.15,0,1,0,0,0,0,1,1,0,0,1,0,0,0,1,0,0,1
36,6,1,4,2.418,6,30,0,,,여유,,,,,1.44,0,0,0,0,0,0,0,0,0,0,0,0,0,0,0,0,0,0
37,6,1,2,4.04,3,49,1,,,여유,,,,,1.01,0,0,0,0,0,0,0,0,0,1,0,0,1,0,0,0,0,0
33,12,1,6,4.26,1,47,1,3,0,보통,0,4,4,4,3.38,1,0,0,0,0,0,0,1,0,0,0,0,1,0,0,0,0,0
30,12,1,3,2.804,17,52,1,,,여유,,,,,1.04,0,0,0,0,0,0,0,1,0,0,0,0,0,0,0,0,0,0
31,3,0,48,0.286,6,12,0,,,보통,,,,,2.05,0,1,0,0,0,0,0,0,0,0,0,1,1,0,0,0,0,0
17,3,1,3,3.607,2,51,1,2,0,매우혼잡,0,4,3,2,1.33,1,0,0,0,1,0,0,0,0,0,1,1,0,1,0,0,1,1
26,12,0,7,1.695,25,6,0,,,보통,,,,,1.62,0,0,0,0,0,0,0,0,0,1,0,1,1,1,0,0,0,0
46,12,1,1,5.894,4,64,1,3,0,보통,0,4,5,3,1.03,1,0,0,0,0,0,1,0,0,0,1,0,0,0,0,0,1,1
26,3,0,13,0.986,5,16,0,2,1,여유,0,2,3,3,1.84,1,0,0,0,0,0,0,0,0,0,0,0,0,0,0,0,0,1
21,12,0,3,3.735,14,54,0,4,0,혼잡,0,3,4,3,1.59,1,0,0,0,0,0,0,0,0,0,0,0,0,0,0,1,0,0
69,12,0,1,4.812,10,59,0,4,0,혼잡,0,4,3,4,0.81,1,0,1,0,0,1,0,0,0,0,0,0,0,0,0,0,0,0
25,6,0,16,3.141,11,47,0,4,0,여유,0,4,4,4,7.07,1,0,0,0,0,0,0,0,0,0,0,0,0,0,0,0,0,0
15,12,0,4,2.211,23,51,1,,,보통,,,,,1.41,0,1,0,0,0,0,1,0,0,0,1,0,1,0,0,0,0,0
40,3,1,3,2.993,1,23,0,2,0,보통,0,4,3,3,1.11,1,0,0,0,0,0,0,0,0,0,0,1,0,0,1,0,0,0
30,6,1,10,1.439,9,30,0,3,0,혼잡,0,3,3,3,2.0,1,0,0,0,0,1,0,0,0,0,0,0,0,0,0,1,0,0
51,1,0,60,0.183,5,10,0,,,매우혼잡,,,,,2.7,0,1,1,1,0,1,1,1,1,0,1,0,1,1,0,1,1,1
38,3,1,24,0.948,4,5,0,2,0,보통,0,2,2,1,3.23,1,1,1,0,0,0,0,0,0,0,0,0,0,0,0,0,1,0
34,3,0,4,2.522,3,42,0,3,0,보통,0,3,3,3,1.57,1,0,0,1,0,0,0,0,0,0,1,1,0,0,0,0,0,0
41,12,0,4,2.465,18,28,1,,,보통,,,,,1.39,0,1,0,0,0,0,0,0,0,1,0,0,0,0,0,0,0,1
39,3,0,22,2.828,4,35,0,,,매우혼잡,,,,,8.78,0,1,0,0,0,0,1,0,0,1,1,1,1,0,0,0,0,1
15,12,0,20,0.955,22,8,0,,,보통,,,,,2.74,0,0,0,0,1,1,0,0,0,0,0,0,0,0,0,0,0,0
37,3,0,37,0.426,6,18,1,3,0,보통,1,3,3,1,2.27,1,0,0,0,0,0,0,0,0,0,1,1,1,1,0,1,0,0
36,12,1,5,2.054,10,25,0,,,보통,,,,,1.6,0,0,0,0,0,0,0,0,0,1,0,0,0,0,0,0,0,0
24,12,0,2,5.017,36,60,0,4,0,여유,0,5,4,4,1.08,1,0,0,0,0,0,0,0,0,0,0,0,0,0,0,0,1,0
42,3,0,21,1.02,0,31,0,,,보통,,,,,3.13,0,0,1,0,0,1,1,0,0,0,0,0,0,0,0,0,0,0
34,12,0,13,1.44,8,21,0,3,0,보통,0,3,4,4,2.58,1,0,0,0,0,0,1,1,0,0,0,0,0,0,0,0,0,0
35,1,0,3,3.93,3,45,0,4,0,여유,0,3,4,4,1.59,1,1,0,0,0,0,0,0,1,0,0,0,0,0,0,0,0,0
41,6,0,12,1.346,14,22,0,2,0,여유,0,3,3,2,2.25,1,1,0,0,0,0,0,0,0,0,0,0,0,1,0,0,0,0
32,3,0,3,2.713,4,49,1,,,매우혼잡,,,,,1.17,0,0,0,0,0,0,0,0,0,0,0,0,0,1,0,0,0,0
36,1,0,2,4.243,4,52,1,4,0,혼잡,0,3,5,4,0.99,1,0,0,0,0,0,0,1,0,0,0,1,0,0,0,0,0,1
40,12,0,27,0.618,20,1,0,,,여유,,,,,2.4,0,1,0,0,0,0,0,0,0,0,0,0,0,0,1,0,0,0
47,12,0,3,2.493,11,45,0,,,매우혼잡,,,,,1.18,0,1,0,0,1,0,0,0,0,0,1,0,1,0,1,1,1,0
23,3,0,3,2.837,5,43,1,3,0,보통,0,2,4,3,1.23,1,0,0,0,0,0,1,1,1,0,0,0,0,0,0,0,0,0
46,6,1,1,5.55,5,71,1,4,0,혼잡,0,4,5,3,1.02,1,0,0,0,0,0,0,0,0,0,0,0,0,0,0,0,0,0
33,3,0,3,2.627,3,29,1,,,혼잡,,,,,1.08,0,0,0,0,0,0,0,0,1,0,0,1,0,0,0,0,0,0
24,3,0,5,2.278,11,16,0,3,0,보통,0,3,4,3,1.47,1,0,0,0,0,0,0,0,1,1,1,1,0,0,1,0,0,0
45,12,1,32,0.492,15,20,0,1,1,매우혼잡,0,2,2,2,2.22,1,1,0,1,0,1,1,1,0,0,1,0,0,1,1,1,1,0
46,12,0,14,1.331,4,26,1,,,보통,,,,,2.68,0,0,0,0,0,0,0,0,0,0,1,0,1,0,0,0,0,0
24,6,1,2,4.319,8,38,1,4,0,매우혼잡,0,3,4,4,1.01,1,0,0,0,0,0,0,0,0,0,0,1,1,1,0,0,0,0
48,3,1,1,4.854,8,82,0,4,0,여유,0,3,4,4,0.94,1,0,0,0,0,0,0,0,1,0,1,0,0,0,0,0,1,0
15,6,1,8,1.487,17,39,0,,,여유,,,,,1.77,0,0,0,0,0,0,0,0,0,1,0,0,0,0,0,0,0,0
36,1,0,6,2.194,1,18,0,,,여유,,,,,1.79,0,0,0,0,0,0,0,0,0,0,0,0,0,0,0,0,0,0
34,3,0,60,0.312,4,0,0,,,보통,,,,,11.46,0,1,1,0,1,0,1,0,0,0,0,1,0,1,0,0,0,0
31,12,0,4,2.256,32,20,0,4,0,보통,0,3,4,3,1.19,1,0,0,0,0,0,0,0,0,0,0,0,1,0,0,0,0,0
24,12,1,5,2.356,7,47,0,3,0,보통,0,3,4,3,1.56,1,1,0,0,1,0,0,0,0,1,0,0,0,0,0,1,0,0
28,6,0,2,3.727,3,59,1,,,매우혼잡,,,,,1.29,0,0,0,0,0,0,0,0,0,0,1,0,0,0,0,0,1,0
38,6,0,3,2.763,29,42,1,,,여유,,,,,1.24,0,0,0,0,0,0,0,1,0,0,0,0,1,0,0,0,0,0
45,12,1,2,4.372,14,67,0,,,여유,,,,,1.02,0,0,1,0,0,0,0,0,0,0,0,0,0,0,0,0,0,0
64,12,1,1,4.968,15,51,0,4,0,여유,0,5,5,5,0.87,1,0,0,0,1,0,0,0,0,0,0,0,0,0,0,0,0,0
44,12,1,2,3.356,7,40,0,3,0,보통,0,3,4,3,1.08,1,0,0,0,0,0,0,0,0,0,1,0,0,0,0,0,0,0
32,12,0,10,1.781,1,47,1,,,혼잡,,,,,2.45,0,0,0,0,0,0,1,0,0,0,0,0,0,0,0,0,0,1
31,12,0,5,2.448,14,35,0,,,여유,,,,,1.63,0,1,0,0,0,0,0,0,0,0,0,0,0,0,0,0,0,0
25,3,1,6,2.079,2,28,0,,,여유,,,,,1.83,0,1,0,0,0,0,0,0,0,0,0,0,1,0,0,0,1,0
55,1,0,14,1.439,3,12,0,3,0,보통,0,3,2,3,2.8,1,1,1,0,0,1,0,0,0,0,0,0,0,0,0,0,0,0
19,3,0,4,2.06,3,25,0,,,혼잡,,,,,1.12,0,1,0,0,0,0,0,1,0,0,0,0,1,0,0,0,0,0
16,1,0,4,2.743,5,42,0,3,0,혼잡,0,2,3,2,1.53,1,0,0,0,0,0,0,0,0,0,0,1,1,1,0,0,0,0
27,3,0,60,0.367,4,22,0,2,0,보통,0,2,3,2,12.49,1,1,0,0,0,1,0,0,0,0,1,0,1,0,0,0,0,0
15,12,0,4,2.736,16,44,0,3,0,여유,0,3,3,4,1.75,1,1,0,0,1,0,0,0,0,0,0,0,0,0,0,0,0,0
28,6,0,20,1.054,5,15,0,2,0,보통,0,2,4,2,3.03,1,0,0,0,0,0,0,1,0,0,0,0,0,0,0,0,0,0
35,12,1,4,2.958,14,32,1,,,혼잡,,,,,1.7,0,0,0,0,0,0,0,0,0,0,1,0,1,0,0,0,0,1
28,12,1,1,4.326,6,51,0,4,0,여유,0,4,4,4,0.88,1,0,0,0,0,0,0,0,0,0,0,0,0,0,0,0,0,0
22,1,0,60,0.204,4,24,0,2,1,매우혼잡,0,3,3,2,2.75,1,0,0,1,0,0,0,0,0,0,1,1,1,0,1,1,1,0
15,6,1,9,1.382,9,27,0,2,0,혼잡,1,3,2,1,1.74,1,1,0,1,1,0,1,1,0,0,1,0,0,1,0,1,0,0
25,1,0,4,2.198,3,43,0,3,0,여유,0,3,4,3,1.29,1,1,0,0,0,0,0,1,1,1,0,0,0,0,0,0,0,0
38,1,1,5,2.263,5,28,0,3,0,여유,0,3,3,3,1.63,1,0,1,0,1,0,0,0,0,0,0,0,0,0,1,0,0,0
50,3,0,14,2.221,8,48,0,3,0,매우혼잡,0,2,2,2,4.6,1,0,0,1,0,0,1,0,0,0,1,1,0,1,0,0,0,1
37,3,0,1,4.472,4,60,0,,,혼잡,,,,,0.86,0,0,0,0,0,0,0,0,0,0,0,0,0,0,0,0,0,0
22,6,1,11,1.4,1,33,0,,,매우혼잡,,,,,2.27,0,1,0,1,0,0,0,0,0,0,0,0,1,1,0,0,0,1
48,12,1,3,3.414,24,36,1,2,0,여유,0,2,3,2,1.62,1,0,0,1,0,0,0,1,0,1,0,1,0,0,0,0,0,0
37,1,1,4,4.73,0,40,0,4,0,보통,0,4,4,4,2.7,1,0,0,0,0,0,0,0,0,0,0,0,0,0,0,1,0,0
36,3,1,16,1.098,3,20,0,,,매우혼잡,,,,,2.52,0,1,1,0,1,0,1,0,0,1,1,1,1,0,0,1,0,1
25,12,0,9,1.903,20,21,1,3,0,혼잡,0,2,4,2,2.36,1,0,0,0,0,0,0,0,0,0,1,1,0,1,0,1,0,0
32,3,1,1,5.403,5,62,1,4,0,보통,0,5,5,4,0.88,1,0,0,0,0,0,0,0,0,0,0,0,0,0,0,0,0,0
47,1,0,2,4.422,1,60,1,4,0,혼잡,0,4,5,3,1.08,1,0,0,0,0,0,0,0,0,0,1,0,0,1,0,0,0,0
33,12,1,3,3.21,34,23,1,,,보통,,,,,1.57,0,0,0,0,0,0,0,0,0,0,1,0,0,1,0,0,0,0
15,3,1,5,2.728,8,16,0,,,여유,,,,,1.8,0,1,0,0,0,0,0,0,0,0,0,0,0,0,0,0,1,1
23,3,0,4,2.2,3,30,0,,,매우혼잡,,,,,1.34,0,0,0,0,0,0,0,0,0,0,1,0,0,0,0,0,1,0
20,12,1,1,5.644,36,64,1,4,0,여유,0,5,4,5,0.82,1,0,0,0,0,0,0,0,0,0,0,0,0,0,0,0,0,0
18,3,0,5,2.07,6,28,0,,,여유,,,,,1.37,0,0,0,0,0,0,0,0,1,0,0,0,0,0,0,0,1,0
17,12,0,15,1.256,12,11,0,,,혼잡,,,,,2.61,0,1,0,1,0,1,0,0,0,1,0,0,0,0,0,0,1,1
43,3,1,3,2.459,5,36,0,3,0,여유,0,3,3,3,1.03,1,0,0,0,0,0,0,0,0,0,0,0,0,0,0,0,0,0
35,6,1,6,2.304,13,19,1,,,보통,,,,,2.09,0,0,0,0,0,0,0,0,0,0,0,0,0,0,0,0,0,0
18,6,0,4,3.275,16,34,0,,,보통,,,,,1.64,0,0,0,1,0,0,1,0,1,0,0,1,0,0,0,0,0,0
20,1,1,8,1.971,2,34,1,3,0,보통,0,3,3,2,2.38,1,0,0,0,1,0,1,0,0,0,0,0,0,0,0,1,0,1
43,12,1,2,4.253,15,41,1,,,여유,,,,,1.01,0,0,0,1,0,0,0,0,0,0,0,0,0,0,0,0,0,0
36,1,1,60,0.143,1,20,0,2,0,혼잡,0,2,2,2,2.67,1,1,1,1,1,0,1,1,0,0,1,0,0,1,1,1,0,0
46,6,0,7,1.627,13,29,0,,,보통,,,,,1.72,0,1,0,0,1,0,0,0,1,0,0,0,0,0,1,0,0,0
32,3,0,6,2.056,3,28,0,,,여유,,,,,1.65,0,0,0,0,0,0,0,0,0,0,0,0,0,0,0,0,0,0
19,6,0,2,4.399,11,58,1,4,0,보통,0,4,5,5,1.02,1,0,0,0,0,0,0,0,0,0,0,0,0,0,0,0,0,0
43,12,1,2,4.285,13,52,0,4,0,혼잡,0,4,4,3,1.01,1,0,0,1,0,0,0,0,0,0,0,1,0,0,1,0,0,0
32,12,0,42,0.462,5,27,0,2,0,보통,0,2,2,3,2.76,1,1,1,0,0,0,1,1,0,0,0,0,1,0,0,0,0,1
42,12,1,4,2.937,7,45,1,1,0,매우혼잡,0,2,3,3,1.49,1,0,0,0,0,0,0,0,0,0,1,0,0,0,0,0,0,0
24,12,0,5,2.162,15,31,0,,,혼잡,,,,,1.49,0,1,0,0,0,0,0,0,0,0,0,0,0,0,0,0,0,0
22,12,0,1,5.284,23,70,1,5,0,여유,0,3,5,4,1.04,1,0,0,0,0,0,0,0,0,0,0,0,0,0,0,0,0,0
29,12,1,7,2.027,27,49,0,,,혼잡,,,,,2.15,0,1,0,0,0,0,0,0,0,0,1,0,0,0,0,0,1,1
37,6,0,2,3.47,10,28,1,,,혼잡,,,,,1.14,0,1,0,0,0,0,0,0,0,0,1,0,0,0,1,0,0,1
27,6,0,1,4.91,13,65,1,5,0,여유,0,5,5,5,1.04,1,0,0,0,0,0,0,0,0,0,0,0,0,0,0,0,0,0
22,3,0,1,4.136,2,63,0,4,0,여유,0,5,4,5,0.81,1,0,0,0,0,0,0,1,0,0,0,0,0,0,0,0,0,0
23,12,0,13,1.281,8,25,0,3,0,혼잡,0,3,3,3,2.37,1,1,0,0,0,0,0,0,0,0,0,0,0,0,1,0,0,0
47,6,0,10,1.697,11,15,0,3,0,혼잡,0,3,4,2,2.49,1,1,0,1,0,0,1,0,0,0,1,1,1,0,1,0,0,0
19,12,1,6,1.78,9,42,0,3,0,혼잡,0,3,3,1,1.52,1,1,0,0,0,0,0,0,0,0,1,1,1,1,0,1,0,1
18,12,0,3,2.951,31,36,1,3,0,여유,0,3,4,4,1.43,1,0,0,0,0,0,0,0,0,0,0,0,0,0,0,0,0,0
40,6,1,5,2.362,1,40,0,,,혼잡,,,,,1.62,0,0,0,0,0,0,0,1,0,0,1,0,0,0,0,0,0,1
45,1,0,13,1.48,1,14,1,,,혼잡,,,,,2.84,0,0,0,0,0,0,0,0,1,0,1,1,1,1,0,0,0,0
33,6,0,28,0.688,3,2,0,3,0,보통,1,3,2,1,2.8,1,0,0,0,0,0,0,0,0,0,1,1,0,0,0,0,0,0
34,3,0,3,2.337,1,47,1,2,0,혼잡,0,3,3,3,1.16,1,0,0,0,0,0,0,0,0,0,1,0,0,0,0,0,0,0
39,12,0,2,4.447,19,88,0,3,0,여유,0,5,4,5,1.08,1,0,0,1,0,0,0,0,0,0,0,0,0,0,0,0,1,0
18,6,0,4,2.89,5,42,0,3,0,보통,0,3,4,3,1.74,1,1,0,0,0,0,0,0,0,0,0,0,0,0,0,0,0,0
39,12,1,5,2.383,16,51,0,3,0,여유,0,3,3,4,1.74,1,0,0,0,0,0,0,0,0,0,0,0,0,0,0,0,0,0
43,12,0,5,2.569,28,34,0,,,혼잡,,,,,1.68,0,0,0,0,0,0,0,0,0,0,0,0,1,0,0,0,1,0
25,12,0,3,2.825,15,30,1,,,여유,,,,,1.13,0,0,0,0,0,0,0,0,0,0,0,0,0,0,0,0,0,0
37,12,0,3,2.562,12,28,1,4,0,보통,0,4,4,3,1.06,1,0,0,0,0,0,0,0,0,0,0,0,0,1,0,0,0,1
38,6,0,60,1.21,11,30,0,,,보통,,,,,11.3,0,1,0,0,0,0,0,0,0,0,0,0,0,0,1,0,0,0
28,3,0,4,2.122,11,20,0,,,보통,,,,,1.16,0,1,1,0,0,0,0,0,0,0,0,0,0,0,0,0,0,0
54,1,0,6,1.911,11,21,0,3,0,보통,1,3,4,2,1.71,1,0,0,0,0,0,0,0,0,0,0,0,0,0,0,0,0,1
29,12,1,10,1.586,21,12,0,3,0,매우혼잡,1,3,3,1,2.2,1,0,0,0,0,0,0,1,0,0,1,1,1,1,0,1,1,0
31,6,1,2,4.018,26,28,0,4,0,보통,1,5,4,3,0.89,1,0,0,1,0,0,0,0,0,0,0,0,1,0,0,0,0,0
54,12,1,1,5.774,36,91,1,,,매우혼잡,,,,,0.87,0,0,0,0,0,0,0,0,1,0,0,0,0,0,0,0,0,0
43,12,0,2,4.453,12,59,1,4,0,여유,0,4,5,4,1.05,1,0,0,0,0,0,0,1,0,0,0,0,0,0,0,0,0,1
40,3,0,53,0.425,3,9,0,2,0,혼잡,0,2,2,3,3.23,1,0,1,1,0,0,0,1,1,0,0,0,0,1,0,0,0,0
36,3,0,2,3.037,1,29,1,3,0,보통,0,4,4,3,1.0,1,0,0,0,0,0,0,0,0,0,0,0,0,0,0,0,0,0
31,1,1,7,1.642,2,14,0,2,0,혼잡,1,4,3,2,1.55,1,0,0,0,0,0,0,0,0,0,1,0,1,1,0,0,0,0
36,12,1,6,2.37,8,19,1,3,0,보통,0,2,3,2,1.96,1,0,0,0,0,0,0,0,0,1,1,0,0,1,0,0,0,0
26,12,0,4,2.615,36,44,0,3,0,혼잡,0,3,2,3,1.55,1,0,0,0,0,0,0,0,0,0,0,1,0,0,0,0,0,0
24,1,0,3,3.582,2,43,0,,,보통,,,,,1.5,0,0,0,0,0,1,1,1,1,0,0,0,0,0,0,0,0,0
15,3,1,1,4.736,7,62,0,,,보통,,,,,0.97,0,0,0,0,0,1,0,0,0,0,0,0,0,0,0,0,0,0
41,12,1,1,4.114,13,55,1,5,0,보통,0,5,5,4,0.83,1,0,0,0,0,0,0,0,0,0,0,0,0,0,1,0,0,0
34,1,0,60,0.0,6,22,0,2,0,매우혼잡,1,3,3,1,2.94,1,1,0,0,0,0,0,0,0,0,1,1,1,1,1,1,0,0
33,6,1,11,1.513,8,24,0,,,보통,,,,,2.43,0,1,0,0,0,1,1,0,0,0,0,1,1,0,0,1,0,0
59,12,1,7,2.136,1,9,1,2,0,혼잡,0,2,3,1,2.04,1,0,0,1,1,0,0,0,0,0,1,1,0,1,1,0,0,1
35,3,0,10,1.774,2,22,0,2,1,혼잡,0,3,2,3,2.48,1,1,0,0,0,1,0,0,0,0,0,1,0,1,1,1,0,0
26,12,0,4,2.493,8,43,0,,,보통,,,,,1.44,0,1,0,0,0,0,0,1,0,0,0,0,0,0,0,0,0,0
46,6,0,7,1.801,4,21,0,,,혼잡,,,,,1.81,0,0,0,0,0,0,0,0,0,1,0,0,0,1,0,0,0,1
31,12,0,1,4.494,20,55,1,4,0,보통,0,5,5,5,0.91,1,0,0,0,0,0,0,0,0,0,0,0,0,0,0,0,0,0
46,12,0,3,2.304,30,21,0,3,0,보통,0,4,4,4,1.1,1,0,0,0,0,0,0,0,0,0,0,0,0,0,0,0,1,0
38,12,1,2,4.024,9,60,0,4,0,매우혼잡,1,3,3,3,1.04,1,0,0,0,0,0,0,0,0,0,1,0,1,1,0,0,0,0
37,12,1,1,5.126,26,55,0,4,0,보통,0,3,4,2,0.9,1,0,0,0,0,0,0,0,0,1,0,0,0,0,0,0,0,0
27,6,0,13,1.36,31,23,0,3,0,보통,0,3,3,3,2.51,1,0,0,0,0,1,0,0,0,0,1,0,0,0,0,1,0,0
39,12,0,4,2.996,5,56,0,,,보통,,,,,1.71,0,0,0,0,0,0,0,0,1,0,0,0,0,0,0,0,0,1
44,3,1,7,1.824,5,30,0,2,0,혼잡,1,3,2,1,1.79,1,1,0,0,0,0,0,0,0,0,1,1,1,0,0,0,0,1
30,12,0,14,1.419,10,31,0,2,0,매우혼잡,0,2,2,2,2.76,1,1,1,1,0,0,1,0,0,0,1,1,1,1,0,0,1,0
40,6,0,16,1.186,21,42,1,1,1,보통,0,2,4,3,2.74,1,1,0,0,0,0,1,0,0,0,1,0,0,0,1,0,0,0
35,12,0,5,2.081,35,28,0,,,보통,,,,,1.49,0,0,0,0,0,1,0,0,0,0,1,0,0,0,0,0,0,1
22,3,0,4,2.064,8,31,0,,,혼잡,,,,,1.31,0,1,1,0,0,0,0,1,1,0,0,0,0,0,0,0,0,0
39,1,1,3,3.08,1,52,1,3,0,매우혼잡,0,3,4,3,1.31,1,0,0,0,0,0,1,1,0,0,1,1,0,0,0,1,0,1
24,12,0,3,3.75,26,54,1,3,0,혼잡,0,3,4,3,1.75,1,0,0,0,0,0,0,0,0,0,0,0,0,1,0,0,0,0
22,12,0,12,1.532,16,22,1,,,혼잡,,,,,2.56,0,1,0,0,0,1,0,0,0,0,1,0,1,0,0,0,0,1
26,3,1,1,6.214,1,67,1,5,0,여유,0,4,5,5,0.84,1,0,0,0,0,0,1,0,0,0,0,0,0,0,0,0,0,0
28,6,1,3,3.542,3,37,0,,,여유,,,,,1.63,0,0,0,1,0,1,0,0,0,0,0,0,0,0,0,0,0,0
20,6,0,9,1.861,8,36,0,4,0,보통,0,4,4,3,2.36,1,0,0,0,0,0,0,0,0,0,0,0,0,0,0,0,0,0
48,12,0,3,3.117,18,21,1,,,보통,,,,,1.53,0,1,0,0,0,0,0,0,0,0,0,0,0,0,0,1,0,0
15,12,0,58,0.181,19,21,0,,,매우혼잡,,,,,2.49,0,1,0,0,0,0,0,0,1,0,1,0,1,0,0,1,1,1
32,6,0,25,0.796,5,26,0,,,보통,,,,,2.86,0,0,0,0,0,1,0,0,0,0,1,1,0,0,0,0,0,0
50,3,0,13,1.171,2,38,0,,,보통,,,,,2.2,0,0,1,0,0,0,0,0,0,0,0,1,1,0,0,1,0,0
35,12,0,20,0.724,10,0,0,2,0,보통,0,2,2,2,2.02,1,1,0,0,0,0,0,1,0,0,0,1,0,0,0,0,0,0
15,12,0,16,0.993,12,13,0,2,0,보통,0,3,2,3,2.3,1,1,0,0,0,0,0,0,0,0,0,0,0,0,0,0,0,0
29,6,1,2,4.474,26,67,1,4,0,보통,0,4,5,4,1.06,1,0,0,0,0,0,0,0,0,0,1,0,0,0,0,0,0,0
21,3,0,3,3.083,4,25,0,,,매우혼잡,,,,,1.43,0,1,0,1,1,0,0,0,0,0,0,1,0,0,0,1,1,1
22,6,1,4,2.624,6,47,1,,,보통,,,,,1.48,0,0,0,0,0,0,0,0,0,0,0,0,0,0,0,0,0,0
36,6,0,21,0.877,5,25,0,2,0,보통,1,2,2,1,2.57,1,1,0,1,0,0,0,0,0,0,1,1,1,0,0,0,0,0
42,3,1,5,2.395,9,38,0,3,0,혼잡,0,4,3,2,1.74,1,0,0,0,0,0,0,0,0,1,0,0,0,0,0,0,0,0
42,6,0,52,0.362,2,6,0,2,0,여유,0,3,3,3,2.68,1,1,0,0,0,1,0,0,0,0,0,0,0,0,0,1,0,0
32,6,0,11,1.675,29,39,0,3,0,여유,0,4,4,3,2.52,1,0,0,0,0,0,0,0,0,0,0,0,0,0,0,0,0,0
33,12,0,3,2.573,22,33,0,3,0,여유,0,4,3,3,1.19,1,0,0,0,0,0,0,0,0,0,0,0,0,0,0,0,0,0
35,3,0,60,0.16,10,31,0,2,1,보통,0,3,3,2,2.7,1,1,0,0,0,0,0,0,0,0,1,0,0,0,1,0,0,0
38,6,1,6,1.933,9,28,0,4,0,여유,0,3,3,3,1.69,1,0,0,0,0,0,0,0,0,0,0,0,0,0,0,0,0,0
35,6,0,1,4.68,5,56,1,4,0,매우혼잡,0,3,3,3,0.97,1,0,0,1,0,0,0,0,0,0,1,0,0,0,0,0,0,0
21,3,0,11,1.642,9,22,1,3,0,혼잡,0,3,4,3,2.66,1,1,0,0,0,0,1,1,0,0,0,0,0,0,0,0,0,0
34,12,0,6,4.146,3,67,0,,,혼잡,,,,,3.64,0,0,0,0,0,0,0,0,0,0,0,0,0,0,0,0,0,0
35,12,0,8,1.949,7,19,0,,,여유,,,,,2.32,0,0,0,1,0,0,0,0,1,0,0,0,0,0,0,0,0,0
20,12,0,21,0.908,20,0,0,2,0,보통,0,3,3,3,2.66,1,1,0,0,1,0,0,0,0,0,0,0,0,0,0,1,1,1
34,3,0,5,2.443,2,35,0,3,0,여유,0,3,3,3,1.78,1,0,0,0,0,1,0,0,0,0,0,1,0,0,0,0,0,0
37,12,1,3,3.202,14,24,0,,,보통,,,,,1.21,0,0,0,0,1,1,0,0,0,0,0,0,0,0,0,0,0,0
24,6,0,2,3.387,17,54,1,3,0,보통,0,3,4,4,1.2,1,0,0,0,0,0,0,0,1,0,0,1,0,0,0,0,0,0
26,3,1,13,1.685,3,6,0,,,보통,,,,,3.12,0,0,0,0,0,0,0,0,0,0,0,0,0,0,0,0,0,0
43,1,1,3,3.103,0,44,1,,,보통,,,,,1.55,0,0,0,0,0,0,0,0,0,0,0,0,0,0,1,0,0,1
35,12,1,1,5.068,8,56,0,4,0,매우혼잡,0,4,3,3,0.83,1,0,0,0,0,0,0,0,0,0,1,0,1,0,0,0,0,0
39,6,1,5,2.917,13,38,1,,,여유,,,,,2.05,0,0,0,0,0,0,0,0,0,0,0,0,0,0,0,1,0,0
33,6,0,4,2.575,21,28,0,3,0,여유,0,4,3,3,1.51,1,1,0,0,1,0,0,0,0,0,0,0,0,0,0,0,0,0
48,12,0,3,2.848,11,34,1,,,여유,,,,,1.34,0,0,0,0,0,0,0,0,0,0,0,0,0,0,0,0,0,0
24,12,0,16,0.938,10,21,0,3,0,보통,0,2,3,3,2.15,1,0,0,0,0,0,1,1,0,0,0,0,0,0,0,0,0,0
52,12,0,5,2.237,35,27,1,4,0,여유,0,4,4,4,1.75,1,0,0,0,0,0,0,0,0,0,0,0,0,0,0,0,0,0
29,12,1,4,2.675,14,39,0,2,0,매우혼잡,0,2,2,2,1.5,1,0,0,1,0,0,1,1,0,1,0,1,0,1,0,0,1,0
27,6,1,3,3.637,6,60,1,,,보통,,,,,1.69,0,0,0,0,0,0,0,0,1,0,0,0,0,0,0,0,0,0
25,12,0,2,3.51,2,53,0,4,0,여유,0,4,4,4,1.12,1,0,0,0,0,0,1,1,0,0,0,0,0,0,0,0,0,0
41,3,0,60,0.0,3,3,0,,,혼잡,,,,,2.92,0,1,0,0,0,0,0,0,0,0,1,1,1,1,1,0,0,1
29,12,0,3,2.93,5,43,0,3,0,여유,0,3,4,3,1.18,1,1,0,0,0,0,0,0,0,0,0,0,0,0,0,0,0,0
50,6,0,18,0.972,8,14,0,3,0,여유,0,2,3,2,2.51,1,0,0,0,0,0,0,0,1,0,0,0,0,0,0,0,0,0
33,12,0,3,3.711,1,56,0,,,여유,,,,,1.49,0,0,0,0,0,0,0,0,0,1,0,0,0,0,0,0,0,0
31,12,0,1,4.706,11,48,1,,,보통,,,,,0.99,0,0,0,0,0,0,0,0,0,0,0,0,0,0,0,0,0,0
31,6,1,6,1.854,1,36,0,3,0,보통,0,3,3,4,1.6,1,0,0,0,0,0,0,0,0,0,0,0,0,0,0,0,0,0
33,3,0,18,0.95,2,20,0,4,0,여유,0,3,2,2,2.48,1,0,0,1,0,0,0,0,0,0,0,0,0,0,0,0,0,0
44,6,0,1,4.994,6,47,0,4,0,보통,0,5,5,4,0.93,1,0,0,1,0,0,0,0,0,0,0,0,0,0,0,0,0,0
36,3,0,13,1.238,7,21,0,,,보통,,,,,2.38,0,0,0,0,0,1,0,0,0,0,0,1,0,0,1,1,0,1
15,6,0,16,1.347,3,12,0,,,보통,,,,,3.17,0,1,0,0,0,0,0,0,0,1,1,1,0,0,0,0,0,0
43,6,0,11,1.807,1,24,1,2,0,보통,0,3,3,2,2.74,1,1,1,0,0,0,0,0,0,0,0,1,0,0,0,0,0,0
35,12,0,11,1.378,5,14,0,3,0,보통,0,4,3,3,2.11,1,0,0,0,0,0,0,0,0,0,0,0,0,1,0,0,0,0
34,6,0,5,2.33,9,21,0,3,0,보통,0,2,4,3,1.69,1,0,0,0,0,1,0,0,0,0,0,0,0,0,0,0,0,0
52,12,0,2,4.195,7,63,1,,,보통,,,,,1.01,0,0,0,0,0,0,0,0,1,0,0,0,0,0,0,0,0,0
41,6,1,60,0.34,1,15,0,,,혼잡,,,,,14.3,0,1,0,0,0,1,0,1,0,0,0,0,0,1,0,0,0,0
42,12,0,2,3.448,5,56,1,,,매우혼잡,,,,,1.22,0,0,0,0,0,0,0,0,0,0,0,0,0,0,0,0,0,1
26,12,0,3,3.577,11,28,1,,,보통,,,,,1.43,0,0,0,0,0,0,0,0,0,1,0,0,0,0,0,0,1,0
34,12,0,60,0.0,12,14,0,,,보통,,,,,2.75,0,1,1,0,0,0,1,1,0,0,1,0,0,0,0,0,0,0
28,6,1,60,0.415,28,26,0,,,여유,,,,,9.71,0,1,0,0,0,0,0,1,1,0,0,0,0,0,0,0,1,0
36,12,0,21,0.598,17,20,0,,,여유,,,,,1.81,0,0,0,0,0,0,1,0,0,0,0,0,0,0,0,1,0,1
40,12,0,4,2.967,12,49,1,,,매우혼잡,,,,,1.61,0,0,0,0,0,0,0,0,1,0,1,1,0,0,0,1,1,0
33,12,0,19,0.852,10,10,0,,,여유,,,,,2.3,0,1,0,0,0,0,0,0,0,0,0,0,0,0,0,1,1,0
24,12,1,3,2.964,4,37,1,4,0,보통,0,3,5,3,1.22,1,0,0,0,0,0,0,0,0,0,0,0,0,0,0,0,0,0
44,12,0,4,2.883,20,30,0,4,0,여유,0,4,3,4,1.49,1,0,0,0,0,0,0,0,0,0,0,0,0,0,0,0,0,0
70,12,0,1,5.184,11,57,1,4,0,여유,0,4,4,4,0.98,1,0,0,0,0,0,0,0,0,0,0,0,0,0,0,0,0,0
31,3,0,2,3.727,4,46,1,,,혼잡,,,,,1.07,0,0,0,0,0,0,0,1,0,1,0,0,1,0,0,0,0,0
26,6,0,1,4.127,2,46,0,4,0,매우혼잡,0,4,3,4,0.85,1,0,0,0,0,0,0,0,0,0,0,0,0,1,0,0,0,0
23,1,1,3,3.354,1,30,0,3,0,혼잡,0,3,3,3,1.3,1,0,0,0,0,0,0,0,0,1,1,1,0,0,0,0,0,1
24,12,0,2,4.54,7,41,0,4,0,보통,1,5,4,3,1.03,1,1,0,0,0,0,0,0,0,0,0,0,1,1,0,0,0,0
35,6,1,3,2.494,4,44,0,2,0,혼잡,0,3,4,3,1.21,1,0,1,0,0,0,0,0,0,0,0,1,1,0,0,1,0,0
37,1,0,16,0.912,0,19,0,,,여유,,,,,2.1,0,1,1,0,1,0,0,0,0,0,1,0,1,0,0,0,0,0
53,3,0,53,0.094,3,8,0,1,1,보통,0,4,3,2,2.29,1,1,0,0,0,0,0,0,0,0,0,0,0,1,1,1,1,1
31,3,0,1,5.04,4,51,1,4,0,보통,0,4,4,3,0.85,1,0,0,0,0,0,0,0,0,1,0,0,0,0,0,0,0,0
29,12,1,3,2.928,2,34,0,4,0,여유,0,4,3,4,1.18,1,0,1,0,0,0,0,0,0,0,0,0,0,0,0,0,0,0
51,6,0,11,1.985,4,30,1,1,0,보통,0,2,4,2,3.22,1,0,0,0,0,0,0,0,0,0,0,0,0,0,0,1,0,0
24,6,0,2,4.103,11,52,0,3,0,혼잡,0,5,3,4,1.02,1,0,0,0,0,0,0,0,0,0,0,0,1,0,0,0,0,0
25,12,0,25,0.769,2,4,0,,,보통,,,,,2.76,0,1,0,0,0,1,0,0,0,0,0,0,1,0,1,0,0,0
15,6,1,4,4.99,6,67,0,4,0,여유,0,4,4,4,3.1,1,0,0,0,0,0,0,0,0,0,0,0,0,0,0,0,1,0
33,3,0,12,1.409,3,22,0,2,1,보통,0,3,2,2,2.44,1,1,0,0,0,1,0,0,0,0,0,0,0,0,0,0,0,1
23,12,0,25,2.083,14,37,0,4,0,여유,0,3,3,3,7.49,1,1,0,0,1,0,0,0,0,0,0,0,0,0,0,0,0,0
46,6,0,4,2.068,3,25,0,,,혼잡,,,,,1.2,0,1,0,0,0,0,0,0,0,0,1,1,0,0,0,0,0,0
41,1,0,4,2.308,2,52,0,3,0,여유,0,2,3,4,1.39,1,1,0,0,0,0,0,1,1,0,0,0,0,0,0,0,0,0
33,12,0,2,4.125,36,44,1,2,0,여유,0,3,3,3,1.05,1,1,0,0,0,0,0,0,0,0,0,0,0,0,0,0,1,1
40,1,0,9,1.24,0,12,1,,,혼잡,,,,,1.65,0,1,0,1,0,0,1,0,0,1,0,0,1,0,1,1,1,1
49,12,0,2,4.564,30,61,1,4,0,보통,0,5,4,4,1.02,1,0,0,0,0,0,0,0,0,0,0,0,0,0,0,0,0,0
30,1,0,3,3.371,1,30,0,3,0,보통,0,4,3,3,1.52,1,1,0,0,0,0,0,0,0,0,0,0,0,0,1,0,1,0
19,3,0,6,1.921,5,9,0,,,여유,,,,,1.66,0,1,0,0,0,0,1,0,0,0,0,0,0,1,0,0,0,0
34,6,0,3,2.86,10,50,0,,,보통,,,,,1.12,0,0,0,1,0,0,1,0,0,0,1,0,0,0,0,0,0,0
41,3,0,5,2.155,4,28,0,,,혼잡,,,,,1.39,0,0,0,0,1,0,0,1,0,1,0,0,0,0,0,0,0,1
26,6,0,18,1.048,10,26,0,,,혼잡,,,,,2.75,0,0,1,0,0,0,0,0,1,0,0,0,0,0,1,1,0,0
15,1,0,8,1.662,3,44,0,3,0,매우혼잡,0,2,2,3,1.88,1,0,0,0,0,0,0,0,0,0,1,1,0,0,0,0,0,1
25,1,0,4,2.099,6,16,0,,,여유,,,,,1.34,0,0,0,0,0,0,1,0,0,1,0,0,0,0,0,0,0,0
19,12,1,12,1.25,6,13,0,2,0,여유,0,3,4,3,2.15,1,1,0,0,0,0,0,0,0,0,0,0,0,0,0,0,0,1
32,12,0,1,4.709,24,66,1,4,0,혼잡,1,4,4,2,0.89,1,0,0,0,0,0,0,0,0,0,0,0,0,1,0,0,0,0
25,12,0,3,3.514,6,49,1,2,0,매우혼잡,0,3,3,2,1.7,1,0,0,0,0,0,0,1,0,0,1,0,0,0,0,0,0,1
18,3,0,4,2.482,5,44,0,3,0,여유,0,3,3,3,1.4,1,0,0,0,0,0,0,0,0,0,0,0,0,0,0,0,0,1
32,3,1,2,4.343,9,68,0,3,0,혼잡,0,3,4,4,0.94,1,0,0,0,0,0,0,0,0,0,1,0,0,0,0,1,0,1
27,12,0,60,0.259,7,12,0,2,0,혼잡,0,2,2,1,3.11,1,1,0,0,0,1,0,0,0,0,1,0,0,1,0,0,0,0
34,3,0,51,0.0,5,0,1,,,보통,,,,,2.19,0,1,0,0,0,0,1,0,0,0,1,0,0,1,0,1,1,1
26,6,0,5,2.412,15,20,1,3,0,매우혼잡,0,3,3,2,1.58,1,0,0,0,0,0,0,0,0,0,1,1,1,1,1,0,0,0
15,12,1,1,4.542,13,40,0,,,보통,,,,,0.86,0,0,0,0,0,0,0,0,0,0,0,0,0,0,0,0,0,1
38,6,0,5,2.217,6,24,1,,,매우혼잡,,,,,1.53,0,0,0,0,0,1,0,1,0,0,1,1,1,0,1,1,0,0
48,6,0,3,3.163,26,35,0,4,0,보통,0,4,4,4,1.39,1,0,0,0,0,0,0,0,0,0,0,0,0,0,0,0,0,0
39,12,0,50,0.245,10,21,0,,,매우혼잡,,,,,2.15,0,1,1,1,0,1,1,1,0,0,1,1,1,1,0,1,0,0
49,6,0,22,0.694,5,23,0,1,0,매우혼잡,0,2,3,2,2.22,1,1,1,0,0,0,0,0,0,1,0,0,1,0,1,0,1,1
33,12,1,3,2.726,2,46,0,4,0,보통,0,4,4,3,1.14,1,0,0,0,0,0,0,0,0,0,0,0,0,0,0,0,0,1
32,12,1,12,1.352,15,14,0,2,1,여유,0,3,4,4,2.36,1,0,0,0,0,0,0,1,0,0,0,0,0,0,0,0,1,0
31,12,0,3,3.09,21,46,0,,,혼잡,,,,,1.24,0,0,0,0,0,0,0,1,0,0,1,0,0,1,0,0,1,1
15,6,1,4,2.838,9,17,0,1,0,매우혼잡,0,4,2,3,1.5,1,1,1,0,1,0,0,0,0,0,1,0,0,0,0,1,1,1
37,12,0,1,4.456,6,66,1,,,혼잡,,,,,0.81,0,0,0,1,0,0,0,0,0,0,0,0,0,0,1,1,0,0
37,12,0,15,1.278,6,14,0,,,혼잡,,,,,2.72,0,0,0,0,0,0,0,0,0,0,1,0,0,0,0,0,0,0
30,3,1,11,1.305,6,20,0,,,혼잡,,,,,2.13,0,1,0,0,0,0,0,0,1,0,1,0,0,0,0,0,0,0
43,3,0,12,1.337,7,22,0,2,0,보통,0,3,3,3,2.3,1,0,0,0,0,0,0,0,0,1,0,0,0,1,0,0,0,0
30,12,0,12,1.473,20,18,0,2,0,보통,0,3,2,2,2.62,1,1,1,0,0,1,1,0,0,0,1,0,0,0,1,1,0,1
54,12,0,1,4.834,36,75,1,4,0,보통,0,4,5,4,0.8,1,0,0,0,0,0,0,0,0,0,0,0,0,0,0,0,0,0
23,12,0,3,2.897,32,50,1,,,보통,,,,,1.27,0,0,0,0,0,0,0,0,1,0,0,0,0,0,0,0,0,0
42,6,0,22,0.779,6,19,0,3,0,여유,0,3,2,2,2.44,1,1,1,0,0,0,0,0,0,0,1,0,0,0,0,0,0,0
25,3,0,60,0.695,5,27,1,,,보통,,,,,10.45,0,1,1,0,0,0,0,0,0,0,0,0,0,0,0,0,1,1
55,12,0,2,4.172,36,54,1,3,0,혼잡,0,3,4,2,0.99,1,0,0,0,0,0,0,0,0,0,1,0,0,0,0,0,0,0
47,12,0,3,2.667,31,35,1,3,0,여유,0,3,4,3,1.31,1,0,0,0,0,0,0,0,0,0,1,0,1,0,0,0,0,0
34,3,0,4,2.904,6,28,1,,,여유,,,,,1.7,0,0,0,0,0,0,0,0,0,0,0,0,0,0,0,0,0,0
25,6,0,18,1.194,9,41,0,,,보통,,,,,3.0,0,0,0,0,0,0,1,0,1,0,1,0,0,0,0,0,0,0
25,3,0,4,2.86,2,39,0,2,0,보통,0,3,3,4,1.72,1,0,0,0,0,1,0,0,0,0,0,0,0,0,0,0,0,0
43,6,1,1,6.259,11,66,0,5,0,여유,0,4,4,4,0.89,1,0,0,0,0,0,0,0,0,0,0,0,0,0,0,0,0,0
15,12,0,1,4.672,22,43,0,,,보통,,,,,0.91,0,0,1,0,0,0,0,0,0,0,0,0,0,0,0,0,0,0
41,6,0,6,1.847,20,30,0,3,0,혼잡,0,4,3,2,1.6,1,0,0,0,0,0,0,0,0,0,1,1,1,0,0,0,0,1
15,12,0,1,4.745,36,71,1,4,0,매우혼잡,0,4,5,3,0.97,1,0,0,0,0,0,0,0,0,0,0,0,1,1,0,0,0,0
45,6,1,2,4.666,16,63,0,,,매우혼잡,,,,,1.05,0,0,0,0,1,0,0,0,0,0,0,1,0,1,0,1,0,0
35,6,0,2,3.632,11,47,1,4,0,여유,1,3,4,2,1.25,1,0,0,0,0,0,0,0,0,0,0,1,1,1,0,0,0,0
15,6,0,2,3.348,20,40,0,3,0,보통,0,4,4,4,1.12,1,1,0,0,0,0,0,0,0,0,0,1,0,0,0,0,0,0
35,3,0,58,1.406,4,10,0,3,0,여유,0,3,3,3,11.74,1,1,1,0,0,0,0,0,0,0,0,0,0,0,0,1,0,0
45,6,0,15,1.022,1,18,0,2,0,보통,1,3,3,1,2.16,1,1,0,0,0,1,0,1,0,0,1,1,0,0,0,1,1,0
15,12,0,4,2.745,23,24,1,,,혼잡,,,,,1.53,0,1,0,0,0,0,0,0,0,0,1,1,0,0,0,0,0,0
40,12,1,1,4.514,14,35,0,4,0,혼잡,0,5,4,4,0.9,1,0,0,0,0,0,0,0,0,0,1,0,0,0,0,1,0,0
38,6,0,14,1.447,5,10,0,,,혼잡,,,,,2.89,0,0,1,1,1,1,0,1,0,0,0,0,0,0,1,1,0,0
49,12,0,14,1.051,6,23,0,2,0,보통,1,3,3,2,2.13,1,1,0,1,1,1,0,0,0,0,0,1,0,0,1,1,1,1
35,6,0,28,0.614,2,10,0,2,0,여유,0,2,2,2,2.44,1,1,0,0,0,0,0,0,0,0,0,0,0,0,0,0,0,0
26,3,0,60,0.696,0,8,0,,,여유,,,,,11.08,0,1,1,0,0,0,1,0,0,0,0,0,0,0,0,0,1,0
29,1,0,12,2.777,3,34,0,,,보통,,,,,4.6,0,0,0,0,0,0,0,0,0,1,0,0,0,0,0,0,0,0
48,6,0,5,2.681,5,38,1,3,0,여유,0,4,4,3,1.76,1,0,0,0,0,0,0,0,0,0,0,0,0,0,1,0,0,0
37,6,0,14,1.272,2,23,1,3,0,보통,0,2,4,3,2.54,1,0,0,0,0,0,0,0,0,0,0,0,0,0,1,0,0,0
36,12,0,22,0.614,5,18,1,2,1,보통,0,4,3,3,1.89,1,0,0,0,0,0,0,0,0,0,0,0,0,0,1,0,0,0
58,12,0,21,2.047,12,40,0,,,여유,,,,,6.06,0,1,0,0,0,1,0,0,0,0,0,1,0,0,0,0,0,0
57,12,1,2,3.565,0,64,1,,,보통,,,,,1.11,0,0,0,0,0,0,0,0,0,0,0,1,0,1,0,1,0,0
22,3,0,5,2.417,1,22,0,,,매우혼잡,,,,,1.64,0,1,0,0,0,0,0,1,0,0,1,0,1,0,1,0,0,0
40,3,0,12,1.227,3,21,0,,,보통,,,,,2.04,0,0,0,1,0,1,0,1,0,1,0,0,0,0,1,0,0,0
52,6,0,20,2.361,3,30,0,,,보통,,,,,6.59,0,1,0,0,0,0,1,0,0,0,1,0,0,0,0,0,0,0
24,12,1,1,4.385,4,55,0,5,0,보통,0,4,3,3,0.89,1,0,0,0,0,0,1,0,0,0,0,0,0,0,0,0,0,0
38,1,1,4,2.506,1,18,0,3,0,여유,0,4,4,3,1.49,1,0,0,0,0,0,1,0,0,0,0,0,0,0,0,0,0,0
48,6,1,23,0.876,3,14,0,,,혼잡,,,,,2.85,0,0,0,0,0,1,0,0,0,1,1,1,1,1,1,0,0,0
38,6,0,9,1.997,20,40,0,3,0,보통,0,4,4,3,2.44,1,0,0,0,0,0,0,0,0,0,0,0,0,0,0,0,0,0
16,6,1,4,2.65,8,36,0,3,0,혼잡,0,4,4,2,1.54,1,0,0,0,0,0,0,0,0,0,0,1,0,0,1,0,0,0
19,3,0,8,1.515,1,36,0,,,매우혼잡,,,,,1.76,0,1,0,0,0,0,1,0,0,0,1,1,0,1,0,1,0,0
35,1,0,27,0.741,2,30,0,2,0,여유,1,2,3,2,2.88,1,0,0,0,0,0,1,1,0,0,0,1,0,0,0,0,0,0
24,6,1,1,4.805,36,49,1,,,매우혼잡,,,,,0.93,0,0,0,0,0,0,0,0,0,0,0,0,1,0,0,0,0,0
37,3,0,5,2.657,1,37,1,,,혼잡,,,,,1.74,0,0,0,0,0,0,0,0,0,0,1,1,0,0,0,0,0,0
22,1,0,18,0.798,3,34,0,3,0,혼잡,0,3,3,2,2.09,1,0,0,0,0,0,0,0,1,0,0,0,1,1,1,0,0,0
32,3,1,5,2.617,5,42,0,,,보통,,,,,1.75,0,0,0,0,0,0,0,0,0,0,0,0,0,0,0,0,0,0
25,12,1,5,2.261,12,27,0,3,0,여유,0,3,3,3,1.52,1,0,0,0,0,0,0,0,0,0,1,0,0,0,0,1,0,0
30,12,0,21,0.803,6,27,0,1,0,여유,0,3,3,2,2.44,1,1,0,0,0,0,0,1,0,0,0,0,0,0,1,0,0,0
20,12,0,22,2.548,2,51,1,,,보통,,,,,7.85,0,1,0,0,0,0,1,0,0,0,1,1,1,0,0,0,0,0
23,12,0,60,1.617,21,36,0,,,보통,,,,,15.01,0,1,0,0,0,0,0,0,0,0,0,1,0,0,0,0,0,0
36,3,0,8,1.952,1,34,1,2,0,혼잡,0,2,3,2,2.13,1,0,0,0,1,0,1,1,0,0,0,1,0,1,0,1,0,0
31,12,1,3,3.332,9,52,0,3,0,여유,0,3,4,3,1.29,1,0,0,0,0,0,0,0,0,0,0,0,0,0,0,1,0,0
15,1,0,31,0.611,3,0,0,,,보통,,,,,2.73,0,0,0,0,0,1,0,1,0,0,1,1,1,0,1,1,1,0
45,3,0,4,2.636,3,23,1,,,매우혼잡,,,,,1.42,0,0,0,0,0,0,0,0,1,0,1,0,1,0,1,0,0,0
25,12,0,3,3.396,36,56,0,3,0,보통,0,4,5,4,1.32,1,0,0,0,0,0,0,0,0,0,0,0,0,0,0,1,1,0
38,3,0,7,2.005,2,21,1,,,매우혼잡,,,,,2.02,0,0,1,0,0,0,0,1,0,0,1,1,0,1,1,0,0,0
57,6,0,3,3.24,2,47,1,,,보통,,,,,1.59,0,0,0,0,0,0,0,0,0,0,0,0,0,0,0,0,0,0
29,12,1,3,3.696,7,54,1,3,0,보통,0,3,3,3,1.49,1,0,0,0,0,0,0,0,0,1,0,0,0,0,0,0,0,0
45,1,0,52,0.0,1,10,0,2,0,혼잡,0,1,3,1,2.22,1,0,1,1,0,0,1,1,1,1,1,0,0,1,0,1,1,0
32,12,0,22,0.8,10,13,0,,,여유,,,,,2.47,0,0,0,0,0,0,0,0,0,0,0,0,0,0,0,0,0,0
19,1,1,19,0.771,3,40,0,,,혼잡,,,,,2.05,0,1,0,1,0,0,1,1,1,0,1,1,1,1,1,0,0,0
44,3,0,3,2.373,2,26,0,3,0,보통,0,3,3,3,1.16,1,0,0,0,0,0,0,0,0,0,0,0,0,0,0,0,0,0
41,3,1,4,2.064,6,38,0,2,0,혼잡,0,3,3,2,1.14,1,0,0,0,0,0,0,1,0,0,0,1,0,0,0,0,0,0
22,3,0,4,2.932,5,70,1,4,0,여유,0,4,3,3,1.59,1,0,0,0,0,0,0,0,0,0,0,0,0,0,0,0,0,0
28,6,0,3,3.219,26,35,1,4,0,여유,0,4,4,3,1.22,1,0,0,0,0,0,0,0,0,1,0,0,0,0,0,0,0,0
32,6,0,20,0.936,13,32,0,2,0,혼잡,0,3,2,2,2.71,1,0,0,1,0,1,0,1,0,0,0,0,1,1,0,0,0,0
24,12,0,3,3.66,28,63,0,4,0,매우혼잡,0,4,4,3,1.74,1,0,0,0,0,0,0,0,0,0,1,0,0,1,0,1,0,0
21,12,1,1,5.409,8,81,1,,,여유,,,,,0.95,0,0,0,0,0,0,1,0,0,0,1,0,0,0,0,0,0,0
32,3,0,3,2.816,4,47,0,3,0,혼잡,0,3,3,3,1.15,1,0,0,0,0,0,0,0,0,0,1,0,0,1,1,1,0,0
18,3,0,4,2.576,5,29,0,,,혼잡,,,,,1.45,0,0,0,0,0,0,0,0,0,0,1,1,0,0,0,0,0,0
20,6,1,10,1.787,5,19,0,3,0,혼잡,0,3,2,2,2.5,1,0,1,0,0,1,0,0,0,0,0,1,0,0,0,0,0,0
34,3,1,12,3.098,3,28,0,3,0,매우혼잡,0,3,3,1,5.38,1,0,0,0,1,0,0,0,1,0,1,0,0,0,0,0,0,0
30,12,0,4,2.787,36,42,0,,,보통,,,,,1.44,0,0,0,0,0,0,0,0,0,0,0,1,0,0,0,0,0,0
37,12,1,4,2.322,15,29,0,2,0,보통,0,3,3,3,1.34,1,1,0,0,0,0,0,0,0,0,0,0,0,0,0,0,0,1
25,6,1,3,3.311,5,32,0,3,0,매우혼잡,0,4,3,3,1.62,1,0,0,0,0,0,0,0,0,0,1,1,0,1,0,0,0,1
43,12,0,6,1.794,3,16,0,,,보통,,,,,1.55,0,0,0,0,0,1,0,0,0,0,1,0,0,0,0,0,0,0
44,6,0,17,1.131,11,14,0,,,혼잡,,,,,2.76,0,0,0,0,0,0,0,0,0,1,1,1,1,0,0,0,0,0
41,1,0,3,3.173,7,27,1,3,0,매우혼잡,0,2,3,3,1.32,1,0,0,0,0,0,0,1,0,0,0,0,0,0,0,1,0,0
48,12,1,4,3.474,28,60,0,5,0,혼잡,0,4,3,4,1.75,1,0,0,0,0,0,0,0,0,0,0,0,0,0,0,0,0,0
18,6,0,39,0.489,3,19,0,1,0,혼잡,0,2,3,2,2.75,1,1,0,0,0,0,0,0,1,0,0,1,0,0,1,0,0,1
32,3,0,2,4.046,4,50,0,4,0,보통,0,4,4,5,0.92,1,1,0,0,0,0,0,0,0,0,0,0,0,0,0,0,0,0
37,3,0,4,2.239,0,31,1,4,0,혼잡,0,2,3,3,1.42,1,0,0,0,0,0,0,0,0,0,1,1,1,0,0,0,0,0
39,6,0,3,3.072,6,46,1,4,0,여유,0,4,4,5,1.39,1,0,0,0,0,0,0,0,0,0,0,0,0,0,0,0,0,0
37,3,0,4,2.354,4,60,1,,,여유,,,,,1.4,0,0,0,0,0,0,0,0,0,0,1,1,0,1,0,0,0,0
50,6,1,1,4.894,7,53,0,,,혼잡,,,,,0.96,0,0,0,0,0,0,0,0,0,0,1,0,0,0,0,0,0,0
30,6,0,60,0.09,10,6,0,3,0,보통,0,2,2,3,3.1,1,1,0,1,0,0,0,0,1,0,0,0,0,0,0,0,0,1
32,12,0,9,1.325,5,9,1,3,0,매우혼잡,1,3,5,2,1.77,1,1,0,0,0,0,0,0,0,0,0,1,1,1,0,0,0,0
59,12,0,10,1.688,15,15,1,2,0,혼잡,0,1,2,2,2.37,1,0,0,0,0,0,0,0,1,0,1,1,1,1,0,0,1,1
29,3,0,4,2.745,4,20,0,4,0,여유,0,4,3,4,1.61,1,0,0,0,0,0,0,1,0,0,0,0,0,0,0,0,0,0
21,12,0,4,3.375,4,35,1,,,보통,,,,,1.72,0,0,0,0,0,0,0,0,0,1,1,0,1,0,0,0,0,0
29,12,1,4,2.548,14,48,0,,,혼잡,,,,,1.62,0,1,0,0,0,0,0,0,0,0,0,0,0,1,0,0,0,0
33,3,0,4,2.517,1,20,0,3,0,혼잡,0,3,4,3,1.49,1,0,0,0,0,0,0,0,0,0,1,0,0,0,0,1,0,0
25,1,0,22,0.758,2,10,0,2,0,여유,0,3,3,2,2.35,1,0,0,0,0,0,0,0,0,0,0,0,0,0,0,0,0,0
26,12,1,1,6.213,28,86,1,4,0,여유,0,5,5,5,1.08,1,0,0,0,0,0,0,0,0,0,0,0,0,0,0,0,0,0
37,3,1,2,4.33,1,66,1,,,보통,,,,,1.02,0,0,0,0,0,0,0,0,0,0,0,0,0,0,0,0,0,0
32,12,1,1,6.21,23,63,1,4,0,혼잡,0,4,5,3,0.94,1,0,0,0,0,0,0,0,0,0,0,0,0,0,0,0,0,0
50,12,1,3,3.074,36,62,1,4,1,보통,0,3,4,3,1.45,1,0,0,0,0,0,0,0,0,0,1,0,0,0,0,0,0,0
62,3,1,15,1.217,6,0,0,,,여유,,,,,2.68,0,0,0,0,0,0,0,0,0,0,0,0,0,0,0,0,0,0
41,12,1,3,3.607,6,37,0,,,여유,,,,,1.58,0,0,0,0,0,0,0,0,1,0,0,0,1,0,0,0,0,0
38,1,0,32,0.469,2,4,0,,,혼잡,,,,,2.14,0,0,0,1,1,0,0,1,0,0,1,1,0,1,0,1,1,0
15,3,1,11,1.608,1,19,0,2,0,여유,0,3,2,2,2.55,1,1,0,0,0,1,0,0,0,0,0,0,0,0,0,0,0,0
35,12,0,21,0.874,3,13,0,,,혼잡,,,,,2.66,0,0,0,0,0,0,0,1,0,1,1,0,0,0,0,0,1,0
40,12,1,16,3.256,16,52,0,4,0,여유,0,3,3,3,7.51,1,0,0,0,0,0,0,0,0,0,0,0,0,0,0,0,1,0
24,12,1,9,3.975,18,42,0,4,0,여유,0,3,3,3,5.2,1,0,0,0,0,1,0,0,0,0,0,0,0,1,0,0,0,0
28,12,1,2,4.032,17,43,0,4,0,혼잡,0,4,3,3,1.05,1,0,0,1,0,0,0,0,0,0,0,0,0,0,0,0,0,0
22,6,0,33,0.519,14,34,0,2,0,매우혼잡,0,2,2,2,2.45,1,1,0,0,0,1,0,0,0,0,1,0,0,0,0,0,0,0
15,12,0,50,0.396,10,13,0,2,0,혼잡,1,3,2,1,2.81,1,1,0,0,1,0,0,0,0,0,1,1,1,1,1,0,1,1
32,6,0,12,1.505,5,33,0,3,0,여유,0,3,3,3,2.49,1,1,1,0,0,0,0,0,0,0,0,0,0,0,0,0,0,0
15,12,1,4,5.393,8,60,0,,,혼잡,,,,,3.27,0,0,0,0,0,0,0,0,0,0,0,0,1,0,0,0,0,0
31,12,1,1,4.538,7,73,0,3,0,혼잡,0,4,3,3,0.93,1,1,1,0,1,0,0,0,0,0,1,1,1,0,1,0,0,0
28,12,1,3,3.471,5,35,0,,,보통,,,,,1.73,0,0,0,0,0,0,0,0,0,0,0,0,0,0,0,0,0,0
29,3,0,6,2.179,6,39,0,3,0,혼잡,0,3,3,3,1.76,1,1,0,0,1,0,0,0,0,0,0,0,0,0,0,1,0,0
33,12,0,4,2.465,12,35,1,3,0,보통,0,3,4,3,1.26,1,0,0,0,0,0,0,0,0,0,0,0,0,0,0,1,0,0
44,3,0,36,0.516,1,0,0,,,여유,,,,,2.68,0,0,1,0,1,0,1,0,0,0,0,0,0,0,0,0,0,0
18,1,1,3,3.008,1,29,0,,,보통,,,,,1.18,0,1,0,0,0,0,0,0,0,1,1,0,0,1,0,0,0,0
43,12,0,5,1.981,3,40,0,1,0,혼잡,0,3,3,3,1.51,1,1,0,0,0,0,1,0,0,0,1,1,0,1,1,1,0,0
23,12,0,8,1.71,4,34,0,,,여유,,,,,1.94,0,0,0,0,0,0,0,0,0,0,0,0,0,0,0,0,0,0
55,3,1,3,2.794,9,41,0,3,0,보통,0,3,3,3,1.29,1,0,0,0,0,0,0,0,0,0,0,0,0,0,0,0,0,0
18,3,0,57,0.303,7,12,0,,,보통,,,,,2.47,0,0,0,0,0,0,1,0,0,1,0,0,1,0,0,1,0,1
46,6,0,3,2.471,4,30,1,,,보통,,,,,1.07,0,0,0,0,0,0,0,0,0,0,1,0,0,0,0,1,0,1
42,12,0,5,2.182,16,10,0,1,0,보통,0,2,3,2,1.65,1,1,1,0,0,0,0,1,0,0,1,0,1,0,0,0,0,0
19,12,0,12,1.648,4,10,0,,,혼잡,,,,,2.94,0,1,0,0,0,0,1,0,0,0,0,0,1,0,0,1,0,0
19,12,1,2,4.505,29,59,0,4,0,여유,0,4,4,4,1.01,1,0,0,0,0,0,0,0,0,0,0,0,0,0,0,0,0,1
32,3,1,3,2.665,3,29,0,,,혼잡,,,,,1.25,0,0,0,0,0,0,0,0,0,0,1,0,0,1,0,0,0,0
34,12,0,1,4.469,20,46,1,3,0,여유,1,5,5,3,0.88,1,0,0,0,0,0,0,0,0,0,1,0,0,0,0,0,0,0
45,3,1,17,1.01,3,16,0,,,혼잡,,,,,2.39,0,0,0,0,0,0,0,0,1,0,1,0,0,0,0,0,0,0
29,12,0,11,3.262,14,43,0,,,여유,,,,,5.24,0,0,0,0,0,0,0,1,0,0,0,0,0,0,1,0,0,0
42,1,0,60,1.151,1,14,0,,,보통,,,,,11.73,0,1,0,0,0,0,1,0,1,0,0,0,1,0,0,0,0,0
33,3,0,4,2.778,9,22,0,3,0,보통,0,3,3,3,1.61,1,0,0,0,0,0,0,0,0,0,0,0,0,0,1,0,0,0
49,6,0,4,2.882,3,39,1,3,0,여유,0,5,3,3,1.58,1,1,0,0,1,0,0,0,0,0,0,0,0,0,0,0,0,0
52,6,0,2,3.843,20,40,1,3,1,여유,0,4,5,4,1.29,1,0,0,0,0,0,0,0,0,0,0,0,0,0,0,0,0,0
46,12,1,7,5.059,36,47,1,,,매우혼잡,,,,,4.77,0,0,0,0,0,0,0,0,1,0,0,0,0,0,0,0,0,0
36,1,0,21,0.91,1,9,0,2,0,혼잡,0,2,2,2,2.76,1,1,1,0,1,1,0,0,0,1,1,0,0,0,0,0,0,1
63,3,1,56,0.101,2,25,0,3,0,보통,0,3,2,3,2.4,1,1,0,1,1,0,0,0,0,0,0,0,1,0,1,0,0,0
21,6,0,3,3.73,6,24,0,,,보통,,,,,1.66,0,0,0,0,1,0,0,0,0,0,0,0,0,0,0,0,0,0
38,12,0,2,4.961,2,49,0,4,0,혼잡,0,4,4,4,1.09,1,0,0,0,0,0,0,0,0,1,0,0,0,0,0,0,0,0
15,3,0,16,1.042,1,28,0,,,혼잡,,,,,2.45,0,1,0,0,0,1,0,0,0,0,1,0,1,0,0,0,1,1
37,12,1,3,3.336,21,32,0,,,보통,,,,,1.56,0,0,0,0,0,0,0,1,0,0,0,0,0,0,0,0,1,0
43,3,0,57,0.321,2,22,0,,,보통,,,,,2.6,0,1,1,0,1,0,0,0,0,0,1,1,0,0,0,0,0,0
20,12,0,1,5.083,7,65,0,4,0,혼잡,0,4,4,5,0.87,1,0,0,0,0,0,0,0,0,0,0,0,0,0,0,1,0,1
35,12,0,6,2.156,8,33,0,4,0,여유,0,3,4,4,1.76,1,0,0,0,0,0,0,0,0,0,0,0,0,0,0,0,0,0
35,3,0,23,0.776,1,24,0,,,여유,,,,,2.52,0,1,0,0,0,0,0,0,0,0,0,0,0,0,1,0,0,0
26,12,0,5,2.065,8,31,1,3,0,보통,1,3,3,2,1.37,1,0,1,0,0,0,0,1,0,0,0,0,1,0,0,0,1,0
28,12,1,1,5.026,6,60,0,4,0,여유,0,5,4,4,1.07,1,0,0,0,0,0,0,0,0,0,0,0,0,0,0,0,0,0
34,1,0,8,1.97,0,18,0,4,0,보통,0,4,3,3,2.36,1,0,0,0,0,1,0,0,0,0,0,0,0,1,0,1,0,1
16,1,1,8,1.983,1,38,0,3,0,보통,0,4,4,4,2.18,1,0,0,0,0,0,1,1,0,0,0,0,0,1,1,0,0,1
20,1,0,8,1.739,2,23,0,,,혼잡,,,,,2.1,0,0,0,0,0,0,1,1,0,0,1,0,0,0,0,0,0,0
37,3,0,57,1.354,1,8,0,,,여유,,,,,10.94,0,1,0,0,0,0,0,0,0,0,0,0,0,0,0,0,0,1
39,12,0,8,1.896,14,39,0,3,0,매우혼잡,0,3,3,2,2.09,1,0,0,0,0,0,0,0,0,0,1,1,1,0,0,0,0,0
38,3,0,9,1.609,5,25,0,3,0,보통,0,4,4,3,2.0,1,0,0,0,0,0,0,0,1,0,0,0,1,0,0,0,0,0
50,6,0,5,2.164,9,12,0,,,혼잡,,,,,1.69,0,0,0,0,0,0,1,1,0,0,1,1,1,0,0,0,0,0
33,1,1,4,2.167,5,25,0,3,0,매우혼잡,0,2,3,2,1.15,1,0,1,0,0,0,0,1,0,1,0,1,1,0,0,0,0,0
29,6,1,1,4.14,2,52,0,4,0,보통,0,5,4,4,0.81,1,0,0,1,0,0,0,0,0,0,0,0,0,0,0,0,0,0
50,3,0,3,2.716,1,30,0,,,보통,,,,,1.22,0,0,0,0,0,0,0,0,0,0,0,1,1,0,0,0,0,0
39,12,0,14,1.382,16,0,0,,,매우혼잡,,,,,2.82,0,0,0,1,0,1,0,0,0,0,1,0,1,1,0,0,0,0
29,6,0,13,1.455,2,32,0,2,0,혼잡,0,3,2,1,2.66,1,1,0,0,0,0,0,0,0,0,1,1,0,1,0,1,1,1
35,12,0,6,4.918,20,33,0,,,혼잡,,,,,4.02,0,0,0,0,0,0,0,0,0,0,0,0,0,0,0,1,0,1
27,12,0,5,2.234,5,21,0,,,보통,,,,,1.47,0,0,0,0,0,0,0,0,1,0,1,0,0,0,0,0,0,0
32,6,0,5,2.35,10,36,0,,,보통,,,,,1.78,0,0,0,0,0,0,0,0,0,0,0,0,0,0,1,1,0,0
47,1,1,2,4.65,1,61,1,4,0,여유,0,3,5,4,1.04,1,0,0,0,0,0,0,0,0,0,0,0,0,0,0,0,0,0
43,6,0,4,2.38,3,20,1,3,0,보통,0,3,3,4,1.52,1,0,0,0,0,0,0,0,1,0,0,0,0,0,0,0,0,0
16,12,1,15,1.289,3,15,0,,,혼잡,,,,,2.73,0,0,0,0,0,0,1,0,0,0,1,1,1,0,1,0,0,0
15,1,0,12,1.089,8,38,0,,,보통,,,,,1.87,0,0,0,0,0,0,1,0,0,0,0,0,0,0,0,0,0,0
33,6,0,56,0.0,2,8,0,,,보통,,,,,2.41,0,1,1,0,1,0,0,0,0,0,0,0,0,0,1,1,0,1
26,6,0,4,2.848,8,37,1,4,0,여유,0,4,4,2,1.51,1,0,0,0,0,0,0,0,0,1,0,0,0,0,0,0,0,0
24,3,0,2,4.083,0,44,0,,,혼잡,,,,,1.09,0,0,0,0,0,0,0,0,0,0,1,0,0,0,0,1,0,0
45,12,0,2,4.467,23,51,0,,,여유,,,,,1.09,0,0,0,0,0,0,0,0,0,0,0,0,0,0,0,0,0,0
32,3,0,21,1.071,22,29,0,,,혼잡,,,,,3.25,0,1,0,1,0,0,0,1,1,0,0,1,0,0,0,1,1,0
25,1,0,34,0.644,1,0,0,,,보통,,,,,3.15,0,1,0,1,0,0,1,1,0,0,0,0,0,0,0,0,0,0
59,12,1,2,3.122,3,38,0,3,0,보통,0,4,3,2,1.01,1,0,0,0,0,0,0,0,0,0,1,1,0,0,1,0,0,0
21,12,0,14,1.226,14,14,0,,,보통,,,,,2.46,0,1,0,0,1,0,0,0,0,0,0,0,0,0,0,0,0,0
30,12,0,2,4.277,21,48,0,3,0,보통,0,4,4,4,1.04,1,0,0,0,0,0,0,0,0,1,0,0,0,0,1,0,1,0
55,3,1,1,4.749,3,65,0,,,여유,,,,,0.9,0,0,0,0,0,0,0,0,0,0,0,0,0,0,0,0,0,0
49,12,0,3,3.861,3,38,0,,,여유,,,,,1.53,0,0,0,0,0,0,0,0,0,0,0,0,0,0,0,0,0,1
24,12,0,20,0.759,10,20,0,,,여유,,,,,2.21,0,1,0,0,0,0,0,0,0,0,0,0,1,0,0,0,0,0
23,12,1,3,2.99,6,40,0,3,0,여유,0,4,4,3,1.2,1,0,0,0,0,0,0,0,0,0,0,0,0,0,0,0,0,0
19,6,0,60,0.196,11,5,0,,,여유,,,,,2.6,0,1,1,0,0,1,0,0,1,1,0,0,0,0,0,0,0,0
31,12,0,11,1.76,8,33,0,,,여유,,,,,2.65,0,0,0,0,0,0,0,0,0,0,0,0,0,0,1,0,0,0
56,6,0,13,1.747,12,19,0,2,0,혼잡,0,2,2,2,3.23,1,1,0,1,1,0,1,0,0,1,1,0,0,1,1,1,0,0
34,1,1,1,4.96,3,72,1,4,0,혼잡,1,4,5,3,0.85,1,0,0,0,0,0,0,0,0,0,0,0,1,0,0,0,0,1
15,6,1,1,4.423,3,53,0,3,0,여유,0,4,3,4,0.86,1,0,0,0,0,0,0,0,0,0,0,0,0,0,0,0,0,0
16,6,0,4,2.915,12,30,0,,,보통,,,,,1.58,0,1,0,0,0,0,1,0,0,0,0,0,0,0,0,0,0,0
31,1,0,1,4.888,7,48,0,,,보통,,,,,0.86,0,0,0,0,0,0,0,0,0,0,1,0,0,0,0,0,0,0
30,12,1,5,2.76,23,17,0,3,0,보통,0,3,1,3,2.07,1,0,1,0,0,0,0,0,0,0,0,0,0,0,0,0,0,0
29,12,0,5,2.41,13,17,1,4,0,보통,0,3,4,2,1.61,1,0,0,0,0,0,0,0,0,0,0,0,0,0,0,0,0,0
28,1,0,4,2.691,5,36,0,,,보통,,,,,1.63,0,0,0,0,0,0,0,0,0,0,0,0,0,0,0,0,0,0
31,6,1,2,4.277,2,50,0,4,0,혼잡,0,4,4,4,1.04,1,0,0,0,0,0,0,0,1,0,0,0,0,0,0,0,0,0
45,6,1,1,6.033,26,86,1,4,0,여유,0,3,4,3,1.04,1,0,0,0,0,0,0,0,0,0,1,1,0,0,0,0,0,0
24,12,1,16,2.334,11,38,0,,,매우혼잡,,,,,5.5,0,1,1,0,0,0,0,0,0,0,0,1,1,0,0,0,0,0
53,3,0,14,1.128,4,13,1,2,0,혼잡,0,2,3,2,2.19,1,1,0,0,0,0,0,0,0,0,0,0,0,1,0,1,1,1
38,12,1,11,1.319,35,19,0,3,0,혼잡,0,3,2,2,2.09,1,0,1,0,0,1,0,0,0,0,0,1,0,0,0,0,0,0
24,3,1,4,2.706,3,18,1,,,여유,,,,,1.57,0,0,0,0,0,0,0,0,0,0,0,0,0,0,0,0,0,0
29,1,0,19,1.064,2,6,0,,,여유,,,,,2.86,0,0,0,0,0,0,0,0,0,0,0,0,0,0,0,0,0,0
33,12,0,15,1.235,12,16,0,3,0,보통,0,2,2,3,2.61,1,0,1,0,0,0,0,0,0,0,0,0,0,0,0,0,0,0
44,12,1,1,4.707,28,37,0,5,0,보통,0,4,4,4,0.91,1,0,0,0,0,0,0,0,0,0,0,0,0,0,0,0,0,0
34,1,0,19,0.805,10,28,0,2,0,혼잡,0,2,4,3,2.24,1,0,0,0,0,0,1,1,0,0,0,0,0,0,0,0,1,1
26,3,0,7,1.971,3,43,0,2,0,매우혼잡,1,3,3,1,1.94,1,1,0,0,0,0,0,0,1,0,1,1,0,1,0,1,1,0
32,12,0,5,2.615,4,36,1,2,0,보통,0,3,3,2,1.7,1,1,0,0,0,0,0,0,0,0,0,0,0,0,0,0,1,0
26,12,0,4,2.832,5,24,0,4,0,여유,0,4,3,3,1.49,1,0,1,0,0,0,0,0,0,0,0,0,0,1,0,0,0,0
33,6,0,10,1.879,6,48,0,,,매우혼잡,,,,,2.62,0,0,0,0,0,0,0,0,1,0,1,0,0,1,0,1,0,1
31,12,1,4,3.041,5,48,0,,,여유,,,,,1.69,0,0,0,0,1,0,0,0,0,0,0,0,1,0,0,0,0,0
40,12,1,1,6.034,14,65,1,5,0,여유,0,4,5,4,1.05,1,0,0,0,0,0,0,0,0,0,0,0,0,0,0,0,0,0
41,3,1,2,4.541,7,64,1,,,보통,,,,,1.09,0,0,0,0,0,0,0,0,0,0,0,0,0,0,0,0,0,0
21,1,1,6,2.077,2,30,0,3,0,보통,0,2,2,1,1.78,1,1,1,0,1,1,0,1,0,0,0,0,0,0,1,0,0,1
34,6,0,6,2.065,6,26,1,,,여유,,,,,1.76,0,0,0,0,0,0,0,0,0,0,0,0,0,0,0,0,0,0
31,6,1,8,1.904,25,33,0,4,0,보통,0,4,3,3,2.23,1,0,0,0,1,0,0,0,0,0,0,0,0,0,0,1,0,0
16,3,0,8,1.84,1,31,0,4,0,혼잡,0,2,4,3,2.18,1,1,0,0,0,0,0,0,0,0,1,1,0,0,0,0,0,0
19,12,0,5,2.453,7,37,1,4,0,여유,0,4,4,3,1.61,1,0,0,0,0,0,0,0,0,0,0,0,0,0,0,0,0,0
29,3,0,11,1.62,4,24,0,4,0,보통,0,4,3,3,2.62,1,1,0,0,0,0,1,0,0,0,0,0,0,0,0,0,0,0
15,12,1,3,3.258,1,30,0,4,0,여유,0,3,3,4,1.57,1,0,0,1,0,0,0,0,0,0,0,0,0,1,0,0,0,0
24,3,1,5,2.492,5,24,0,,,보통,,,,,1.86,0,1,0,0,0,0,1,0,0,0,0,0,0,0,0,1,1,0
38,3,0,3,3.13,2,34,1,3,0,여유,0,3,4,4,1.33,1,0,0,0,0,0,0,0,1,0,0,0,0,0,0,0,0,0
39,1,0,5,2.52,5,33,0,,,보통,,,,,1.77,0,1,0,1,1,0,0,0,0,0,0,0,0,0,0,0,0,0
42,1,1,6,1.904,1,25,0,,,보통,,,,,1.76,0,0,0,0,0,0,0,1,0,0,0,1,0,0,0,0,0,0
35,1,0,3,2.804,5,26,1,,,여유,,,,,1.18,0,0,0,0,0,0,0,0,1,0,0,1,0,0,0,0,0,1
41,6,1,3,3.276,3,38,0,,,여유,,,,,1.48,0,0,0,0,0,0,0,0,0,0,0,0,0,0,0,0,0,0
15,6,1,2,4.93,14,49,1,3,0,보통,0,4,4,4,1.08,1,0,0,0,0,0,0,0,0,0,0,0,0,0,0,0,0,0
26,3,0,60,0.0,4,12,0,,,여유,,,,,3.27,0,0,0,0,1,0,1,1,1,0,0,0,0,0,0,0,0,0
47,12,1,3,3.101,5,38,0,3,0,여유,0,4,3,3,1.38,1,0,0,0,0,0,0,0,0,0,1,0,0,0,0,0,1,0
36,3,0,13,1.426,6,20,0,,,매우혼잡,,,,,2.71,0,1,1,1,0,0,0,0,0,0,0,1,0,1,1,0,0,0
46,1,0,4,2.9,1,38,0,3,0,여유,0,4,3,3,1.68,1,0,0,0,0,0,0,0,0,0,0,1,0,0,0,0,0,0
19,6,1,9,1.57,9,8,0,,,매우혼잡,,,,,2.06,0,1,0,0,0,0,0,0,0,0,1,0,0,1,0,1,0,0
18,6,1,5,2.669,10,24,0,,,여유,,,,,1.79,0,0,0,1,0,0,0,0,0,0,0,0,0,0,1,0,0,0
53,3,0,3,2.703,3,24,0,,,혼잡,,,,,1.13,0,0,0,0,0,0,0,0,0,0,0,1,0,0,0,0,1,0
41,12,0,7,1.548,32,30,0,3,0,보통,0,4,3,3,1.56,1,0,0,0,1,0,0,0,0,0,0,0,0,1,0,0,0,0
53,3,0,12,1.321,1,29,0,,,보통,,,,,2.18,0,0,0,0,0,1,1,0,0,0,0,0,0,1,0,0,0,0
33,12,1,4,2.337,17,36,0,3,0,보통,0,3,3,2,1.25,1,0,0,0,0,0,0,0,0,0,1,0,0,1,0,0,1,0
51,12,1,3,3.385,34,30,0,3,0,혼잡,0,4,3,3,1.27,1,0,0,0,0,0,0,0,0,0,1,0,0,1,0,0,0,0
37,12,0,24,0.548,19,19,1,1,1,혼잡,0,2,3,2,1.91,1,1,0,0,0,0,0,0,0,0,0,0,0,1,1,1,1,0
33,12,0,1,5.111,19,58,1,3,0,매우혼잡,1,3,4,3,1.05,1,0,0,0,0,0,0,0,0,0,1,1,0,1,1,0,0,0
38,6,1,45,0.487,6,22,0,,,보통,,,,,3.1,0,0,1,0,0,0,0,0,0,0,1,0,1,0,0,1,0,0
16,1,0,9,1.933,2,25,0,,,혼잡,,,,,2.48,0,1,0,0,0,0,1,0,0,0,1,0,1,0,0,0,0,1
15,12,0,1,5.521,25,64,1,3,0,보통,0,4,5,3,1.04,1,0,0,0,0,0,0,0,0,0,1,1,0,0,0,0,0,0
36,3,1,3,2.602,1,38,1,,,보통,,,,,1.16,0,0,0,0,0,0,0,0,0,0,1,0,0,0,1,0,0,0
20,12,0,29,0.645,11,19,0,,,여유,,,,,2.66,0,0,0,1,1,1,0,1,0,0,0,0,0,0,0,1,0,0
26,1,0,29,0.534,0,43,0,,,여유,,,,,2.2,0,0,0,0,0,0,0,0,0,0,0,0,0,0,0,0,0,0
52,6,1,54,0.0,10,16,0,2,1,혼잡,0,3,3,3,2.31,1,0,0,0,0,0,0,0,0,0,1,0,0,0,0,0,1,1
30,6,0,4,2.534,11,43,0,3,0,보통,0,3,4,3,1.51,1,0,1,0,0,0,0,0,0,0,0,0,1,0,0,0,0,0
39,12,0,4,2.391,21,23,0,4,0,보통,0,2,3,2,1.39,1,0,0,0,0,0,0,0,0,0,0,0,0,1,0,0,1,0
44,1,0,5,2.382,3,39,1,,,보통,,,,,1.57,0,0,0,0,0,0,0,1,1,0,1,0,0,0,0,0,0,0
40,3,0,10,4.43,12,61,0,,,매우혼잡,,,,,6.15,0,1,0,0,0,0,0,1,0,0,0,0,0,0,0,0,0,0
22,12,1,4,2.404,4,28,0,2,0,혼잡,0,4,3,3,1.49,1,1,0,0,0,0,0,0,0,0,1,0,0,0,0,1,0,0
48,6,0,3,2.888,8,44,0,,,혼잡,,,,,1.37,0,1,0,0,0,0,0,0,0,0,1,1,1,0,0,0,0,0
45,12,0,55,1.824,1,17,0,2,0,혼잡,0,3,3,3,14.24,1,1,0,0,0,0,0,0,0,1,0,0,0,0,0,0,0,0
47,12,0,3,3.118,17,42,0,,,혼잡,,,,,1.35,0,0,0,0,0,0,0,0,0,0,0,0,0,0,0,0,1,1
50,6,0,9,1.443,16,30,0,3,0,혼잡,0,2,2,3,1.89,1,1,0,0,0,0,0,1,0,0,1,0,0,0,1,0,0,0
32,12,0,7,1.94,36,34,0,3,0,여유,0,3,3,4,1.81,1,0,0,0,1,0,0,0,0,1,0,0,0,0,0,0,0,1
50,3,0,14,1.252,1,14,0,,,보통,,,,,2.45,0,1,0,0,0,0,0,0,0,1,0,0,0,1,0,0,0,0
42,6,1,1,4.22,5,42,0,,,보통,,,,,0.83,0,0,0,0,0,0,0,0,0,0,0,0,0,0,0,0,0,0
44,1,1,2,4.134,9,51,0,5,0,보통,0,4,5,4,1.07,1,0,0,0,0,0,0,0,0,0,0,0,0,0,0,1,0,0
46,3,1,2,4.36,7,53,0,,,보통,,,,,0.95,0,0,0,0,0,0,0,0,0,0,0,0,0,0,0,0,0,0
37,6,1,1,5.464,12,47,0,5,0,혼잡,0,4,4,3,0.95,1,0,0,0,0,0,0,0,0,0,1,0,0,0,0,0,0,0
33,12,0,3,2.897,12,41,0,3,0,보통,0,4,3,2,1.38,1,0,0,0,0,0,0,0,0,0,1,1,0,0,0,0,0,0
37,12,0,2,4.337,23,43,0,4,0,혼잡,0,4,4,4,1.03,1,0,0,0,0,0,0,0,0,0,0,0,0,0,0,0,0,0
27,12,0,23,0.767,12,17,1,,,매우혼잡,,,,,2.54,0,1,0,0,1,0,0,0,0,1,1,1,0,0,0,0,1,0
30,1,1,3,2.807,3,49,0,4,0,보통,0,3,3,2,1.33,1,0,0,0,0,0,0,0,0,1,0,0,0,1,0,0,0,0
34,3,0,4,2.265,3,23,0,4,0,여유,1,4,2,2,1.24,1,0,0,0,1,0,0,0,0,0,0,1,1,0,0,0,0,0
42,1,0,33,0.423,8,17,0,,,혼잡,,,,,2.02,0,0,0,0,0,0,0,1,0,0,1,0,1,0,1,0,0,0
21,12,0,10,1.708,3,32,0,,,여유,,,,,2.53,0,0,0,0,0,0,0,0,0,0,0,0,0,0,1,0,1,0
15,1,0,18,0.889,1,27,0,2,0,여유,0,2,2,3,2.26,1,0,0,0,0,1,1,0,0,0,0,0,0,0,0,0,0,0
15,3,0,60,0.0,3,14,0,,,여유,,,,,2.69,0,1,0,0,1,0,0,0,0,0,1,1,1,0,0,0,0,0
31,12,0,2,4.274,3,35,1,4,0,여유,0,4,3,4,0.95,1,0,0,0,0,0,0,0,0,0,0,0,0,0,0,0,0,0
25,3,1,12,1.551,3,42,0,,,혼잡,,,,,2.67,0,1,0,0,0,0,0,0,0,0,1,1,1,1,0,0,0,1
15,6,1,2,4.444,16,42,0,4,0,보통,0,4,4,4,0.96,1,0,0,0,0,0,0,0,0,0,1,1,0,0,1,0,0,0
28,12,0,5,2.309,2,43,0,2,0,혼잡,0,3,3,3,1.51,1,1,0,0,0,0,0,0,0,0,1,0,0,0,0,0,0,1
36,3,0,60,0.0,4,0,0,,,혼잡,,,,,2.58,0,1,0,0,0,0,0,0,0,0,0,0,0,1,1,1,0,1
45,12,0,3,2.867,7,35,1,3,0,여유,0,3,4,4,1.35,1,0,0,0,0,0,0,0,0,0,0,0,0,0,0,1,0,0
46,6,1,9,4.512,19,33,1,2,0,보통,0,3,4,3,5.5,1,0,0,0,0,0,0,0,0,0,0,0,0,0,0,0,0,0
60,3,0,42,0.433,3,13,0,,,보통,,,,,2.57,0,1,0,0,0,0,0,0,0,0,0,0,0,0,0,0,0,0
29,6,0,16,1.127,8,37,0,,,매우혼잡,,,,,2.55,0,1,0,0,0,0,0,1,0,0,1,1,1,1,0,1,1,1
26,3,0,15,1.148,2,50,0,,,여유,,,,,2.49,0,0,1,0,0,0,0,0,0,0,0,0,0,0,1,0,0,0
50,12,0,4,2.409,7,43,0,3,0,매우혼잡,0,3,3,3,1.49,1,1,0,1,0,1,0,0,1,0,1,0,0,1,0,0,0,0
24,12,0,35,0.548,3,17,0,,,여유,,,,,2.74,0,1,0,1,0,0,0,0,0,0,0,0,0,0,0,0,0,0
35,6,1,3,2.585,0,34,1,,,여유,,,,,1.07,0,0,0,0,0,1,0,0,0,0,0,0,0,0,0,1,1,1
41,6,0,21,2.968,7,38,1,2,0,보통,0,2,4,2,8.76,1,1,0,0,0,0,0,1,0,0,1,0,1,0,1,0,0,0
43,3,1,2,4.137,0,56,0,,,보통,,,,,1.09,0,0,0,0,0,0,0,0,0,0,0,1,0,0,1,1,0,0
29,12,0,46,0.456,9,14,0,,,여유,,,,,2.99,0,1,0,1,0,0,0,0,0,1,1,0,0,0,1,0,0,0
57,12,0,2,3.176,22,29,0,4,0,보통,0,4,4,3,1.11,1,0,0,0,0,0,0,0,0,0,0,0,0,0,0,0,0,0
15,6,0,3,3.331,17,30,1,3,0,혼잡,0,3,3,2,1.35,1,0,0,0,0,0,0,0,0,0,0,0,0,1,0,1,0,1
45,6,0,4,2.09,11,37,1,,,매우혼잡,,,,,1.08,0,0,0,0,0,0,0,0,0,0,1,0,0,0,1,1,0,1
20,3,0,1,5.614,8,48,1,3,0,보통,0,5,4,4,0.91,1,0,0,0,0,0,0,0,0,0,0,0,0,1,0,0,0,0
26,6,1,7,1.849,0,44,0,4,0,보통,1,2,3,2,1.74,1,0,0,0,0,0,0,0,0,0,1,1,0,1,0,0,0,0
29,12,1,3,2.904,2,37,0,3,0,보통,0,3,3,4,1.17,1,0,0,0,1,0,0,0,0,0,0,0,0,0,0,0,0,0
44,12,0,4,2.709,5,31,0,,,혼잡,,,,,1.72,0,1,0,0,1,0,0,0,0,0,0,0,0,1,0,0,0,0
44,12,0,3,3.15,12,43,1,3,0,여유,0,3,5,5,1.2,1,0,0,0,0,0,0,0,0,0,0,0,0,0,0,0,0,0
18,12,1,2,4.097,6,41,0,3,0,혼잡,0,3,3,4,1.05,1,0,0,0,0,0,0,1,0,0,0,0,0,0,0,0,0,0
15,1,0,6,2.052,3,45,0,4,0,보통,0,2,4,3,1.62,1,0,0,0,0,0,1,1,1,1,0,0,1,0,0,0,0,0
42,3,0,4,2.53,11,45,0,4,0,혼잡,0,4,2,3,1.44,1,0,0,0,0,0,0,0,0,0,0,1,0,0,0,0,0,1
39,6,0,17,1.12,3,17,0,,,혼잡,,,,,2.67,0,0,1,1,0,0,1,0,0,0,1,1,0,1,1,0,1,0
40,3,0,10,1.268,7,36,0,3,0,여유,0,4,4,3,1.73,1,0,0,0,0,0,0,0,0,0,0,0,0,0,0,0,0,0
22,6,1,1,4.417,3,40,0,,,보통,,,,,0.9,0,0,0,0,0,0,0,0,0,0,0,0,0,0,0,0,0,0
21,3,0,4,2.607,4,45,0,3,0,매우혼잡,0,2,4,3,1.63,1,0,0,0,0,0,0,0,0,0,1,0,0,0,1,0,0,0
16,12,0,3,3.664,6,61,1,,,혼잡,,,,,1.52,0,1,0,0,0,0,0,1,0,0,0,0,0,0,0,0,0,0
27,6,0,12,1.425,9,29,1,2,0,매우혼잡,0,3,3,2,2.5,1,0,1,0,1,0,0,0,0,0,1,1,0,0,1,1,1,0
34,12,0,12,1.466,15,15,0,2,1,보통,0,3,2,3,2.49,1,1,0,0,0,0,0,0,0,0,1,0,0,0,1,0,0,0
29,6,0,4,2.768,15,33,0,3,0,혼잡,0,2,4,3,1.63,1,0,0,0,0,0,1,0,0,0,1,0,0,1,0,0,0,0
43,12,1,3,3.399,9,50,0,,,혼잡,,,,,1.61,0,0,0,0,0,0,0,0,0,0,0,0,0,0,0,0,0,0
24,12,0,57,0.0,7,3,0,,,보통,,,,,2.43,0,0,0,1,1,0,0,0,1,0,0,0,0,0,0,1,0,0
30,12,1,3,3.18,14,46,0,,,보통,,,,,1.48,0,0,0,0,0,0,0,0,0,0,1,0,0,0,0,0,0,0
16,3,0,3,2.393,6,28,0,,,보통,,,,,1.11,0,0,0,0,0,0,0,0,0,0,0,0,0,0,0,0,0,0
36,12,0,3,2.557,16,33,0,,,여유,,,,,1.16,0,0,1,1,0,0,0,0,1,0,1,0,0,0,0,1,0,0
29,3,1,4,2.088,7,12,0,,,혼잡,,,,,1.19,0,0,0,0,0,0,0,1,0,0,1,0,0,0,0,0,1,1
27,12,0,4,2.291,12,37,0,3,0,혼잡,1,3,3,2,1.46,1,1,0,0,0,0,0,1,0,0,1,1,0,1,1,0,1,0
29,3,0,3,3.348,5,50,0,3,0,여유,0,4,3,4,1.65,1,0,1,0,0,0,0,0,0,0,0,0,0,0,0,0,0,0
33,3,1,6,2.336,2,23,1,,,여유,,,,,2.16,0,1,0,0,0,0,0,1,0,0,0,0,0,0,0,0,0,0
31,6,1,14,1.138,5,22,0,2,0,매우혼잡,0,2,3,2,2.29,1,1,0,0,0,0,0,0,0,0,1,0,0,1,0,1,1,1
39,3,0,21,0.798,2,8,0,3,0,보통,0,2,2,2,2.42,1,1,0,0,0,1,0,0,0,1,0,1,0,0,0,1,0,0
25,6,1,5,2.601,3,22,0,,,혼잡,,,,,1.88,0,0,0,0,0,0,0,0,0,0,1,1,1,0,0,1,0,0
35,3,0,2,3.998,9,49,0,,,혼잡,,,,,1.35,0,0,0,0,0,0,0,0,0,0,1,0,0,0,0,0,0,0
39,6,0,4,2.735,3,31,1,3,0,보통,0,3,3,3,1.66,1,0,0,0,0,0,0,0,0,0,1,1,0,0,0,0,0,0
38,12,1,1,5.277,15,69,0,,,여유,,,,,1.06,0,0,0,0,0,0,0,0,0,0,0,0,0,0,0,0,0,0
29,6,1,1,5.243,3,49,1,4,0,보통,0,4,4,4,0.94,1,0,0,0,0,0,0,0,0,0,0,0,0,0,0,0,0,0
54,3,0,9,1.708,7,28,0,3,0,혼잡,0,3,2,2,2.25,1,0,0,0,0,1,0,0,0,0,1,0,0,0,0,0,0,0
29,3,0,6,2.055,1,15,1,,,보통,,,,,1.88,0,0,0,0,0,0,0,0,0,0,0,1,0,0,0,1,0,0
34,1,0,4,2.361,1,30,1,,,여유,,,,,1.44,0,1,0,1,0,0,0,1,0,0,0,0,0,1,1,0,0,0
25,1,0,25,0.854,2,18,0,,,혼잡,,,,,3.09,0,1,0,0,0,1,0,0,1,0,1,1,0,1,0,0,0,0
27,12,1,3,2.64,14,30,0,2,0,보통,0,3,3,3,1.07,1,0,0,0,0,1,0,0,0,0,1,0,0,1,1,0,0,1
39,6,0,1,5.775,18,66,1,4,0,보통,0,4,5,4,0.91,1,0,0,0,0,0,0,0,0,0,0,0,0,0,0,0,0,0
34,12,0,4,2.38,12,52,0,4,0,보통,0,3,3,4,1.52,1,0,0,0,0,0,1,0,0,0,0,0,0,0,0,0,0,0
35,12,0,2,3.049,18,16,1,4,0,보통,0,3,3,3,1.03,1,0,0,0,0,0,0,0,0,0,1,0,0,1,0,0,0,0
30,3,1,6,2.318,5,29,0,,,혼잡,,,,,2.09,0,1,1,0,1,1,0,0,0,0,1,0,0,0,1,0,1,1
38,1,1,1,4.551,0,57,0,3,0,보통,0,4,3,4,0.96,1,0,0,0,0,0,0,0,0,0,0,1,0,0,0,0,1,0
45,3,1,1,4.415,2,46,1,4,0,혼잡,0,4,4,4,0.91,1,0,1,0,0,0,0,0,0,0,0,0,0,0,0,0,0,0
38,3,1,1,5.379,1,64,1,,,혼잡,,,,,1.08,0,0,0,0,0,0,0,0,0,0,0,1,0,0,0,0,0,0
36,12,1,3,3.365,31,48,1,,,매우혼잡,,,,,1.63,0,0,0,0,0,0,0,0,0,0,1,0,0,0,0,1,0,0
35,1,0,3,3.451,2,20,1,4,0,여유,0,3,4,3,1.28,1,1,0,0,0,0,1,1,0,0,0,0,0,0,0,0,0,0
48,6,1,13,1.473,3,33,1,2,1,혼잡,0,3,4,2,2.73,1,1,0,0,0,0,0,0,0,0,0,0,1,0,0,0,1,0
33,12,1,1,5.167,10,69,1,5,0,여유,0,5,5,5,0.82,1,0,0,0,0,0,0,0,0,0,0,0,0,0,0,0,0,0
35,1,1,4,2.178,2,18,1,,,보통,,,,,1.36,0,0,0,0,0,0,0,0,0,0,0,1,0,1,0,0,0,0
39,12,1,4,3.09,8,50,0,4,0,혼잡,0,3,3,4,1.77,1,0,0,0,0,0,0,0,0,0,0,0,0,0,0,0,0,1
26,12,0,2,4.298,9,50,1,4,0,혼잡,1,3,5,2,1.09,1,0,0,0,0,0,0,0,0,0,0,0,0,1,0,0,0,0
39,6,1,1,6.014,7,69,1,,,보통,,,,,1.03,0,0,1,0,0,0,0,0,0,0,0,0,0,0,0,0,0,0
27,12,1,1,5.341,25,45,1,4,0,보통,0,5,5,4,0.98,1,0,0,0,0,0,0,0,0,0,0,0,1,0,0,0,0,0
26,6,0,1,4.182,17,59,0,4,0,혼잡,0,3,4,3,0.89,1,0,0,0,0,0,0,1,0,0,0,0,1,0,0,0,0,0
25,6,0,4,2.066,1,23,0,4,0,여유,0,5,3,3,1.24,1,0,0,0,0,0,0,0,0,0,0,1,0,1,0,0,0,0
52,3,0,5,2.267,2,40,1,2,0,혼잡,0,4,4,2,1.58,1,0,0,0,0,0,0,0,0,0,1,0,1,1,1,1,0,0
43,6,0,5,2.185,11,35,0,,,매우혼잡,,,,,1.54,0,0,0,1,0,0,0,0,0,0,1,0,0,0,0,1,1,0
43,12,0,8,1.962,2,27,1,,,매우혼잡,,,,,2.19,0,1,0,0,0,0,1,0,0,0,1,0,0,0,1,0,0,0
34,12,1,8,5.108,18,67,1,3,0,혼잡,0,4,5,3,5.68,1,0,0,0,0,0,0,0,0,0,0,0,1,0,0,0,0,0
28,6,0,3,3.636,8,36,1,,,혼잡,,,,,1.74,0,0,0,0,0,0,0,0,0,0,1,0,0,0,0,0,0,1
36,12,1,1,4.905,10,62,0,,,혼잡,,,,,0.93,0,0,0,0,0,0,0,0,0,0,1,0,0,0,1,0,0,0
42,6,0,8,1.99,12,34,0,3,0,매우혼잡,0,3,2,2,2.32,1,0,0,0,0,0,0,0,0,0,1,1,0,1,0,1,0,1
20,6,0,58,1.593,2,23,1,,,여유,,,,,13.1,0,1,0,0,0,0,0,0,0,0,0,0,0,0,0,0,0,0
15,12,0,3,3.61,14,55,0,2,0,매우혼잡,0,3,3,4,1.64,1,0,0,0,1,0,0,0,0,1,0,0,0,0,0,0,0,0
48,3,0,4,2.262,5,34,0,,,혼잡,,,,,1.17,0,0,0,0,0,0,0,0,0,0,1,0,1,0,0,0,0,0
15,6,1,1,4.528,15,50,1,4,0,혼잡,0,3,4,3,0.9,1,0,0,0,0,0,0,1,0,0,0,0,0,0,0,0,0,0
41,6,0,15,1.303,3,21,0,3,0,여유,0,3,4,4,2.72,1,1,0,0,0,0,0,0,0,0,0,1,0,0,0,0,0,0
35,6,0,1,4.611,14,53,1,3,0,여유,0,4,4,4,0.94,1,0,0,0,0,0,0,0,0,0,0,0,0,0,0,0,0,0
31,3,1,1,4.895,8,55,0,3,0,보통,0,4,4,3,1.02,1,0,0,0,0,0,0,0,0,0,1,0,0,0,1,0,0,1
52,6,1,2,4.091,3,32,1,3,0,여유,0,3,5,3,1.0,1,0,0,0,0,0,0,0,0,1,0,1,0,0,0,0,0,0
25,1,0,14,1.392,4,41,0,,,혼잡,,,,,2.76,0,0,0,0,0,1,0,0,0,0,0,1,0,0,0,0,0,0
41,1,1,4,2.76,1,27,0,,,여유,,,,,1.56,0,0,0,0,0,0,0,0,0,0,0,0,0,0,0,0,0,0
16,6,1,1,5.726,16,67,1,4,0,여유,0,5,5,4,0.82,1,0,0,0,0,0,0,0,0,0,0,0,0,0,0,0,0,0
26,12,1,1,6.503,35,66,1,,,보통,,,,,0.98,0,0,0,0,0,0,0,0,0,0,0,0,0,0,0,1,0,0
25,3,1,5,2.485,3,45,1,,,혼잡,,,,,1.73,0,0,0,0,0,0,1,0,0,0,1,0,0,1,0,0,0,0
29,12,0,3,2.62,9,42,0,,,보통,,,,,1.06,0,0,0,0,0,0,0,1,0,0,0,0,0,0,0,0,0,0
48,3,1,3,2.721,19,24,1,,,보통,,,,,1.17,0,0,0,0,0,0,0,0,0,0,0,0,0,0,0,0,0,0
31,3,0,8,1.544,4,47,0,,,혼잡,,,,,1.82,0,0,0,0,0,0,0,0,1,0,0,1,1,1,1,1,0,0
42,3,0,20,0.983,3,20,0,,,혼잡,,,,,2.77,0,1,0,0,0,0,1,0,0,0,0,0,0,1,0,1,0,0
24,1,0,5,2.108,1,39,0,,,보통,,,,,1.59,0,0,0,0,0,0,0,0,0,0,0,0,0,1,0,0,1,0
47,6,0,1,5.084,10,45,1,3,0,혼잡,0,4,4,4,0.87,1,0,0,0,0,0,0,0,0,0,1,0,0,0,0,0,0,1
32,3,0,3,2.85,12,12,0,3,0,보통,0,3,3,3,1.29,1,0,1,0,0,0,0,1,0,0,0,0,0,0,0,0,0,1
29,12,1,4,2.215,2,37,0,,,보통,,,,,1.13,0,1,0,0,0,0,1,0,0,0,0,0,1,0,0,0,0,1
26,12,0,4,2.435,6,31,1,3,0,보통,0,4,4,2,1.5,1,0,0,0,0,0,0,0,0,0,0,1,1,0,0,0,0,0
32,3,0,11,1.364,4,4,0,,,보통,,,,,2.19,0,1,0,0,0,0,0,0,0,1,0,0,0,0,0,0,0,0
26,12,0,60,0.97,1,20,0,,,혼잡,,,,,12.57,0,1,0,0,0,0,0,0,0,0,1,1,0,0,0,0,0,1
40,1,0,46,0.96,2,36,0,,,혼잡,,,,,6.29,0,1,0,0,1,0,1,0,0,0,0,1,1,1,0,0,0,0
15,3,0,4,2.597,15,53,0,2,0,혼잡,0,3,2,2,1.65,1,0,0,0,0,0,0,0,0,0,1,0,1,1,0,0,0,0
42,6,0,42,0.466,36,0,0,2,1,혼잡,0,2,3,3,2.79,1,1,0,0,0,0,0,0,1,0,0,0,0,0,1,0,0,0
46,12,1,2,2.832,8,32,0,3,0,여유,0,4,3,3,1.01,1,0,0,0,0,0,0,0,0,0,0,0,0,0,0,0,0,1
38,1,0,4,3.199,1,36,0,,,매우혼잡,,,,,1.68,0,0,0,0,1,0,0,0,0,1,1,0,1,0,0,1,0,0
30,3,0,29,0.494,2,9,0,,,매우혼잡,,,,,2.05,0,1,0,1,1,1,0,1,0,1,1,1,1,1,1,0,1,0
35,12,1,2,4.749,4,56,0,4,0,보통,0,3,3,4,1.02,1,0,0,1,0,0,0,1,0,0,0,0,0,0,0,0,0,0
39,6,0,20,0.941,8,16,1,2,0,보통,0,3,3,2,2.73,1,0,1,0,0,0,0,0,0,0,0,0,0,1,0,0,0,0
39,3,0,4,3.127,6,43,1,4,0,보통,1,5,5,2,1.7,1,1,0,0,0,0,0,0,0,0,0,0,0,1,0,0,0,0
53,12,0,2,4.108,36,50,1,4,0,혼잡,0,4,4,3,1.0,1,0,0,0,0,0,0,0,0,0,0,1,1,0,0,0,0,0
30,6,1,3,3.586,17,50,1,,,혼잡,,,,,1.61,0,0,0,0,0,0,0,0,0,0,0,0,1,0,0,1,0,1
32,1,1,28,0.794,5,17,0,,,보통,,,,,3.22,0,0,0,0,0,0,1,0,0,1,0,0,0,1,0,0,0,0
44,6,0,48,1.682,3,23,1,2,0,혼잡,0,2,3,2,11.5,1,1,0,0,0,0,1,0,0,0,0,0,1,0,0,0,1,1
45,6,1,1,5.732,10,45,1,,,매우혼잡,,,,,0.84,0,0,0,0,0,0,0,0,0,0,1,1,1,1,0,0,0,0
36,12,1,1,4.558,18,62,1,4,0,보통,0,4,4,4,0.81,1,0,0,0,0,0,0,0,0,0,0,0,0,0,0,0,0,0
22,3,0,14,1.463,3,32,0,,,보통,,,,,2.83,0,1,1,0,0,1,0,0,0,0,0,0,0,0,1,1,0,0
32,6,0,1,4.876,18,55,1,,,보통,,,,,0.84,0,0,0,0,0,0,0,0,0,0,0,0,0,0,0,0,0,0
30,1,0,6,2.167,3,24,0,,,혼잡,,,,,1.71,0,0,0,0,0,0,0,1,0,0,1,0,0,1,1,0,0,0
25,12,0,4,3.235,6,47,0,3,0,보통,0,3,4,4,1.77,1,0,1,0,0,0,0,0,0,0,0,0,1,0,0,0,0,0
35,6,0,8,1.553,1,38,1,,,여유,,,,,1.75,0,0,0,0,0,0,0,0,0,0,0,0,0,0,0,0,0,0
28,3,0,21,0.711,4,20,0,,,여유,,,,,2.1,0,0,0,0,0,0,0,0,0,1,0,0,0,1,0,0,0,0
24,3,1,1,4.424,1,72,1,4,0,혼잡,0,3,5,3,0.91,1,0,0,0,0,0,0,0,0,0,0,0,0,0,0,0,0,0
23,12,0,17,0.904,1,22,1,2,1,혼잡,0,3,3,3,2.24,1,1,0,0,0,0,0,0,0,0,0,0,0,0,1,0,1,0
43,6,0,19,0.896,3,32,0,,,혼잡,,,,,2.44,0,1,0,0,0,0,0,0,0,0,0,0,0,0,0,1,1,0
36,12,1,1,5.947,15,69,0,5,0,여유,0,4,4,4,1.0,1,0,0,0,0,0,0,0,0,0,0,0,0,0,0,0,0,0
15,3,0,5,2.19,4,18,0,3,0,여유,0,3,3,3,1.52,1,0,0,0,0,0,0,0,0,0,0,0,0,0,0,0,0,1
17,12,0,2,4.098,3,56,1,,,혼잡,,,,,0.99,0,0,0,0,0,0,0,0,0,0,1,0,0,1,0,0,0,0
41,6,0,12,1.548,31,24,0,,,혼잡,,,,,2.76,0,0,0,0,0,0,0,0,0,0,1,1,0,1,0,1,0,0
40,6,0,3,2.666,3,46,1,3,0,매우혼잡,0,3,3,3,1.03,1,0,0,0,0,0,0,0,0,0,0,1,1,0,0,0,1,0
33,12,0,4,2.964,19,46,1,,,혼잡,,,,,1.53,0,0,0,0,0,0,0,0,1,1,0,1,0,0,0,0,0,0
40,3,0,6,1.967,5,33,0,4,0,여유,0,4,3,3,1.81,1,0,0,0,0,0,0,0,0,0,0,0,0,0,0,0,0,0
31,3,0,2,3.644,7,41,1,4,0,보통,0,4,5,3,1.15,1,0,0,0,0,0,0,0,0,0,0,0,0,0,0,0,0,0
34,12,0,1,4.667,3,55,1,,,여유,,,,,0.93,0,0,0,0,0,1,0,1,0,0,0,1,0,0,0,0,0,0
23,12,1,9,3.598,24,37,0,3,0,보통,0,3,3,4,4.73,1,0,0,0,0,0,0,0,0,0,1,0,0,0,0,0,0,0
17,6,1,2,4.244,26,44,0,4,0,매우혼잡,0,4,4,3,1.07,1,0,0,0,1,0,0,0,1,0,0,0,0,1,0,0,0,0
27,3,0,8,3.202,1,56,0,3,0,혼잡,0,3,3,2,3.69,1,0,1,0,0,1,0,0,1,0,0,1,0,0,0,1,0,0
19,6,0,3,2.56,2,45,0,,,매우혼잡,,,,,1.19,0,0,0,0,0,0,0,0,0,0,1,1,0,1,0,0,0,0
42,6,0,3,3.437,12,26,1,,,혼잡,,,,,1.63,0,0,0,0,0,0,0,0,0,0,0,1,0,0,1,1,0,0
27,3,1,2,3.407,1,50,0,,,보통,,,,,1.02,0,0,0,0,0,0,0,0,0,0,0,0,0,0,0,0,0,0
19,12,0,2,3.425,30,46,1,2,0,여유,0,2,4,2,1.14,1,0,0,0,0,0,0,0,0,0,0,0,0,0,0,0,0,0
27,12,1,3,3.743,4,42,1,,,여유,,,,,1.62,0,0,0,0,0,0,1,1,0,0,1,0,0,0,0,0,0,1
29,3,0,4,2.551,0,36,0,3,0,보통,0,3,3,3,1.53,1,0,0,0,0,1,0,0,0,1,0,0,0,0,1,1,0,0
42,6,1,1,4.527,3,40,1,4,0,매우혼잡,0,5,4,2,0.85,1,0,0,0,0,0,0,0,0,0,1,1,1,0,0,1,0,0
34,6,0,2,4.0,9,52,0,,,여유,,,,,1.06,0,0,0,0,0,0,0,0,0,0,0,0,0,0,0,0,0,0
52,12,0,6,2.226,5,18,1,,,보통,,,,,1.94,0,1,0,0,0,0,0,0,0,0,1,0,1,1,0,0,0,0
47,12,0,1,5.118,11,69,1,4,0,보통,0,4,5,3,0.9,1,0,0,0,0,0,1,0,0,0,0,0,0,0,1,0,0,0
62,12,0,8,2.071,9,26,0,,,매우혼잡,,,,,2.22,0,1,1,0,1,0,0,0,0,0,1,1,1,1,1,1,1,0
37,1,0,13,3.257,2,56,0,,,여유,,,,,6.21,0,0,0,0,0,0,0,0,0,0,0,0,0,0,0,0,0,0
21,3,0,31,0.601,1,32,0,,,보통,,,,,2.63,0,1,0,0,0,0,0,0,0,0,1,0,0,0,0,0,1,0
27,6,0,3,3.8,3,50,1,,,여유,,,,,1.5,0,0,0,0,0,0,1,0,0,0,0,0,0,0,0,1,0,0
37,12,0,60,0.165,12,7,0,,,여유,,,,,3.28,0,1,0,0,0,0,0,0,1,0,0,0,0,1,0,0,0,1
50,6,1,1,5.716,0,73,1,,,보통,,,,,1.0,0,0,0,0,0,0,0,0,1,0,0,0,0,0,0,0,0,0
31,3,0,12,1.144,4,23,0,3,0,여유,0,2,3,3,2.02,1,1,0,0,0,0,0,0,0,0,0,0,0,0,0,0,0,0
37,3,0,25,0.74,9,18,0,,,보통,,,,,2.6,0,0,0,0,1,0,0,0,1,0,0,1,0,0,1,1,0,0
31,3,0,12,1.165,2,17,0,,,여유,,,,,2.05,0,0,0,0,0,0,0,0,0,0,0,0,0,0,0,0,0,0
44,6,0,19,0.948,2,13,0,,,혼잡,,,,,2.54,0,1,0,0,0,1,1,0,0,0,1,1,0,0,1,0,0,0
36,12,0,6,2.115,16,9,0,4,0,여유,0,4,3,4,1.76,1,0,0,0,0,0,0,1,0,0,0,0,0,0,0,0,0,0
46,12,0,4,2.643,6,50,0,3,0,혼잡,1,4,4,2,1.38,1,1,1,0,0,0,0,1,0,0,1,1,1,0,0,0,0,1
23,3,0,9,1.438,2,42,1,3,0,보통,0,4,4,3,1.91,1,1,1,0,0,0,0,0,0,0,0,0,0,0,0,0,1,0
